[INFO] [launch]: All log files can be found below /home/aurora/.ros/log/2025-05-08-15-24-06-474255-aurora-1326511
[INFO] [launch]: Default logging verbosity is set to INFO
[INFO] [robot_decision-1]: process started with pid [1326523]
[robot_decision-1] [WARN] [1746689046.560019719] [rcl.logging_rosout]: Publisher already registered for provided node name. If this is due to multiple nodes with the same name then all logs for that logger name will go out over the existing publisher. As soon as any node with that name is destructed it will unregister the publisher, preventing any further logs for that name from being published on the rosout topic.
[robot_decision-1] [WARN] [1746689046.563693727] [rcl.logging_rosout]: Publisher already registered for provided node name. If this is due to multiple nodes with the same name then all logs for that logger name will go out over the existing publisher. As soon as any node with that name is destructed it will unregister the publisher, preventing any further logs for that name from being published on the rosout topic.
[robot_decision-1] [WARN] [1746689046.575332516] [rcl.logging_rosout]: Publisher already registered for provided node name. If this is due to multiple nodes with the same name then all logs for that logger name will go out over the existing publisher. As soon as any node with that name is destructed it will unregister the publisher, preventing any further logs for that name from being published on the rosout topic.
[robot_decision-1] [WARN] [1746689046.580348451] [rcl.logging_rosout]: Publisher already registered for provided node name. If this is due to multiple nodes with the same name then all logs for that logger name will go out over the existing publisher. As soon as any node with that name is destructed it will unregister the publisher, preventing any further logs for that name from being published on the rosout topic.
[robot_decision-1] [WARN] [1746689046.588976101] [rcl.logging_rosout]: Publisher already registered for provided node name. If this is due to multiple nodes with the same name then all logs for that logger name will go out over the existing publisher. As soon as any node with that name is destructed it will unregister the publisher, preventing any further logs for that name from being published on the rosout topic.
[robot_decision-1] [INFO] [1746689046.596223193] [robot_decision]: Node [CheckIfHealth] created Subscriber to topic [ifhealth]
[robot_decision-1] [ERROR] [1746689047.111163612] [robot_decision]: NavigateToPose: Action server with name 'navigate_to_pose' is not reachable.
[robot_decision-1] [INFO] [1746689047.111478546] [robot_decision]: Loading points from: /home/aurora/pnx_decision/install/robot_decision/share/robot_decision/behavior_trees/RMUC_point.yaml
[robot_decision-1] [INFO] [1746689047.111826931] [robot_decision]: Points loaded successfully
[robot_decision-1] [ERROR] [1746689047.612187114] [robot_decision]: NavigateToPose: Action server with name 'navigate_to_pose' is not reachable.
[robot_decision-1] [INFO] [1746689047.612428003] [robot_decision]: Loading points from: /home/aurora/pnx_decision/install/robot_decision/share/robot_decision/behavior_trees/RMUC_point.yaml
[robot_decision-1] [INFO] [1746689047.612598735] [robot_decision]: Points loaded successfully
[robot_decision-1] [1746689047.613]: Fallback                  [36mIDLE[0m -> [33mRUNNING[0m
[robot_decision-1] [1746689047.613]: Sequence                  [36mIDLE[0m -> [33mRUNNING[0m
[robot_decision-1] [1746689047.613]: RetryUntilSuccessful      [36mIDLE[0m -> [33mRUNNING[0m
[robot_decision-1] [ERROR] [1746689047.613115778] [robot_decision]: [CheckIfHealth] invalid message
[robot_decision-1] [ERROR] [1746689047.613236017] [robot_decision]: [CheckIfHealth] invalid message
[robot_decision-1] [1746689047.613]: CheckIfHealth             [36mIDLE[0m -> [31mFAILURE[0m
[robot_decision-1] [1746689047.613]: CheckIfHealth             [31mFAILURE[0m -> [36mIDLE[0m
[robot_decision-1] [1746689047.613]: CheckIfHealth             [36mIDLE[0m -> [31mFAILURE[0m
[robot_decision-1] [1746689047.613]: CheckIfHealth             [31mFAILURE[0m -> [36mIDLE[0m
[robot_decision-1] [1746689047.613]: CheckIfHealth             [36mIDLE[0m -> [31mFAILURE[0m
[robot_decision-1] [1746689047.613]: CheckIfHealth             [31mFAILURE[0m -> [36mIDLE[0m
[robot_decision-1] [1746689047.613]: CheckIfHealth             [36mIDLE[0m -> [31mFAILURE[0m
[robot_decision-1] [1746689047.613]: CheckIfHealth             [31mFAILURE[0m -> [36mIDLE[0m
[robot_decision-1] [1746689047.614]: CheckIfHealth             [36mIDLE[0m -> [31mFAILURE[0m
[robot_decision-1] [1746689047.614]: CheckIfHealth             [31mFAILURE[0m -> [36mIDLE[0m
[robot_decision-1] [ERROR] [1746689047.613320020] [robot_decision]: [CheckIfHealth] invalid message
[robot_decision-1] [ERROR] [1746689047.613398944] [robot_decision]: [CheckIfHealth] invalid message
[robot_decision-1] [ERROR] [1746689047.613485311] [robot_decision]: [CheckIfHealth] invalid message
[robot_decision-1] [ERROR] [1746689047.613612694] [robot_decision]: [CheckIfHealth] invalid message
[robot_decision-1] [ERROR] [1746689047.613692659] [robot_decision]: [CheckIfHealth] invalid message
[robot_decision-1] [ERROR] [1746689047.613779768] [robot_decision]: [CheckIfHealth] invalid message
[robot_decision-1] [ERROR] [1746689047.613873229] [robot_decision]: [CheckIfHealth] invalid message
[robot_decision-1] [1746689047.614]: CheckIfHealth             [36mIDLE[0m -> [31mFAILURE[0m
[robot_decision-1] [1746689047.614]: CheckIfHealth             [31mFAILURE[0m -> [36mIDLE[0m
[robot_decision-1] [1746689047.614]: CheckIfHealth             [36mIDLE[0m -> [31mFAILURE[0m
[robot_decision-1] [1746689047.614]: CheckIfHealth             [31mFAILURE[0m -> [36mIDLE[0m
[robot_decision-1] [1746689047.614]: CheckIfHealth             [36mIDLE[0m -> [31mFAILURE[0m
[robot_decision-1] [1746689047.614]: CheckIfHealth             [31mFAILURE[0m -> [36mIDLE[0m
[robot_decision-1] [1746689047.614]: CheckIfHealth             [36mIDLE[0m -> [31mFAILURE[0m
[robot_decision-1] [1746689047.614]: CheckIfHealth             [31mFAILURE[0m -> [36mIDLE[0m
[robot_decision-1] [ERROR] [1746689047.613957031] [robot_decision]: [CheckIfHealth] invalid message
[robot_decision-1] [ERROR] [1746689047.614048057] [robot_decision]: [CheckIfHealth] invalid message
[robot_decision-1] [1746689047.614]: CheckIfHealth             [36mIDLE[0m -> [31mFAILURE[0m
[robot_decision-1] [1746689047.614]: CheckIfHealth             [31mFAILURE[0m -> [36mIDLE[0m
[robot_decision-1] [1746689047.614]: CheckIfHealth             [36mIDLE[0m -> [31mFAILURE[0m
[robot_decision-1] [1746689047.614]: CheckIfHealth             [31mFAILURE[0m -> [36mIDLE[0m
[robot_decision-1] [ERROR] [1746689047.614100243] [robot_decision]: [CheckIfHealth] invalid message
[robot_decision-1] [ERROR] [1746689047.614187301] [robot_decision]: [CheckIfHealth] invalid message
[robot_decision-1] [ERROR] [1746689047.614249234] [robot_decision]: [CheckIfHealth] invalid message
[robot_decision-1] [ERROR] [1746689047.614311848] [robot_decision]: [CheckIfHealth] invalid message
[robot_decision-1] [1746689047.614]: CheckIfHealth             [36mIDLE[0m -> [31mFAILURE[0m
[robot_decision-1] [1746689047.614]: CheckIfHealth             [31mFAILURE[0m -> [36mIDLE[0m
[robot_decision-1] [1746689047.614]: CheckIfHealth             [36mIDLE[0m -> [31mFAILURE[0m
[robot_decision-1] [1746689047.614]: CheckIfHealth             [31mFAILURE[0m -> [36mIDLE[0m
[robot_decision-1] [1746689047.614]: CheckIfHealth             [36mIDLE[0m -> [31mFAILURE[0m
[robot_decision-1] [1746689047.614]: CheckIfHealth             [31mFAILURE[0m -> [36mIDLE[0m
[robot_decision-1] [1746689047.614]: CheckIfHealth             [36mIDLE[0m -> [31mFAILURE[0m
[robot_decision-1] [1746689047.614]: CheckIfHealth             [31mFAILURE[0m -> [36mIDLE[0m
[robot_decision-1] [ERROR] [1746689047.614401342] [robot_decision]: [CheckIfHealth] invalid message
[robot_decision-1] [1746689047.614]: CheckIfHealth             [36mIDLE[0m -> [31mFAILURE[0m
[robot_decision-1] [1746689047.614]: CheckIfHealth             [31mFAILURE[0m -> [36mIDLE[0m
[robot_decision-1] [ERROR] [1746689047.614536087] [robot_decision]: [CheckIfHealth] invalid message
[robot_decision-1] [1746689047.615]: CheckIfHealth             [36mIDLE[0m -> [31mFAILURE[0m
[robot_decision-1] [1746689047.615]: CheckIfHealth             [31mFAILURE[0m -> [36mIDLE[0m
[robot_decision-1] [ERROR] [1746689047.614710114] [robot_decision]: [CheckIfHealth] invalid message
[robot_decision-1] [ERROR] [1746689047.614802523] [robot_decision]: [CheckIfHealth] invalid message
[robot_decision-1] [1746689047.615]: CheckIfHealth             [36mIDLE[0m -> [31mFAILURE[0m
[robot_decision-1] [1746689047.615]: CheckIfHealth             [31mFAILURE[0m -> [36mIDLE[0m
[robot_decision-1] [1746689047.615]: CheckIfHealth             [36mIDLE[0m -> [31mFAILURE[0m
[robot_decision-1] [1746689047.615]: CheckIfHealth             [31mFAILURE[0m -> [36mIDLE[0m
[robot_decision-1] [ERROR] [1746689047.614887337] [robot_decision]: [CheckIfHealth] invalid message
[robot_decision-1] [ERROR] [1746689047.614963005] [robot_decision]: [CheckIfHealth] invalid message
[robot_decision-1] [ERROR] [1746689047.615032332] [robot_decision]: [CheckIfHealth] invalid message
[robot_decision-1] [1746689047.615]: CheckIfHealth             [36mIDLE[0m -> [31mFAILURE[0m
[robot_decision-1] [1746689047.615]: CheckIfHealth             [31mFAILURE[0m -> [36mIDLE[0m
[robot_decision-1] [1746689047.615]: CheckIfHealth             [36mIDLE[0m -> [31mFAILURE[0m
[robot_decision-1] [1746689047.615]: CheckIfHealth             [31mFAILURE[0m -> [36mIDLE[0m
[robot_decision-1] [1746689047.615]: CheckIfHealth             [36mIDLE[0m -> [31mFAILURE[0m
[robot_decision-1] [1746689047.615]: CheckIfHealth             [31mFAILURE[0m -> [36mIDLE[0m
[robot_decision-1] [ERROR] [1746689047.615098442] [robot_decision]: [CheckIfHealth] invalid message
[robot_decision-1] [1746689047.615]: CheckIfHealth             [36mIDLE[0m -> [31mFAILURE[0m
[robot_decision-1] [1746689047.615]: CheckIfHealth             [31mFAILURE[0m -> [36mIDLE[0m
[robot_decision-1] [ERROR] [1746689047.615221266] [robot_decision]: [CheckIfHealth] invalid message
[robot_decision-1] [ERROR] [1746689047.615303967] [robot_decision]: [CheckIfHealth] invalid message
[robot_decision-1] [1746689047.615]: CheckIfHealth             [36mIDLE[0m -> [31mFAILURE[0m
[robot_decision-1] [1746689047.615]: CheckIfHealth             [31mFAILURE[0m -> [36mIDLE[0m
[robot_decision-1] [1746689047.615]: CheckIfHealth             [36mIDLE[0m -> [31mFAILURE[0m
[robot_decision-1] [1746689047.615]: CheckIfHealth             [31mFAILURE[0m -> [36mIDLE[0m
[robot_decision-1] [ERROR] [1746689047.615384824] [robot_decision]: [CheckIfHealth] invalid message
[robot_decision-1] [1746689047.615]: CheckIfHealth             [36mIDLE[0m -> [31mFAILURE[0m
[robot_decision-1] [1746689047.615]: CheckIfHealth             [31mFAILURE[0m -> [36mIDLE[0m
[robot_decision-1] [1746689047.615]: RetryUntilSuccessful      [33mRUNNING[0m -> [31mFAILURE[0m
[robot_decision-1] [1746689047.615]: RetryUntilSuccessful      [31mFAILURE[0m -> [36mIDLE[0m
[robot_decision-1] [1746689047.615]: Sequence                  [33mRUNNING[0m -> [31mFAILURE[0m
[robot_decision-1] [1746689047.615]: Sequence                  [36mIDLE[0m -> [33mRUNNING[0m
[robot_decision-1] [1746689047.615]: RetryUntilSuccessful      [36mIDLE[0m -> [33mRUNNING[0m
[robot_decision-1] [1746689047.615]: CheckIfunHealth           [36mIDLE[0m -> [31mFAILURE[0m
[robot_decision-1] [1746689047.615]: CheckIfunHealth           [31mFAILURE[0m -> [36mIDLE[0m
[robot_decision-1] [1746689047.616]: CheckIfunHealth           [36mIDLE[0m -> [31mFAILURE[0m
[robot_decision-1] [1746689047.616]: CheckIfunHealth           [31mFAILURE[0m -> [36mIDLE[0m
[robot_decision-1] [ERROR] [1746689047.615440967] [robot_decision]: [CheckIfunHealth] invalid message
[robot_decision-1] [ERROR] [1746689047.615538034] [robot_decision]: [CheckIfunHealth] invalid message
[robot_decision-1] [ERROR] [1746689047.615644418] [robot_decision]: [CheckIfunHealth] invalid message
[robot_decision-1] [1746689047.616]: CheckIfunHealth           [36mIDLE[0m -> [31mFAILURE[0m
[robot_decision-1] [1746689047.616]: CheckIfunHealth           [31mFAILURE[0m -> [36mIDLE[0m
[robot_decision-1] [ERROR] [1746689047.615740663] [robot_decision]: [CheckIfunHealth] invalid message
[robot_decision-1] [ERROR] [1746689047.615794111] [robot_decision]: [CheckIfunHealth] invalid message
[robot_decision-1] [ERROR] [1746689047.615883794] [robot_decision]: [CheckIfunHealth] invalid message
[robot_decision-1] [ERROR] [1746689047.615981442] [robot_decision]: [CheckIfunHealth] invalid message
[robot_decision-1] [1746689047.616]: CheckIfunHealth           [36mIDLE[0m -> [31mFAILURE[0m
[robot_decision-1] [1746689047.616]: CheckIfunHealth           [31mFAILURE[0m -> [36mIDLE[0m
[robot_decision-1] [1746689047.616]: CheckIfunHealth           [36mIDLE[0m -> [31mFAILURE[0m
[robot_decision-1] [1746689047.616]: CheckIfunHealth           [31mFAILURE[0m -> [36mIDLE[0m
[robot_decision-1] [1746689047.616]: CheckIfunHealth           [36mIDLE[0m -> [31mFAILURE[0m
[robot_decision-1] [1746689047.616]: CheckIfunHealth           [31mFAILURE[0m -> [36mIDLE[0m
[robot_decision-1] [1746689047.616]: CheckIfunHealth           [36mIDLE[0m -> [31mFAILURE[0m
[robot_decision-1] [1746689047.616]: CheckIfunHealth           [31mFAILURE[0m -> [36mIDLE[0m
[robot_decision-1] [ERROR] [1746689047.616069353] [robot_decision]: [CheckIfunHealth] invalid message
[robot_decision-1] [ERROR] [1746689047.616158605] [robot_decision]: [CheckIfunHealth] invalid message
[robot_decision-1] [1746689047.616]: CheckIfunHealth           [36mIDLE[0m -> [31mFAILURE[0m
[robot_decision-1] [1746689047.616]: CheckIfunHealth           [31mFAILURE[0m -> [36mIDLE[0m
[robot_decision-1] [1746689047.616]: CheckIfunHealth           [36mIDLE[0m -> [31mFAILURE[0m
[robot_decision-1] [1746689047.616]: CheckIfunHealth           [31mFAILURE[0m -> [36mIDLE[0m
[robot_decision-1] [ERROR] [1746689047.616235826] [robot_decision]: [CheckIfunHealth] invalid message
[robot_decision-1] [1746689047.616]: CheckIfunHealth           [36mIDLE[0m -> [31mFAILURE[0m
[robot_decision-1] [1746689047.616]: CheckIfunHealth           [31mFAILURE[0m -> [36mIDLE[0m
[robot_decision-1] [ERROR] [1746689047.616317345] [robot_decision]: [CheckIfunHealth] invalid message
[robot_decision-1] [ERROR] [1746689047.616417377] [robot_decision]: [CheckIfunHealth] invalid message
[robot_decision-1] [1746689047.616]: CheckIfunHealth           [36mIDLE[0m -> [31mFAILURE[0m
[robot_decision-1] [1746689047.616]: CheckIfunHealth           [31mFAILURE[0m -> [36mIDLE[0m
[robot_decision-1] [1746689047.616]: CheckIfunHealth           [36mIDLE[0m -> [31mFAILURE[0m
[robot_decision-1] [1746689047.616]: CheckIfunHealth           [31mFAILURE[0m -> [36mIDLE[0m
[robot_decision-1] [ERROR] [1746689047.616521707] [robot_decision]: [CheckIfunHealth] invalid message
[robot_decision-1] [1746689047.617]: CheckIfunHealth           [36mIDLE[0m -> [31mFAILURE[0m
[robot_decision-1] [1746689047.617]: CheckIfunHealth           [31mFAILURE[0m -> [36mIDLE[0m
[robot_decision-1] [ERROR] [1746689047.616623653] [robot_decision]: [CheckIfunHealth] invalid message
[robot_decision-1] [1746689047.617]: CheckIfunHealth           [36mIDLE[0m -> [31mFAILURE[0m
[robot_decision-1] [1746689047.617]: CheckIfunHealth           [31mFAILURE[0m -> [36mIDLE[0m
[robot_decision-1] [1746689047.617]: CheckIfunHealth           [36mIDLE[0m -> [31mFAILURE[0m
[robot_decision-1] [1746689047.617]: CheckIfunHealth           [31mFAILURE[0m -> [36mIDLE[0m
[robot_decision-1] [1746689047.617]: CheckIfunHealth           [36mIDLE[0m -> [31mFAILURE[0m
[robot_decision-1] [1746689047.617]: CheckIfunHealth           [31mFAILURE[0m -> [36mIDLE[0m
[robot_decision-1] [ERROR] [1746689047.616724928] [robot_decision]: [CheckIfunHealth] invalid message
[robot_decision-1] [ERROR] [1746689047.616813760] [robot_decision]: [CheckIfunHealth] invalid message
[robot_decision-1] [ERROR] [1746689047.616899486] [robot_decision]: [CheckIfunHealth] invalid message
[robot_decision-1] [ERROR] [1746689047.616983299] [robot_decision]: [CheckIfunHealth] invalid message
[robot_decision-1] [1746689047.617]: CheckIfunHealth           [36mIDLE[0m -> [31mFAILURE[0m
[robot_decision-1] [1746689047.617]: CheckIfunHealth           [31mFAILURE[0m -> [36mIDLE[0m
[robot_decision-1] [1746689047.617]: CheckIfunHealth           [36mIDLE[0m -> [31mFAILURE[0m
[robot_decision-1] [1746689047.617]: CheckIfunHealth           [31mFAILURE[0m -> [36mIDLE[0m
[robot_decision-1] [ERROR] [1746689047.617069056] [robot_decision]: [CheckIfunHealth] invalid message
[robot_decision-1] [ERROR] [1746689047.617169759] [robot_decision]: [CheckIfunHealth] invalid message
[robot_decision-1] [1746689047.617]: CheckIfunHealth           [36mIDLE[0m -> [31mFAILURE[0m
[robot_decision-1] [1746689047.617]: CheckIfunHealth           [31mFAILURE[0m -> [36mIDLE[0m
[robot_decision-1] [1746689047.617]: CheckIfunHealth           [36mIDLE[0m -> [31mFAILURE[0m
[robot_decision-1] [1746689047.617]: CheckIfunHealth           [31mFAILURE[0m -> [36mIDLE[0m
[robot_decision-1] [ERROR] [1746689047.617262097] [robot_decision]: [CheckIfunHealth] invalid message
[robot_decision-1] [ERROR] [1746689047.617362290] [robot_decision]: [CheckIfunHealth] invalid message
[robot_decision-1] [1746689047.617]: CheckIfunHealth           [36mIDLE[0m -> [31mFAILURE[0m
[robot_decision-1] [1746689047.617]: CheckIfunHealth           [31mFAILURE[0m -> [36mIDLE[0m
[robot_decision-1] [1746689047.617]: CheckIfunHealth           [36mIDLE[0m -> [31mFAILURE[0m
[robot_decision-1] [1746689047.617]: CheckIfunHealth           [31mFAILURE[0m -> [36mIDLE[0m
[robot_decision-1] [ERROR] [1746689047.617457774] [robot_decision]: [CheckIfunHealth] invalid message
[robot_decision-1] [1746689047.617]: CheckIfunHealth           [36mIDLE[0m -> [31mFAILURE[0m
[robot_decision-1] [1746689047.617]: CheckIfunHealth           [31mFAILURE[0m -> [36mIDLE[0m
[robot_decision-1] [1746689047.618]: CheckIfunHealth           [36mIDLE[0m -> [31mFAILURE[0m
[robot_decision-1] [1746689047.618]: CheckIfunHealth           [31mFAILURE[0m -> [36mIDLE[0m
[robot_decision-1] [ERROR] [1746689047.617517132] [robot_decision]: [CheckIfunHealth] invalid message
[robot_decision-1] [ERROR] [1746689047.617572353] [robot_decision]: [CheckIfunHealth] invalid message
[robot_decision-1] [ERROR] [1746689047.617667677] [robot_decision]: [CheckIfunHealth] invalid message
[robot_decision-1] [1746689047.618]: CheckIfunHealth           [36mIDLE[0m -> [31mFAILURE[0m
[robot_decision-1] [1746689047.618]: CheckIfunHealth           [31mFAILURE[0m -> [36mIDLE[0m
[robot_decision-1] [1746689047.618]: CheckIfunHealth           [36mIDLE[0m -> [31mFAILURE[0m
[robot_decision-1] [1746689047.618]: CheckIfunHealth           [31mFAILURE[0m -> [36mIDLE[0m
[robot_decision-1] [1746689047.618]: RetryUntilSuccessful      [33mRUNNING[0m -> [31mFAILURE[0m
[robot_decision-1] [1746689047.618]: RetryUntilSuccessful      [31mFAILURE[0m -> [36mIDLE[0m
[robot_decision-1] [1746689047.618]: Sequence                  [33mRUNNING[0m -> [31mFAILURE[0m
[robot_decision-1] [1746689047.618]: Sequence                  [31mFAILURE[0m -> [36mIDLE[0m
[robot_decision-1] [1746689047.618]: Sequence                  [31mFAILURE[0m -> [36mIDLE[0m
[robot_decision-1] [1746689047.618]: Fallback                  [33mRUNNING[0m -> [31mFAILURE[0m
[robot_decision-1] [1746689047.618]: Fallback                  [31mFAILURE[0m -> [36mIDLE[0m
[robot_decision-1] --- status: FAILURE
[robot_decision-1] 
[robot_decision-1] [1746689047.819]: Fallback                  [36mIDLE[0m -> [33mRUNNING[0m
[robot_decision-1] [1746689047.819]: Sequence                  [36mIDLE[0m -> [33mRUNNING[0m
[robot_decision-1] [1746689047.819]: RetryUntilSuccessful      [36mIDLE[0m -> [33mRUNNING[0m
[robot_decision-1] [ERROR] [1746689047.819479426] [robot_decision]: [CheckIfHealth] invalid message
[robot_decision-1] [ERROR] [1746689047.819692515] [robot_decision]: [CheckIfHealth] invalid message
[robot_decision-1] [ERROR] [1746689047.819797697] [robot_decision]: [CheckIfHealth] invalid message
[robot_decision-1] [1746689047.820]: CheckIfHealth             [36mIDLE[0m -> [31mFAILURE[0m
[robot_decision-1] [1746689047.820]: CheckIfHealth             [31mFAILURE[0m -> [36mIDLE[0m
[robot_decision-1] [1746689047.820]: CheckIfHealth             [36mIDLE[0m -> [31mFAILURE[0m
[robot_decision-1] [1746689047.820]: CheckIfHealth             [31mFAILURE[0m -> [36mIDLE[0m
[robot_decision-1] [1746689047.820]: CheckIfHealth             [36mIDLE[0m -> [31mFAILURE[0m
[robot_decision-1] [1746689047.820]: CheckIfHealth             [31mFAILURE[0m -> [36mIDLE[0m
[robot_decision-1] [1746689047.820]: CheckIfHealth             [36mIDLE[0m -> [31mFAILURE[0m
[robot_decision-1] [1746689047.820]: CheckIfHealth             [31mFAILURE[0m -> [36mIDLE[0m
[robot_decision-1] [1746689047.820]: CheckIfHealth             [36mIDLE[0m -> [31mFAILURE[0m
[robot_decision-1] [1746689047.820]: CheckIfHealth             [31mFAILURE[0m -> [36mIDLE[0m
[robot_decision-1] [1746689047.820]: CheckIfHealth             [36mIDLE[0m -> [31mFAILURE[0m
[robot_decision-1] [1746689047.820]: CheckIfHealth             [31mFAILURE[0m -> [36mIDLE[0m
[robot_decision-1] [1746689047.820]: CheckIfHealth             [36mIDLE[0m -> [31mFAILURE[0m
[robot_decision-1] [1746689047.820]: CheckIfHealth             [31mFAILURE[0m -> [36mIDLE[0m
[robot_decision-1] [1746689047.820]: CheckIfHealth             [36mIDLE[0m -> [31mFAILURE[0m
[robot_decision-1] [1746689047.820]: CheckIfHealth             [31mFAILURE[0m -> [36mIDLE[0m
[robot_decision-1] [1746689047.820]: CheckIfHealth             [36mIDLE[0m -> [31mFAILURE[0m
[robot_decision-1] [1746689047.821]: CheckIfHealth             [31mFAILURE[0m -> [36mIDLE[0m
[robot_decision-1] [1746689047.821]: CheckIfHealth             [36mIDLE[0m -> [31mFAILURE[0m
[robot_decision-1] [1746689047.821]: CheckIfHealth             [31mFAILURE[0m -> [36mIDLE[0m
[robot_decision-1] [1746689047.821]: CheckIfHealth             [36mIDLE[0m -> [31mFAILURE[0m
[robot_decision-1] [1746689047.821]: CheckIfHealth             [31mFAILURE[0m -> [36mIDLE[0m
[robot_decision-1] [1746689047.821]: CheckIfHealth             [36mIDLE[0m -> [31mFAILURE[0m
[robot_decision-1] [1746689047.821]: CheckIfHealth             [31mFAILURE[0m -> [36mIDLE[0m
[robot_decision-1] [1746689047.821]: CheckIfHealth             [36mIDLE[0m -> [31mFAILURE[0m
[robot_decision-1] [1746689047.821]: CheckIfHealth             [31mFAILURE[0m -> [36mIDLE[0m
[robot_decision-1] [ERROR] [1746689047.819902588] [robot_decision]: [CheckIfHealth] invalid message
[robot_decision-1] [ERROR] [1746689047.820008180] [robot_decision]: [CheckIfHealth] invalid message
[robot_decision-1] [ERROR] [1746689047.820127247] [robot_decision]: [CheckIfHealth] invalid message
[robot_decision-1] [ERROR] [1746689047.820289704] [robot_decision]: [CheckIfHealth] invalid message
[robot_decision-1] [ERROR] [1746689047.820371904] [robot_decision]: [CheckIfHealth] invalid message
[robot_decision-1] [ERROR] [1746689047.820473579] [robot_decision]: [CheckIfHealth] invalid message
[robot_decision-1] [ERROR] [1746689047.820581826] [robot_decision]: [CheckIfHealth] invalid message
[robot_decision-1] [ERROR] [1746689047.820688280] [robot_decision]: [CheckIfHealth] invalid message
[robot_decision-1] [ERROR] [1746689047.820931254] [robot_decision]: [CheckIfHealth] invalid message
[robot_decision-1] [ERROR] [1746689047.821151295] [robot_decision]: [CheckIfHealth] invalid message
[robot_decision-1] [ERROR] [1746689047.821284688] [robot_decision]: [CheckIfHealth] invalid message
[robot_decision-1] [1746689047.821]: CheckIfHealth             [36mIDLE[0m -> [31mFAILURE[0m
[robot_decision-1] [1746689047.821]: CheckIfHealth             [31mFAILURE[0m -> [36mIDLE[0m
[robot_decision-1] [1746689047.822]: CheckIfHealth             [36mIDLE[0m -> [31mFAILURE[0m
[robot_decision-1] [1746689047.822]: CheckIfHealth             [31mFAILURE[0m -> [36mIDLE[0m
[robot_decision-1] [1746689047.822]: CheckIfHealth             [36mIDLE[0m -> [31mFAILURE[0m
[robot_decision-1] [1746689047.822]: CheckIfHealth             [31mFAILURE[0m -> [36mIDLE[0m
[robot_decision-1] [1746689047.822]: CheckIfHealth             [36mIDLE[0m -> [31mFAILURE[0m
[robot_decision-1] [1746689047.822]: CheckIfHealth             [31mFAILURE[0m -> [36mIDLE[0m
[robot_decision-1] [ERROR] [1746689047.821731282] [robot_decision]: [CheckIfHealth] invalid message
[robot_decision-1] [ERROR] [1746689047.821904729] [robot_decision]: [CheckIfHealth] invalid message
[robot_decision-1] [ERROR] [1746689047.822020149] [robot_decision]: [CheckIfHealth] invalid message
[robot_decision-1] [ERROR] [1746689047.822102740] [robot_decision]: [CheckIfHealth] invalid message
[robot_decision-1] [1746689047.822]: CheckIfHealth             [36mIDLE[0m -> [31mFAILURE[0m
[robot_decision-1] [1746689047.822]: CheckIfHealth             [31mFAILURE[0m -> [36mIDLE[0m
[robot_decision-1] [1746689047.822]: CheckIfHealth             [36mIDLE[0m -> [31mFAILURE[0m
[robot_decision-1] [1746689047.822]: CheckIfHealth             [31mFAILURE[0m -> [36mIDLE[0m
[robot_decision-1] [ERROR] [1746689047.822227146] [robot_decision]: [CheckIfHealth] invalid message
[robot_decision-1] [ERROR] [1746689047.822402416] [robot_decision]: [CheckIfHealth] invalid message
[robot_decision-1] [ERROR] [1746689047.822549845] [robot_decision]: [CheckIfHealth] invalid message
[robot_decision-1] [ERROR] [1746689047.822654165] [robot_decision]: [CheckIfHealth] invalid message
[robot_decision-1] [ERROR] [1746689047.822940597] [robot_decision]: [CheckIfHealth] invalid message
[robot_decision-1] [ERROR] [1746689047.823053322] [robot_decision]: [CheckIfHealth] invalid message
[robot_decision-1] [ERROR] [1746689047.823171047] [robot_decision]: [CheckIfHealth] invalid message
[robot_decision-1] [ERROR] [1746689047.823239061] [robot_decision]: [CheckIfHealth] invalid message
[robot_decision-1] [ERROR] [1746689047.823347990] [robot_decision]: [CheckIfunHealth] invalid message
[robot_decision-1] [ERROR] [1746689047.823443895] [robot_decision]: [CheckIfunHealth] invalid message
[robot_decision-1] [ERROR] [1746689047.823562170] [robot_decision]: [CheckIfunHealth] invalid message
[robot_decision-1] [ERROR] [1746689047.823666450] [robot_decision]: [CheckIfunHealth] invalid message
[robot_decision-1] [ERROR] [1746689047.823781079] [robot_decision]: [CheckIfunHealth] invalid message
[robot_decision-1] [ERROR] [1746689047.824049870] [robot_decision]: [CheckIfunHealth] invalid message
[robot_decision-1] [ERROR] [1746689047.824422529] [robot_decision]: [CheckIfunHealth] invalid message
[robot_decision-1] [ERROR] [1746689047.824600243] [robot_decision]: [CheckIfunHealth] invalid message
[robot_decision-1] [ERROR] [1746689047.824730070] [robot_decision]: [CheckIfunHealth] invalid message
[robot_decision-1] [ERROR] [1746689047.825294068] [robot_decision]: [CheckIfunHealth] invalid message
[robot_decision-1] [1746689047.822]: CheckIfHealth             [36mIDLE[0m -> [31mFAILURE[0m
[robot_decision-1] [1746689047.822]: CheckIfHealth             [31mFAILURE[0m -> [36mIDLE[0m
[robot_decision-1] [1746689047.823]: CheckIfHealth             [36mIDLE[0m -> [31mFAILURE[0m
[robot_decision-1] [1746689047.823]: CheckIfHealth             [31mFAILURE[0m -> [36mIDLE[0m
[robot_decision-1] [1746689047.823]: CheckIfHealth             [36mIDLE[0m -> [31mFAILURE[0m
[robot_decision-1] [1746689047.823]: CheckIfHealth             [31mFAILURE[0m -> [36mIDLE[0m
[robot_decision-1] [1746689047.823]: CheckIfHealth             [36mIDLE[0m -> [31mFAILURE[0m
[robot_decision-1] [1746689047.823]: CheckIfHealth             [31mFAILURE[0m -> [36mIDLE[0m
[robot_decision-1] [1746689047.823]: CheckIfHealth             [36mIDLE[0m -> [31mFAILURE[0m
[robot_decision-1] [1746689047.823]: CheckIfHealth             [31mFAILURE[0m -> [36mIDLE[0m
[robot_decision-1] [1746689047.823]: CheckIfHealth             [36mIDLE[0m -> [31mFAILURE[0m
[robot_decision-1] [1746689047.823]: CheckIfHealth             [31mFAILURE[0m -> [36mIDLE[0m
[robot_decision-1] [1746689047.823]: CheckIfHealth             [36mIDLE[0m -> [31mFAILURE[0m
[robot_decision-1] [1746689047.823]: CheckIfHealth             [31mFAILURE[0m -> [36mIDLE[0m
[robot_decision-1] [1746689047.823]: RetryUntilSuccessful      [33mRUNNING[0m -> [31mFAILURE[0m
[robot_decision-1] [1746689047.823]: RetryUntilSuccessful      [31mFAILURE[0m -> [36mIDLE[0m
[robot_decision-1] [1746689047.823]: Sequence                  [33mRUNNING[0m -> [31mFAILURE[0m
[robot_decision-1] [1746689047.823]: Sequence                  [36mIDLE[0m -> [33mRUNNING[0m
[robot_decision-1] [1746689047.823]: RetryUntilSuccessful      [36mIDLE[0m -> [33mRUNNING[0m
[robot_decision-1] [1746689047.823]: CheckIfunHealth           [36mIDLE[0m -> [31mFAILURE[0m
[robot_decision-1] [1746689047.823]: CheckIfunHealth           [31mFAILURE[0m -> [36mIDLE[0m
[robot_decision-1] [1746689047.823]: CheckIfunHealth           [36mIDLE[0m -> [31mFAILURE[0m
[robot_decision-1] [1746689047.823]: CheckIfunHealth           [31mFAILURE[0m -> [36mIDLE[0m
[robot_decision-1] [1746689047.824]: CheckIfunHealth           [36mIDLE[0m -> [31mFAILURE[0m
[robot_decision-1] [1746689047.824]: CheckIfunHealth           [31mFAILURE[0m -> [36mIDLE[0m
[robot_decision-1] [1746689047.824]: CheckIfunHealth           [36mIDLE[0m -> [31mFAILURE[0m
[robot_decision-1] [1746689047.824]: CheckIfunHealth           [31mFAILURE[0m -> [36mIDLE[0m
[robot_decision-1] [1746689047.824]: CheckIfunHealth           [36mIDLE[0m -> [31mFAILURE[0m
[robot_decision-1] [1746689047.824]: CheckIfunHealth           [31mFAILURE[0m -> [36mIDLE[0m
[robot_decision-1] [1746689047.824]: CheckIfunHealth           [36mIDLE[0m -> [31mFAILURE[0m
[robot_decision-1] [1746689047.824]: CheckIfunHealth           [31mFAILURE[0m -> [36mIDLE[0m
[robot_decision-1] [1746689047.824]: CheckIfunHealth           [36mIDLE[0m -> [31mFAILURE[0m
[robot_decision-1] [1746689047.824]: CheckIfunHealth           [31mFAILURE[0m -> [36mIDLE[0m
[robot_decision-1] [1746689047.825]: CheckIfunHealth           [36mIDLE[0m -> [31mFAILURE[0m
[robot_decision-1] [1746689047.825]: CheckIfunHealth           [31mFAILURE[0m -> [36mIDLE[0m
[robot_decision-1] [1746689047.825]: CheckIfunHealth           [36mIDLE[0m -> [31mFAILURE[0m
[robot_decision-1] [1746689047.825]: CheckIfunHealth           [31mFAILURE[0m -> [36mIDLE[0m
[robot_decision-1] [1746689047.825]: CheckIfunHealth           [36mIDLE[0m -> [31mFAILURE[0m
[robot_decision-1] [1746689047.825]: CheckIfunHealth           [31mFAILURE[0m -> [36mIDLE[0m
[robot_decision-1] [ERROR] [1746689047.825699637] [robot_decision]: [CheckIfunHealth] invalid message
[robot_decision-1] [ERROR] [1746689047.825864678] [robot_decision]: [CheckIfunHealth] invalid message
[robot_decision-1] [ERROR] [1746689047.826037403] [robot_decision]: [CheckIfunHealth] invalid message
[robot_decision-1] [ERROR] [1746689047.826173972] [robot_decision]: [CheckIfunHealth] invalid message
[robot_decision-1] [ERROR] [1746689047.826324056] [robot_decision]: [CheckIfunHealth] invalid message
[robot_decision-1] [1746689047.826]: CheckIfunHealth           [36mIDLE[0m -> [31mFAILURE[0m
[robot_decision-1] [1746689047.826]: CheckIfunHealth           [31mFAILURE[0m -> [36mIDLE[0m
[robot_decision-1] [1746689047.826]: CheckIfunHealth           [36mIDLE[0m -> [31mFAILURE[0m
[robot_decision-1] [1746689047.826]: CheckIfunHealth           [31mFAILURE[0m -> [36mIDLE[0m
[robot_decision-1] [1746689047.826]: CheckIfunHealth           [36mIDLE[0m -> [31mFAILURE[0m
[robot_decision-1] [1746689047.826]: CheckIfunHealth           [31mFAILURE[0m -> [36mIDLE[0m
[robot_decision-1] [1746689047.826]: CheckIfunHealth           [36mIDLE[0m -> [31mFAILURE[0m
[robot_decision-1] [1746689047.826]: CheckIfunHealth           [31mFAILURE[0m -> [36mIDLE[0m
[robot_decision-1] [1746689047.826]: CheckIfunHealth           [36mIDLE[0m -> [31mFAILURE[0m
[robot_decision-1] [1746689047.826]: CheckIfunHealth           [31mFAILURE[0m -> [36mIDLE[0m
[robot_decision-1] [ERROR] [1746689047.826533117] [robot_decision]: [CheckIfunHealth] invalid message
[robot_decision-1] [1746689047.827]: CheckIfunHealth           [36mIDLE[0m -> [31mFAILURE[0m
[robot_decision-1] [1746689047.827]: CheckIfunHealth           [31mFAILURE[0m -> [36mIDLE[0m
[robot_decision-1] [1746689047.827]: CheckIfunHealth           [36mIDLE[0m -> [31mFAILURE[0m
[robot_decision-1] [1746689047.827]: CheckIfunHealth           [31mFAILURE[0m -> [36mIDLE[0m
[robot_decision-1] [1746689047.827]: CheckIfunHealth           [36mIDLE[0m -> [31mFAILURE[0m
[robot_decision-1] [1746689047.827]: CheckIfunHealth           [31mFAILURE[0m -> [36mIDLE[0m
[robot_decision-1] [1746689047.827]: CheckIfunHealth           [36mIDLE[0m -> [31mFAILURE[0m
[robot_decision-1] [1746689047.827]: CheckIfunHealth           [31mFAILURE[0m -> [36mIDLE[0m
[robot_decision-1] [ERROR] [1746689047.826685465] [robot_decision]: [CheckIfunHealth] invalid message
[robot_decision-1] [ERROR] [1746689047.826880551] [robot_decision]: [CheckIfunHealth] invalid message
[robot_decision-1] [ERROR] [1746689047.827165059] [robot_decision]: [CheckIfunHealth] invalid message
[robot_decision-1] [ERROR] [1746689047.827349195] [robot_decision]: [CheckIfunHealth] invalid message
[robot_decision-1] [ERROR] [1746689047.827545082] [robot_decision]: [CheckIfunHealth] invalid message
[robot_decision-1] [1746689047.827]: CheckIfunHealth           [36mIDLE[0m -> [31mFAILURE[0m
[robot_decision-1] [1746689047.827]: CheckIfunHealth           [31mFAILURE[0m -> [36mIDLE[0m
[robot_decision-1] [1746689047.828]: CheckIfunHealth           [36mIDLE[0m -> [31mFAILURE[0m
[robot_decision-1] [1746689047.828]: CheckIfunHealth           [31mFAILURE[0m -> [36mIDLE[0m
[robot_decision-1] [ERROR] [1746689047.828149744] [robot_decision]: [CheckIfunHealth] invalid message
[robot_decision-1] [ERROR] [1746689047.828458117] [robot_decision]: [CheckIfunHealth] invalid message
[robot_decision-1] [ERROR] [1746689047.828744208] [robot_decision]: [CheckIfunHealth] invalid message
[robot_decision-1] [ERROR] [1746689047.828868004] [robot_decision]: [CheckIfunHealth] invalid message
[robot_decision-1] [ERROR] [1746689047.829002519] [robot_decision]: [CheckIfunHealth] invalid message
[robot_decision-1] [1746689047.828]: CheckIfunHealth           [36mIDLE[0m -> [31mFAILURE[0m
[robot_decision-1] [1746689047.828]: CheckIfunHealth           [31mFAILURE[0m -> [36mIDLE[0m
[robot_decision-1] [1746689047.828]: CheckIfunHealth           [36mIDLE[0m -> [31mFAILURE[0m
[robot_decision-1] [1746689047.828]: CheckIfunHealth           [31mFAILURE[0m -> [36mIDLE[0m
[robot_decision-1] [1746689047.829]: CheckIfunHealth           [36mIDLE[0m -> [31mFAILURE[0m
[robot_decision-1] [1746689047.829]: CheckIfunHealth           [31mFAILURE[0m -> [36mIDLE[0m
[robot_decision-1] [1746689047.829]: CheckIfunHealth           [36mIDLE[0m -> [31mFAILURE[0m
[robot_decision-1] [1746689047.829]: CheckIfunHealth           [31mFAILURE[0m -> [36mIDLE[0m
[robot_decision-1] [1746689047.829]: CheckIfunHealth           [36mIDLE[0m -> [31mFAILURE[0m
[robot_decision-1] [1746689047.829]: CheckIfunHealth           [31mFAILURE[0m -> [36mIDLE[0m
[robot_decision-1] [1746689047.829]: RetryUntilSuccessful      [33mRUNNING[0m -> [31mFAILURE[0m
[robot_decision-1] [1746689047.829]: RetryUntilSuccessful      [31mFAILURE[0m -> [36mIDLE[0m
[robot_decision-1] [1746689047.829]: Sequence                  [33mRUNNING[0m -> [31mFAILURE[0m
[robot_decision-1] [1746689047.829]: Sequence                  [31mFAILURE[0m -> [36mIDLE[0m
[robot_decision-1] [1746689047.829]: Sequence                  [31mFAILURE[0m -> [36mIDLE[0m
[robot_decision-1] [1746689047.829]: Fallback                  [33mRUNNING[0m -> [31mFAILURE[0m
[robot_decision-1] [1746689047.829]: Fallback                  [31mFAILURE[0m -> [36mIDLE[0m
[robot_decision-1] [1746689048.029]: Fallback                  [36mIDLE[0m -> [33mRUNNING[0m
[robot_decision-1] [1746689048.029]: Sequence                  [36mIDLE[0m -> [33mRUNNING[0m
[robot_decision-1] [1746689048.029]: RetryUntilSuccessful      [36mIDLE[0m -> [33mRUNNING[0m
[robot_decision-1] [ERROR] [1746689048.029426601] [robot_decision]: [CheckIfHealth] invalid message
[robot_decision-1] [ERROR] [1746689048.029605327] [robot_decision]: [CheckIfHealth] invalid message
[robot_decision-1] [1746689048.030]: CheckIfHealth             [36mIDLE[0m -> [31mFAILURE[0m
[robot_decision-1] [1746689048.030]: CheckIfHealth             [31mFAILURE[0m -> [36mIDLE[0m
[robot_decision-1] [1746689048.030]: CheckIfHealth             [36mIDLE[0m -> [31mFAILURE[0m
[robot_decision-1] [1746689048.030]: CheckIfHealth             [31mFAILURE[0m -> [36mIDLE[0m
[robot_decision-1] [1746689048.030]: CheckIfHealth             [36mIDLE[0m -> [31mFAILURE[0m
[robot_decision-1] [1746689048.030]: CheckIfHealth             [31mFAILURE[0m -> [36mIDLE[0m
[robot_decision-1] [1746689048.030]: CheckIfHealth             [36mIDLE[0m -> [31mFAILURE[0m
[robot_decision-1] [1746689048.030]: CheckIfHealth             [31mFAILURE[0m -> [36mIDLE[0m
[robot_decision-1] [1746689048.030]: CheckIfHealth             [36mIDLE[0m -> [31mFAILURE[0m
[robot_decision-1] [1746689048.030]: CheckIfHealth             [31mFAILURE[0m -> [36mIDLE[0m
[robot_decision-1] [1746689048.030]: CheckIfHealth             [36mIDLE[0m -> [31mFAILURE[0m
[robot_decision-1] [1746689048.030]: CheckIfHealth             [31mFAILURE[0m -> [36mIDLE[0m
[robot_decision-1] [1746689048.030]: CheckIfHealth             [36mIDLE[0m -> [31mFAILURE[0m
[robot_decision-1] [1746689048.030]: CheckIfHealth             [31mFAILURE[0m -> [36mIDLE[0m
[robot_decision-1] [1746689048.030]: CheckIfHealth             [36mIDLE[0m -> [31mFAILURE[0m
[robot_decision-1] [1746689048.030]: CheckIfHealth             [31mFAILURE[0m -> [36mIDLE[0m
[robot_decision-1] [1746689048.030]: CheckIfHealth             [36mIDLE[0m -> [31mFAILURE[0m
[robot_decision-1] [1746689048.030]: CheckIfHealth             [31mFAILURE[0m -> [36mIDLE[0m
[robot_decision-1] [1746689048.030]: CheckIfHealth             [36mIDLE[0m -> [31mFAILURE[0m
[robot_decision-1] [1746689048.030]: CheckIfHealth             [31mFAILURE[0m -> [36mIDLE[0m
[robot_decision-1] [1746689048.030]: CheckIfHealth             [36mIDLE[0m -> [31mFAILURE[0m
[robot_decision-1] [1746689048.030]: CheckIfHealth             [31mFAILURE[0m -> [36mIDLE[0m
[robot_decision-1] [ERROR] [1746689048.029685403] [robot_decision]: [CheckIfHealth] invalid message
[robot_decision-1] [ERROR] [1746689048.029756913] [robot_decision]: [CheckIfHealth] invalid message
[robot_decision-1] [ERROR] [1746689048.029829345] [robot_decision]: [CheckIfHealth] invalid message
[robot_decision-1] [ERROR] [1746689048.029901477] [robot_decision]: [CheckIfHealth] invalid message
[robot_decision-1] [ERROR] [1746689048.029987574] [robot_decision]: [CheckIfHealth] invalid message
[robot_decision-1] [ERROR] [1746689048.030092976] [robot_decision]: [CheckIfHealth] invalid message
[robot_decision-1] [ERROR] [1746689048.030169325] [robot_decision]: [CheckIfHealth] invalid message
[robot_decision-1] [ERROR] [1746689048.030286920] [robot_decision]: [CheckIfHealth] invalid message
[robot_decision-1] [ERROR] [1746689048.030370642] [robot_decision]: [CheckIfHealth] invalid message
[robot_decision-1] [ERROR] [1746689048.030442554] [robot_decision]: [CheckIfHealth] invalid message
[robot_decision-1] [ERROR] [1746689048.030541394] [robot_decision]: [CheckIfHealth] invalid message
[robot_decision-1] [1746689048.030]: CheckIfHealth             [36mIDLE[0m -> [31mFAILURE[0m
[robot_decision-1] [1746689048.030]: CheckIfHealth             [31mFAILURE[0m -> [36mIDLE[0m
[robot_decision-1] [1746689048.031]: CheckIfHealth             [36mIDLE[0m -> [31mFAILURE[0m
[robot_decision-1] [1746689048.031]: CheckIfHealth             [31mFAILURE[0m -> [36mIDLE[0m
[robot_decision-1] [ERROR] [1746689048.030610039] [robot_decision]: [CheckIfHealth] invalid message
[robot_decision-1] [1746689048.031]: CheckIfHealth             [36mIDLE[0m -> [31mFAILURE[0m
[robot_decision-1] [1746689048.031]: CheckIfHealth             [31mFAILURE[0m -> [36mIDLE[0m
[robot_decision-1] [1746689048.031]: CheckIfHealth             [36mIDLE[0m -> [31mFAILURE[0m
[robot_decision-1] [1746689048.031]: CheckIfHealth             [31mFAILURE[0m -> [36mIDLE[0m
[robot_decision-1] [ERROR] [1746689048.030687240] [robot_decision]: [CheckIfHealth] invalid message
[robot_decision-1] [ERROR] [1746689048.030758550] [robot_decision]: [CheckIfHealth] invalid message
[robot_decision-1] [ERROR] [1746689048.030836031] [robot_decision]: [CheckIfHealth] invalid message
[robot_decision-1] [ERROR] [1746689048.030913933] [robot_decision]: [CheckIfHealth] invalid message
[robot_decision-1] [ERROR] [1746689048.030995762] [robot_decision]: [CheckIfHealth] invalid message
[robot_decision-1] [ERROR] [1746689048.031071110] [robot_decision]: [CheckIfHealth] invalid message
[robot_decision-1] [ERROR] [1746689048.031155293] [robot_decision]: [CheckIfHealth] invalid message
[robot_decision-1] [ERROR] [1746689048.031245347] [robot_decision]: [CheckIfHealth] invalid message
[robot_decision-1] [ERROR] [1746689048.031316387] [robot_decision]: [CheckIfHealth] invalid message
[robot_decision-1] [1746689048.031]: CheckIfHealth             [36mIDLE[0m -> [31mFAILURE[0m
[robot_decision-1] [1746689048.031]: CheckIfHealth             [31mFAILURE[0m -> [36mIDLE[0m
[robot_decision-1] [1746689048.031]: CheckIfHealth             [36mIDLE[0m -> [31mFAILURE[0m
[robot_decision-1] [1746689048.031]: CheckIfHealth             [31mFAILURE[0m -> [36mIDLE[0m
[robot_decision-1] [1746689048.031]: CheckIfHealth             [36mIDLE[0m -> [31mFAILURE[0m
[robot_decision-1] [1746689048.031]: CheckIfHealth             [31mFAILURE[0m -> [36mIDLE[0m
[robot_decision-1] [1746689048.031]: CheckIfHealth             [36mIDLE[0m -> [31mFAILURE[0m
[robot_decision-1] [1746689048.031]: CheckIfHealth             [31mFAILURE[0m -> [36mIDLE[0m
[robot_decision-1] [1746689048.031]: CheckIfHealth             [36mIDLE[0m -> [31mFAILURE[0m
[robot_decision-1] [1746689048.031]: CheckIfHealth             [31mFAILURE[0m -> [36mIDLE[0m
[robot_decision-1] [1746689048.031]: CheckIfHealth             [36mIDLE[0m -> [31mFAILURE[0m
[robot_decision-1] [1746689048.031]: CheckIfHealth             [31mFAILURE[0m -> [36mIDLE[0m
[robot_decision-1] [1746689048.031]: CheckIfHealth             [36mIDLE[0m -> [31mFAILURE[0m
[robot_decision-1] [1746689048.031]: CheckIfHealth             [31mFAILURE[0m -> [36mIDLE[0m
[robot_decision-1] [1746689048.031]: CheckIfHealth             [36mIDLE[0m -> [31mFAILURE[0m
[robot_decision-1] [1746689048.031]: CheckIfHealth             [31mFAILURE[0m -> [36mIDLE[0m
[robot_decision-1] [ERROR] [1746689048.031383730] [robot_decision]: [CheckIfHealth] invalid message
[robot_decision-1] [ERROR] [1746689048.031449299] [robot_decision]: [CheckIfHealth] invalid message
[robot_decision-1] [ERROR] [1746689048.031515911] [robot_decision]: [CheckIfHealth] invalid message
[robot_decision-1] [1746689048.031]: CheckIfHealth             [36mIDLE[0m -> [31mFAILURE[0m
[robot_decision-1] [1746689048.031]: CheckIfHealth             [31mFAILURE[0m -> [36mIDLE[0m
[robot_decision-1] [1746689048.031]: CheckIfHealth             [36mIDLE[0m -> [31mFAILURE[0m
[robot_decision-1] [1746689048.031]: CheckIfHealth             [31mFAILURE[0m -> [36mIDLE[0m
[robot_decision-1] [1746689048.032]: CheckIfHealth             [36mIDLE[0m -> [31mFAILURE[0m
[robot_decision-1] [1746689048.032]: CheckIfHealth             [31mFAILURE[0m -> [36mIDLE[0m
[robot_decision-1] [1746689048.032]: RetryUntilSuccessful      [33mRUNNING[0m -> [31mFAILURE[0m
[robot_decision-1] [1746689048.032]: RetryUntilSuccessful      [31mFAILURE[0m -> [36mIDLE[0m
[robot_decision-1] [1746689048.032]: Sequence                  [33mRUNNING[0m -> [31mFAILURE[0m
[robot_decision-1] [1746689048.032]: Sequence                  [36mIDLE[0m -> [33mRUNNING[0m
[robot_decision-1] [1746689048.032]: RetryUntilSuccessful      [36mIDLE[0m -> [33mRUNNING[0m
[robot_decision-1] [ERROR] [1746689048.031599563] [robot_decision]: [CheckIfunHealth] invalid message
[robot_decision-1] [ERROR] [1746689048.031690729] [robot_decision]: [CheckIfunHealth] invalid message
[robot_decision-1] [1746689048.032]: CheckIfunHealth           [36mIDLE[0m -> [31mFAILURE[0m
[robot_decision-1] [1746689048.032]: CheckIfunHealth           [31mFAILURE[0m -> [36mIDLE[0m
[robot_decision-1] [1746689048.032]: CheckIfunHealth           [36mIDLE[0m -> [31mFAILURE[0m
[robot_decision-1] [1746689048.032]: CheckIfunHealth           [31mFAILURE[0m -> [36mIDLE[0m
[robot_decision-1] [ERROR] [1746689048.031762901] [robot_decision]: [CheckIfunHealth] invalid message
[robot_decision-1] [ERROR] [1746689048.031833660] [robot_decision]: [CheckIfunHealth] invalid message
[robot_decision-1] [1746689048.032]: CheckIfunHealth           [36mIDLE[0m -> [31mFAILURE[0m
[robot_decision-1] [1746689048.032]: CheckIfunHealth           [31mFAILURE[0m -> [36mIDLE[0m
[robot_decision-1] [1746689048.032]: CheckIfunHealth           [36mIDLE[0m -> [31mFAILURE[0m
[robot_decision-1] [1746689048.032]: CheckIfunHealth           [31mFAILURE[0m -> [36mIDLE[0m
[robot_decision-1] [ERROR] [1746689048.031906252] [robot_decision]: [CheckIfunHealth] invalid message
[robot_decision-1] [ERROR] [1746689048.031977552] [robot_decision]: [CheckIfunHealth] invalid message
[robot_decision-1] [1746689048.032]: CheckIfunHealth           [36mIDLE[0m -> [31mFAILURE[0m
[robot_decision-1] [1746689048.032]: CheckIfunHealth           [31mFAILURE[0m -> [36mIDLE[0m
[robot_decision-1] [1746689048.032]: CheckIfunHealth           [36mIDLE[0m -> [31mFAILURE[0m
[robot_decision-1] [1746689048.032]: CheckIfunHealth           [31mFAILURE[0m -> [36mIDLE[0m
[robot_decision-1] [ERROR] [1746689048.032054463] [robot_decision]: [CheckIfunHealth] invalid message
[robot_decision-1] [1746689048.032]: CheckIfunHealth           [36mIDLE[0m -> [31mFAILURE[0m
[robot_decision-1] [1746689048.032]: CheckIfunHealth           [31mFAILURE[0m -> [36mIDLE[0m
[robot_decision-1] [ERROR] [1746689048.032162830] [robot_decision]: [CheckIfunHealth] invalid message
[robot_decision-1] [ERROR] [1746689048.032242505] [robot_decision]: [CheckIfunHealth] invalid message
[robot_decision-1] [1746689048.032]: CheckIfunHealth           [36mIDLE[0m -> [31mFAILURE[0m
[robot_decision-1] [1746689048.032]: CheckIfunHealth           [31mFAILURE[0m -> [36mIDLE[0m
[robot_decision-1] [1746689048.032]: CheckIfunHealth           [36mIDLE[0m -> [31mFAILURE[0m
[robot_decision-1] [1746689048.032]: CheckIfunHealth           [31mFAILURE[0m -> [36mIDLE[0m
[robot_decision-1] [ERROR] [1746689048.032325607] [robot_decision]: [CheckIfunHealth] invalid message
[robot_decision-1] [ERROR] [1746689048.032396356] [robot_decision]: [CheckIfunHealth] invalid message
[robot_decision-1] [ERROR] [1746689048.032465352] [robot_decision]: [CheckIfunHealth] invalid message
[robot_decision-1] [1746689048.032]: CheckIfunHealth           [36mIDLE[0m -> [31mFAILURE[0m
[robot_decision-1] [1746689048.032]: CheckIfunHealth           [31mFAILURE[0m -> [36mIDLE[0m
[robot_decision-1] [1746689048.032]: CheckIfunHealth           [36mIDLE[0m -> [31mFAILURE[0m
[robot_decision-1] [1746689048.032]: CheckIfunHealth           [31mFAILURE[0m -> [36mIDLE[0m
[robot_decision-1] [1746689048.032]: CheckIfunHealth           [36mIDLE[0m -> [31mFAILURE[0m
[robot_decision-1] [1746689048.032]: CheckIfunHealth           [31mFAILURE[0m -> [36mIDLE[0m
[robot_decision-1] [ERROR] [1746689048.032532043] [robot_decision]: [CheckIfunHealth] invalid message
[robot_decision-1] [ERROR] [1746689048.032601881] [robot_decision]: [CheckIfunHealth] invalid message
[robot_decision-1] [ERROR] [1746689048.032671488] [robot_decision]: [CheckIfunHealth] invalid message
[robot_decision-1] [ERROR] [1746689048.032742948] [robot_decision]: [CheckIfunHealth] invalid message
[robot_decision-1] [ERROR] [1746689048.032818996] [robot_decision]: [CheckIfunHealth] invalid message
[robot_decision-1] [ERROR] [1746689048.032909562] [robot_decision]: [CheckIfunHealth] invalid message
[robot_decision-1] [1746689048.033]: CheckIfunHealth           [36mIDLE[0m -> [31mFAILURE[0m
[robot_decision-1] [1746689048.033]: CheckIfunHealth           [31mFAILURE[0m -> [36mIDLE[0m
[robot_decision-1] [1746689048.033]: CheckIfunHealth           [36mIDLE[0m -> [31mFAILURE[0m
[robot_decision-1] [1746689048.033]: CheckIfunHealth           [31mFAILURE[0m -> [36mIDLE[0m
[robot_decision-1] [1746689048.033]: CheckIfunHealth           [36mIDLE[0m -> [31mFAILURE[0m
[robot_decision-1] [1746689048.033]: CheckIfunHealth           [31mFAILURE[0m -> [36mIDLE[0m
[robot_decision-1] [1746689048.033]: CheckIfunHealth           [36mIDLE[0m -> [31mFAILURE[0m
[robot_decision-1] [1746689048.033]: CheckIfunHealth           [31mFAILURE[0m -> [36mIDLE[0m
[robot_decision-1] [1746689048.033]: CheckIfunHealth           [36mIDLE[0m -> [31mFAILURE[0m
[robot_decision-1] [1746689048.033]: CheckIfunHealth           [31mFAILURE[0m -> [36mIDLE[0m
[robot_decision-1] [1746689048.033]: CheckIfunHealth           [36mIDLE[0m -> [31mFAILURE[0m
[robot_decision-1] [1746689048.033]: CheckIfunHealth           [31mFAILURE[0m -> [36mIDLE[0m
[robot_decision-1] [ERROR] [1746689048.033024000] [robot_decision]: [CheckIfunHealth] invalid message
[robot_decision-1] [ERROR] [1746689048.033096623] [robot_decision]: [CheckIfunHealth] invalid message
[robot_decision-1] [1746689048.033]: CheckIfunHealth           [36mIDLE[0m -> [31mFAILURE[0m
[robot_decision-1] [1746689048.033]: CheckIfunHealth           [31mFAILURE[0m -> [36mIDLE[0m
[robot_decision-1] [1746689048.033]: CheckIfunHealth           [36mIDLE[0m -> [31mFAILURE[0m
[robot_decision-1] [1746689048.033]: CheckIfunHealth           [31mFAILURE[0m -> [36mIDLE[0m
[robot_decision-1] [1746689048.033]: CheckIfunHealth           [36mIDLE[0m -> [31mFAILURE[0m
[robot_decision-1] [1746689048.033]: CheckIfunHealth           [31mFAILURE[0m -> [36mIDLE[0m
[robot_decision-1] [1746689048.033]: CheckIfunHealth           [36mIDLE[0m -> [31mFAILURE[0m
[robot_decision-1] [1746689048.033]: CheckIfunHealth           [31mFAILURE[0m -> [36mIDLE[0m
[robot_decision-1] [ERROR] [1746689048.033176689] [robot_decision]: [CheckIfunHealth] invalid message
[robot_decision-1] [ERROR] [1746689048.033248750] [robot_decision]: [CheckIfunHealth] invalid message
[robot_decision-1] [ERROR] [1746689048.033321703] [robot_decision]: [CheckIfunHealth] invalid message
[robot_decision-1] [ERROR] [1746689048.033399765] [robot_decision]: [CheckIfunHealth] invalid message
[robot_decision-1] [ERROR] [1746689048.033492284] [robot_decision]: [CheckIfunHealth] invalid message
[robot_decision-1] [1746689048.033]: CheckIfunHealth           [36mIDLE[0m -> [31mFAILURE[0m
[robot_decision-1] [1746689048.033]: CheckIfunHealth           [31mFAILURE[0m -> [36mIDLE[0m
[robot_decision-1] [1746689048.033]: CheckIfunHealth           [36mIDLE[0m -> [31mFAILURE[0m
[robot_decision-1] [1746689048.033]: CheckIfunHealth           [31mFAILURE[0m -> [36mIDLE[0m
[robot_decision-1] [1746689048.034]: CheckIfunHealth           [36mIDLE[0m -> [31mFAILURE[0m
[robot_decision-1] [1746689048.034]: CheckIfunHealth           [31mFAILURE[0m -> [36mIDLE[0m
[robot_decision-1] [1746689048.034]: CheckIfunHealth           [36mIDLE[0m -> [31mFAILURE[0m
[robot_decision-1] [1746689048.034]: CheckIfunHealth           [31mFAILURE[0m -> [36mIDLE[0m
[robot_decision-1] [1746689048.034]: RetryUntilSuccessful      [33mRUNNING[0m -> [31mFAILURE[0m
[robot_decision-1] [1746689048.034]: RetryUntilSuccessful      [31mFAILURE[0m -> [36mIDLE[0m
[robot_decision-1] [1746689048.034]: Sequence                  [33mRUNNING[0m -> [31mFAILURE[0m
[robot_decision-1] [1746689048.034]: Sequence                  [31mFAILURE[0m -> [36mIDLE[0m
[robot_decision-1] [1746689048.034]: Sequence                  [31mFAILURE[0m -> [36mIDLE[0m
[robot_decision-1] [1746689048.034]: Fallback                  [33mRUNNING[0m -> [31mFAILURE[0m
[robot_decision-1] [1746689048.034]: Fallback                  [31mFAILURE[0m -> [36mIDLE[0m
[robot_decision-1] [ERROR] [1746689048.033578842] [robot_decision]: [CheckIfunHealth] invalid message
[robot_decision-1] [1746689048.234]: Fallback                  [36mIDLE[0m -> [33mRUNNING[0m
[robot_decision-1] [1746689048.234]: Sequence                  [36mIDLE[0m -> [33mRUNNING[0m
[robot_decision-1] [1746689048.234]: RetryUntilSuccessful      [36mIDLE[0m -> [33mRUNNING[0m
[robot_decision-1] [1746689048.234]: CheckIfHealth             [36mIDLE[0m -> [31mFAILURE[0m
[robot_decision-1] [1746689048.234]: CheckIfHealth             [31mFAILURE[0m -> [36mIDLE[0m
[robot_decision-1] [1746689048.234]: CheckIfHealth             [36mIDLE[0m -> [31mFAILURE[0m
[robot_decision-1] [1746689048.234]: CheckIfHealth             [31mFAILURE[0m -> [36mIDLE[0m
[robot_decision-1] [ERROR] [1746689048.234024655] [robot_decision]: [CheckIfHealth] invalid message
[robot_decision-1] [ERROR] [1746689048.234202950] [robot_decision]: [CheckIfHealth] invalid message
[robot_decision-1] [ERROR] [1746689048.234292583] [robot_decision]: [CheckIfHealth] invalid message
[robot_decision-1] [1746689048.234]: CheckIfHealth             [36mIDLE[0m -> [31mFAILURE[0m
[robot_decision-1] [1746689048.234]: CheckIfHealth             [31mFAILURE[0m -> [36mIDLE[0m
[robot_decision-1] [1746689048.234]: CheckIfHealth             [36mIDLE[0m -> [31mFAILURE[0m
[robot_decision-1] [1746689048.234]: CheckIfHealth             [31mFAILURE[0m -> [36mIDLE[0m
[robot_decision-1] [1746689048.234]: CheckIfHealth             [36mIDLE[0m -> [31mFAILURE[0m
[robot_decision-1] [1746689048.234]: CheckIfHealth             [31mFAILURE[0m -> [36mIDLE[0m
[robot_decision-1] [1746689048.235]: CheckIfHealth             [36mIDLE[0m -> [31mFAILURE[0m
[robot_decision-1] [1746689048.235]: CheckIfHealth             [31mFAILURE[0m -> [36mIDLE[0m
[robot_decision-1] [1746689048.235]: CheckIfHealth             [36mIDLE[0m -> [31mFAILURE[0m
[robot_decision-1] [1746689048.235]: CheckIfHealth             [31mFAILURE[0m -> [36mIDLE[0m
[robot_decision-1] [1746689048.235]: CheckIfHealth             [36mIDLE[0m -> [31mFAILURE[0m
[robot_decision-1] [1746689048.235]: CheckIfHealth             [31mFAILURE[0m -> [36mIDLE[0m
[robot_decision-1] [1746689048.235]: CheckIfHealth             [36mIDLE[0m -> [31mFAILURE[0m
[robot_decision-1] [1746689048.235]: CheckIfHealth             [31mFAILURE[0m -> [36mIDLE[0m
[robot_decision-1] [1746689048.235]: CheckIfHealth             [36mIDLE[0m -> [31mFAILURE[0m
[robot_decision-1] [1746689048.235]: CheckIfHealth             [31mFAILURE[0m -> [36mIDLE[0m
[robot_decision-1] [ERROR] [1746689048.234394730] [robot_decision]: [CheckIfHealth] invalid message
[robot_decision-1] [ERROR] [1746689048.234467602] [robot_decision]: [CheckIfHealth] invalid message
[robot_decision-1] [ERROR] [1746689048.234537580] [robot_decision]: [CheckIfHealth] invalid message
[robot_decision-1] [ERROR] [1746689048.234615532] [robot_decision]: [CheckIfHealth] invalid message
[robot_decision-1] [ERROR] [1746689048.234683987] [robot_decision]: [CheckIfHealth] invalid message
[robot_decision-1] [ERROR] [1746689048.234799277] [robot_decision]: [CheckIfHealth] invalid message
[robot_decision-1] [ERROR] [1746689048.234881086] [robot_decision]: [CheckIfHealth] invalid message
[robot_decision-1] [ERROR] [1746689048.234994443] [robot_decision]: [CheckIfHealth] invalid message
[robot_decision-1] [ERROR] [1746689048.235075601] [robot_decision]: [CheckIfHealth] invalid message
[robot_decision-1] [ERROR] [1746689048.235157460] [robot_decision]: [CheckIfHealth] invalid message
[robot_decision-1] [ERROR] [1746689048.235246062] [robot_decision]: [CheckIfHealth] invalid message
[robot_decision-1] [ERROR] [1746689048.235344561] [robot_decision]: [CheckIfHealth] invalid message
[robot_decision-1] [1746689048.235]: CheckIfHealth             [36mIDLE[0m -> [31mFAILURE[0m
[robot_decision-1] [1746689048.235]: CheckIfHealth             [31mFAILURE[0m -> [36mIDLE[0m
[robot_decision-1] [1746689048.235]: CheckIfHealth             [36mIDLE[0m -> [31mFAILURE[0m
[robot_decision-1] [1746689048.235]: CheckIfHealth             [31mFAILURE[0m -> [36mIDLE[0m
[robot_decision-1] [1746689048.235]: CheckIfHealth             [36mIDLE[0m -> [31mFAILURE[0m
[robot_decision-1] [1746689048.235]: CheckIfHealth             [31mFAILURE[0m -> [36mIDLE[0m
[robot_decision-1] [1746689048.235]: CheckIfHealth             [36mIDLE[0m -> [31mFAILURE[0m
[robot_decision-1] [1746689048.235]: CheckIfHealth             [31mFAILURE[0m -> [36mIDLE[0m
[robot_decision-1] [1746689048.235]: CheckIfHealth             [36mIDLE[0m -> [31mFAILURE[0m
[robot_decision-1] [1746689048.235]: CheckIfHealth             [31mFAILURE[0m -> [36mIDLE[0m
[robot_decision-1] [ERROR] [1746689048.235419538] [robot_decision]: [CheckIfHealth] invalid message
[robot_decision-1] [ERROR] [1746689048.235492411] [robot_decision]: [CheckIfHealth] invalid message
[robot_decision-1] [1746689048.235]: CheckIfHealth             [36mIDLE[0m -> [31mFAILURE[0m
[robot_decision-1] [1746689048.235]: CheckIfHealth             [31mFAILURE[0m -> [36mIDLE[0m
[robot_decision-1] [1746689048.235]: CheckIfHealth             [36mIDLE[0m -> [31mFAILURE[0m
[robot_decision-1] [1746689048.236]: CheckIfHealth             [31mFAILURE[0m -> [36mIDLE[0m
[robot_decision-1] [ERROR] [1746689048.235562158] [robot_decision]: [CheckIfHealth] invalid message
[robot_decision-1] [1746689048.236]: CheckIfHealth             [36mIDLE[0m -> [31mFAILURE[0m
[robot_decision-1] [1746689048.236]: CheckIfHealth             [31mFAILURE[0m -> [36mIDLE[0m
[robot_decision-1] [ERROR] [1746689048.235647624] [robot_decision]: [CheckIfHealth] invalid message
[robot_decision-1] [ERROR] [1746689048.235773353] [robot_decision]: [CheckIfHealth] invalid message
[robot_decision-1] [ERROR] [1746689048.235855834] [robot_decision]: [CheckIfHealth] invalid message
[robot_decision-1] [1746689048.236]: CheckIfHealth             [36mIDLE[0m -> [31mFAILURE[0m
[robot_decision-1] [1746689048.236]: CheckIfHealth             [31mFAILURE[0m -> [36mIDLE[0m
[robot_decision-1] [1746689048.236]: CheckIfHealth             [36mIDLE[0m -> [31mFAILURE[0m
[robot_decision-1] [1746689048.236]: CheckIfHealth             [31mFAILURE[0m -> [36mIDLE[0m
[robot_decision-1] [1746689048.236]: CheckIfHealth             [36mIDLE[0m -> [31mFAILURE[0m
[robot_decision-1] [1746689048.236]: CheckIfHealth             [31mFAILURE[0m -> [36mIDLE[0m
[robot_decision-1] [ERROR] [1746689048.235933766] [robot_decision]: [CheckIfHealth] invalid message
[robot_decision-1] [ERROR] [1746689048.236023379] [robot_decision]: [CheckIfHealth] invalid message
[robot_decision-1] [1746689048.236]: CheckIfHealth             [36mIDLE[0m -> [31mFAILURE[0m
[robot_decision-1] [1746689048.236]: CheckIfHealth             [31mFAILURE[0m -> [36mIDLE[0m
[robot_decision-1] [1746689048.236]: CheckIfHealth             [36mIDLE[0m -> [31mFAILURE[0m
[robot_decision-1] [1746689048.236]: CheckIfHealth             [31mFAILURE[0m -> [36mIDLE[0m
[robot_decision-1] [1746689048.236]: CheckIfHealth             [36mIDLE[0m -> [31mFAILURE[0m
[robot_decision-1] [1746689048.236]: CheckIfHealth             [31mFAILURE[0m -> [36mIDLE[0m
[robot_decision-1] [1746689048.236]: CheckIfHealth             [36mIDLE[0m -> [31mFAILURE[0m
[robot_decision-1] [1746689048.236]: CheckIfHealth             [31mFAILURE[0m -> [36mIDLE[0m
[robot_decision-1] [ERROR] [1746689048.236091013] [robot_decision]: [CheckIfHealth] invalid message
[robot_decision-1] [ERROR] [1746689048.236171970] [robot_decision]: [CheckIfHealth] invalid message
[robot_decision-1] [ERROR] [1746689048.236252727] [robot_decision]: [CheckIfHealth] invalid message
[robot_decision-1] [ERROR] [1746689048.236403973] [robot_decision]: [CheckIfunHealth] invalid message
[robot_decision-1] [1746689048.236]: CheckIfHealth             [36mIDLE[0m -> [31mFAILURE[0m
[robot_decision-1] [1746689048.236]: CheckIfHealth             [31mFAILURE[0m -> [36mIDLE[0m
[robot_decision-1] [1746689048.236]: RetryUntilSuccessful      [33mRUNNING[0m -> [31mFAILURE[0m
[robot_decision-1] [1746689048.236]: RetryUntilSuccessful      [31mFAILURE[0m -> [36mIDLE[0m
[robot_decision-1] [1746689048.236]: Sequence                  [33mRUNNING[0m -> [31mFAILURE[0m
[robot_decision-1] [1746689048.236]: Sequence                  [36mIDLE[0m -> [33mRUNNING[0m
[robot_decision-1] [1746689048.236]: RetryUntilSuccessful      [36mIDLE[0m -> [33mRUNNING[0m
[robot_decision-1] [1746689048.236]: CheckIfunHealth           [36mIDLE[0m -> [31mFAILURE[0m
[robot_decision-1] [1746689048.236]: CheckIfunHealth           [31mFAILURE[0m -> [36mIDLE[0m
[robot_decision-1] [ERROR] [1746689048.236484400] [robot_decision]: [CheckIfunHealth] invalid message
[robot_decision-1] [ERROR] [1746689048.236572591] [robot_decision]: [CheckIfunHealth] invalid message
[robot_decision-1] [1746689048.236]: CheckIfunHealth           [36mIDLE[0m -> [31mFAILURE[0m
[robot_decision-1] [1746689048.237]: CheckIfunHealth           [31mFAILURE[0m -> [36mIDLE[0m
[robot_decision-1] [1746689048.237]: CheckIfunHealth           [36mIDLE[0m -> [31mFAILURE[0m
[robot_decision-1] [1746689048.237]: CheckIfunHealth           [31mFAILURE[0m -> [36mIDLE[0m
[robot_decision-1] [ERROR] [1746689048.236662364] [robot_decision]: [CheckIfunHealth] invalid message
[robot_decision-1] [1746689048.237]: CheckIfunHealth           [36mIDLE[0m -> [31mFAILURE[0m
[robot_decision-1] [1746689048.237]: CheckIfunHealth           [31mFAILURE[0m -> [36mIDLE[0m
[robot_decision-1] [1746689048.237]: CheckIfunHealth           [36mIDLE[0m -> [31mFAILURE[0m
[robot_decision-1] [1746689048.237]: CheckIfunHealth           [31mFAILURE[0m -> [36mIDLE[0m
[robot_decision-1] [1746689048.237]: CheckIfunHealth           [36mIDLE[0m -> [31mFAILURE[0m
[robot_decision-1] [1746689048.237]: CheckIfunHealth           [31mFAILURE[0m -> [36mIDLE[0m
[robot_decision-1] [ERROR] [1746689048.236741108] [robot_decision]: [CheckIfunHealth] invalid message
[robot_decision-1] [ERROR] [1746689048.236826153] [robot_decision]: [CheckIfunHealth] invalid message
[robot_decision-1] [ERROR] [1746689048.236901440] [robot_decision]: [CheckIfunHealth] invalid message
[robot_decision-1] [1746689048.237]: CheckIfunHealth           [36mIDLE[0m -> [31mFAILURE[0m
[robot_decision-1] [1746689048.237]: CheckIfunHealth           [31mFAILURE[0m -> [36mIDLE[0m
[robot_decision-1] [ERROR] [1746689048.236983490] [robot_decision]: [CheckIfunHealth] invalid message
[robot_decision-1] [ERROR] [1746689048.237066201] [robot_decision]: [CheckIfunHealth] invalid message
[robot_decision-1] [1746689048.237]: CheckIfunHealth           [36mIDLE[0m -> [31mFAILURE[0m
[robot_decision-1] [1746689048.237]: CheckIfunHealth           [31mFAILURE[0m -> [36mIDLE[0m
[robot_decision-1] [1746689048.237]: CheckIfunHealth           [36mIDLE[0m -> [31mFAILURE[0m
[robot_decision-1] [1746689048.237]: CheckIfunHealth           [31mFAILURE[0m -> [36mIDLE[0m
[robot_decision-1] [ERROR] [1746689048.237240008] [robot_decision]: [CheckIfunHealth] invalid message
[robot_decision-1] [ERROR] [1746689048.237386515] [robot_decision]: [CheckIfunHealth] invalid message
[robot_decision-1] [1746689048.237]: CheckIfunHealth           [36mIDLE[0m -> [31mFAILURE[0m
[robot_decision-1] [1746689048.237]: CheckIfunHealth           [31mFAILURE[0m -> [36mIDLE[0m
[robot_decision-1] [1746689048.237]: CheckIfunHealth           [36mIDLE[0m -> [31mFAILURE[0m
[robot_decision-1] [1746689048.237]: CheckIfunHealth           [31mFAILURE[0m -> [36mIDLE[0m
[robot_decision-1] [ERROR] [1746689048.237495343] [robot_decision]: [CheckIfunHealth] invalid message
[robot_decision-1] [1746689048.238]: CheckIfunHealth           [36mIDLE[0m -> [31mFAILURE[0m
[robot_decision-1] [1746689048.238]: CheckIfunHealth           [31mFAILURE[0m -> [36mIDLE[0m
[robot_decision-1] [ERROR] [1746689048.237599483] [robot_decision]: [CheckIfunHealth] invalid message
[robot_decision-1] [1746689048.238]: CheckIfunHealth           [36mIDLE[0m -> [31mFAILURE[0m
[robot_decision-1] [1746689048.238]: CheckIfunHealth           [31mFAILURE[0m -> [36mIDLE[0m
[robot_decision-1] [ERROR] [1746689048.238788140] [robot_decision]: [CheckIfunHealth] invalid message
[robot_decision-1] [ERROR] [1746689048.238968970] [robot_decision]: [CheckIfunHealth] invalid message
[robot_decision-1] [1746689048.239]: CheckIfunHealth           [36mIDLE[0m -> [31mFAILURE[0m
[robot_decision-1] [1746689048.239]: CheckIfunHealth           [31mFAILURE[0m -> [36mIDLE[0m
[robot_decision-1] [1746689048.239]: CheckIfunHealth           [36mIDLE[0m -> [31mFAILURE[0m
[robot_decision-1] [1746689048.239]: CheckIfunHealth           [31mFAILURE[0m -> [36mIDLE[0m
[robot_decision-1] [ERROR] [1746689048.239100710] [robot_decision]: [CheckIfunHealth] invalid message
[robot_decision-1] [ERROR] [1746689048.239200021] [robot_decision]: [CheckIfunHealth] invalid message
[robot_decision-1] [ERROR] [1746689048.239274276] [robot_decision]: [CheckIfunHealth] invalid message
[robot_decision-1] [1746689048.239]: CheckIfunHealth           [36mIDLE[0m -> [31mFAILURE[0m
[robot_decision-1] [1746689048.239]: CheckIfunHealth           [31mFAILURE[0m -> [36mIDLE[0m
[robot_decision-1] [1746689048.239]: CheckIfunHealth           [36mIDLE[0m -> [31mFAILURE[0m
[robot_decision-1] [1746689048.239]: CheckIfunHealth           [31mFAILURE[0m -> [36mIDLE[0m
[robot_decision-1] [1746689048.239]: CheckIfunHealth           [36mIDLE[0m -> [31mFAILURE[0m
[robot_decision-1] [1746689048.239]: CheckIfunHealth           [31mFAILURE[0m -> [36mIDLE[0m
[robot_decision-1] [1746689048.239]: CheckIfunHealth           [36mIDLE[0m -> [31mFAILURE[0m
[robot_decision-1] [1746689048.239]: CheckIfunHealth           [31mFAILURE[0m -> [36mIDLE[0m
[robot_decision-1] [ERROR] [1746689048.239346468] [robot_decision]: [CheckIfunHealth] invalid message
[robot_decision-1] [ERROR] [1746689048.239417588] [robot_decision]: [CheckIfunHealth] invalid message
[robot_decision-1] [ERROR] [1746689048.239488697] [robot_decision]: [CheckIfunHealth] invalid message
[robot_decision-1] [ERROR] [1746689048.239560058] [robot_decision]: [CheckIfunHealth] invalid message
[robot_decision-1] [ERROR] [1746689048.239631448] [robot_decision]: [CheckIfunHealth] invalid message
[robot_decision-1] [ERROR] [1746689048.239701826] [robot_decision]: [CheckIfunHealth] invalid message
[robot_decision-1] [1746689048.239]: CheckIfunHealth           [36mIDLE[0m -> [31mFAILURE[0m
[robot_decision-1] [1746689048.239]: CheckIfunHealth           [31mFAILURE[0m -> [36mIDLE[0m
[robot_decision-1] [1746689048.239]: CheckIfunHealth           [36mIDLE[0m -> [31mFAILURE[0m
[robot_decision-1] [1746689048.239]: CheckIfunHealth           [31mFAILURE[0m -> [36mIDLE[0m
[robot_decision-1] [1746689048.240]: CheckIfunHealth           [36mIDLE[0m -> [31mFAILURE[0m
[robot_decision-1] [1746689048.240]: CheckIfunHealth           [31mFAILURE[0m -> [36mIDLE[0m
[robot_decision-1] [1746689048.240]: CheckIfunHealth           [36mIDLE[0m -> [31mFAILURE[0m
[robot_decision-1] [1746689048.240]: CheckIfunHealth           [31mFAILURE[0m -> [36mIDLE[0m
[robot_decision-1] [1746689048.240]: CheckIfunHealth           [36mIDLE[0m -> [31mFAILURE[0m
[robot_decision-1] [1746689048.240]: CheckIfunHealth           [31mFAILURE[0m -> [36mIDLE[0m
[robot_decision-1] [ERROR] [1746689048.239773076] [robot_decision]: [CheckIfunHealth] invalid message
[robot_decision-1] [ERROR] [1746689048.239875803] [robot_decision]: [CheckIfunHealth] invalid message
[robot_decision-1] [1746689048.240]: CheckIfunHealth           [36mIDLE[0m -> [31mFAILURE[0m
[robot_decision-1] [1746689048.240]: CheckIfunHealth           [31mFAILURE[0m -> [36mIDLE[0m
[robot_decision-1] [1746689048.240]: CheckIfunHealth           [36mIDLE[0m -> [31mFAILURE[0m
[robot_decision-1] [1746689048.240]: CheckIfunHealth           [31mFAILURE[0m -> [36mIDLE[0m
[robot_decision-1] [1746689048.240]: RetryUntilSuccessful      [33mRUNNING[0m -> [31mFAILURE[0m
[robot_decision-1] [1746689048.240]: RetryUntilSuccessful      [31mFAILURE[0m -> [36mIDLE[0m
[robot_decision-1] [1746689048.240]: Sequence                  [33mRUNNING[0m -> [31mFAILURE[0m
[robot_decision-1] [1746689048.240]: Sequence                  [31mFAILURE[0m -> [36mIDLE[0m
[robot_decision-1] [1746689048.240]: Sequence                  [31mFAILURE[0m -> [36mIDLE[0m
[robot_decision-1] [1746689048.240]: Fallback                  [33mRUNNING[0m -> [31mFAILURE[0m
[robot_decision-1] [1746689048.240]: Fallback                  [31mFAILURE[0m -> [36mIDLE[0m
[robot_decision-1] [1746689048.440]: Fallback                  [36mIDLE[0m -> [33mRUNNING[0m
[robot_decision-1] [1746689048.440]: Sequence                  [36mIDLE[0m -> [33mRUNNING[0m
[robot_decision-1] [1746689048.440]: RetryUntilSuccessful      [36mIDLE[0m -> [33mRUNNING[0m
[robot_decision-1] [1746689048.440]: CheckIfHealth             [36mIDLE[0m -> [31mFAILURE[0m
[robot_decision-1] [1746689048.440]: CheckIfHealth             [31mFAILURE[0m -> [36mIDLE[0m
[robot_decision-1] [1746689048.440]: CheckIfHealth             [36mIDLE[0m -> [31mFAILURE[0m
[robot_decision-1] [1746689048.440]: CheckIfHealth             [31mFAILURE[0m -> [36mIDLE[0m
[robot_decision-1] [ERROR] [1746689048.440253322] [robot_decision]: [CheckIfHealth] invalid message
[robot_decision-1] [ERROR] [1746689048.440410969] [robot_decision]: [CheckIfHealth] invalid message
[robot_decision-1] [ERROR] [1746689048.440536578] [robot_decision]: [CheckIfHealth] invalid message
[robot_decision-1] [ERROR] [1746689048.440608139] [robot_decision]: [CheckIfHealth] invalid message
[robot_decision-1] [ERROR] [1746689048.440677896] [robot_decision]: [CheckIfHealth] invalid message
[robot_decision-1] [ERROR] [1746689048.440744567] [robot_decision]: [CheckIfHealth] invalid message
[robot_decision-1] [ERROR] [1746689048.440811830] [robot_decision]: [CheckIfHealth] invalid message
[robot_decision-1] [ERROR] [1746689048.440879874] [robot_decision]: [CheckIfHealth] invalid message
[robot_decision-1] [ERROR] [1746689048.441037151] [robot_decision]: [CheckIfHealth] invalid message
[robot_decision-1] [ERROR] [1746689048.441083976] [robot_decision]: [CheckIfHealth] invalid message
[robot_decision-1] [ERROR] [1746689048.441171396] [robot_decision]: [CheckIfHealth] invalid message
[robot_decision-1] [ERROR] [1746689048.441257403] [robot_decision]: [CheckIfHealth] invalid message
[robot_decision-1] [1746689048.441]: CheckIfHealth             [36mIDLE[0m -> [31mFAILURE[0m
[robot_decision-1] [1746689048.441]: CheckIfHealth             [31mFAILURE[0m -> [36mIDLE[0m
[robot_decision-1] [1746689048.441]: CheckIfHealth             [36mIDLE[0m -> [31mFAILURE[0m
[robot_decision-1] [1746689048.441]: CheckIfHealth             [31mFAILURE[0m -> [36mIDLE[0m
[robot_decision-1] [1746689048.441]: CheckIfHealth             [36mIDLE[0m -> [31mFAILURE[0m
[robot_decision-1] [1746689048.441]: CheckIfHealth             [31mFAILURE[0m -> [36mIDLE[0m
[robot_decision-1] [1746689048.441]: CheckIfHealth             [36mIDLE[0m -> [31mFAILURE[0m
[robot_decision-1] [1746689048.441]: CheckIfHealth             [31mFAILURE[0m -> [36mIDLE[0m
[robot_decision-1] [1746689048.441]: CheckIfHealth             [36mIDLE[0m -> [31mFAILURE[0m
[robot_decision-1] [1746689048.441]: CheckIfHealth             [31mFAILURE[0m -> [36mIDLE[0m
[robot_decision-1] [1746689048.441]: CheckIfHealth             [36mIDLE[0m -> [31mFAILURE[0m
[robot_decision-1] [1746689048.441]: CheckIfHealth             [31mFAILURE[0m -> [36mIDLE[0m
[robot_decision-1] [1746689048.441]: CheckIfHealth             [36mIDLE[0m -> [31mFAILURE[0m
[robot_decision-1] [1746689048.441]: CheckIfHealth             [31mFAILURE[0m -> [36mIDLE[0m
[robot_decision-1] [1746689048.441]: CheckIfHealth             [36mIDLE[0m -> [31mFAILURE[0m
[robot_decision-1] [1746689048.441]: CheckIfHealth             [31mFAILURE[0m -> [36mIDLE[0m
[robot_decision-1] [1746689048.441]: CheckIfHealth             [36mIDLE[0m -> [31mFAILURE[0m
[robot_decision-1] [1746689048.441]: CheckIfHealth             [31mFAILURE[0m -> [36mIDLE[0m
[robot_decision-1] [1746689048.441]: CheckIfHealth             [36mIDLE[0m -> [31mFAILURE[0m
[robot_decision-1] [1746689048.441]: CheckIfHealth             [31mFAILURE[0m -> [36mIDLE[0m
[robot_decision-1] [ERROR] [1746689048.441331428] [robot_decision]: [CheckIfHealth] invalid message
[robot_decision-1] [ERROR] [1746689048.441466804] [robot_decision]: [CheckIfHealth] invalid message
[robot_decision-1] [ERROR] [1746689048.441538295] [robot_decision]: [CheckIfHealth] invalid message
[robot_decision-1] [1746689048.441]: CheckIfHealth             [36mIDLE[0m -> [31mFAILURE[0m
[robot_decision-1] [1746689048.441]: CheckIfHealth             [31mFAILURE[0m -> [36mIDLE[0m
[robot_decision-1] [1746689048.441]: CheckIfHealth             [36mIDLE[0m -> [31mFAILURE[0m
[robot_decision-1] [1746689048.441]: CheckIfHealth             [31mFAILURE[0m -> [36mIDLE[0m
[robot_decision-1] [1746689048.442]: CheckIfHealth             [36mIDLE[0m -> [31mFAILURE[0m
[robot_decision-1] [1746689048.442]: CheckIfHealth             [31mFAILURE[0m -> [36mIDLE[0m
[robot_decision-1] [1746689048.442]: CheckIfHealth             [36mIDLE[0m -> [31mFAILURE[0m
[robot_decision-1] [1746689048.442]: CheckIfHealth             [31mFAILURE[0m -> [36mIDLE[0m
[robot_decision-1] [1746689048.442]: CheckIfHealth             [36mIDLE[0m -> [31mFAILURE[0m
[robot_decision-1] [1746689048.442]: CheckIfHealth             [31mFAILURE[0m -> [36mIDLE[0m
[robot_decision-1] [1746689048.442]: CheckIfHealth             [36mIDLE[0m -> [31mFAILURE[0m
[robot_decision-1] [1746689048.442]: CheckIfHealth             [31mFAILURE[0m -> [36mIDLE[0m
[robot_decision-1] [ERROR] [1746689048.441612260] [robot_decision]: [CheckIfHealth] invalid message
[robot_decision-1] [ERROR] [1746689048.441691544] [robot_decision]: [CheckIfHealth] invalid message
[robot_decision-1] [ERROR] [1746689048.441762413] [robot_decision]: [CheckIfHealth] invalid message
[robot_decision-1] [ERROR] [1746689048.441834475] [robot_decision]: [CheckIfHealth] invalid message
[robot_decision-1] [ERROR] [1746689048.441914040] [robot_decision]: [CheckIfHealth] invalid message
[robot_decision-1] [1746689048.442]: CheckIfHealth             [36mIDLE[0m -> [31mFAILURE[0m
[robot_decision-1] [1746689048.442]: CheckIfHealth             [31mFAILURE[0m -> [36mIDLE[0m
[robot_decision-1] [1746689048.442]: CheckIfHealth             [36mIDLE[0m -> [31mFAILURE[0m
[robot_decision-1] [1746689048.442]: CheckIfHealth             [31mFAILURE[0m -> [36mIDLE[0m
[robot_decision-1] [ERROR] [1746689048.441988726] [robot_decision]: [CheckIfHealth] invalid message
[robot_decision-1] [ERROR] [1746689048.442109667] [robot_decision]: [CheckIfHealth] invalid message
[robot_decision-1] [ERROR] [1746689048.442222232] [robot_decision]: [CheckIfHealth] invalid message
[robot_decision-1] [1746689048.442]: CheckIfHealth             [36mIDLE[0m -> [31mFAILURE[0m
[robot_decision-1] [1746689048.442]: CheckIfHealth             [31mFAILURE[0m -> [36mIDLE[0m
[robot_decision-1] [1746689048.442]: CheckIfHealth             [36mIDLE[0m -> [31mFAILURE[0m
[robot_decision-1] [1746689048.442]: CheckIfHealth             [31mFAILURE[0m -> [36mIDLE[0m
[robot_decision-1] [1746689048.442]: CheckIfHealth             [36mIDLE[0m -> [31mFAILURE[0m
[robot_decision-1] [1746689048.442]: CheckIfHealth             [31mFAILURE[0m -> [36mIDLE[0m
[robot_decision-1] [ERROR] [1746689048.442303380] [robot_decision]: [CheckIfHealth] invalid message
[robot_decision-1] [ERROR] [1746689048.442410425] [robot_decision]: [CheckIfHealth] invalid message
[robot_decision-1] [ERROR] [1746689048.442502343] [robot_decision]: [CheckIfHealth] invalid message
[robot_decision-1] [ERROR] [1746689048.442608707] [robot_decision]: [CheckIfunHealth] invalid message
[robot_decision-1] [1746689048.442]: CheckIfHealth             [36mIDLE[0m -> [31mFAILURE[0m
[robot_decision-1] [1746689048.442]: CheckIfHealth             [31mFAILURE[0m -> [36mIDLE[0m
[robot_decision-1] [1746689048.442]: CheckIfHealth             [36mIDLE[0m -> [31mFAILURE[0m
[robot_decision-1] [1746689048.442]: CheckIfHealth             [31mFAILURE[0m -> [36mIDLE[0m
[robot_decision-1] [1746689048.443]: CheckIfHealth             [36mIDLE[0m -> [31mFAILURE[0m
[robot_decision-1] [1746689048.443]: CheckIfHealth             [31mFAILURE[0m -> [36mIDLE[0m
[robot_decision-1] [1746689048.443]: RetryUntilSuccessful      [33mRUNNING[0m -> [31mFAILURE[0m
[robot_decision-1] [1746689048.443]: RetryUntilSuccessful      [31mFAILURE[0m -> [36mIDLE[0m
[robot_decision-1] [1746689048.443]: Sequence                  [33mRUNNING[0m -> [31mFAILURE[0m
[robot_decision-1] [1746689048.443]: Sequence                  [36mIDLE[0m -> [33mRUNNING[0m
[robot_decision-1] [1746689048.443]: RetryUntilSuccessful      [36mIDLE[0m -> [33mRUNNING[0m
[robot_decision-1] [1746689048.443]: CheckIfunHealth           [36mIDLE[0m -> [31mFAILURE[0m
[robot_decision-1] [1746689048.443]: CheckIfunHealth           [31mFAILURE[0m -> [36mIDLE[0m
[robot_decision-1] [1746689048.443]: CheckIfunHealth           [36mIDLE[0m -> [31mFAILURE[0m
[robot_decision-1] [ERROR] [1746689048.442682211] [robot_decision]: [CheckIfunHealth] invalid message
[robot_decision-1] [1746689048.443]: CheckIfunHealth           [31mFAILURE[0m -> [36mIDLE[0m
[robot_decision-1] [ERROR] [1746689048.442746428] [robot_decision]: [CheckIfunHealth] invalid message
[robot_decision-1] [ERROR] [1746689048.442810484] [robot_decision]: [CheckIfunHealth] invalid message
[robot_decision-1] [1746689048.443]: CheckIfunHealth           [36mIDLE[0m -> [31mFAILURE[0m
[robot_decision-1] [1746689048.443]: CheckIfunHealth           [31mFAILURE[0m -> [36mIDLE[0m
[robot_decision-1] [1746689048.443]: CheckIfunHealth           [36mIDLE[0m -> [31mFAILURE[0m
[robot_decision-1] [1746689048.443]: CheckIfunHealth           [31mFAILURE[0m -> [36mIDLE[0m
[robot_decision-1] [ERROR] [1746689048.442876445] [robot_decision]: [CheckIfunHealth] invalid message
[robot_decision-1] [ERROR] [1746689048.442942776] [robot_decision]: [CheckIfunHealth] invalid message
[robot_decision-1] [ERROR] [1746689048.443008175] [robot_decision]: [CheckIfunHealth] invalid message
[robot_decision-1] [1746689048.443]: CheckIfunHealth           [36mIDLE[0m -> [31mFAILURE[0m
[robot_decision-1] [1746689048.443]: CheckIfunHealth           [31mFAILURE[0m -> [36mIDLE[0m
[robot_decision-1] [1746689048.443]: CheckIfunHealth           [36mIDLE[0m -> [31mFAILURE[0m
[robot_decision-1] [1746689048.443]: CheckIfunHealth           [31mFAILURE[0m -> [36mIDLE[0m
[robot_decision-1] [1746689048.443]: CheckIfunHealth           [36mIDLE[0m -> [31mFAILURE[0m
[robot_decision-1] [1746689048.443]: CheckIfunHealth           [31mFAILURE[0m -> [36mIDLE[0m
[robot_decision-1] [ERROR] [1746689048.443072923] [robot_decision]: [CheckIfunHealth] invalid message
[robot_decision-1] [1746689048.443]: CheckIfunHealth           [36mIDLE[0m -> [31mFAILURE[0m
[robot_decision-1] [1746689048.443]: CheckIfunHealth           [31mFAILURE[0m -> [36mIDLE[0m
[robot_decision-1] [ERROR] [1746689048.443154872] [robot_decision]: [CheckIfunHealth] invalid message
[robot_decision-1] [1746689048.443]: CheckIfunHealth           [36mIDLE[0m -> [31mFAILURE[0m
[robot_decision-1] [1746689048.443]: CheckIfunHealth           [31mFAILURE[0m -> [36mIDLE[0m
[robot_decision-1] [ERROR] [1746689048.443220302] [robot_decision]: [CheckIfunHealth] invalid message
[robot_decision-1] [1746689048.443]: CheckIfunHealth           [36mIDLE[0m -> [31mFAILURE[0m
[robot_decision-1] [1746689048.443]: CheckIfunHealth           [31mFAILURE[0m -> [36mIDLE[0m
[robot_decision-1] [ERROR] [1746689048.443286833] [robot_decision]: [CheckIfunHealth] invalid message
[robot_decision-1] [1746689048.443]: CheckIfunHealth           [36mIDLE[0m -> [31mFAILURE[0m
[robot_decision-1] [1746689048.443]: CheckIfunHealth           [31mFAILURE[0m -> [36mIDLE[0m
[robot_decision-1] [ERROR] [1746689048.443351441] [robot_decision]: [CheckIfunHealth] invalid message
[robot_decision-1] [ERROR] [1746689048.443419465] [robot_decision]: [CheckIfunHealth] invalid message
[robot_decision-1] [1746689048.443]: CheckIfunHealth           [36mIDLE[0m -> [31mFAILURE[0m
[robot_decision-1] [1746689048.443]: CheckIfunHealth           [31mFAILURE[0m -> [36mIDLE[0m
[robot_decision-1] [1746689048.443]: CheckIfunHealth           [36mIDLE[0m -> [31mFAILURE[0m
[robot_decision-1] [1746689048.443]: CheckIfunHealth           [31mFAILURE[0m -> [36mIDLE[0m
[robot_decision-1] [ERROR] [1746689048.443512895] [robot_decision]: [CheckIfunHealth] invalid message
[robot_decision-1] [ERROR] [1746689048.443596497] [robot_decision]: [CheckIfunHealth] invalid message
[robot_decision-1] [1746689048.444]: CheckIfunHealth           [36mIDLE[0m -> [31mFAILURE[0m
[robot_decision-1] [1746689048.444]: CheckIfunHealth           [31mFAILURE[0m -> [36mIDLE[0m
[robot_decision-1] [1746689048.444]: CheckIfunHealth           [36mIDLE[0m -> [31mFAILURE[0m
[robot_decision-1] [1746689048.444]: CheckIfunHealth           [31mFAILURE[0m -> [36mIDLE[0m
[robot_decision-1] [ERROR] [1746689048.443676243] [robot_decision]: [CheckIfunHealth] invalid message
[robot_decision-1] [1746689048.444]: CheckIfunHealth           [36mIDLE[0m -> [31mFAILURE[0m
[robot_decision-1] [1746689048.444]: CheckIfunHealth           [31mFAILURE[0m -> [36mIDLE[0m
[robot_decision-1] [ERROR] [1746689048.443789950] [robot_decision]: [CheckIfunHealth] invalid message
[robot_decision-1] [ERROR] [1746689048.443878892] [robot_decision]: [CheckIfunHealth] invalid message
[robot_decision-1] [ERROR] [1746689048.443973134] [robot_decision]: [CheckIfunHealth] invalid message
[robot_decision-1] [1746689048.444]: CheckIfunHealth           [36mIDLE[0m -> [31mFAILURE[0m
[robot_decision-1] [1746689048.444]: CheckIfunHealth           [31mFAILURE[0m -> [36mIDLE[0m
[robot_decision-1] [1746689048.444]: CheckIfunHealth           [36mIDLE[0m -> [31mFAILURE[0m
[robot_decision-1] [1746689048.444]: CheckIfunHealth           [31mFAILURE[0m -> [36mIDLE[0m
[robot_decision-1] [1746689048.444]: CheckIfunHealth           [36mIDLE[0m -> [31mFAILURE[0m
[robot_decision-1] [1746689048.444]: CheckIfunHealth           [31mFAILURE[0m -> [36mIDLE[0m
[robot_decision-1] [ERROR] [1746689048.444084858] [robot_decision]: [CheckIfunHealth] invalid message
[robot_decision-1] [1746689048.444]: CheckIfunHealth           [36mIDLE[0m -> [31mFAILURE[0m
[robot_decision-1] [1746689048.444]: CheckIfunHealth           [31mFAILURE[0m -> [36mIDLE[0m
[robot_decision-1] [ERROR] [1746689048.444200849] [robot_decision]: [CheckIfunHealth] invalid message
[robot_decision-1] [1746689048.444]: CheckIfunHealth           [36mIDLE[0m -> [31mFAILURE[0m
[robot_decision-1] [1746689048.444]: CheckIfunHealth           [31mFAILURE[0m -> [36mIDLE[0m
[robot_decision-1] [ERROR] [1746689048.444279172] [robot_decision]: [CheckIfunHealth] invalid message
[robot_decision-1] [1746689048.444]: CheckIfunHealth           [36mIDLE[0m -> [31mFAILURE[0m
[robot_decision-1] [1746689048.444]: CheckIfunHealth           [31mFAILURE[0m -> [36mIDLE[0m
[robot_decision-1] [ERROR] [1746689048.444350532] [robot_decision]: [CheckIfunHealth] invalid message
[robot_decision-1] [1746689048.444]: CheckIfunHealth           [36mIDLE[0m -> [31mFAILURE[0m
[robot_decision-1] [1746689048.444]: CheckIfunHealth           [31mFAILURE[0m -> [36mIDLE[0m
[robot_decision-1] [1746689048.444]: CheckIfunHealth           [36mIDLE[0m -> [31mFAILURE[0m
[robot_decision-1] [1746689048.444]: CheckIfunHealth           [31mFAILURE[0m -> [36mIDLE[0m
[robot_decision-1] [ERROR] [1746689048.444456696] [robot_decision]: [CheckIfunHealth] invalid message
[robot_decision-1] [ERROR] [1746689048.444531412] [robot_decision]: [CheckIfunHealth] invalid message
[robot_decision-1] [1746689048.445]: CheckIfunHealth           [36mIDLE[0m -> [31mFAILURE[0m
[robot_decision-1] [1746689048.445]: CheckIfunHealth           [31mFAILURE[0m -> [36mIDLE[0m
[robot_decision-1] [ERROR] [1746689048.444594046] [robot_decision]: [CheckIfunHealth] invalid message
[robot_decision-1] [1746689048.445]: CheckIfunHealth           [36mIDLE[0m -> [31mFAILURE[0m
[robot_decision-1] [1746689048.445]: CheckIfunHealth           [31mFAILURE[0m -> [36mIDLE[0m
[robot_decision-1] [1746689048.445]: RetryUntilSuccessful      [33mRUNNING[0m -> [31mFAILURE[0m
[robot_decision-1] [1746689048.445]: RetryUntilSuccessful      [31mFAILURE[0m -> [36mIDLE[0m
[robot_decision-1] [1746689048.445]: Sequence                  [33mRUNNING[0m -> [31mFAILURE[0m
[robot_decision-1] [1746689048.445]: Sequence                  [31mFAILURE[0m -> [36mIDLE[0m
[robot_decision-1] [1746689048.445]: Sequence                  [31mFAILURE[0m -> [36mIDLE[0m
[robot_decision-1] [1746689048.445]: Fallback                  [33mRUNNING[0m -> [31mFAILURE[0m
[robot_decision-1] [1746689048.445]: Fallback                  [31mFAILURE[0m -> [36mIDLE[0m
[robot_decision-1] [1746689048.645]: Fallback                  [36mIDLE[0m -> [33mRUNNING[0m
[robot_decision-1] [1746689048.645]: Sequence                  [36mIDLE[0m -> [33mRUNNING[0m
[robot_decision-1] [1746689048.645]: RetryUntilSuccessful      [36mIDLE[0m -> [33mRUNNING[0m
[robot_decision-1] [1746689048.646]: CheckIfHealth             [36mIDLE[0m -> [31mFAILURE[0m
[robot_decision-1] [1746689048.646]: CheckIfHealth             [31mFAILURE[0m -> [36mIDLE[0m
[robot_decision-1] [ERROR] [1746689048.645511178] [robot_decision]: [CheckIfHealth] invalid message
[robot_decision-1] [ERROR] [1746689048.645798623] [robot_decision]: [CheckIfHealth] invalid message
[robot_decision-1] [ERROR] [1746689048.645978030] [robot_decision]: [CheckIfHealth] invalid message
[robot_decision-1] [ERROR] [1746689048.646414115] [robot_decision]: [CheckIfHealth] invalid message
[robot_decision-1] [ERROR] [1746689048.646594574] [robot_decision]: [CheckIfHealth] invalid message
[robot_decision-1] [ERROR] [1746689048.646715104] [robot_decision]: [CheckIfHealth] invalid message
[robot_decision-1] [ERROR] [1746689048.646919046] [robot_decision]: [CheckIfHealth] invalid message
[robot_decision-1] [ERROR] [1746689048.647020030] [robot_decision]: [CheckIfHealth] invalid message
[robot_decision-1] [ERROR] [1746689048.647087503] [robot_decision]: [CheckIfHealth] invalid message
[robot_decision-1] [ERROR] [1746689048.647276477] [robot_decision]: [CheckIfHealth] invalid message
[robot_decision-1] [1746689048.646]: CheckIfHealth             [36mIDLE[0m -> [31mFAILURE[0m
[robot_decision-1] [1746689048.646]: CheckIfHealth             [31mFAILURE[0m -> [36mIDLE[0m
[robot_decision-1] [1746689048.646]: CheckIfHealth             [36mIDLE[0m -> [31mFAILURE[0m
[robot_decision-1] [1746689048.646]: CheckIfHealth             [31mFAILURE[0m -> [36mIDLE[0m
[robot_decision-1] [1746689048.646]: CheckIfHealth             [36mIDLE[0m -> [31mFAILURE[0m
[robot_decision-1] [1746689048.646]: CheckIfHealth             [31mFAILURE[0m -> [36mIDLE[0m
[robot_decision-1] [1746689048.647]: CheckIfHealth             [36mIDLE[0m -> [31mFAILURE[0m
[robot_decision-1] [1746689048.647]: CheckIfHealth             [31mFAILURE[0m -> [36mIDLE[0m
[robot_decision-1] [1746689048.647]: CheckIfHealth             [36mIDLE[0m -> [31mFAILURE[0m
[robot_decision-1] [1746689048.647]: CheckIfHealth             [31mFAILURE[0m -> [36mIDLE[0m
[robot_decision-1] [1746689048.647]: CheckIfHealth             [36mIDLE[0m -> [31mFAILURE[0m
[robot_decision-1] [1746689048.647]: CheckIfHealth             [31mFAILURE[0m -> [36mIDLE[0m
[robot_decision-1] [1746689048.647]: CheckIfHealth             [36mIDLE[0m -> [31mFAILURE[0m
[robot_decision-1] [1746689048.647]: CheckIfHealth             [31mFAILURE[0m -> [36mIDLE[0m
[robot_decision-1] [1746689048.647]: CheckIfHealth             [36mIDLE[0m -> [31mFAILURE[0m
[robot_decision-1] [1746689048.647]: CheckIfHealth             [31mFAILURE[0m -> [36mIDLE[0m
[robot_decision-1] [1746689048.647]: CheckIfHealth             [36mIDLE[0m -> [31mFAILURE[0m
[robot_decision-1] [1746689048.647]: CheckIfHealth             [31mFAILURE[0m -> [36mIDLE[0m
[robot_decision-1] [ERROR] [1746689048.647417464] [robot_decision]: [CheckIfHealth] invalid message
[robot_decision-1] [ERROR] [1746689048.647551318] [robot_decision]: [CheckIfHealth] invalid message
[robot_decision-1] [ERROR] [1746689048.647743799] [robot_decision]: [CheckIfHealth] invalid message
[robot_decision-1] [ERROR] [1746689048.647933796] [robot_decision]: [CheckIfHealth] invalid message
[robot_decision-1] [ERROR] [1746689048.648045149] [robot_decision]: [CheckIfHealth] invalid message
[robot_decision-1] [ERROR] [1746689048.648093758] [robot_decision]: [CheckIfHealth] invalid message
[robot_decision-1] [ERROR] [1746689048.648264970] [robot_decision]: [CheckIfHealth] invalid message
[robot_decision-1] [1746689048.647]: CheckIfHealth             [36mIDLE[0m -> [31mFAILURE[0m
[robot_decision-1] [1746689048.647]: CheckIfHealth             [31mFAILURE[0m -> [36mIDLE[0m
[robot_decision-1] [1746689048.648]: CheckIfHealth             [36mIDLE[0m -> [31mFAILURE[0m
[robot_decision-1] [1746689048.648]: CheckIfHealth             [31mFAILURE[0m -> [36mIDLE[0m
[robot_decision-1] [1746689048.648]: CheckIfHealth             [36mIDLE[0m -> [31mFAILURE[0m
[robot_decision-1] [1746689048.648]: CheckIfHealth             [31mFAILURE[0m -> [36mIDLE[0m
[robot_decision-1] [1746689048.648]: CheckIfHealth             [36mIDLE[0m -> [31mFAILURE[0m
[robot_decision-1] [1746689048.648]: CheckIfHealth             [31mFAILURE[0m -> [36mIDLE[0m
[robot_decision-1] [1746689048.648]: CheckIfHealth             [36mIDLE[0m -> [31mFAILURE[0m
[robot_decision-1] [1746689048.648]: CheckIfHealth             [31mFAILURE[0m -> [36mIDLE[0m
[robot_decision-1] [1746689048.648]: CheckIfHealth             [36mIDLE[0m -> [31mFAILURE[0m
[robot_decision-1] [1746689048.648]: CheckIfHealth             [31mFAILURE[0m -> [36mIDLE[0m
[robot_decision-1] [1746689048.648]: CheckIfHealth             [36mIDLE[0m -> [31mFAILURE[0m
[robot_decision-1] [1746689048.648]: CheckIfHealth             [31mFAILURE[0m -> [36mIDLE[0m
[robot_decision-1] [ERROR] [1746689048.648506210] [robot_decision]: [CheckIfHealth] invalid message
[robot_decision-1] [1746689048.649]: CheckIfHealth             [36mIDLE[0m -> [31mFAILURE[0m
[robot_decision-1] [1746689048.649]: CheckIfHealth             [31mFAILURE[0m -> [36mIDLE[0m
[robot_decision-1] [ERROR] [1746689048.648641346] [robot_decision]: [CheckIfHealth] invalid message
[robot_decision-1] [1746689048.649]: CheckIfHealth             [36mIDLE[0m -> [31mFAILURE[0m
[robot_decision-1] [1746689048.649]: CheckIfHealth             [31mFAILURE[0m -> [36mIDLE[0m
[robot_decision-1] [1746689048.649]: CheckIfHealth             [36mIDLE[0m -> [31mFAILURE[0m
[robot_decision-1] [1746689048.649]: CheckIfHealth             [31mFAILURE[0m -> [36mIDLE[0m
[robot_decision-1] [1746689048.649]: CheckIfHealth             [36mIDLE[0m -> [31mFAILURE[0m
[robot_decision-1] [1746689048.649]: CheckIfHealth             [31mFAILURE[0m -> [36mIDLE[0m
[robot_decision-1] [ERROR] [1746689048.648777154] [robot_decision]: [CheckIfHealth] invalid message
[robot_decision-1] [ERROR] [1746689048.648896802] [robot_decision]: [CheckIfHealth] invalid message
[robot_decision-1] [ERROR] [1746689048.649043650] [robot_decision]: [CheckIfHealth] invalid message
[robot_decision-1] [ERROR] [1746689048.649175630] [robot_decision]: [CheckIfHealth] invalid message
[robot_decision-1] [ERROR] [1746689048.649283657] [robot_decision]: [CheckIfHealth] invalid message
[robot_decision-1] [1746689048.649]: CheckIfHealth             [36mIDLE[0m -> [31mFAILURE[0m
[robot_decision-1] [1746689048.649]: CheckIfHealth             [31mFAILURE[0m -> [36mIDLE[0m
[robot_decision-1] [1746689048.649]: CheckIfHealth             [36mIDLE[0m -> [31mFAILURE[0m
[robot_decision-1] [1746689048.649]: CheckIfHealth             [31mFAILURE[0m -> [36mIDLE[0m
[robot_decision-1] [1746689048.649]: CheckIfHealth             [36mIDLE[0m -> [31mFAILURE[0m
[robot_decision-1] [1746689048.649]: CheckIfHealth             [31mFAILURE[0m -> [36mIDLE[0m
[robot_decision-1] [ERROR] [1746689048.649384471] [robot_decision]: [CheckIfHealth] invalid message
[robot_decision-1] [1746689048.649]: CheckIfHealth             [36mIDLE[0m -> [31mFAILURE[0m
[robot_decision-1] [1746689048.649]: CheckIfHealth             [31mFAILURE[0m -> [36mIDLE[0m
[robot_decision-1] [1746689048.650]: CheckIfHealth             [36mIDLE[0m -> [31mFAILURE[0m
[robot_decision-1] [1746689048.650]: CheckIfHealth             [31mFAILURE[0m -> [36mIDLE[0m
[robot_decision-1] [1746689048.650]: RetryUntilSuccessful      [33mRUNNING[0m -> [31mFAILURE[0m
[robot_decision-1] [1746689048.650]: RetryUntilSuccessful      [31mFAILURE[0m -> [36mIDLE[0m
[robot_decision-1] [1746689048.650]: Sequence                  [33mRUNNING[0m -> [31mFAILURE[0m
[robot_decision-1] [1746689048.650]: Sequence                  [36mIDLE[0m -> [33mRUNNING[0m
[robot_decision-1] [1746689048.650]: RetryUntilSuccessful      [36mIDLE[0m -> [33mRUNNING[0m
[robot_decision-1] [1746689048.650]: CheckIfunHealth           [36mIDLE[0m -> [31mFAILURE[0m
[robot_decision-1] [1746689048.650]: CheckIfunHealth           [31mFAILURE[0m -> [36mIDLE[0m
[robot_decision-1] [1746689048.650]: CheckIfunHealth           [36mIDLE[0m -> [31mFAILURE[0m
[robot_decision-1] [1746689048.650]: CheckIfunHealth           [31mFAILURE[0m -> [36mIDLE[0m
[robot_decision-1] [1746689048.650]: CheckIfunHealth           [36mIDLE[0m -> [31mFAILURE[0m
[robot_decision-1] [1746689048.650]: CheckIfunHealth           [31mFAILURE[0m -> [36mIDLE[0m
[robot_decision-1] [1746689048.650]: CheckIfunHealth           [36mIDLE[0m -> [31mFAILURE[0m
[robot_decision-1] [1746689048.650]: CheckIfunHealth           [31mFAILURE[0m -> [36mIDLE[0m
[robot_decision-1] [1746689048.650]: CheckIfunHealth           [36mIDLE[0m -> [31mFAILURE[0m
[robot_decision-1] [1746689048.650]: CheckIfunHealth           [31mFAILURE[0m -> [36mIDLE[0m
[robot_decision-1] [1746689048.650]: CheckIfunHealth           [36mIDLE[0m -> [31mFAILURE[0m
[robot_decision-1] [1746689048.650]: CheckIfunHealth           [31mFAILURE[0m -> [36mIDLE[0m
[robot_decision-1] [ERROR] [1746689048.649514498] [robot_decision]: [CheckIfHealth] invalid message
[robot_decision-1] [ERROR] [1746689048.649655565] [robot_decision]: [CheckIfunHealth] invalid message
[robot_decision-1] [ERROR] [1746689048.649761348] [robot_decision]: [CheckIfunHealth] invalid message
[robot_decision-1] [ERROR] [1746689048.649857974] [robot_decision]: [CheckIfunHealth] invalid message
[robot_decision-1] [ERROR] [1746689048.649956434] [robot_decision]: [CheckIfunHealth] invalid message
[robot_decision-1] [ERROR] [1746689048.650091901] [robot_decision]: [CheckIfunHealth] invalid message
[robot_decision-1] [ERROR] [1746689048.650192634] [robot_decision]: [CheckIfunHealth] invalid message
[robot_decision-1] [ERROR] [1746689048.650286445] [robot_decision]: [CheckIfunHealth] invalid message
[robot_decision-1] [1746689048.650]: CheckIfunHealth           [36mIDLE[0m -> [31mFAILURE[0m
[robot_decision-1] [1746689048.650]: CheckIfunHealth           [31mFAILURE[0m -> [36mIDLE[0m
[robot_decision-1] [1746689048.650]: CheckIfunHealth           [36mIDLE[0m -> [31mFAILURE[0m
[robot_decision-1] [1746689048.650]: CheckIfunHealth           [31mFAILURE[0m -> [36mIDLE[0m
[robot_decision-1] [ERROR] [1746689048.650371380] [robot_decision]: [CheckIfunHealth] invalid message
[robot_decision-1] [ERROR] [1746689048.650461725] [robot_decision]: [CheckIfunHealth] invalid message
[robot_decision-1] [ERROR] [1746689048.650559804] [robot_decision]: [CheckIfunHealth] invalid message
[robot_decision-1] [ERROR] [1746689048.650660247] [robot_decision]: [CheckIfunHealth] invalid message
[robot_decision-1] [ERROR] [1746689048.650758596] [robot_decision]: [CheckIfunHealth] invalid message
[robot_decision-1] [1746689048.650]: CheckIfunHealth           [36mIDLE[0m -> [31mFAILURE[0m
[robot_decision-1] [1746689048.650]: CheckIfunHealth           [31mFAILURE[0m -> [36mIDLE[0m
[robot_decision-1] [1746689048.651]: CheckIfunHealth           [36mIDLE[0m -> [31mFAILURE[0m
[robot_decision-1] [1746689048.651]: CheckIfunHealth           [31mFAILURE[0m -> [36mIDLE[0m
[robot_decision-1] [1746689048.651]: CheckIfunHealth           [36mIDLE[0m -> [31mFAILURE[0m
[robot_decision-1] [1746689048.651]: CheckIfunHealth           [31mFAILURE[0m -> [36mIDLE[0m
[robot_decision-1] [1746689048.651]: CheckIfunHealth           [36mIDLE[0m -> [31mFAILURE[0m
[robot_decision-1] [1746689048.651]: CheckIfunHealth           [31mFAILURE[0m -> [36mIDLE[0m
[robot_decision-1] [ERROR] [1746689048.650870671] [robot_decision]: [CheckIfunHealth] invalid message
[robot_decision-1] [1746689048.651]: CheckIfunHealth           [36mIDLE[0m -> [31mFAILURE[0m
[robot_decision-1] [1746689048.651]: CheckIfunHealth           [31mFAILURE[0m -> [36mIDLE[0m
[robot_decision-1] [1746689048.651]: CheckIfunHealth           [36mIDLE[0m -> [31mFAILURE[0m
[robot_decision-1] [1746689048.651]: CheckIfunHealth           [31mFAILURE[0m -> [36mIDLE[0m
[robot_decision-1] [1746689048.651]: CheckIfunHealth           [36mIDLE[0m -> [31mFAILURE[0m
[robot_decision-1] [1746689048.651]: CheckIfunHealth           [31mFAILURE[0m -> [36mIDLE[0m
[robot_decision-1] [1746689048.651]: CheckIfunHealth           [36mIDLE[0m -> [31mFAILURE[0m
[robot_decision-1] [1746689048.651]: CheckIfunHealth           [31mFAILURE[0m -> [36mIDLE[0m
[robot_decision-1] [1746689048.651]: CheckIfunHealth           [36mIDLE[0m -> [31mFAILURE[0m
[robot_decision-1] [1746689048.651]: CheckIfunHealth           [31mFAILURE[0m -> [36mIDLE[0m
[robot_decision-1] [1746689048.651]: CheckIfunHealth           [36mIDLE[0m -> [31mFAILURE[0m
[robot_decision-1] [1746689048.651]: CheckIfunHealth           [31mFAILURE[0m -> [36mIDLE[0m
[robot_decision-1] [1746689048.651]: CheckIfunHealth           [36mIDLE[0m -> [31mFAILURE[0m
[robot_decision-1] [1746689048.651]: CheckIfunHealth           [31mFAILURE[0m -> [36mIDLE[0m
[robot_decision-1] [ERROR] [1746689048.650969982] [robot_decision]: [CheckIfunHealth] invalid message
[robot_decision-1] [ERROR] [1746689048.651066758] [robot_decision]: [CheckIfunHealth] invalid message
[robot_decision-1] [ERROR] [1746689048.651165678] [robot_decision]: [CheckIfunHealth] invalid message
[robot_decision-1] [ERROR] [1746689048.651261052] [robot_decision]: [CheckIfunHealth] invalid message
[robot_decision-1] [ERROR] [1746689048.651349985] [robot_decision]: [CheckIfunHealth] invalid message
[robot_decision-1] [ERROR] [1746689048.651438746] [robot_decision]: [CheckIfunHealth] invalid message
[robot_decision-1] [ERROR] [1746689048.651532678] [robot_decision]: [CheckIfunHealth] invalid message
[robot_decision-1] [ERROR] [1746689048.651623854] [robot_decision]: [CheckIfunHealth] invalid message
[robot_decision-1] [ERROR] [1746689048.651708288] [robot_decision]: [CheckIfunHealth] invalid message
[robot_decision-1] [ERROR] [1746689048.651788264] [robot_decision]: [CheckIfunHealth] invalid message
[robot_decision-1] [1746689048.652]: CheckIfunHealth           [36mIDLE[0m -> [31mFAILURE[0m
[robot_decision-1] [1746689048.652]: CheckIfunHealth           [31mFAILURE[0m -> [36mIDLE[0m
[robot_decision-1] [1746689048.652]: CheckIfunHealth           [36mIDLE[0m -> [31mFAILURE[0m
[robot_decision-1] [1746689048.652]: CheckIfunHealth           [31mFAILURE[0m -> [36mIDLE[0m
[robot_decision-1] [1746689048.652]: CheckIfunHealth           [36mIDLE[0m -> [31mFAILURE[0m
[robot_decision-1] [1746689048.652]: CheckIfunHealth           [31mFAILURE[0m -> [36mIDLE[0m
[robot_decision-1] [1746689048.652]: CheckIfunHealth           [36mIDLE[0m -> [31mFAILURE[0m
[robot_decision-1] [1746689048.652]: CheckIfunHealth           [31mFAILURE[0m -> [36mIDLE[0m
[robot_decision-1] [ERROR] [1746689048.651876304] [robot_decision]: [CheckIfunHealth] invalid message
[robot_decision-1] [ERROR] [1746689048.651987888] [robot_decision]: [CheckIfunHealth] invalid message
[robot_decision-1] [ERROR] [1746689048.652087439] [robot_decision]: [CheckIfunHealth] invalid message
[robot_decision-1] [1746689048.652]: CheckIfunHealth           [36mIDLE[0m -> [31mFAILURE[0m
[robot_decision-1] [1746689048.652]: CheckIfunHealth           [31mFAILURE[0m -> [36mIDLE[0m
[robot_decision-1] [1746689048.652]: CheckIfunHealth           [36mIDLE[0m -> [31mFAILURE[0m
[robot_decision-1] [1746689048.652]: CheckIfunHealth           [31mFAILURE[0m -> [36mIDLE[0m
[robot_decision-1] [1746689048.652]: CheckIfunHealth           [36mIDLE[0m -> [31mFAILURE[0m
[robot_decision-1] [1746689048.652]: CheckIfunHealth           [31mFAILURE[0m -> [36mIDLE[0m
[robot_decision-1] [1746689048.652]: RetryUntilSuccessful      [33mRUNNING[0m -> [31mFAILURE[0m
[robot_decision-1] [1746689048.652]: RetryUntilSuccessful      [31mFAILURE[0m -> [36mIDLE[0m
[robot_decision-1] [1746689048.652]: Sequence                  [33mRUNNING[0m -> [31mFAILURE[0m
[robot_decision-1] [1746689048.652]: Sequence                  [31mFAILURE[0m -> [36mIDLE[0m
[robot_decision-1] [1746689048.652]: Sequence                  [31mFAILURE[0m -> [36mIDLE[0m
[robot_decision-1] [1746689048.652]: Fallback                  [33mRUNNING[0m -> [31mFAILURE[0m
[robot_decision-1] [1746689048.652]: Fallback                  [31mFAILURE[0m -> [36mIDLE[0m
[robot_decision-1] [1746689048.852]: Fallback                  [36mIDLE[0m -> [33mRUNNING[0m
[robot_decision-1] [1746689048.852]: Sequence                  [36mIDLE[0m -> [33mRUNNING[0m
[robot_decision-1] [1746689048.852]: RetryUntilSuccessful      [36mIDLE[0m -> [33mRUNNING[0m
[robot_decision-1] [ERROR] [1746689048.852432809] [robot_decision]: [CheckIfHealth] invalid message
[robot_decision-1] [ERROR] [1746689048.852566002] [robot_decision]: [CheckIfHealth] invalid message
[robot_decision-1] [ERROR] [1746689048.852660244] [robot_decision]: [CheckIfHealth] invalid message
[robot_decision-1] [1746689048.852]: CheckIfHealth             [36mIDLE[0m -> [31mFAILURE[0m
[robot_decision-1] [1746689048.852]: CheckIfHealth             [31mFAILURE[0m -> [36mIDLE[0m
[robot_decision-1] [1746689048.853]: CheckIfHealth             [36mIDLE[0m -> [31mFAILURE[0m
[robot_decision-1] [1746689048.853]: CheckIfHealth             [31mFAILURE[0m -> [36mIDLE[0m
[robot_decision-1] [1746689048.853]: CheckIfHealth             [36mIDLE[0m -> [31mFAILURE[0m
[robot_decision-1] [1746689048.853]: CheckIfHealth             [31mFAILURE[0m -> [36mIDLE[0m
[robot_decision-1] [ERROR] [1746689048.852770114] [robot_decision]: [CheckIfHealth] invalid message
[robot_decision-1] [1746689048.853]: CheckIfHealth             [36mIDLE[0m -> [31mFAILURE[0m
[robot_decision-1] [1746689048.853]: CheckIfHealth             [31mFAILURE[0m -> [36mIDLE[0m
[robot_decision-1] [1746689048.853]: CheckIfHealth             [36mIDLE[0m -> [31mFAILURE[0m
[robot_decision-1] [1746689048.853]: CheckIfHealth             [31mFAILURE[0m -> [36mIDLE[0m
[robot_decision-1] [ERROR] [1746689048.852866249] [robot_decision]: [CheckIfHealth] invalid message
[robot_decision-1] [ERROR] [1746689048.852978554] [robot_decision]: [CheckIfHealth] invalid message
[robot_decision-1] [1746689048.853]: CheckIfHealth             [36mIDLE[0m -> [31mFAILURE[0m
[robot_decision-1] [1746689048.853]: CheckIfHealth             [31mFAILURE[0m -> [36mIDLE[0m
[robot_decision-1] [ERROR] [1746689048.853056196] [robot_decision]: [CheckIfHealth] invalid message
[robot_decision-1] [ERROR] [1746689048.853160356] [robot_decision]: [CheckIfHealth] invalid message
[robot_decision-1] [1746689048.853]: CheckIfHealth             [36mIDLE[0m -> [31mFAILURE[0m
[robot_decision-1] [1746689048.853]: CheckIfHealth             [31mFAILURE[0m -> [36mIDLE[0m
[robot_decision-1] [1746689048.853]: CheckIfHealth             [36mIDLE[0m -> [31mFAILURE[0m
[robot_decision-1] [1746689048.853]: CheckIfHealth             [31mFAILURE[0m -> [36mIDLE[0m
[robot_decision-1] [ERROR] [1746689048.853242205] [robot_decision]: [CheckIfHealth] invalid message
[robot_decision-1] [ERROR] [1746689048.853325877] [robot_decision]: [CheckIfHealth] invalid message
[robot_decision-1] [1746689048.853]: CheckIfHealth             [36mIDLE[0m -> [31mFAILURE[0m
[robot_decision-1] [1746689048.853]: CheckIfHealth             [31mFAILURE[0m -> [36mIDLE[0m
[robot_decision-1] [1746689048.853]: CheckIfHealth             [36mIDLE[0m -> [31mFAILURE[0m
[robot_decision-1] [1746689048.853]: CheckIfHealth             [31mFAILURE[0m -> [36mIDLE[0m
[robot_decision-1] [ERROR] [1746689048.853431871] [robot_decision]: [CheckIfHealth] invalid message
[robot_decision-1] [ERROR] [1746689048.853515553] [robot_decision]: [CheckIfHealth] invalid message
[robot_decision-1] [1746689048.853]: CheckIfHealth             [36mIDLE[0m -> [31mFAILURE[0m
[robot_decision-1] [1746689048.853]: CheckIfHealth             [31mFAILURE[0m -> [36mIDLE[0m
[robot_decision-1] [1746689048.854]: CheckIfHealth             [36mIDLE[0m -> [31mFAILURE[0m
[robot_decision-1] [1746689048.854]: CheckIfHealth             [31mFAILURE[0m -> [36mIDLE[0m
[robot_decision-1] [ERROR] [1746689048.853596711] [robot_decision]: [CheckIfHealth] invalid message
[robot_decision-1] [1746689048.854]: CheckIfHealth             [36mIDLE[0m -> [31mFAILURE[0m
[robot_decision-1] [1746689048.854]: CheckIfHealth             [31mFAILURE[0m -> [36mIDLE[0m
[robot_decision-1] [ERROR] [1746689048.853664234] [robot_decision]: [CheckIfHealth] invalid message
[robot_decision-1] [ERROR] [1746689048.853738259] [robot_decision]: [CheckIfHealth] invalid message
[robot_decision-1] [1746689048.854]: CheckIfHealth             [36mIDLE[0m -> [31mFAILURE[0m
[robot_decision-1] [1746689048.854]: CheckIfHealth             [31mFAILURE[0m -> [36mIDLE[0m
[robot_decision-1] [1746689048.854]: CheckIfHealth             [36mIDLE[0m -> [31mFAILURE[0m
[robot_decision-1] [1746689048.854]: CheckIfHealth             [31mFAILURE[0m -> [36mIDLE[0m
[robot_decision-1] [ERROR] [1746689048.853803348] [robot_decision]: [CheckIfHealth] invalid message
[robot_decision-1] [1746689048.854]: CheckIfHealth             [36mIDLE[0m -> [31mFAILURE[0m
[robot_decision-1] [1746689048.854]: CheckIfHealth             [31mFAILURE[0m -> [36mIDLE[0m
[robot_decision-1] [ERROR] [1746689048.853869238] [robot_decision]: [CheckIfHealth] invalid message
[robot_decision-1] [ERROR] [1746689048.853941460] [robot_decision]: [CheckIfHealth] invalid message
[robot_decision-1] [1746689048.854]: CheckIfHealth             [36mIDLE[0m -> [31mFAILURE[0m
[robot_decision-1] [1746689048.854]: CheckIfHealth             [31mFAILURE[0m -> [36mIDLE[0m
[robot_decision-1] [1746689048.854]: CheckIfHealth             [36mIDLE[0m -> [31mFAILURE[0m
[robot_decision-1] [1746689048.854]: CheckIfHealth             [31mFAILURE[0m -> [36mIDLE[0m
[robot_decision-1] [ERROR] [1746689048.854042975] [robot_decision]: [CheckIfHealth] invalid message
[robot_decision-1] [ERROR] [1746689048.854106491] [robot_decision]: [CheckIfHealth] invalid message
[robot_decision-1] [1746689048.854]: CheckIfHealth             [36mIDLE[0m -> [31mFAILURE[0m
[robot_decision-1] [1746689048.854]: CheckIfHealth             [31mFAILURE[0m -> [36mIDLE[0m
[robot_decision-1] [1746689048.854]: CheckIfHealth             [36mIDLE[0m -> [31mFAILURE[0m
[robot_decision-1] [1746689048.854]: CheckIfHealth             [31mFAILURE[0m -> [36mIDLE[0m
[robot_decision-1] [ERROR] [1746689048.854176218] [robot_decision]: [CheckIfHealth] invalid message
[robot_decision-1] [ERROR] [1746689048.854241617] [robot_decision]: [CheckIfHealth] invalid message
[robot_decision-1] [1746689048.854]: CheckIfHealth             [36mIDLE[0m -> [31mFAILURE[0m
[robot_decision-1] [1746689048.854]: CheckIfHealth             [31mFAILURE[0m -> [36mIDLE[0m
[robot_decision-1] [1746689048.854]: CheckIfHealth             [36mIDLE[0m -> [31mFAILURE[0m
[robot_decision-1] [1746689048.854]: CheckIfHealth             [31mFAILURE[0m -> [36mIDLE[0m
[robot_decision-1] [ERROR] [1746689048.854308709] [robot_decision]: [CheckIfHealth] invalid message
[robot_decision-1] [1746689048.854]: CheckIfHealth             [36mIDLE[0m -> [31mFAILURE[0m
[robot_decision-1] [1746689048.854]: CheckIfHealth             [31mFAILURE[0m -> [36mIDLE[0m
[robot_decision-1] [ERROR] [1746689048.854377365] [robot_decision]: [CheckIfHealth] invalid message
[robot_decision-1] [ERROR] [1746689048.854447583] [robot_decision]: [CheckIfHealth] invalid message
[robot_decision-1] [1746689048.854]: CheckIfHealth             [36mIDLE[0m -> [31mFAILURE[0m
[robot_decision-1] [1746689048.854]: CheckIfHealth             [31mFAILURE[0m -> [36mIDLE[0m
[robot_decision-1] [1746689048.854]: CheckIfHealth             [36mIDLE[0m -> [31mFAILURE[0m
[robot_decision-1] [1746689048.854]: CheckIfHealth             [31mFAILURE[0m -> [36mIDLE[0m
[robot_decision-1] [ERROR] [1746689048.854514565] [robot_decision]: [CheckIfHealth] invalid message
[robot_decision-1] [1746689048.855]: CheckIfHealth             [36mIDLE[0m -> [31mFAILURE[0m
[robot_decision-1] [1746689048.855]: CheckIfHealth             [31mFAILURE[0m -> [36mIDLE[0m
[robot_decision-1] [1746689048.855]: RetryUntilSuccessful      [33mRUNNING[0m -> [31mFAILURE[0m
[robot_decision-1] [1746689048.855]: RetryUntilSuccessful      [31mFAILURE[0m -> [36mIDLE[0m
[robot_decision-1] [1746689048.855]: Sequence                  [33mRUNNING[0m -> [31mFAILURE[0m
[robot_decision-1] [1746689048.855]: Sequence                  [36mIDLE[0m -> [33mRUNNING[0m
[robot_decision-1] [1746689048.855]: RetryUntilSuccessful      [36mIDLE[0m -> [33mRUNNING[0m
[robot_decision-1] [ERROR] [1746689048.854607013] [robot_decision]: [CheckIfunHealth] invalid message
[robot_decision-1] [1746689048.855]: CheckIfunHealth           [36mIDLE[0m -> [31mFAILURE[0m
[robot_decision-1] [1746689048.855]: CheckIfunHealth           [31mFAILURE[0m -> [36mIDLE[0m
[robot_decision-1] [1746689048.855]: CheckIfunHealth           [36mIDLE[0m -> [31mFAILURE[0m
[robot_decision-1] [1746689048.855]: CheckIfunHealth           [31mFAILURE[0m -> [36mIDLE[0m
[robot_decision-1] [ERROR] [1746689048.854682040] [robot_decision]: [CheckIfunHealth] invalid message
[robot_decision-1] [ERROR] [1746689048.854748020] [robot_decision]: [CheckIfunHealth] invalid message
[robot_decision-1] [ERROR] [1746689048.854819541] [robot_decision]: [CheckIfunHealth] invalid message
[robot_decision-1] [1746689048.855]: CheckIfunHealth           [36mIDLE[0m -> [31mFAILURE[0m
[robot_decision-1] [1746689048.855]: CheckIfunHealth           [31mFAILURE[0m -> [36mIDLE[0m
[robot_decision-1] [1746689048.855]: CheckIfunHealth           [36mIDLE[0m -> [31mFAILURE[0m
[robot_decision-1] [1746689048.855]: CheckIfunHealth           [31mFAILURE[0m -> [36mIDLE[0m
[robot_decision-1] [ERROR] [1746689048.854894217] [robot_decision]: [CheckIfunHealth] invalid message
[robot_decision-1] [1746689048.855]: CheckIfunHealth           [36mIDLE[0m -> [31mFAILURE[0m
[robot_decision-1] [1746689048.855]: CheckIfunHealth           [31mFAILURE[0m -> [36mIDLE[0m
[robot_decision-1] [ERROR] [1746689048.854965958] [robot_decision]: [CheckIfunHealth] invalid message
[robot_decision-1] [ERROR] [1746689048.855034873] [robot_decision]: [CheckIfunHealth] invalid message
[robot_decision-1] [ERROR] [1746689048.855083562] [robot_decision]: [CheckIfunHealth] invalid message
[robot_decision-1] [1746689048.855]: CheckIfunHealth           [36mIDLE[0m -> [31mFAILURE[0m
[robot_decision-1] [1746689048.855]: CheckIfunHealth           [31mFAILURE[0m -> [36mIDLE[0m
[robot_decision-1] [1746689048.855]: CheckIfunHealth           [36mIDLE[0m -> [31mFAILURE[0m
[robot_decision-1] [1746689048.855]: CheckIfunHealth           [31mFAILURE[0m -> [36mIDLE[0m
[robot_decision-1] [1746689048.855]: CheckIfunHealth           [36mIDLE[0m -> [31mFAILURE[0m
[robot_decision-1] [1746689048.855]: CheckIfunHealth           [31mFAILURE[0m -> [36mIDLE[0m
[robot_decision-1] [ERROR] [1746689048.855152087] [robot_decision]: [CheckIfunHealth] invalid message
[robot_decision-1] [1746689048.855]: CheckIfunHealth           [36mIDLE[0m -> [31mFAILURE[0m
[robot_decision-1] [1746689048.855]: CheckIfunHealth           [31mFAILURE[0m -> [36mIDLE[0m
[robot_decision-1] [ERROR] [1746689048.855224038] [robot_decision]: [CheckIfunHealth] invalid message
[robot_decision-1] [ERROR] [1746689048.855291671] [robot_decision]: [CheckIfunHealth] invalid message
[robot_decision-1] [1746689048.855]: CheckIfunHealth           [36mIDLE[0m -> [31mFAILURE[0m
[robot_decision-1] [1746689048.855]: CheckIfunHealth           [31mFAILURE[0m -> [36mIDLE[0m
[robot_decision-1] [1746689048.855]: CheckIfunHealth           [36mIDLE[0m -> [31mFAILURE[0m
[robot_decision-1] [1746689048.855]: CheckIfunHealth           [31mFAILURE[0m -> [36mIDLE[0m
[robot_decision-1] [ERROR] [1746689048.855357251] [robot_decision]: [CheckIfunHealth] invalid message
[robot_decision-1] [1746689048.855]: CheckIfunHealth           [36mIDLE[0m -> [31mFAILURE[0m
[robot_decision-1] [1746689048.855]: CheckIfunHealth           [31mFAILURE[0m -> [36mIDLE[0m
[robot_decision-1] [ERROR] [1746689048.855424444] [robot_decision]: [CheckIfunHealth] invalid message
[robot_decision-1] [ERROR] [1746689048.855498308] [robot_decision]: [CheckIfunHealth] invalid message
[robot_decision-1] [1746689048.855]: CheckIfunHealth           [36mIDLE[0m -> [31mFAILURE[0m
[robot_decision-1] [1746689048.855]: CheckIfunHealth           [31mFAILURE[0m -> [36mIDLE[0m
[robot_decision-1] [1746689048.856]: CheckIfunHealth           [36mIDLE[0m -> [31mFAILURE[0m
[robot_decision-1] [1746689048.856]: CheckIfunHealth           [31mFAILURE[0m -> [36mIDLE[0m
[robot_decision-1] [ERROR] [1746689048.855566763] [robot_decision]: [CheckIfunHealth] invalid message
[robot_decision-1] [ERROR] [1746689048.855639325] [robot_decision]: [CheckIfunHealth] invalid message
[robot_decision-1] [1746689048.856]: CheckIfunHealth           [36mIDLE[0m -> [31mFAILURE[0m
[robot_decision-1] [1746689048.856]: CheckIfunHealth           [31mFAILURE[0m -> [36mIDLE[0m
[robot_decision-1] [1746689048.856]: CheckIfunHealth           [36mIDLE[0m -> [31mFAILURE[0m
[robot_decision-1] [1746689048.856]: CheckIfunHealth           [31mFAILURE[0m -> [36mIDLE[0m
[robot_decision-1] [ERROR] [1746689048.855713150] [robot_decision]: [CheckIfunHealth] invalid message
[robot_decision-1] [ERROR] [1746689048.855785292] [robot_decision]: [CheckIfunHealth] invalid message
[robot_decision-1] [1746689048.856]: CheckIfunHealth           [36mIDLE[0m -> [31mFAILURE[0m
[robot_decision-1] [1746689048.856]: CheckIfunHealth           [31mFAILURE[0m -> [36mIDLE[0m
[robot_decision-1] [1746689048.856]: CheckIfunHealth           [36mIDLE[0m -> [31mFAILURE[0m
[robot_decision-1] [1746689048.856]: CheckIfunHealth           [31mFAILURE[0m -> [36mIDLE[0m
[robot_decision-1] [ERROR] [1746689048.855858255] [robot_decision]: [CheckIfunHealth] invalid message
[robot_decision-1] [1746689048.856]: CheckIfunHealth           [36mIDLE[0m -> [31mFAILURE[0m
[robot_decision-1] [1746689048.856]: CheckIfunHealth           [31mFAILURE[0m -> [36mIDLE[0m
[robot_decision-1] [ERROR] [1746689048.855944332] [robot_decision]: [CheckIfunHealth] invalid message
[robot_decision-1] [ERROR] [1746689048.856020981] [robot_decision]: [CheckIfunHealth] invalid message
[robot_decision-1] [ERROR] [1746689048.856088414] [robot_decision]: [CheckIfunHealth] invalid message
[robot_decision-1] [1746689048.856]: CheckIfunHealth           [36mIDLE[0m -> [31mFAILURE[0m
[robot_decision-1] [1746689048.856]: CheckIfunHealth           [31mFAILURE[0m -> [36mIDLE[0m
[robot_decision-1] [1746689048.856]: CheckIfunHealth           [36mIDLE[0m -> [31mFAILURE[0m
[robot_decision-1] [1746689048.856]: CheckIfunHealth           [31mFAILURE[0m -> [36mIDLE[0m
[robot_decision-1] [1746689048.856]: CheckIfunHealth           [36mIDLE[0m -> [31mFAILURE[0m
[robot_decision-1] [1746689048.856]: CheckIfunHealth           [31mFAILURE[0m -> [36mIDLE[0m
[robot_decision-1] [ERROR] [1746689048.856166366] [robot_decision]: [CheckIfunHealth] invalid message
[robot_decision-1] [ERROR] [1746689048.856295943] [robot_decision]: [CheckIfunHealth] invalid message
[robot_decision-1] [1746689048.856]: CheckIfunHealth           [36mIDLE[0m -> [31mFAILURE[0m
[robot_decision-1] [1746689048.856]: CheckIfunHealth           [31mFAILURE[0m -> [36mIDLE[0m
[robot_decision-1] [1746689048.856]: CheckIfunHealth           [36mIDLE[0m -> [31mFAILURE[0m
[robot_decision-1] [1746689048.856]: CheckIfunHealth           [31mFAILURE[0m -> [36mIDLE[0m
[robot_decision-1] [1746689048.856]: CheckIfunHealth           [36mIDLE[0m -> [31mFAILURE[0m
[robot_decision-1] [ERROR] [1746689048.856418797] [robot_decision]: [CheckIfunHealth] invalid message
[robot_decision-1] [ERROR] [1746689048.856533366] [robot_decision]: [CheckIfunHealth] invalid message
[robot_decision-1] [1746689048.856]: CheckIfunHealth           [31mFAILURE[0m -> [36mIDLE[0m
[robot_decision-1] [1746689048.857]: CheckIfunHealth           [36mIDLE[0m -> [31mFAILURE[0m
[robot_decision-1] [1746689048.857]: CheckIfunHealth           [31mFAILURE[0m -> [36mIDLE[0m
[robot_decision-1] [1746689048.857]: RetryUntilSuccessful      [33mRUNNING[0m -> [31mFAILURE[0m
[robot_decision-1] [1746689048.857]: RetryUntilSuccessful      [31mFAILURE[0m -> [36mIDLE[0m
[robot_decision-1] [1746689048.857]: Sequence                  [33mRUNNING[0m -> [31mFAILURE[0m
[robot_decision-1] [1746689048.857]: Sequence                  [31mFAILURE[0m -> [36mIDLE[0m
[robot_decision-1] [1746689048.857]: Sequence                  [31mFAILURE[0m -> [36mIDLE[0m
[robot_decision-1] [1746689048.857]: Fallback                  [33mRUNNING[0m -> [31mFAILURE[0m
[robot_decision-1] [1746689048.857]: Fallback                  [31mFAILURE[0m -> [36mIDLE[0m
[robot_decision-1] [1746689049.057]: Fallback                  [36mIDLE[0m -> [33mRUNNING[0m
[robot_decision-1] [1746689049.057]: Sequence                  [36mIDLE[0m -> [33mRUNNING[0m
[robot_decision-1] [1746689049.057]: RetryUntilSuccessful      [36mIDLE[0m -> [33mRUNNING[0m
[robot_decision-1] [ERROR] [1746689049.056774660] [robot_decision]: [CheckIfHealth] invalid message
[robot_decision-1] [ERROR] [1746689049.056934080] [robot_decision]: [CheckIfHealth] invalid message
[robot_decision-1] [1746689049.057]: CheckIfHealth             [36mIDLE[0m -> [31mFAILURE[0m
[robot_decision-1] [1746689049.057]: CheckIfHealth             [31mFAILURE[0m -> [36mIDLE[0m
[robot_decision-1] [1746689049.057]: CheckIfHealth             [36mIDLE[0m -> [31mFAILURE[0m
[robot_decision-1] [1746689049.057]: CheckIfHealth             [31mFAILURE[0m -> [36mIDLE[0m
[robot_decision-1] [ERROR] [1746689049.057019486] [robot_decision]: [CheckIfHealth] invalid message
[robot_decision-1] [ERROR] [1746689049.057088943] [robot_decision]: [CheckIfHealth] invalid message
[robot_decision-1] [1746689049.057]: CheckIfHealth             [36mIDLE[0m -> [31mFAILURE[0m
[robot_decision-1] [1746689049.057]: CheckIfHealth             [31mFAILURE[0m -> [36mIDLE[0m
[robot_decision-1] [1746689049.057]: CheckIfHealth             [36mIDLE[0m -> [31mFAILURE[0m
[robot_decision-1] [1746689049.057]: CheckIfHealth             [31mFAILURE[0m -> [36mIDLE[0m
[robot_decision-1] [1746689049.057]: CheckIfHealth             [36mIDLE[0m -> [31mFAILURE[0m
[robot_decision-1] [1746689049.057]: CheckIfHealth             [31mFAILURE[0m -> [36mIDLE[0m
[robot_decision-1] [ERROR] [1746689049.057172144] [robot_decision]: [CheckIfHealth] invalid message
[robot_decision-1] [ERROR] [1746689049.057264332] [robot_decision]: [CheckIfHealth] invalid message
[robot_decision-1] [ERROR] [1746689049.057367821] [robot_decision]: [CheckIfHealth] invalid message
[robot_decision-1] [1746689049.057]: CheckIfHealth             [36mIDLE[0m -> [31mFAILURE[0m
[robot_decision-1] [1746689049.057]: CheckIfHealth             [31mFAILURE[0m -> [36mIDLE[0m
[robot_decision-1] [1746689049.057]: CheckIfHealth             [36mIDLE[0m -> [31mFAILURE[0m
[robot_decision-1] [1746689049.057]: CheckIfHealth             [31mFAILURE[0m -> [36mIDLE[0m
[robot_decision-1] [1746689049.057]: CheckIfHealth             [36mIDLE[0m -> [31mFAILURE[0m
[robot_decision-1] [1746689049.057]: CheckIfHealth             [31mFAILURE[0m -> [36mIDLE[0m
[robot_decision-1] [ERROR] [1746689049.057468204] [robot_decision]: [CheckIfHealth] invalid message
[robot_decision-1] [ERROR] [1746689049.057553199] [robot_decision]: [CheckIfHealth] invalid message
[robot_decision-1] [ERROR] [1746689049.057639707] [robot_decision]: [CheckIfHealth] invalid message
[robot_decision-1] [1746689049.058]: CheckIfHealth             [36mIDLE[0m -> [31mFAILURE[0m
[robot_decision-1] [1746689049.058]: CheckIfHealth             [31mFAILURE[0m -> [36mIDLE[0m
[robot_decision-1] [1746689049.058]: CheckIfHealth             [36mIDLE[0m -> [31mFAILURE[0m
[robot_decision-1] [1746689049.058]: CheckIfHealth             [31mFAILURE[0m -> [36mIDLE[0m
[robot_decision-1] [ERROR] [1746689049.057753975] [robot_decision]: [CheckIfHealth] invalid message
[robot_decision-1] [ERROR] [1746689049.057823041] [robot_decision]: [CheckIfHealth] invalid message
[robot_decision-1] [ERROR] [1746689049.057892247] [robot_decision]: [CheckIfHealth] invalid message
[robot_decision-1] [1746689049.058]: CheckIfHealth             [36mIDLE[0m -> [31mFAILURE[0m
[robot_decision-1] [1746689049.058]: CheckIfHealth             [31mFAILURE[0m -> [36mIDLE[0m
[robot_decision-1] [1746689049.058]: CheckIfHealth             [36mIDLE[0m -> [31mFAILURE[0m
[robot_decision-1] [1746689049.058]: CheckIfHealth             [31mFAILURE[0m -> [36mIDLE[0m
[robot_decision-1] [1746689049.058]: CheckIfHealth             [36mIDLE[0m -> [31mFAILURE[0m
[robot_decision-1] [1746689049.058]: CheckIfHealth             [31mFAILURE[0m -> [36mIDLE[0m
[robot_decision-1] [1746689049.058]: CheckIfHealth             [36mIDLE[0m -> [31mFAILURE[0m
[robot_decision-1] [1746689049.058]: CheckIfHealth             [31mFAILURE[0m -> [36mIDLE[0m
[robot_decision-1] [ERROR] [1746689049.057960832] [robot_decision]: [CheckIfHealth] invalid message
[robot_decision-1] [ERROR] [1746689049.058025711] [robot_decision]: [CheckIfHealth] invalid message
[robot_decision-1] [ERROR] [1746689049.058084378] [robot_decision]: [CheckIfHealth] invalid message
[robot_decision-1] [1746689049.058]: CheckIfHealth             [36mIDLE[0m -> [31mFAILURE[0m
[robot_decision-1] [1746689049.058]: CheckIfHealth             [31mFAILURE[0m -> [36mIDLE[0m
[robot_decision-1] [1746689049.058]: CheckIfHealth             [36mIDLE[0m -> [31mFAILURE[0m
[robot_decision-1] [1746689049.058]: CheckIfHealth             [31mFAILURE[0m -> [36mIDLE[0m
[robot_decision-1] [ERROR] [1746689049.058151941] [robot_decision]: [CheckIfHealth] invalid message
[robot_decision-1] [ERROR] [1746689049.058217861] [robot_decision]: [CheckIfHealth] invalid message
[robot_decision-1] [ERROR] [1746689049.058283972] [robot_decision]: [CheckIfHealth] invalid message
[robot_decision-1] [1746689049.058]: CheckIfHealth             [36mIDLE[0m -> [31mFAILURE[0m
[robot_decision-1] [1746689049.058]: CheckIfHealth             [31mFAILURE[0m -> [36mIDLE[0m
[robot_decision-1] [1746689049.058]: CheckIfHealth             [36mIDLE[0m -> [31mFAILURE[0m
[robot_decision-1] [1746689049.058]: CheckIfHealth             [31mFAILURE[0m -> [36mIDLE[0m
[robot_decision-1] [1746689049.058]: CheckIfHealth             [36mIDLE[0m -> [31mFAILURE[0m
[robot_decision-1] [1746689049.058]: CheckIfHealth             [31mFAILURE[0m -> [36mIDLE[0m
[robot_decision-1] [ERROR] [1746689049.058350934] [robot_decision]: [CheckIfHealth] invalid message
[robot_decision-1] [ERROR] [1746689049.058419549] [robot_decision]: [CheckIfHealth] invalid message
[robot_decision-1] [ERROR] [1746689049.058488514] [robot_decision]: [CheckIfHealth] invalid message
[robot_decision-1] [ERROR] [1746689049.058560175] [robot_decision]: [CheckIfHealth] invalid message
[robot_decision-1] [1746689049.058]: CheckIfHealth             [36mIDLE[0m -> [31mFAILURE[0m
[robot_decision-1] [1746689049.058]: CheckIfHealth             [31mFAILURE[0m -> [36mIDLE[0m
[robot_decision-1] [1746689049.058]: CheckIfHealth             [36mIDLE[0m -> [31mFAILURE[0m
[robot_decision-1] [1746689049.058]: CheckIfHealth             [31mFAILURE[0m -> [36mIDLE[0m
[robot_decision-1] [1746689049.058]: CheckIfHealth             [36mIDLE[0m -> [31mFAILURE[0m
[robot_decision-1] [1746689049.058]: CheckIfHealth             [31mFAILURE[0m -> [36mIDLE[0m
[robot_decision-1] [1746689049.059]: CheckIfHealth             [36mIDLE[0m -> [31mFAILURE[0m
[robot_decision-1] [1746689049.059]: CheckIfHealth             [31mFAILURE[0m -> [36mIDLE[0m
[robot_decision-1] [ERROR] [1746689049.058633459] [robot_decision]: [CheckIfHealth] invalid message
[robot_decision-1] [ERROR] [1746689049.058704208] [robot_decision]: [CheckIfHealth] invalid message
[robot_decision-1] [1746689049.059]: CheckIfHealth             [36mIDLE[0m -> [31mFAILURE[0m
[robot_decision-1] [1746689049.059]: CheckIfHealth             [31mFAILURE[0m -> [36mIDLE[0m
[robot_decision-1] [1746689049.059]: CheckIfHealth             [36mIDLE[0m -> [31mFAILURE[0m
[robot_decision-1] [1746689049.059]: CheckIfHealth             [31mFAILURE[0m -> [36mIDLE[0m
[robot_decision-1] [ERROR] [1746689049.058772652] [robot_decision]: [CheckIfHealth] invalid message
[robot_decision-1] [1746689049.059]: CheckIfHealth             [36mIDLE[0m -> [31mFAILURE[0m
[robot_decision-1] [1746689049.059]: CheckIfHealth             [31mFAILURE[0m -> [36mIDLE[0m
[robot_decision-1] [1746689049.059]: RetryUntilSuccessful      [33mRUNNING[0m -> [31mFAILURE[0m
[robot_decision-1] [1746689049.059]: RetryUntilSuccessful      [31mFAILURE[0m -> [36mIDLE[0m
[robot_decision-1] [1746689049.059]: Sequence                  [33mRUNNING[0m -> [31mFAILURE[0m
[robot_decision-1] [1746689049.059]: Sequence                  [36mIDLE[0m -> [33mRUNNING[0m
[robot_decision-1] [1746689049.059]: RetryUntilSuccessful      [36mIDLE[0m -> [33mRUNNING[0m
[robot_decision-1] [1746689049.059]: CheckIfunHealth           [36mIDLE[0m -> [31mFAILURE[0m
[robot_decision-1] [1746689049.059]: CheckIfunHealth           [31mFAILURE[0m -> [36mIDLE[0m
[robot_decision-1] [1746689049.059]: CheckIfunHealth           [36mIDLE[0m -> [31mFAILURE[0m
[robot_decision-1] [1746689049.059]: CheckIfunHealth           [31mFAILURE[0m -> [36mIDLE[0m
[robot_decision-1] [ERROR] [1746689049.058847950] [robot_decision]: [CheckIfunHealth] invalid message
[robot_decision-1] [ERROR] [1746689049.058914952] [robot_decision]: [CheckIfunHealth] invalid message
[robot_decision-1] [ERROR] [1746689049.058983026] [robot_decision]: [CheckIfunHealth] invalid message
[robot_decision-1] [1746689049.059]: CheckIfunHealth           [36mIDLE[0m -> [31mFAILURE[0m
[robot_decision-1] [1746689049.059]: CheckIfunHealth           [31mFAILURE[0m -> [36mIDLE[0m
[robot_decision-1] [ERROR] [1746689049.059059405] [robot_decision]: [CheckIfunHealth] invalid message
[robot_decision-1] [ERROR] [1746689049.059195343] [robot_decision]: [CheckIfunHealth] invalid message
[robot_decision-1] [ERROR] [1746689049.059319640] [robot_decision]: [CheckIfunHealth] invalid message
[robot_decision-1] [1746689049.059]: CheckIfunHealth           [36mIDLE[0m -> [31mFAILURE[0m
[robot_decision-1] [1746689049.059]: CheckIfunHealth           [31mFAILURE[0m -> [36mIDLE[0m
[robot_decision-1] [1746689049.059]: CheckIfunHealth           [36mIDLE[0m -> [31mFAILURE[0m
[robot_decision-1] [1746689049.059]: CheckIfunHealth           [31mFAILURE[0m -> [36mIDLE[0m
[robot_decision-1] [1746689049.059]: CheckIfunHealth           [36mIDLE[0m -> [31mFAILURE[0m
[robot_decision-1] [1746689049.059]: CheckIfunHealth           [31mFAILURE[0m -> [36mIDLE[0m
[robot_decision-1] [ERROR] [1746689049.059432055] [robot_decision]: [CheckIfunHealth] invalid message
[robot_decision-1] [ERROR] [1746689049.059529753] [robot_decision]: [CheckIfunHealth] invalid message
[robot_decision-1] [ERROR] [1746689049.059609839] [robot_decision]: [CheckIfunHealth] invalid message
[robot_decision-1] [1746689049.059]: CheckIfunHealth           [36mIDLE[0m -> [31mFAILURE[0m
[robot_decision-1] [1746689049.059]: CheckIfunHealth           [31mFAILURE[0m -> [36mIDLE[0m
[robot_decision-1] [1746689049.060]: CheckIfunHealth           [36mIDLE[0m -> [31mFAILURE[0m
[robot_decision-1] [1746689049.060]: CheckIfunHealth           [31mFAILURE[0m -> [36mIDLE[0m
[robot_decision-1] [1746689049.060]: CheckIfunHealth           [36mIDLE[0m -> [31mFAILURE[0m
[robot_decision-1] [1746689049.060]: CheckIfunHealth           [31mFAILURE[0m -> [36mIDLE[0m
[robot_decision-1] [ERROR] [1746689049.059687470] [robot_decision]: [CheckIfunHealth] invalid message
[robot_decision-1] [ERROR] [1746689049.059761475] [robot_decision]: [CheckIfunHealth] invalid message
[robot_decision-1] [ERROR] [1746689049.059832946] [robot_decision]: [CheckIfunHealth] invalid message
[robot_decision-1] [ERROR] [1746689049.059903885] [robot_decision]: [CheckIfunHealth] invalid message
[robot_decision-1] [1746689049.060]: CheckIfunHealth           [36mIDLE[0m -> [31mFAILURE[0m
[robot_decision-1] [1746689049.060]: CheckIfunHealth           [31mFAILURE[0m -> [36mIDLE[0m
[robot_decision-1] [1746689049.060]: CheckIfunHealth           [36mIDLE[0m -> [31mFAILURE[0m
[robot_decision-1] [1746689049.060]: CheckIfunHealth           [31mFAILURE[0m -> [36mIDLE[0m
[robot_decision-1] [1746689049.060]: CheckIfunHealth           [36mIDLE[0m -> [31mFAILURE[0m
[robot_decision-1] [1746689049.060]: CheckIfunHealth           [31mFAILURE[0m -> [36mIDLE[0m
[robot_decision-1] [1746689049.060]: CheckIfunHealth           [36mIDLE[0m -> [31mFAILURE[0m
[robot_decision-1] [1746689049.060]: CheckIfunHealth           [31mFAILURE[0m -> [36mIDLE[0m
[robot_decision-1] [ERROR] [1746689049.059987337] [robot_decision]: [CheckIfunHealth] invalid message
[robot_decision-1] [1746689049.060]: CheckIfunHealth           [36mIDLE[0m -> [31mFAILURE[0m
[robot_decision-1] [1746689049.060]: CheckIfunHealth           [31mFAILURE[0m -> [36mIDLE[0m
[robot_decision-1] [ERROR] [1746689049.060099151] [robot_decision]: [CheckIfunHealth] invalid message
[robot_decision-1] [ERROR] [1746689049.060189886] [robot_decision]: [CheckIfunHealth] invalid message
[robot_decision-1] [ERROR] [1746689049.060277106] [robot_decision]: [CheckIfunHealth] invalid message
[robot_decision-1] [1746689049.060]: CheckIfunHealth           [36mIDLE[0m -> [31mFAILURE[0m
[robot_decision-1] [1746689049.060]: CheckIfunHealth           [31mFAILURE[0m -> [36mIDLE[0m
[robot_decision-1] [1746689049.060]: CheckIfunHealth           [36mIDLE[0m -> [31mFAILURE[0m
[robot_decision-1] [1746689049.060]: CheckIfunHealth           [31mFAILURE[0m -> [36mIDLE[0m
[robot_decision-1] [1746689049.060]: CheckIfunHealth           [36mIDLE[0m -> [31mFAILURE[0m
[robot_decision-1] [1746689049.060]: CheckIfunHealth           [31mFAILURE[0m -> [36mIDLE[0m
[robot_decision-1] [1746689049.060]: CheckIfunHealth           [36mIDLE[0m -> [31mFAILURE[0m
[robot_decision-1] [1746689049.060]: CheckIfunHealth           [31mFAILURE[0m -> [36mIDLE[0m
[robot_decision-1] [ERROR] [1746689049.060364134] [robot_decision]: [CheckIfunHealth] invalid message
[robot_decision-1] [ERROR] [1746689049.060459939] [robot_decision]: [CheckIfunHealth] invalid message
[robot_decision-1] [1746689049.060]: CheckIfunHealth           [36mIDLE[0m -> [31mFAILURE[0m
[robot_decision-1] [1746689049.060]: CheckIfunHealth           [31mFAILURE[0m -> [36mIDLE[0m
[robot_decision-1] [1746689049.061]: CheckIfunHealth           [36mIDLE[0m -> [31mFAILURE[0m
[robot_decision-1] [1746689049.061]: CheckIfunHealth           [31mFAILURE[0m -> [36mIDLE[0m
[robot_decision-1] [1746689049.061]: CheckIfunHealth           [36mIDLE[0m -> [31mFAILURE[0m
[robot_decision-1] [1746689049.061]: CheckIfunHealth           [31mFAILURE[0m -> [36mIDLE[0m
[robot_decision-1] [1746689049.061]: CheckIfunHealth           [36mIDLE[0m -> [31mFAILURE[0m
[robot_decision-1] [1746689049.061]: CheckIfunHealth           [31mFAILURE[0m -> [36mIDLE[0m
[robot_decision-1] [1746689049.061]: CheckIfunHealth           [36mIDLE[0m -> [31mFAILURE[0m
[robot_decision-1] [1746689049.061]: CheckIfunHealth           [31mFAILURE[0m -> [36mIDLE[0m
[robot_decision-1] [1746689049.061]: CheckIfunHealth           [36mIDLE[0m -> [31mFAILURE[0m
[robot_decision-1] [1746689049.061]: CheckIfunHealth           [31mFAILURE[0m -> [36mIDLE[0m
[robot_decision-1] [ERROR] [1746689049.060556555] [robot_decision]: [CheckIfunHealth] invalid message
[robot_decision-1] [ERROR] [1746689049.060648182] [robot_decision]: [CheckIfunHealth] invalid message
[robot_decision-1] [ERROR] [1746689049.060778450] [robot_decision]: [CheckIfunHealth] invalid message
[robot_decision-1] [ERROR] [1746689049.060870137] [robot_decision]: [CheckIfunHealth] invalid message
[robot_decision-1] [ERROR] [1746689049.060987200] [robot_decision]: [CheckIfunHealth] invalid message
[robot_decision-1] [ERROR] [1746689049.061109774] [robot_decision]: [CheckIfunHealth] invalid message
[robot_decision-1] [1746689049.061]: CheckIfunHealth           [36mIDLE[0m -> [31mFAILURE[0m
[robot_decision-1] [1746689049.061]: CheckIfunHealth           [31mFAILURE[0m -> [36mIDLE[0m
[robot_decision-1] [1746689049.061]: CheckIfunHealth           [36mIDLE[0m -> [31mFAILURE[0m
[robot_decision-1] [1746689049.061]: CheckIfunHealth           [31mFAILURE[0m -> [36mIDLE[0m
[robot_decision-1] [1746689049.061]: RetryUntilSuccessful      [33mRUNNING[0m -> [31mFAILURE[0m
[robot_decision-1] [1746689049.061]: RetryUntilSuccessful      [31mFAILURE[0m -> [36mIDLE[0m
[robot_decision-1] [1746689049.061]: Sequence                  [33mRUNNING[0m -> [31mFAILURE[0m
[robot_decision-1] [1746689049.061]: Sequence                  [31mFAILURE[0m -> [36mIDLE[0m
[robot_decision-1] [1746689049.061]: Sequence                  [31mFAILURE[0m -> [36mIDLE[0m
[robot_decision-1] [1746689049.061]: Fallback                  [33mRUNNING[0m -> [31mFAILURE[0m
[robot_decision-1] [1746689049.061]: Fallback                  [31mFAILURE[0m -> [36mIDLE[0m
[robot_decision-1] [ERROR] [1746689049.061303768] [robot_decision]: [CheckIfunHealth] invalid message
[robot_decision-1] [1746689049.261]: Fallback                  [36mIDLE[0m -> [33mRUNNING[0m
[robot_decision-1] [1746689049.262]: Sequence                  [36mIDLE[0m -> [33mRUNNING[0m
[robot_decision-1] [1746689049.262]: RetryUntilSuccessful      [36mIDLE[0m -> [33mRUNNING[0m
[robot_decision-1] [ERROR] [1746689049.261706035] [robot_decision]: [CheckIfHealth] invalid message
[robot_decision-1] [1746689049.262]: CheckIfHealth             [36mIDLE[0m -> [31mFAILURE[0m
[robot_decision-1] [1746689049.262]: CheckIfHealth             [31mFAILURE[0m -> [36mIDLE[0m
[robot_decision-1] [1746689049.262]: CheckIfHealth             [36mIDLE[0m -> [31mFAILURE[0m
[robot_decision-1] [1746689049.262]: CheckIfHealth             [31mFAILURE[0m -> [36mIDLE[0m
[robot_decision-1] [1746689049.262]: CheckIfHealth             [36mIDLE[0m -> [31mFAILURE[0m
[robot_decision-1] [1746689049.262]: CheckIfHealth             [31mFAILURE[0m -> [36mIDLE[0m
[robot_decision-1] [1746689049.262]: CheckIfHealth             [36mIDLE[0m -> [31mFAILURE[0m
[robot_decision-1] [1746689049.262]: CheckIfHealth             [31mFAILURE[0m -> [36mIDLE[0m
[robot_decision-1] [1746689049.262]: CheckIfHealth             [36mIDLE[0m -> [31mFAILURE[0m
[robot_decision-1] [1746689049.262]: CheckIfHealth             [31mFAILURE[0m -> [36mIDLE[0m
[robot_decision-1] [1746689049.262]: CheckIfHealth             [36mIDLE[0m -> [31mFAILURE[0m
[robot_decision-1] [1746689049.262]: CheckIfHealth             [31mFAILURE[0m -> [36mIDLE[0m
[robot_decision-1] [ERROR] [1746689049.261887055] [robot_decision]: [CheckIfHealth] invalid message
[robot_decision-1] [ERROR] [1746689049.261979944] [robot_decision]: [CheckIfHealth] invalid message
[robot_decision-1] [ERROR] [1746689049.262049491] [robot_decision]: [CheckIfHealth] invalid message
[robot_decision-1] [ERROR] [1746689049.262084165] [robot_decision]: [CheckIfHealth] invalid message
[robot_decision-1] [ERROR] [1746689049.262157608] [robot_decision]: [CheckIfHealth] invalid message
[robot_decision-1] [ERROR] [1746689049.262250748] [robot_decision]: [CheckIfHealth] invalid message
[robot_decision-1] [ERROR] [1746689049.262322158] [robot_decision]: [CheckIfHealth] invalid message
[robot_decision-1] [ERROR] [1746689049.262396274] [robot_decision]: [CheckIfHealth] invalid message
[robot_decision-1] [1746689049.262]: CheckIfHealth             [36mIDLE[0m -> [31mFAILURE[0m
[robot_decision-1] [1746689049.262]: CheckIfHealth             [31mFAILURE[0m -> [36mIDLE[0m
[robot_decision-1] [1746689049.262]: CheckIfHealth             [36mIDLE[0m -> [31mFAILURE[0m
[robot_decision-1] [1746689049.262]: CheckIfHealth             [31mFAILURE[0m -> [36mIDLE[0m
[robot_decision-1] [1746689049.262]: CheckIfHealth             [36mIDLE[0m -> [31mFAILURE[0m
[robot_decision-1] [1746689049.262]: CheckIfHealth             [31mFAILURE[0m -> [36mIDLE[0m
[robot_decision-1] [ERROR] [1746689049.262479886] [robot_decision]: [CheckIfHealth] invalid message
[robot_decision-1] [ERROR] [1746689049.262573727] [robot_decision]: [CheckIfHealth] invalid message
[robot_decision-1] [ERROR] [1746689049.262693225] [robot_decision]: [CheckIfHealth] invalid message
[robot_decision-1] [1746689049.263]: CheckIfHealth             [36mIDLE[0m -> [31mFAILURE[0m
[robot_decision-1] [1746689049.263]: CheckIfHealth             [31mFAILURE[0m -> [36mIDLE[0m
[robot_decision-1] [1746689049.263]: CheckIfHealth             [36mIDLE[0m -> [31mFAILURE[0m
[robot_decision-1] [1746689049.263]: CheckIfHealth             [31mFAILURE[0m -> [36mIDLE[0m
[robot_decision-1] [1746689049.263]: CheckIfHealth             [36mIDLE[0m -> [31mFAILURE[0m
[robot_decision-1] [1746689049.263]: CheckIfHealth             [31mFAILURE[0m -> [36mIDLE[0m
[robot_decision-1] [ERROR] [1746689049.263291065] [robot_decision]: [CheckIfHealth] invalid message
[robot_decision-1] [ERROR] [1746689049.263518289] [robot_decision]: [CheckIfHealth] invalid message
[robot_decision-1] [ERROR] [1746689049.263618903] [robot_decision]: [CheckIfHealth] invalid message
[robot_decision-1] [ERROR] [1746689049.263741306] [robot_decision]: [CheckIfHealth] invalid message
[robot_decision-1] [1746689049.263]: CheckIfHealth             [36mIDLE[0m -> [31mFAILURE[0m
[robot_decision-1] [1746689049.263]: CheckIfHealth             [31mFAILURE[0m -> [36mIDLE[0m
[robot_decision-1] [1746689049.264]: CheckIfHealth             [36mIDLE[0m -> [31mFAILURE[0m
[robot_decision-1] [1746689049.264]: CheckIfHealth             [31mFAILURE[0m -> [36mIDLE[0m
[robot_decision-1] [1746689049.264]: CheckIfHealth             [36mIDLE[0m -> [31mFAILURE[0m
[robot_decision-1] [1746689049.264]: CheckIfHealth             [31mFAILURE[0m -> [36mIDLE[0m
[robot_decision-1] [1746689049.264]: CheckIfHealth             [36mIDLE[0m -> [31mFAILURE[0m
[robot_decision-1] [1746689049.264]: CheckIfHealth             [31mFAILURE[0m -> [36mIDLE[0m
[robot_decision-1] [ERROR] [1746689049.263834205] [robot_decision]: [CheckIfHealth] invalid message
[robot_decision-1] [ERROR] [1746689049.263925301] [robot_decision]: [CheckIfHealth] invalid message
[robot_decision-1] [ERROR] [1746689049.264000579] [robot_decision]: [CheckIfHealth] invalid message
[robot_decision-1] [ERROR] [1746689049.264074664] [robot_decision]: [CheckIfHealth] invalid message
[robot_decision-1] [1746689049.264]: CheckIfHealth             [36mIDLE[0m -> [31mFAILURE[0m
[robot_decision-1] [1746689049.264]: CheckIfHealth             [31mFAILURE[0m -> [36mIDLE[0m
[robot_decision-1] [1746689049.264]: CheckIfHealth             [36mIDLE[0m -> [31mFAILURE[0m
[robot_decision-1] [1746689049.264]: CheckIfHealth             [31mFAILURE[0m -> [36mIDLE[0m
[robot_decision-1] [1746689049.264]: CheckIfHealth             [36mIDLE[0m -> [31mFAILURE[0m
[robot_decision-1] [1746689049.264]: CheckIfHealth             [31mFAILURE[0m -> [36mIDLE[0m
[robot_decision-1] [1746689049.264]: CheckIfHealth             [36mIDLE[0m -> [31mFAILURE[0m
[robot_decision-1] [1746689049.264]: CheckIfHealth             [31mFAILURE[0m -> [36mIDLE[0m
[robot_decision-1] [ERROR] [1746689049.264187209] [robot_decision]: [CheckIfHealth] invalid message
[robot_decision-1] [ERROR] [1746689049.264272344] [robot_decision]: [CheckIfHealth] invalid message
[robot_decision-1] [1746689049.264]: CheckIfHealth             [36mIDLE[0m -> [31mFAILURE[0m
[robot_decision-1] [1746689049.264]: CheckIfHealth             [31mFAILURE[0m -> [36mIDLE[0m
[robot_decision-1] [1746689049.264]: CheckIfHealth             [36mIDLE[0m -> [31mFAILURE[0m
[robot_decision-1] [1746689049.264]: CheckIfHealth             [31mFAILURE[0m -> [36mIDLE[0m
[robot_decision-1] [ERROR] [1746689049.264366636] [robot_decision]: [CheckIfHealth] invalid message
[robot_decision-1] [ERROR] [1746689049.264449717] [robot_decision]: [CheckIfHealth] invalid message
[robot_decision-1] [ERROR] [1746689049.264542406] [robot_decision]: [CheckIfHealth] invalid message
[robot_decision-1] [1746689049.264]: CheckIfHealth             [36mIDLE[0m -> [31mFAILURE[0m
[robot_decision-1] [1746689049.264]: CheckIfHealth             [31mFAILURE[0m -> [36mIDLE[0m
[robot_decision-1] [1746689049.264]: CheckIfHealth             [36mIDLE[0m -> [31mFAILURE[0m
[robot_decision-1] [1746689049.264]: CheckIfHealth             [31mFAILURE[0m -> [36mIDLE[0m
[robot_decision-1] [1746689049.265]: CheckIfHealth             [36mIDLE[0m -> [31mFAILURE[0m
[robot_decision-1] [1746689049.265]: CheckIfHealth             [31mFAILURE[0m -> [36mIDLE[0m
[robot_decision-1] [ERROR] [1746689049.264618245] [robot_decision]: [CheckIfHealth] invalid message
[robot_decision-1] [ERROR] [1746689049.264717466] [robot_decision]: [CheckIfunHealth] invalid message
[robot_decision-1] [1746689049.265]: CheckIfHealth             [36mIDLE[0m -> [31mFAILURE[0m
[robot_decision-1] [1746689049.265]: CheckIfHealth             [31mFAILURE[0m -> [36mIDLE[0m
[robot_decision-1] [1746689049.265]: RetryUntilSuccessful      [33mRUNNING[0m -> [31mFAILURE[0m
[robot_decision-1] [1746689049.265]: RetryUntilSuccessful      [31mFAILURE[0m -> [36mIDLE[0m
[robot_decision-1] [1746689049.265]: Sequence                  [33mRUNNING[0m -> [31mFAILURE[0m
[robot_decision-1] [1746689049.265]: Sequence                  [36mIDLE[0m -> [33mRUNNING[0m
[robot_decision-1] [1746689049.265]: RetryUntilSuccessful      [36mIDLE[0m -> [33mRUNNING[0m
[robot_decision-1] [1746689049.265]: CheckIfunHealth           [36mIDLE[0m -> [31mFAILURE[0m
[robot_decision-1] [1746689049.265]: CheckIfunHealth           [31mFAILURE[0m -> [36mIDLE[0m
[robot_decision-1] [ERROR] [1746689049.264792352] [robot_decision]: [CheckIfunHealth] invalid message
[robot_decision-1] [1746689049.265]: CheckIfunHealth           [36mIDLE[0m -> [31mFAILURE[0m
[robot_decision-1] [1746689049.265]: CheckIfunHealth           [31mFAILURE[0m -> [36mIDLE[0m
[robot_decision-1] [ERROR] [1746689049.264865245] [robot_decision]: [CheckIfunHealth] invalid message
[robot_decision-1] [ERROR] [1746689049.264960449] [robot_decision]: [CheckIfunHealth] invalid message
[robot_decision-1] [ERROR] [1746689049.265035746] [robot_decision]: [CheckIfunHealth] invalid message
[robot_decision-1] [ERROR] [1746689049.265143422] [robot_decision]: [CheckIfunHealth] invalid message
[robot_decision-1] [1746689049.265]: CheckIfunHealth           [36mIDLE[0m -> [31mFAILURE[0m
[robot_decision-1] [1746689049.265]: CheckIfunHealth           [31mFAILURE[0m -> [36mIDLE[0m
[robot_decision-1] [1746689049.265]: CheckIfunHealth           [36mIDLE[0m -> [31mFAILURE[0m
[robot_decision-1] [1746689049.265]: CheckIfunHealth           [31mFAILURE[0m -> [36mIDLE[0m
[robot_decision-1] [1746689049.265]: CheckIfunHealth           [36mIDLE[0m -> [31mFAILURE[0m
[robot_decision-1] [1746689049.265]: CheckIfunHealth           [31mFAILURE[0m -> [36mIDLE[0m
[robot_decision-1] [1746689049.265]: CheckIfunHealth           [36mIDLE[0m -> [31mFAILURE[0m
[robot_decision-1] [1746689049.265]: CheckIfunHealth           [31mFAILURE[0m -> [36mIDLE[0m
[robot_decision-1] [ERROR] [1746689049.265253162] [robot_decision]: [CheckIfunHealth] invalid message
[robot_decision-1] [ERROR] [1746689049.265341023] [robot_decision]: [CheckIfunHealth] invalid message
[robot_decision-1] [ERROR] [1746689049.265416270] [robot_decision]: [CheckIfunHealth] invalid message
[robot_decision-1] [1746689049.265]: CheckIfunHealth           [36mIDLE[0m -> [31mFAILURE[0m
[robot_decision-1] [1746689049.265]: CheckIfunHealth           [31mFAILURE[0m -> [36mIDLE[0m
[robot_decision-1] [1746689049.265]: CheckIfunHealth           [36mIDLE[0m -> [31mFAILURE[0m
[robot_decision-1] [1746689049.265]: CheckIfunHealth           [31mFAILURE[0m -> [36mIDLE[0m
[robot_decision-1] [1746689049.265]: CheckIfunHealth           [36mIDLE[0m -> [31mFAILURE[0m
[robot_decision-1] [1746689049.265]: CheckIfunHealth           [31mFAILURE[0m -> [36mIDLE[0m
[robot_decision-1] [ERROR] [1746689049.265482220] [robot_decision]: [CheckIfunHealth] invalid message
[robot_decision-1] [ERROR] [1746689049.265549813] [robot_decision]: [CheckIfunHealth] invalid message
[robot_decision-1] [ERROR] [1746689049.265617186] [robot_decision]: [CheckIfunHealth] invalid message
[robot_decision-1] [1746689049.265]: CheckIfunHealth           [36mIDLE[0m -> [31mFAILURE[0m
[robot_decision-1] [1746689049.265]: CheckIfunHealth           [31mFAILURE[0m -> [36mIDLE[0m
[robot_decision-1] [1746689049.266]: CheckIfunHealth           [36mIDLE[0m -> [31mFAILURE[0m
[robot_decision-1] [1746689049.266]: CheckIfunHealth           [31mFAILURE[0m -> [36mIDLE[0m
[robot_decision-1] [1746689049.266]: CheckIfunHealth           [36mIDLE[0m -> [31mFAILURE[0m
[robot_decision-1] [1746689049.266]: CheckIfunHealth           [31mFAILURE[0m -> [36mIDLE[0m
[robot_decision-1] [ERROR] [1746689049.265685010] [robot_decision]: [CheckIfunHealth] invalid message
[robot_decision-1] [1746689049.266]: CheckIfunHealth           [36mIDLE[0m -> [31mFAILURE[0m
[robot_decision-1] [1746689049.266]: CheckIfunHealth           [31mFAILURE[0m -> [36mIDLE[0m
[robot_decision-1] [1746689049.266]: CheckIfunHealth           [36mIDLE[0m -> [31mFAILURE[0m
[robot_decision-1] [1746689049.266]: CheckIfunHealth           [31mFAILURE[0m -> [36mIDLE[0m
[robot_decision-1] [1746689049.266]: CheckIfunHealth           [36mIDLE[0m -> [31mFAILURE[0m
[robot_decision-1] [1746689049.266]: CheckIfunHealth           [31mFAILURE[0m -> [36mIDLE[0m
[robot_decision-1] [ERROR] [1746689049.265752804] [robot_decision]: [CheckIfunHealth] invalid message
[robot_decision-1] [ERROR] [1746689049.265819996] [robot_decision]: [CheckIfunHealth] invalid message
[robot_decision-1] [ERROR] [1746689049.265886607] [robot_decision]: [CheckIfunHealth] invalid message
[robot_decision-1] [1746689049.266]: CheckIfunHealth           [36mIDLE[0m -> [31mFAILURE[0m
[robot_decision-1] [1746689049.266]: CheckIfunHealth           [31mFAILURE[0m -> [36mIDLE[0m
[robot_decision-1] [1746689049.266]: CheckIfunHealth           [36mIDLE[0m -> [31mFAILURE[0m
[robot_decision-1] [1746689049.266]: CheckIfunHealth           [31mFAILURE[0m -> [36mIDLE[0m
[robot_decision-1] [1746689049.266]: CheckIfunHealth           [36mIDLE[0m -> [31mFAILURE[0m
[robot_decision-1] [1746689049.266]: CheckIfunHealth           [31mFAILURE[0m -> [36mIDLE[0m
[robot_decision-1] [1746689049.266]: CheckIfunHealth           [36mIDLE[0m -> [31mFAILURE[0m
[robot_decision-1] [1746689049.266]: CheckIfunHealth           [31mFAILURE[0m -> [36mIDLE[0m
[robot_decision-1] [ERROR] [1746689049.265952538] [robot_decision]: [CheckIfunHealth] invalid message
[robot_decision-1] [ERROR] [1746689049.266018738] [robot_decision]: [CheckIfunHealth] invalid message
[robot_decision-1] [ERROR] [1746689049.266086913] [robot_decision]: [CheckIfunHealth] invalid message
[robot_decision-1] [ERROR] [1746689049.266153975] [robot_decision]: [CheckIfunHealth] invalid message
[robot_decision-1] [1746689049.266]: CheckIfunHealth           [36mIDLE[0m -> [31mFAILURE[0m
[robot_decision-1] [1746689049.266]: CheckIfunHealth           [31mFAILURE[0m -> [36mIDLE[0m
[robot_decision-1] [ERROR] [1746689049.266220937] [robot_decision]: [CheckIfunHealth] invalid message
[robot_decision-1] [ERROR] [1746689049.266293550] [robot_decision]: [CheckIfunHealth] invalid message
[robot_decision-1] [1746689049.266]: CheckIfunHealth           [36mIDLE[0m -> [31mFAILURE[0m
[robot_decision-1] [1746689049.266]: CheckIfunHealth           [31mFAILURE[0m -> [36mIDLE[0m
[robot_decision-1] [1746689049.266]: CheckIfunHealth           [36mIDLE[0m -> [31mFAILURE[0m
[robot_decision-1] [1746689049.266]: CheckIfunHealth           [31mFAILURE[0m -> [36mIDLE[0m
[robot_decision-1] [ERROR] [1746689049.266359750] [robot_decision]: [CheckIfunHealth] invalid message
[robot_decision-1] [ERROR] [1746689049.266443573] [robot_decision]: [CheckIfunHealth] invalid message
[robot_decision-1] [ERROR] [1746689049.266514122] [robot_decision]: [CheckIfunHealth] invalid message
[robot_decision-1] [1746689049.266]: CheckIfunHealth           [36mIDLE[0m -> [31mFAILURE[0m
[robot_decision-1] [1746689049.266]: CheckIfunHealth           [31mFAILURE[0m -> [36mIDLE[0m
[robot_decision-1] [1746689049.266]: CheckIfunHealth           [36mIDLE[0m -> [31mFAILURE[0m
[robot_decision-1] [1746689049.266]: CheckIfunHealth           [31mFAILURE[0m -> [36mIDLE[0m
[robot_decision-1] [1746689049.267]: CheckIfunHealth           [36mIDLE[0m -> [31mFAILURE[0m
[robot_decision-1] [1746689049.267]: CheckIfunHealth           [31mFAILURE[0m -> [36mIDLE[0m
[robot_decision-1] [ERROR] [1746689049.266584440] [robot_decision]: [CheckIfunHealth] invalid message
[robot_decision-1] [1746689049.267]: CheckIfunHealth           [36mIDLE[0m -> [31mFAILURE[0m
[robot_decision-1] [1746689049.267]: CheckIfunHealth           [31mFAILURE[0m -> [36mIDLE[0m
[robot_decision-1] [1746689049.267]: RetryUntilSuccessful      [33mRUNNING[0m -> [31mFAILURE[0m
[robot_decision-1] [1746689049.267]: RetryUntilSuccessful      [31mFAILURE[0m -> [36mIDLE[0m
[robot_decision-1] [1746689049.267]: Sequence                  [33mRUNNING[0m -> [31mFAILURE[0m
[robot_decision-1] [1746689049.267]: Sequence                  [31mFAILURE[0m -> [36mIDLE[0m
[robot_decision-1] [1746689049.267]: Sequence                  [31mFAILURE[0m -> [36mIDLE[0m
[robot_decision-1] [1746689049.267]: Fallback                  [33mRUNNING[0m -> [31mFAILURE[0m
[robot_decision-1] [1746689049.267]: Fallback                  [31mFAILURE[0m -> [36mIDLE[0m
[robot_decision-1] [1746689049.467]: Fallback                  [36mIDLE[0m -> [33mRUNNING[0m
[robot_decision-1] [1746689049.467]: Sequence                  [36mIDLE[0m -> [33mRUNNING[0m
[robot_decision-1] [1746689049.467]: RetryUntilSuccessful      [36mIDLE[0m -> [33mRUNNING[0m
[robot_decision-1] [ERROR] [1746689049.466929734] [robot_decision]: [CheckIfHealth] invalid message
[robot_decision-1] [ERROR] [1746689049.467089815] [robot_decision]: [CheckIfHealth] invalid message
[robot_decision-1] [1746689049.467]: CheckIfHealth             [36mIDLE[0m -> [31mFAILURE[0m
[robot_decision-1] [1746689049.467]: CheckIfHealth             [31mFAILURE[0m -> [36mIDLE[0m
[robot_decision-1] [1746689049.467]: CheckIfHealth             [36mIDLE[0m -> [31mFAILURE[0m
[robot_decision-1] [1746689049.467]: CheckIfHealth             [31mFAILURE[0m -> [36mIDLE[0m
[robot_decision-1] [1746689049.467]: CheckIfHealth             [36mIDLE[0m -> [31mFAILURE[0m
[robot_decision-1] [1746689049.467]: CheckIfHealth             [31mFAILURE[0m -> [36mIDLE[0m
[robot_decision-1] [1746689049.467]: CheckIfHealth             [36mIDLE[0m -> [31mFAILURE[0m
[robot_decision-1] [1746689049.467]: CheckIfHealth             [31mFAILURE[0m -> [36mIDLE[0m
[robot_decision-1] [1746689049.467]: CheckIfHealth             [36mIDLE[0m -> [31mFAILURE[0m
[robot_decision-1] [1746689049.467]: CheckIfHealth             [31mFAILURE[0m -> [36mIDLE[0m
[robot_decision-1] [1746689049.467]: CheckIfHealth             [36mIDLE[0m -> [31mFAILURE[0m
[robot_decision-1] [1746689049.467]: CheckIfHealth             [31mFAILURE[0m -> [36mIDLE[0m
[robot_decision-1] [1746689049.468]: CheckIfHealth             [36mIDLE[0m -> [31mFAILURE[0m
[robot_decision-1] [1746689049.468]: CheckIfHealth             [31mFAILURE[0m -> [36mIDLE[0m
[robot_decision-1] [1746689049.468]: CheckIfHealth             [36mIDLE[0m -> [31mFAILURE[0m
[robot_decision-1] [1746689049.468]: CheckIfHealth             [31mFAILURE[0m -> [36mIDLE[0m
[robot_decision-1] [1746689049.468]: CheckIfHealth             [36mIDLE[0m -> [31mFAILURE[0m
[robot_decision-1] [1746689049.468]: CheckIfHealth             [31mFAILURE[0m -> [36mIDLE[0m
[robot_decision-1] [ERROR] [1746689049.467171464] [robot_decision]: [CheckIfHealth] invalid message
[robot_decision-1] [ERROR] [1746689049.467249206] [robot_decision]: [CheckIfHealth] invalid message
[robot_decision-1] [ERROR] [1746689049.467334542] [robot_decision]: [CheckIfHealth] invalid message
[robot_decision-1] [ERROR] [1746689049.467430637] [robot_decision]: [CheckIfHealth] invalid message
[robot_decision-1] [ERROR] [1746689049.467517676] [robot_decision]: [CheckIfHealth] invalid message
[robot_decision-1] [ERROR] [1746689049.467712451] [robot_decision]: [CheckIfHealth] invalid message
[robot_decision-1] [ERROR] [1746689049.467791305] [robot_decision]: [CheckIfHealth] invalid message
[robot_decision-1] [ERROR] [1746689049.467896426] [robot_decision]: [CheckIfHealth] invalid message
[robot_decision-1] [ERROR] [1746689049.468004944] [robot_decision]: [CheckIfHealth] invalid message
[robot_decision-1] [ERROR] [1746689049.468090039] [robot_decision]: [CheckIfHealth] invalid message
[robot_decision-1] [ERROR] [1746689049.468173952] [robot_decision]: [CheckIfHealth] invalid message
[robot_decision-1] [1746689049.468]: CheckIfHealth             [36mIDLE[0m -> [31mFAILURE[0m
[robot_decision-1] [1746689049.468]: CheckIfHealth             [31mFAILURE[0m -> [36mIDLE[0m
[robot_decision-1] [1746689049.468]: CheckIfHealth             [36mIDLE[0m -> [31mFAILURE[0m
[robot_decision-1] [1746689049.468]: CheckIfHealth             [31mFAILURE[0m -> [36mIDLE[0m
[robot_decision-1] [1746689049.468]: CheckIfHealth             [36mIDLE[0m -> [31mFAILURE[0m
[robot_decision-1] [1746689049.468]: CheckIfHealth             [31mFAILURE[0m -> [36mIDLE[0m
[robot_decision-1] [1746689049.468]: CheckIfHealth             [36mIDLE[0m -> [31mFAILURE[0m
[robot_decision-1] [1746689049.468]: CheckIfHealth             [31mFAILURE[0m -> [36mIDLE[0m
[robot_decision-1] [ERROR] [1746689049.468265179] [robot_decision]: [CheckIfHealth] invalid message
[robot_decision-1] [ERROR] [1746689049.468363758] [robot_decision]: [CheckIfHealth] invalid message
[robot_decision-1] [ERROR] [1746689049.468440067] [robot_decision]: [CheckIfHealth] invalid message
[robot_decision-1] [ERROR] [1746689049.468508763] [robot_decision]: [CheckIfHealth] invalid message
[robot_decision-1] [1746689049.468]: CheckIfHealth             [36mIDLE[0m -> [31mFAILURE[0m
[robot_decision-1] [1746689049.468]: CheckIfHealth             [31mFAILURE[0m -> [36mIDLE[0m
[robot_decision-1] [1746689049.468]: CheckIfHealth             [36mIDLE[0m -> [31mFAILURE[0m
[robot_decision-1] [1746689049.468]: CheckIfHealth             [31mFAILURE[0m -> [36mIDLE[0m
[robot_decision-1] [1746689049.468]: CheckIfHealth             [36mIDLE[0m -> [31mFAILURE[0m
[robot_decision-1] [1746689049.468]: CheckIfHealth             [31mFAILURE[0m -> [36mIDLE[0m
[robot_decision-1] [1746689049.469]: CheckIfHealth             [36mIDLE[0m -> [31mFAILURE[0m
[robot_decision-1] [1746689049.469]: CheckIfHealth             [31mFAILURE[0m -> [36mIDLE[0m
[robot_decision-1] [ERROR] [1746689049.468582848] [robot_decision]: [CheckIfHealth] invalid message
[robot_decision-1] [ERROR] [1746689049.468650832] [robot_decision]: [CheckIfHealth] invalid message
[robot_decision-1] [1746689049.469]: CheckIfHealth             [36mIDLE[0m -> [31mFAILURE[0m
[robot_decision-1] [1746689049.469]: CheckIfHealth             [31mFAILURE[0m -> [36mIDLE[0m
[robot_decision-1] [1746689049.469]: CheckIfHealth             [36mIDLE[0m -> [31mFAILURE[0m
[robot_decision-1] [1746689049.469]: CheckIfHealth             [31mFAILURE[0m -> [36mIDLE[0m
[robot_decision-1] [ERROR] [1746689049.468716812] [robot_decision]: [CheckIfHealth] invalid message
[robot_decision-1] [ERROR] [1746689049.468785317] [robot_decision]: [CheckIfHealth] invalid message
[robot_decision-1] [1746689049.469]: CheckIfHealth             [36mIDLE[0m -> [31mFAILURE[0m
[robot_decision-1] [1746689049.469]: CheckIfHealth             [31mFAILURE[0m -> [36mIDLE[0m
[robot_decision-1] [1746689049.469]: CheckIfHealth             [36mIDLE[0m -> [31mFAILURE[0m
[robot_decision-1] [1746689049.469]: CheckIfHealth             [31mFAILURE[0m -> [36mIDLE[0m
[robot_decision-1] [ERROR] [1746689049.468851177] [robot_decision]: [CheckIfHealth] invalid message
[robot_decision-1] [1746689049.469]: CheckIfHealth             [36mIDLE[0m -> [31mFAILURE[0m
[robot_decision-1] [1746689049.469]: CheckIfHealth             [31mFAILURE[0m -> [36mIDLE[0m
[robot_decision-1] [1746689049.469]: CheckIfHealth             [36mIDLE[0m -> [31mFAILURE[0m
[robot_decision-1] [1746689049.469]: CheckIfHealth             [31mFAILURE[0m -> [36mIDLE[0m
[robot_decision-1] [ERROR] [1746689049.468924701] [robot_decision]: [CheckIfHealth] invalid message
[robot_decision-1] [ERROR] [1746689049.468989890] [robot_decision]: [CheckIfHealth] invalid message
[robot_decision-1] [1746689049.469]: CheckIfHealth             [36mIDLE[0m -> [31mFAILURE[0m
[robot_decision-1] [1746689049.469]: CheckIfHealth             [31mFAILURE[0m -> [36mIDLE[0m
[robot_decision-1] [ERROR] [1746689049.469061170] [robot_decision]: [CheckIfHealth] invalid message
[robot_decision-1] [ERROR] [1746689049.469136668] [robot_decision]: [CheckIfHealth] invalid message
[robot_decision-1] [1746689049.469]: CheckIfHealth             [36mIDLE[0m -> [31mFAILURE[0m
[robot_decision-1] [1746689049.469]: CheckIfHealth             [31mFAILURE[0m -> [36mIDLE[0m
[robot_decision-1] [1746689049.469]: CheckIfHealth             [36mIDLE[0m -> [31mFAILURE[0m
[robot_decision-1] [1746689049.469]: CheckIfHealth             [31mFAILURE[0m -> [36mIDLE[0m
[robot_decision-1] [1746689049.469]: RetryUntilSuccessful      [33mRUNNING[0m -> [31mFAILURE[0m
[robot_decision-1] [1746689049.469]: RetryUntilSuccessful      [31mFAILURE[0m -> [36mIDLE[0m
[robot_decision-1] [1746689049.469]: Sequence                  [33mRUNNING[0m -> [31mFAILURE[0m
[robot_decision-1] [1746689049.469]: Sequence                  [36mIDLE[0m -> [33mRUNNING[0m
[robot_decision-1] [1746689049.469]: RetryUntilSuccessful      [36mIDLE[0m -> [33mRUNNING[0m
[robot_decision-1] [ERROR] [1746689049.469242601] [robot_decision]: [CheckIfunHealth] invalid message
[robot_decision-1] [1746689049.469]: CheckIfunHealth           [36mIDLE[0m -> [31mFAILURE[0m
[robot_decision-1] [1746689049.469]: CheckIfunHealth           [31mFAILURE[0m -> [36mIDLE[0m
[robot_decision-1] [ERROR] [1746689049.469345508] [robot_decision]: [CheckIfunHealth] invalid message
[robot_decision-1] [ERROR] [1746689049.469425564] [robot_decision]: [CheckIfunHealth] invalid message
[robot_decision-1] [1746689049.469]: CheckIfunHealth           [36mIDLE[0m -> [31mFAILURE[0m
[robot_decision-1] [1746689049.469]: CheckIfunHealth           [31mFAILURE[0m -> [36mIDLE[0m
[robot_decision-1] [1746689049.469]: CheckIfunHealth           [36mIDLE[0m -> [31mFAILURE[0m
[robot_decision-1] [1746689049.469]: CheckIfunHealth           [31mFAILURE[0m -> [36mIDLE[0m
[robot_decision-1] [ERROR] [1746689049.469498287] [robot_decision]: [CheckIfunHealth] invalid message
[robot_decision-1] [1746689049.470]: CheckIfunHealth           [36mIDLE[0m -> [31mFAILURE[0m
[robot_decision-1] [1746689049.470]: CheckIfunHealth           [31mFAILURE[0m -> [36mIDLE[0m
[robot_decision-1] [1746689049.470]: CheckIfunHealth           [36mIDLE[0m -> [31mFAILURE[0m
[robot_decision-1] [1746689049.470]: CheckIfunHealth           [31mFAILURE[0m -> [36mIDLE[0m
[robot_decision-1] [ERROR] [1746689049.469572392] [robot_decision]: [CheckIfunHealth] invalid message
[robot_decision-1] [ERROR] [1746689049.469643892] [robot_decision]: [CheckIfunHealth] invalid message
[robot_decision-1] [1746689049.470]: CheckIfunHealth           [36mIDLE[0m -> [31mFAILURE[0m
[robot_decision-1] [1746689049.470]: CheckIfunHealth           [31mFAILURE[0m -> [36mIDLE[0m
[robot_decision-1] [ERROR] [1746689049.469721674] [robot_decision]: [CheckIfunHealth] invalid message
[robot_decision-1] [1746689049.470]: CheckIfunHealth           [36mIDLE[0m -> [31mFAILURE[0m
[robot_decision-1] [1746689049.470]: CheckIfunHealth           [31mFAILURE[0m -> [36mIDLE[0m
[robot_decision-1] [ERROR] [1746689049.469825914] [robot_decision]: [CheckIfunHealth] invalid message
[robot_decision-1] [ERROR] [1746689049.469895661] [robot_decision]: [CheckIfunHealth] invalid message
[robot_decision-1] [1746689049.470]: CheckIfunHealth           [36mIDLE[0m -> [31mFAILURE[0m
[robot_decision-1] [1746689049.470]: CheckIfunHealth           [31mFAILURE[0m -> [36mIDLE[0m
[robot_decision-1] [1746689049.470]: CheckIfunHealth           [36mIDLE[0m -> [31mFAILURE[0m
[robot_decision-1] [1746689049.470]: CheckIfunHealth           [31mFAILURE[0m -> [36mIDLE[0m
[robot_decision-1] [ERROR] [1746689049.469960269] [robot_decision]: [CheckIfunHealth] invalid message
[robot_decision-1] [1746689049.470]: CheckIfunHealth           [36mIDLE[0m -> [31mFAILURE[0m
[robot_decision-1] [1746689049.470]: CheckIfunHealth           [31mFAILURE[0m -> [36mIDLE[0m
[robot_decision-1] [ERROR] [1746689049.470026009] [robot_decision]: [CheckIfunHealth] invalid message
[robot_decision-1] [ERROR] [1746689049.470088823] [robot_decision]: [CheckIfunHealth] invalid message
[robot_decision-1] [1746689049.470]: CheckIfunHealth           [36mIDLE[0m -> [31mFAILURE[0m
[robot_decision-1] [1746689049.470]: CheckIfunHealth           [31mFAILURE[0m -> [36mIDLE[0m
[robot_decision-1] [1746689049.470]: CheckIfunHealth           [36mIDLE[0m -> [31mFAILURE[0m
[robot_decision-1] [1746689049.470]: CheckIfunHealth           [31mFAILURE[0m -> [36mIDLE[0m
[robot_decision-1] [ERROR] [1746689049.470168799] [robot_decision]: [CheckIfunHealth] invalid message
[robot_decision-1] [ERROR] [1746689049.470246731] [robot_decision]: [CheckIfunHealth] invalid message
[robot_decision-1] [1746689049.470]: CheckIfunHealth           [36mIDLE[0m -> [31mFAILURE[0m
[robot_decision-1] [1746689049.470]: CheckIfunHealth           [31mFAILURE[0m -> [36mIDLE[0m
[robot_decision-1] [1746689049.470]: CheckIfunHealth           [36mIDLE[0m -> [31mFAILURE[0m
[robot_decision-1] [1746689049.470]: CheckIfunHealth           [31mFAILURE[0m -> [36mIDLE[0m
[robot_decision-1] [ERROR] [1746689049.470397737] [robot_decision]: [CheckIfunHealth] invalid message
[robot_decision-1] [1746689049.470]: CheckIfunHealth           [36mIDLE[0m -> [31mFAILURE[0m
[robot_decision-1] [1746689049.470]: CheckIfunHealth           [31mFAILURE[0m -> [36mIDLE[0m
[robot_decision-1] [ERROR] [1746689049.470472723] [robot_decision]: [CheckIfunHealth] invalid message
[robot_decision-1] [ERROR] [1746689049.470542951] [robot_decision]: [CheckIfunHealth] invalid message
[robot_decision-1] [ERROR] [1746689049.470612057] [robot_decision]: [CheckIfunHealth] invalid message
[robot_decision-1] [1746689049.470]: CheckIfunHealth           [36mIDLE[0m -> [31mFAILURE[0m
[robot_decision-1] [1746689049.470]: CheckIfunHealth           [31mFAILURE[0m -> [36mIDLE[0m
[robot_decision-1] [1746689049.471]: CheckIfunHealth           [36mIDLE[0m -> [31mFAILURE[0m
[robot_decision-1] [1746689049.471]: CheckIfunHealth           [31mFAILURE[0m -> [36mIDLE[0m
[robot_decision-1] [1746689049.471]: CheckIfunHealth           [36mIDLE[0m -> [31mFAILURE[0m
[robot_decision-1] [1746689049.471]: CheckIfunHealth           [31mFAILURE[0m -> [36mIDLE[0m
[robot_decision-1] [ERROR] [1746689049.470681314] [robot_decision]: [CheckIfunHealth] invalid message
[robot_decision-1] [ERROR] [1746689049.470802715] [robot_decision]: [CheckIfunHealth] invalid message
[robot_decision-1] [ERROR] [1746689049.470887850] [robot_decision]: [CheckIfunHealth] invalid message
[robot_decision-1] [ERROR] [1746689049.470988444] [robot_decision]: [CheckIfunHealth] invalid message
[robot_decision-1] [1746689049.471]: CheckIfunHealth           [36mIDLE[0m -> [31mFAILURE[0m
[robot_decision-1] [1746689049.471]: CheckIfunHealth           [31mFAILURE[0m -> [36mIDLE[0m
[robot_decision-1] [1746689049.471]: CheckIfunHealth           [36mIDLE[0m -> [31mFAILURE[0m
[robot_decision-1] [1746689049.471]: CheckIfunHealth           [31mFAILURE[0m -> [36mIDLE[0m
[robot_decision-1] [1746689049.471]: CheckIfunHealth           [36mIDLE[0m -> [31mFAILURE[0m
[robot_decision-1] [1746689049.471]: CheckIfunHealth           [31mFAILURE[0m -> [36mIDLE[0m
[robot_decision-1] [1746689049.471]: CheckIfunHealth           [36mIDLE[0m -> [31mFAILURE[0m
[robot_decision-1] [1746689049.471]: CheckIfunHealth           [31mFAILURE[0m -> [36mIDLE[0m
[robot_decision-1] [1746689049.471]: CheckIfunHealth           [36mIDLE[0m -> [31mFAILURE[0m
[robot_decision-1] [1746689049.471]: CheckIfunHealth           [31mFAILURE[0m -> [36mIDLE[0m
[robot_decision-1] [ERROR] [1746689049.471069662] [robot_decision]: [CheckIfunHealth] invalid message
[robot_decision-1] [ERROR] [1746689049.471165106] [robot_decision]: [CheckIfunHealth] invalid message
[robot_decision-1] [1746689049.471]: CheckIfunHealth           [36mIDLE[0m -> [31mFAILURE[0m
[robot_decision-1] [1746689049.471]: CheckIfunHealth           [31mFAILURE[0m -> [36mIDLE[0m
[robot_decision-1] [1746689049.471]: CheckIfunHealth           [36mIDLE[0m -> [31mFAILURE[0m
[robot_decision-1] [1746689049.471]: CheckIfunHealth           [31mFAILURE[0m -> [36mIDLE[0m
[robot_decision-1] [1746689049.471]: CheckIfunHealth           [36mIDLE[0m -> [31mFAILURE[0m
[robot_decision-1] [1746689049.471]: CheckIfunHealth           [31mFAILURE[0m -> [36mIDLE[0m
[robot_decision-1] [1746689049.471]: RetryUntilSuccessful      [33mRUNNING[0m -> [31mFAILURE[0m
[robot_decision-1] [1746689049.471]: RetryUntilSuccessful      [31mFAILURE[0m -> [36mIDLE[0m
[robot_decision-1] [1746689049.471]: Sequence                  [33mRUNNING[0m -> [31mFAILURE[0m
[robot_decision-1] [1746689049.471]: Sequence                  [31mFAILURE[0m -> [36mIDLE[0m
[robot_decision-1] [1746689049.471]: Sequence                  [31mFAILURE[0m -> [36mIDLE[0m
[robot_decision-1] [1746689049.471]: Fallback                  [33mRUNNING[0m -> [31mFAILURE[0m
[robot_decision-1] [1746689049.471]: Fallback                  [31mFAILURE[0m -> [36mIDLE[0m
[robot_decision-1] [ERROR] [1746689049.471244300] [robot_decision]: [CheckIfunHealth] invalid message
[robot_decision-1] [ERROR] [1746689049.471321972] [robot_decision]: [CheckIfunHealth] invalid message
[robot_decision-1] [1746689049.671]: Fallback                  [36mIDLE[0m -> [33mRUNNING[0m
[robot_decision-1] [1746689049.672]: Sequence                  [36mIDLE[0m -> [33mRUNNING[0m
[robot_decision-1] [1746689049.672]: RetryUntilSuccessful      [36mIDLE[0m -> [33mRUNNING[0m
[robot_decision-1] [INFO] [1746689049.671910760] [robot_decision]: [CheckIfHealth] amount of blood: 600
[robot_decision-1] [1746689049.672]: CheckIfHealth             [36mIDLE[0m -> [32mSUCCESS[0m
[robot_decision-1] [1746689049.672]: CheckIfHealth             [32mSUCCESS[0m -> [36mIDLE[0m
[robot_decision-1] [1746689049.672]: RetryUntilSuccessful      [33mRUNNING[0m -> [32mSUCCESS[0m
[robot_decision-1] [1746689049.672]: RetryUntilSuccessful      [36mIDLE[0m -> [33mRUNNING[0m
[robot_decision-1] [1746689049.672]: NavigateToPose            [36mIDLE[0m -> [33mRUNNING[0m
[robot_decision-1] Point key: 1 x:3 y:0.45
[robot_decision-1] [WARN] [1746689054.681807979] [robot_decision]: NavigateToPose failure: SEND_GOAL_TIMEOUT
[robot_decision-1] [1746689054.682]: NavigateToPose            [33mRUNNING[0m -> [31mFAILURE[0m
[robot_decision-1] [1746689054.682]: NavigateToPose            [31mFAILURE[0m -> [36mIDLE[0m
[robot_decision-1] [1746689054.682]: NavigateToPose            [36mIDLE[0m -> [33mRUNNING[0m
[robot_decision-1] Point key: 1 x:3 y:0.45
[robot_decision-1] onResultReceived: 4
[robot_decision-1] [1746689057.290]: NavigateToPose            [33mRUNNING[0m -> [32mSUCCESS[0m
[robot_decision-1] [1746689057.290]: NavigateToPose            [32mSUCCESS[0m -> [36mIDLE[0m
[robot_decision-1] [1746689057.290]: RetryUntilSuccessful      [33mRUNNING[0m -> [32mSUCCESS[0m
[robot_decision-1] [1746689057.290]: WaitNode                  [36mIDLE[0m -> [33mRUNNING[0m
[robot_decision-1] [INFO] [1746689057.289554643] [robot_decision]: Navigation Success!
[robot_decision-1] [1746689057.890]: WaitNode                  [33mRUNNING[0m -> [32mSUCCESS[0m
[robot_decision-1] [1746689057.890]: RetryUntilSuccessful      [32mSUCCESS[0m -> [36mIDLE[0m
[robot_decision-1] [1746689057.890]: RetryUntilSuccessful      [32mSUCCESS[0m -> [36mIDLE[0m
[robot_decision-1] [1746689057.890]: WaitNode                  [32mSUCCESS[0m -> [36mIDLE[0m
[robot_decision-1] [1746689057.890]: Sequence                  [33mRUNNING[0m -> [32mSUCCESS[0m
[robot_decision-1] [1746689057.890]: Sequence                  [32mSUCCESS[0m -> [36mIDLE[0m
[robot_decision-1] [1746689057.890]: Fallback                  [33mRUNNING[0m -> [32mSUCCESS[0m
[robot_decision-1] [1746689057.890]: Fallback                  [32mSUCCESS[0m -> [36mIDLE[0m
[robot_decision-1] [1746689058.090]: Fallback                  [36mIDLE[0m -> [33mRUNNING[0m
[robot_decision-1] [1746689058.090]: Sequence                  [36mIDLE[0m -> [33mRUNNING[0m
[robot_decision-1] [1746689058.090]: RetryUntilSuccessful      [36mIDLE[0m -> [33mRUNNING[0m
[robot_decision-1] [INFO] [1746689058.090428750] [robot_decision]: [CheckIfHealth] amount of blood: 600
[robot_decision-1] [1746689058.091]: CheckIfHealth             [36mIDLE[0m -> [32mSUCCESS[0m
[robot_decision-1] [1746689058.091]: CheckIfHealth             [32mSUCCESS[0m -> [36mIDLE[0m
[robot_decision-1] [1746689058.091]: RetryUntilSuccessful      [33mRUNNING[0m -> [32mSUCCESS[0m
[robot_decision-1] [1746689058.091]: RetryUntilSuccessful      [36mIDLE[0m -> [33mRUNNING[0m
[robot_decision-1] [1746689058.091]: NavigateToPose            [36mIDLE[0m -> [33mRUNNING[0m
[robot_decision-1] Point key: 1 x:3 y:0.45
[robot_decision-1] onResultReceived: 4
[robot_decision-1] [1746689059.094]: NavigateToPose            [33mRUNNING[0m -> [32mSUCCESS[0m
[robot_decision-1] [1746689059.094]: NavigateToPose            [32mSUCCESS[0m -> [36mIDLE[0m
[robot_decision-1] [1746689059.094]: RetryUntilSuccessful      [33mRUNNING[0m -> [32mSUCCESS[0m
[robot_decision-1] [1746689059.094]: WaitNode                  [36mIDLE[0m -> [33mRUNNING[0m
[robot_decision-1] [INFO] [1746689059.094095780] [robot_decision]: Navigation Success!
[robot_decision-1] [1746689059.695]: WaitNode                  [33mRUNNING[0m -> [32mSUCCESS[0m
[robot_decision-1] [1746689059.695]: RetryUntilSuccessful      [32mSUCCESS[0m -> [36mIDLE[0m
[robot_decision-1] [1746689059.695]: RetryUntilSuccessful      [32mSUCCESS[0m -> [36mIDLE[0m
[robot_decision-1] [1746689059.695]: WaitNode                  [32mSUCCESS[0m -> [36mIDLE[0m
[robot_decision-1] [1746689059.695]: Sequence                  [33mRUNNING[0m -> [32mSUCCESS[0m
[robot_decision-1] [1746689059.695]: Sequence                  [32mSUCCESS[0m -> [36mIDLE[0m
[robot_decision-1] [1746689059.695]: Fallback                  [33mRUNNING[0m -> [32mSUCCESS[0m
[robot_decision-1] [1746689059.695]: Fallback                  [32mSUCCESS[0m -> [36mIDLE[0m
[robot_decision-1] [1746689059.895]: Fallback                  [36mIDLE[0m -> [33mRUNNING[0m
[robot_decision-1] [1746689059.895]: Sequence                  [36mIDLE[0m -> [33mRUNNING[0m
[robot_decision-1] [1746689059.895]: RetryUntilSuccessful      [36mIDLE[0m -> [33mRUNNING[0m
[robot_decision-1] [INFO] [1746689059.895362103] [robot_decision]: [CheckIfHealth] amount of blood: 600
[robot_decision-1] [1746689059.895]: CheckIfHealth             [36mIDLE[0m -> [32mSUCCESS[0m
[robot_decision-1] [1746689059.895]: CheckIfHealth             [32mSUCCESS[0m -> [36mIDLE[0m
[robot_decision-1] [1746689059.895]: RetryUntilSuccessful      [33mRUNNING[0m -> [32mSUCCESS[0m
[robot_decision-1] [1746689059.895]: RetryUntilSuccessful      [36mIDLE[0m -> [33mRUNNING[0m
[robot_decision-1] [1746689059.895]: NavigateToPose            [36mIDLE[0m -> [33mRUNNING[0m
[robot_decision-1] Point key: 1 x:3 y:0.45
[robot_decision-1] onResultReceived: 4
[robot_decision-1] [1746689060.898]: NavigateToPose            [33mRUNNING[0m -> [32mSUCCESS[0m
[robot_decision-1] [1746689060.898]: NavigateToPose            [32mSUCCESS[0m -> [36mIDLE[0m
[robot_decision-1] [1746689060.898]: RetryUntilSuccessful      [33mRUNNING[0m -> [32mSUCCESS[0m
[robot_decision-1] [1746689060.898]: WaitNode                  [36mIDLE[0m -> [33mRUNNING[0m
[robot_decision-1] [INFO] [1746689060.898318888] [robot_decision]: Navigation Success!
[robot_decision-1] [1746689061.499]: WaitNode                  [33mRUNNING[0m -> [32mSUCCESS[0m
[robot_decision-1] [1746689061.499]: RetryUntilSuccessful      [32mSUCCESS[0m -> [36mIDLE[0m
[robot_decision-1] [1746689061.499]: RetryUntilSuccessful      [32mSUCCESS[0m -> [36mIDLE[0m
[robot_decision-1] [1746689061.499]: WaitNode                  [32mSUCCESS[0m -> [36mIDLE[0m
[robot_decision-1] [1746689061.499]: Sequence                  [33mRUNNING[0m -> [32mSUCCESS[0m
[robot_decision-1] [1746689061.499]: Sequence                  [32mSUCCESS[0m -> [36mIDLE[0m
[robot_decision-1] [1746689061.499]: Fallback                  [33mRUNNING[0m -> [32mSUCCESS[0m
[robot_decision-1] [1746689061.499]: Fallback                  [32mSUCCESS[0m -> [36mIDLE[0m
[robot_decision-1] [1746689061.699]: Fallback                  [36mIDLE[0m -> [33mRUNNING[0m
[robot_decision-1] [1746689061.699]: Sequence                  [36mIDLE[0m -> [33mRUNNING[0m
[robot_decision-1] [1746689061.699]: RetryUntilSuccessful      [36mIDLE[0m -> [33mRUNNING[0m
[robot_decision-1] [INFO] [1746689061.699187756] [robot_decision]: [CheckIfHealth] amount of blood: 600
[robot_decision-1] [1746689061.699]: CheckIfHealth             [36mIDLE[0m -> [32mSUCCESS[0m
[robot_decision-1] [1746689061.699]: CheckIfHealth             [32mSUCCESS[0m -> [36mIDLE[0m
[robot_decision-1] [1746689061.699]: RetryUntilSuccessful      [33mRUNNING[0m -> [32mSUCCESS[0m
[robot_decision-1] [1746689061.699]: RetryUntilSuccessful      [36mIDLE[0m -> [33mRUNNING[0m
[robot_decision-1] [1746689061.699]: NavigateToPose            [36mIDLE[0m -> [33mRUNNING[0m
[robot_decision-1] Point key: 1 x:3 y:0.45
[robot_decision-1] onResultReceived: 4
[robot_decision-1] [1746689062.702]: NavigateToPose            [33mRUNNING[0m -> [32mSUCCESS[0m
[robot_decision-1] [1746689062.702]: NavigateToPose            [32mSUCCESS[0m -> [36mIDLE[0m
[robot_decision-1] [1746689062.702]: RetryUntilSuccessful      [33mRUNNING[0m -> [32mSUCCESS[0m
[robot_decision-1] [1746689062.702]: WaitNode                  [36mIDLE[0m -> [33mRUNNING[0m
[robot_decision-1] [INFO] [1746689062.701816493] [robot_decision]: Navigation Success!
[robot_decision-1] [1746689063.303]: WaitNode                  [33mRUNNING[0m -> [32mSUCCESS[0m
[robot_decision-1] [1746689063.303]: RetryUntilSuccessful      [32mSUCCESS[0m -> [36mIDLE[0m
[robot_decision-1] [1746689063.303]: RetryUntilSuccessful      [32mSUCCESS[0m -> [36mIDLE[0m
[robot_decision-1] [1746689063.303]: WaitNode                  [32mSUCCESS[0m -> [36mIDLE[0m
[robot_decision-1] [1746689063.303]: Sequence                  [33mRUNNING[0m -> [32mSUCCESS[0m
[robot_decision-1] [1746689063.303]: Sequence                  [32mSUCCESS[0m -> [36mIDLE[0m
[robot_decision-1] [1746689063.303]: Fallback                  [33mRUNNING[0m -> [32mSUCCESS[0m
[robot_decision-1] [1746689063.303]: Fallback                  [32mSUCCESS[0m -> [36mIDLE[0m
[robot_decision-1] [1746689063.503]: Fallback                  [36mIDLE[0m -> [33mRUNNING[0m
[robot_decision-1] [1746689063.503]: Sequence                  [36mIDLE[0m -> [33mRUNNING[0m
[robot_decision-1] [1746689063.503]: RetryUntilSuccessful      [36mIDLE[0m -> [33mRUNNING[0m
[robot_decision-1] [INFO] [1746689063.503265643] [robot_decision]: [CheckIfHealth] amount of blood: 600
[robot_decision-1] [1746689063.503]: CheckIfHealth             [36mIDLE[0m -> [32mSUCCESS[0m
[robot_decision-1] [1746689063.503]: CheckIfHealth             [32mSUCCESS[0m -> [36mIDLE[0m
[robot_decision-1] [1746689063.503]: RetryUntilSuccessful      [33mRUNNING[0m -> [32mSUCCESS[0m
[robot_decision-1] [1746689063.503]: RetryUntilSuccessful      [36mIDLE[0m -> [33mRUNNING[0m
[robot_decision-1] [1746689063.503]: NavigateToPose            [36mIDLE[0m -> [33mRUNNING[0m
[robot_decision-1] Point key: 1 x:3 y:0.45
[robot_decision-1] onResultReceived: 4
[robot_decision-1] [1746689064.506]: NavigateToPose            [33mRUNNING[0m -> [32mSUCCESS[0m
[robot_decision-1] [1746689064.506]: NavigateToPose            [32mSUCCESS[0m -> [36mIDLE[0m
[robot_decision-1] [1746689064.506]: RetryUntilSuccessful      [33mRUNNING[0m -> [32mSUCCESS[0m
[robot_decision-1] [1746689064.506]: WaitNode                  [36mIDLE[0m -> [33mRUNNING[0m
[robot_decision-1] [INFO] [1746689064.506001134] [robot_decision]: Navigation Success!
[robot_decision-1] [1746689065.107]: WaitNode                  [33mRUNNING[0m -> [32mSUCCESS[0m
[robot_decision-1] [1746689065.107]: RetryUntilSuccessful      [32mSUCCESS[0m -> [36mIDLE[0m
[robot_decision-1] [1746689065.107]: RetryUntilSuccessful      [32mSUCCESS[0m -> [36mIDLE[0m
[robot_decision-1] [1746689065.107]: WaitNode                  [32mSUCCESS[0m -> [36mIDLE[0m
[robot_decision-1] [1746689065.107]: Sequence                  [33mRUNNING[0m -> [32mSUCCESS[0m
[robot_decision-1] [1746689065.107]: Sequence                  [32mSUCCESS[0m -> [36mIDLE[0m
[robot_decision-1] [1746689065.107]: Fallback                  [33mRUNNING[0m -> [32mSUCCESS[0m
[robot_decision-1] [1746689065.107]: Fallback                  [32mSUCCESS[0m -> [36mIDLE[0m
[robot_decision-1] [1746689065.307]: Fallback                  [36mIDLE[0m -> [33mRUNNING[0m
[robot_decision-1] [1746689065.307]: Sequence                  [36mIDLE[0m -> [33mRUNNING[0m
[robot_decision-1] [1746689065.307]: RetryUntilSuccessful      [36mIDLE[0m -> [33mRUNNING[0m
[robot_decision-1] [INFO] [1746689065.307070204] [robot_decision]: [CheckIfHealth] amount of blood: 600
[robot_decision-1] [1746689065.307]: CheckIfHealth             [36mIDLE[0m -> [32mSUCCESS[0m
[robot_decision-1] [1746689065.307]: CheckIfHealth             [32mSUCCESS[0m -> [36mIDLE[0m
[robot_decision-1] [1746689065.307]: RetryUntilSuccessful      [33mRUNNING[0m -> [32mSUCCESS[0m
[robot_decision-1] [1746689065.307]: RetryUntilSuccessful      [36mIDLE[0m -> [33mRUNNING[0m
[robot_decision-1] [1746689065.307]: NavigateToPose            [36mIDLE[0m -> [33mRUNNING[0m
[robot_decision-1] Point key: 1 x:3 y:0.45
[robot_decision-1] onResultReceived: 4
[robot_decision-1] [1746689066.310]: NavigateToPose            [33mRUNNING[0m -> [32mSUCCESS[0m
[robot_decision-1] [1746689066.310]: NavigateToPose            [32mSUCCESS[0m -> [36mIDLE[0m
[robot_decision-1] [1746689066.310]: RetryUntilSuccessful      [33mRUNNING[0m -> [32mSUCCESS[0m
[robot_decision-1] [1746689066.310]: WaitNode                  [36mIDLE[0m -> [33mRUNNING[0m
[robot_decision-1] [INFO] [1746689066.310312168] [robot_decision]: Navigation Success!
[robot_decision-1] [1746689066.911]: WaitNode                  [33mRUNNING[0m -> [32mSUCCESS[0m
[robot_decision-1] [1746689066.911]: RetryUntilSuccessful      [32mSUCCESS[0m -> [36mIDLE[0m
[robot_decision-1] [1746689066.911]: RetryUntilSuccessful      [32mSUCCESS[0m -> [36mIDLE[0m
[robot_decision-1] [1746689066.911]: WaitNode                  [32mSUCCESS[0m -> [36mIDLE[0m
[robot_decision-1] [1746689066.911]: Sequence                  [33mRUNNING[0m -> [32mSUCCESS[0m
[robot_decision-1] [1746689066.911]: Sequence                  [32mSUCCESS[0m -> [36mIDLE[0m
[robot_decision-1] [1746689066.911]: Fallback                  [33mRUNNING[0m -> [32mSUCCESS[0m
[robot_decision-1] [1746689066.911]: Fallback                  [32mSUCCESS[0m -> [36mIDLE[0m
[robot_decision-1] [1746689067.111]: Fallback                  [36mIDLE[0m -> [33mRUNNING[0m
[robot_decision-1] [1746689067.111]: Sequence                  [36mIDLE[0m -> [33mRUNNING[0m
[robot_decision-1] [1746689067.111]: RetryUntilSuccessful      [36mIDLE[0m -> [33mRUNNING[0m
[robot_decision-1] [INFO] [1746689067.111403641] [robot_decision]: [CheckIfHealth] amount of blood: 600
[robot_decision-1] [1746689067.112]: CheckIfHealth             [36mIDLE[0m -> [32mSUCCESS[0m
[robot_decision-1] [1746689067.112]: CheckIfHealth             [32mSUCCESS[0m -> [36mIDLE[0m
[robot_decision-1] [1746689067.112]: RetryUntilSuccessful      [33mRUNNING[0m -> [32mSUCCESS[0m
[robot_decision-1] [1746689067.112]: RetryUntilSuccessful      [36mIDLE[0m -> [33mRUNNING[0m
[robot_decision-1] [1746689067.112]: NavigateToPose            [36mIDLE[0m -> [33mRUNNING[0m
[robot_decision-1] Point key: 1 x:3 y:0.45
[robot_decision-1] onResultReceived: 4
[robot_decision-1] [1746689068.115]: NavigateToPose            [33mRUNNING[0m -> [32mSUCCESS[0m
[robot_decision-1] [1746689068.115]: NavigateToPose            [32mSUCCESS[0m -> [36mIDLE[0m
[robot_decision-1] [1746689068.115]: RetryUntilSuccessful      [33mRUNNING[0m -> [32mSUCCESS[0m
[robot_decision-1] [1746689068.115]: WaitNode                  [36mIDLE[0m -> [33mRUNNING[0m
[robot_decision-1] [INFO] [1746689068.114442003] [robot_decision]: Navigation Success!
[robot_decision-1] [1746689068.715]: WaitNode                  [33mRUNNING[0m -> [32mSUCCESS[0m
[robot_decision-1] [1746689068.715]: RetryUntilSuccessful      [32mSUCCESS[0m -> [36mIDLE[0m
[robot_decision-1] [1746689068.715]: RetryUntilSuccessful      [32mSUCCESS[0m -> [36mIDLE[0m
[robot_decision-1] [1746689068.715]: WaitNode                  [32mSUCCESS[0m -> [36mIDLE[0m
[robot_decision-1] [1746689068.715]: Sequence                  [33mRUNNING[0m -> [32mSUCCESS[0m
[robot_decision-1] [1746689068.715]: Sequence                  [32mSUCCESS[0m -> [36mIDLE[0m
[robot_decision-1] [1746689068.715]: Fallback                  [33mRUNNING[0m -> [32mSUCCESS[0m
[robot_decision-1] [1746689068.715]: Fallback                  [32mSUCCESS[0m -> [36mIDLE[0m
[robot_decision-1] [1746689068.915]: Fallback                  [36mIDLE[0m -> [33mRUNNING[0m
[robot_decision-1] [1746689068.915]: Sequence                  [36mIDLE[0m -> [33mRUNNING[0m
[robot_decision-1] [1746689068.915]: RetryUntilSuccessful      [36mIDLE[0m -> [33mRUNNING[0m
[robot_decision-1] [INFO] [1746689068.915326676] [robot_decision]: [CheckIfHealth] amount of blood: 600
[robot_decision-1] [1746689068.915]: CheckIfHealth             [36mIDLE[0m -> [32mSUCCESS[0m
[robot_decision-1] [1746689068.915]: CheckIfHealth             [32mSUCCESS[0m -> [36mIDLE[0m
[robot_decision-1] [1746689068.915]: RetryUntilSuccessful      [33mRUNNING[0m -> [32mSUCCESS[0m
[robot_decision-1] [1746689068.915]: RetryUntilSuccessful      [36mIDLE[0m -> [33mRUNNING[0m
[robot_decision-1] [1746689068.915]: NavigateToPose            [36mIDLE[0m -> [33mRUNNING[0m
[robot_decision-1] Point key: 1 x:3 y:0.45
[robot_decision-1] onResultReceived: 4
[robot_decision-1] [1746689069.917]: NavigateToPose            [33mRUNNING[0m -> [32mSUCCESS[0m
[robot_decision-1] [1746689069.917]: NavigateToPose            [32mSUCCESS[0m -> [36mIDLE[0m
[robot_decision-1] [1746689069.917]: RetryUntilSuccessful      [33mRUNNING[0m -> [32mSUCCESS[0m
[robot_decision-1] [1746689069.917]: WaitNode                  [36mIDLE[0m -> [33mRUNNING[0m
[robot_decision-1] [INFO] [1746689069.917329327] [robot_decision]: Navigation Success!
[robot_decision-1] [1746689070.518]: WaitNode                  [33mRUNNING[0m -> [32mSUCCESS[0m
[robot_decision-1] [1746689070.518]: RetryUntilSuccessful      [32mSUCCESS[0m -> [36mIDLE[0m
[robot_decision-1] [1746689070.518]: RetryUntilSuccessful      [32mSUCCESS[0m -> [36mIDLE[0m
[robot_decision-1] [1746689070.518]: WaitNode                  [32mSUCCESS[0m -> [36mIDLE[0m
[robot_decision-1] [1746689070.518]: Sequence                  [33mRUNNING[0m -> [32mSUCCESS[0m
[robot_decision-1] [1746689070.518]: Sequence                  [32mSUCCESS[0m -> [36mIDLE[0m
[robot_decision-1] [1746689070.518]: Fallback                  [33mRUNNING[0m -> [32mSUCCESS[0m
[robot_decision-1] [1746689070.518]: Fallback                  [32mSUCCESS[0m -> [36mIDLE[0m
[robot_decision-1] [1746689070.718]: Fallback                  [36mIDLE[0m -> [33mRUNNING[0m
[robot_decision-1] [1746689070.718]: Sequence                  [36mIDLE[0m -> [33mRUNNING[0m
[robot_decision-1] [1746689070.718]: RetryUntilSuccessful      [36mIDLE[0m -> [33mRUNNING[0m
[robot_decision-1] [INFO] [1746689070.718217486] [robot_decision]: [CheckIfHealth] amount of blood: 600
[robot_decision-1] [1746689070.718]: CheckIfHealth             [36mIDLE[0m -> [32mSUCCESS[0m
[robot_decision-1] [1746689070.718]: CheckIfHealth             [32mSUCCESS[0m -> [36mIDLE[0m
[robot_decision-1] [1746689070.718]: RetryUntilSuccessful      [33mRUNNING[0m -> [32mSUCCESS[0m
[robot_decision-1] [1746689070.718]: RetryUntilSuccessful      [36mIDLE[0m -> [33mRUNNING[0m
[robot_decision-1] [1746689070.718]: NavigateToPose            [36mIDLE[0m -> [33mRUNNING[0m
[robot_decision-1] Point key: 1 x:3 y:0.45
[robot_decision-1] onResultReceived: 4
[robot_decision-1] [1746689071.721]: NavigateToPose            [33mRUNNING[0m -> [32mSUCCESS[0m
[robot_decision-1] [1746689071.721]: NavigateToPose            [32mSUCCESS[0m -> [36mIDLE[0m
[robot_decision-1] [1746689071.721]: RetryUntilSuccessful      [33mRUNNING[0m -> [32mSUCCESS[0m
[robot_decision-1] [1746689071.721]: WaitNode                  [36mIDLE[0m -> [33mRUNNING[0m
[robot_decision-1] [INFO] [1746689071.720441168] [robot_decision]: Navigation Success!
[robot_decision-1] [1746689072.321]: WaitNode                  [33mRUNNING[0m -> [32mSUCCESS[0m
[robot_decision-1] [1746689072.321]: RetryUntilSuccessful      [32mSUCCESS[0m -> [36mIDLE[0m
[robot_decision-1] [1746689072.321]: RetryUntilSuccessful      [32mSUCCESS[0m -> [36mIDLE[0m
[robot_decision-1] [1746689072.321]: WaitNode                  [32mSUCCESS[0m -> [36mIDLE[0m
[robot_decision-1] [1746689072.321]: Sequence                  [33mRUNNING[0m -> [32mSUCCESS[0m
[robot_decision-1] [1746689072.321]: Sequence                  [32mSUCCESS[0m -> [36mIDLE[0m
[robot_decision-1] [1746689072.321]: Fallback                  [33mRUNNING[0m -> [32mSUCCESS[0m
[robot_decision-1] [1746689072.321]: Fallback                  [32mSUCCESS[0m -> [36mIDLE[0m
[robot_decision-1] [1746689072.521]: Fallback                  [36mIDLE[0m -> [33mRUNNING[0m
[robot_decision-1] [1746689072.521]: Sequence                  [36mIDLE[0m -> [33mRUNNING[0m
[robot_decision-1] [1746689072.521]: RetryUntilSuccessful      [36mIDLE[0m -> [33mRUNNING[0m
[robot_decision-1] [INFO] [1746689072.521486735] [robot_decision]: [CheckIfHealth] amount of blood: 600
[robot_decision-1] [1746689072.522]: CheckIfHealth             [36mIDLE[0m -> [32mSUCCESS[0m
[robot_decision-1] [1746689072.522]: CheckIfHealth             [32mSUCCESS[0m -> [36mIDLE[0m
[robot_decision-1] [1746689072.522]: RetryUntilSuccessful      [33mRUNNING[0m -> [32mSUCCESS[0m
[robot_decision-1] [1746689072.522]: RetryUntilSuccessful      [36mIDLE[0m -> [33mRUNNING[0m
[robot_decision-1] [1746689072.522]: NavigateToPose            [36mIDLE[0m -> [33mRUNNING[0m
[robot_decision-1] Point key: 1 x:3 y:0.45
[robot_decision-1] onResultReceived: 4
[robot_decision-1] [1746689073.524]: NavigateToPose            [33mRUNNING[0m -> [32mSUCCESS[0m
[robot_decision-1] [1746689073.524]: NavigateToPose            [32mSUCCESS[0m -> [36mIDLE[0m
[robot_decision-1] [1746689073.524]: RetryUntilSuccessful      [33mRUNNING[0m -> [32mSUCCESS[0m
[robot_decision-1] [1746689073.524]: WaitNode                  [36mIDLE[0m -> [33mRUNNING[0m
[robot_decision-1] [INFO] [1746689073.523896073] [robot_decision]: Navigation Success!
[robot_decision-1] [1746689074.124]: WaitNode                  [33mRUNNING[0m -> [32mSUCCESS[0m
[robot_decision-1] [1746689074.125]: RetryUntilSuccessful      [32mSUCCESS[0m -> [36mIDLE[0m
[robot_decision-1] [1746689074.125]: RetryUntilSuccessful      [32mSUCCESS[0m -> [36mIDLE[0m
[robot_decision-1] [1746689074.125]: WaitNode                  [32mSUCCESS[0m -> [36mIDLE[0m
[robot_decision-1] [1746689074.125]: Sequence                  [33mRUNNING[0m -> [32mSUCCESS[0m
[robot_decision-1] [1746689074.125]: Sequence                  [32mSUCCESS[0m -> [36mIDLE[0m
[robot_decision-1] [1746689074.125]: Fallback                  [33mRUNNING[0m -> [32mSUCCESS[0m
[robot_decision-1] [1746689074.125]: Fallback                  [32mSUCCESS[0m -> [36mIDLE[0m
[robot_decision-1] [1746689074.325]: Fallback                  [36mIDLE[0m -> [33mRUNNING[0m
[robot_decision-1] [1746689074.325]: Sequence                  [36mIDLE[0m -> [33mRUNNING[0m
[robot_decision-1] [1746689074.325]: RetryUntilSuccessful      [36mIDLE[0m -> [33mRUNNING[0m
[robot_decision-1] [1746689074.325]: CheckIfHealth             [36mIDLE[0m -> [31mFAILURE[0m
[robot_decision-1] [1746689074.325]: CheckIfHealth             [31mFAILURE[0m -> [36mIDLE[0m
[robot_decision-1] [1746689074.325]: CheckIfHealth             [36mIDLE[0m -> [31mFAILURE[0m
[robot_decision-1] [1746689074.325]: CheckIfHealth             [31mFAILURE[0m -> [36mIDLE[0m
[robot_decision-1] [1746689074.325]: CheckIfHealth             [36mIDLE[0m -> [31mFAILURE[0m
[robot_decision-1] [1746689074.325]: CheckIfHealth             [31mFAILURE[0m -> [36mIDLE[0m
[robot_decision-1] [1746689074.325]: CheckIfHealth             [36mIDLE[0m -> [31mFAILURE[0m
[robot_decision-1] [1746689074.325]: CheckIfHealth             [31mFAILURE[0m -> [36mIDLE[0m
[robot_decision-1] [1746689074.325]: CheckIfHealth             [36mIDLE[0m -> [31mFAILURE[0m
[robot_decision-1] [1746689074.325]: CheckIfHealth             [31mFAILURE[0m -> [36mIDLE[0m
[robot_decision-1] [1746689074.325]: CheckIfHealth             [36mIDLE[0m -> [31mFAILURE[0m
[robot_decision-1] [1746689074.325]: CheckIfHealth             [31mFAILURE[0m -> [36mIDLE[0m
[robot_decision-1] [1746689074.325]: CheckIfHealth             [36mIDLE[0m -> [31mFAILURE[0m
[robot_decision-1] [1746689074.325]: CheckIfHealth             [31mFAILURE[0m -> [36mIDLE[0m
[robot_decision-1] [1746689074.325]: CheckIfHealth             [36mIDLE[0m -> [31mFAILURE[0m
[robot_decision-1] [1746689074.325]: CheckIfHealth             [31mFAILURE[0m -> [36mIDLE[0m
[robot_decision-1] [ERROR] [1746689074.324793241] [robot_decision]: [CheckIfHealth] invalid message
[robot_decision-1] [ERROR] [1746689074.324925954] [robot_decision]: [CheckIfHealth] invalid message
[robot_decision-1] [ERROR] [1746689074.325023662] [robot_decision]: [CheckIfHealth] invalid message
[robot_decision-1] [ERROR] [1746689074.325141657] [robot_decision]: [CheckIfHealth] invalid message
[robot_decision-1] [ERROR] [1746689074.325227534] [robot_decision]: [CheckIfHealth] invalid message
[robot_decision-1] [ERROR] [1746689074.325311738] [robot_decision]: [CheckIfHealth] invalid message
[robot_decision-1] [ERROR] [1746689074.325417541] [robot_decision]: [CheckIfHealth] invalid message
[robot_decision-1] [ERROR] [1746689074.325563447] [robot_decision]: [CheckIfHealth] invalid message
[robot_decision-1] [ERROR] [1746689074.325655285] [robot_decision]: [CheckIfHealth] invalid message
[robot_decision-1] [ERROR] [1746689074.325743997] [robot_decision]: [CheckIfHealth] invalid message
[robot_decision-1] [1746689074.326]: CheckIfHealth             [36mIDLE[0m -> [31mFAILURE[0m
[robot_decision-1] [1746689074.326]: CheckIfHealth             [31mFAILURE[0m -> [36mIDLE[0m
[robot_decision-1] [1746689074.326]: CheckIfHealth             [36mIDLE[0m -> [31mFAILURE[0m
[robot_decision-1] [1746689074.326]: CheckIfHealth             [31mFAILURE[0m -> [36mIDLE[0m
[robot_decision-1] [1746689074.326]: CheckIfHealth             [36mIDLE[0m -> [31mFAILURE[0m
[robot_decision-1] [1746689074.326]: CheckIfHealth             [31mFAILURE[0m -> [36mIDLE[0m
[robot_decision-1] [ERROR] [1746689074.325832108] [robot_decision]: [CheckIfHealth] invalid message
[robot_decision-1] [ERROR] [1746689074.325928894] [robot_decision]: [CheckIfHealth] invalid message
[robot_decision-1] [ERROR] [1746689074.326017346] [robot_decision]: [CheckIfHealth] invalid message
[robot_decision-1] [ERROR] [1746689074.326094236] [robot_decision]: [CheckIfHealth] invalid message
[robot_decision-1] [ERROR] [1746689074.326196332] [robot_decision]: [CheckIfHealth] invalid message
[robot_decision-1] [ERROR] [1746689074.326406315] [robot_decision]: [CheckIfHealth] invalid message
[robot_decision-1] [ERROR] [1746689074.326505737] [robot_decision]: [CheckIfHealth] invalid message
[robot_decision-1] [1746689074.326]: CheckIfHealth             [36mIDLE[0m -> [31mFAILURE[0m
[robot_decision-1] [1746689074.326]: CheckIfHealth             [31mFAILURE[0m -> [36mIDLE[0m
[robot_decision-1] [1746689074.326]: CheckIfHealth             [36mIDLE[0m -> [31mFAILURE[0m
[robot_decision-1] [1746689074.326]: CheckIfHealth             [31mFAILURE[0m -> [36mIDLE[0m
[robot_decision-1] [1746689074.326]: CheckIfHealth             [36mIDLE[0m -> [31mFAILURE[0m
[robot_decision-1] [1746689074.326]: CheckIfHealth             [31mFAILURE[0m -> [36mIDLE[0m
[robot_decision-1] [1746689074.326]: CheckIfHealth             [36mIDLE[0m -> [31mFAILURE[0m
[robot_decision-1] [1746689074.326]: CheckIfHealth             [31mFAILURE[0m -> [36mIDLE[0m
[robot_decision-1] [1746689074.326]: CheckIfHealth             [36mIDLE[0m -> [31mFAILURE[0m
[robot_decision-1] [1746689074.326]: CheckIfHealth             [31mFAILURE[0m -> [36mIDLE[0m
[robot_decision-1] [1746689074.326]: CheckIfHealth             [36mIDLE[0m -> [31mFAILURE[0m
[robot_decision-1] [1746689074.326]: CheckIfHealth             [31mFAILURE[0m -> [36mIDLE[0m
[robot_decision-1] [1746689074.326]: CheckIfHealth             [36mIDLE[0m -> [31mFAILURE[0m
[robot_decision-1] [1746689074.326]: CheckIfHealth             [31mFAILURE[0m -> [36mIDLE[0m
[robot_decision-1] [1746689074.327]: CheckIfHealth             [36mIDLE[0m -> [31mFAILURE[0m
[robot_decision-1] [1746689074.327]: CheckIfHealth             [31mFAILURE[0m -> [36mIDLE[0m
[robot_decision-1] [ERROR] [1746689074.326653777] [robot_decision]: [CheckIfHealth] invalid message
[robot_decision-1] [ERROR] [1746689074.326786770] [robot_decision]: [CheckIfHealth] invalid message
[robot_decision-1] [ERROR] [1746689074.326956399] [robot_decision]: [CheckIfHealth] invalid message
[robot_decision-1] [ERROR] [1746689074.327109799] [robot_decision]: [CheckIfHealth] invalid message
[robot_decision-1] [ERROR] [1746689074.327270492] [robot_decision]: [CheckIfHealth] invalid message
[robot_decision-1] [1746689074.327]: CheckIfHealth             [36mIDLE[0m -> [31mFAILURE[0m
[robot_decision-1] [1746689074.327]: CheckIfHealth             [31mFAILURE[0m -> [36mIDLE[0m
[robot_decision-1] [1746689074.327]: CheckIfHealth             [36mIDLE[0m -> [31mFAILURE[0m
[robot_decision-1] [1746689074.327]: CheckIfHealth             [31mFAILURE[0m -> [36mIDLE[0m
[robot_decision-1] [1746689074.327]: CheckIfHealth             [36mIDLE[0m -> [31mFAILURE[0m
[robot_decision-1] [1746689074.327]: CheckIfHealth             [31mFAILURE[0m -> [36mIDLE[0m
[robot_decision-1] [1746689074.327]: CheckIfHealth             [36mIDLE[0m -> [31mFAILURE[0m
[robot_decision-1] [1746689074.327]: CheckIfHealth             [31mFAILURE[0m -> [36mIDLE[0m
[robot_decision-1] [1746689074.327]: CheckIfHealth             [36mIDLE[0m -> [31mFAILURE[0m
[robot_decision-1] [1746689074.327]: CheckIfHealth             [31mFAILURE[0m -> [36mIDLE[0m
[robot_decision-1] [ERROR] [1746689074.327415587] [robot_decision]: [CheckIfHealth] invalid message
[robot_decision-1] [ERROR] [1746689074.327567705] [robot_decision]: [CheckIfHealth] invalid message
[robot_decision-1] [1746689074.327]: CheckIfHealth             [36mIDLE[0m -> [31mFAILURE[0m
[robot_decision-1] [1746689074.327]: CheckIfHealth             [31mFAILURE[0m -> [36mIDLE[0m
[robot_decision-1] [1746689074.328]: CheckIfHealth             [36mIDLE[0m -> [31mFAILURE[0m
[robot_decision-1] [1746689074.328]: CheckIfHealth             [31mFAILURE[0m -> [36mIDLE[0m
[robot_decision-1] [1746689074.328]: RetryUntilSuccessful      [33mRUNNING[0m -> [31mFAILURE[0m
[robot_decision-1] [1746689074.328]: RetryUntilSuccessful      [31mFAILURE[0m -> [36mIDLE[0m
[robot_decision-1] [1746689074.328]: Sequence                  [33mRUNNING[0m -> [31mFAILURE[0m
[robot_decision-1] [1746689074.328]: Sequence                  [36mIDLE[0m -> [33mRUNNING[0m
[robot_decision-1] [1746689074.328]: RetryUntilSuccessful      [36mIDLE[0m -> [33mRUNNING[0m
[robot_decision-1] [INFO] [1746689074.327814716] [robot_decision]: [CheckIfunHealth] amount of blood: 100
[robot_decision-1] [1746689074.328]: CheckIfunHealth           [36mIDLE[0m -> [32mSUCCESS[0m
[robot_decision-1] [1746689074.328]: CheckIfunHealth           [32mSUCCESS[0m -> [36mIDLE[0m
[robot_decision-1] [1746689074.328]: RetryUntilSuccessful      [33mRUNNING[0m -> [32mSUCCESS[0m
[robot_decision-1] [1746689074.328]: RetryUntilSuccessful      [36mIDLE[0m -> [33mRUNNING[0m
[robot_decision-1] [1746689074.328]: NavigateToPose            [36mIDLE[0m -> [33mRUNNING[0m
[robot_decision-1] Point key: 2 x:2 y:0.7
[robot_decision-1] onResultReceived: 4
[robot_decision-1] [1746689077.335]: NavigateToPose            [33mRUNNING[0m -> [32mSUCCESS[0m
[robot_decision-1] [1746689077.335]: NavigateToPose            [32mSUCCESS[0m -> [36mIDLE[0m
[robot_decision-1] [1746689077.335]: RetryUntilSuccessful      [33mRUNNING[0m -> [32mSUCCESS[0m
[robot_decision-1] [1746689077.335]: WaitNode                  [36mIDLE[0m -> [33mRUNNING[0m
[robot_decision-1] [INFO] [1746689077.334962708] [robot_decision]: Navigation Success!
[robot_decision-1] [1746689077.936]: WaitNode                  [33mRUNNING[0m -> [32mSUCCESS[0m
[robot_decision-1] [1746689077.936]: RetryUntilSuccessful      [32mSUCCESS[0m -> [36mIDLE[0m
[robot_decision-1] [1746689077.936]: RetryUntilSuccessful      [32mSUCCESS[0m -> [36mIDLE[0m
[robot_decision-1] [1746689077.936]: WaitNode                  [32mSUCCESS[0m -> [36mIDLE[0m
[robot_decision-1] [1746689077.936]: Sequence                  [33mRUNNING[0m -> [32mSUCCESS[0m
[robot_decision-1] [1746689077.936]: Sequence                  [31mFAILURE[0m -> [36mIDLE[0m
[robot_decision-1] [1746689077.936]: Sequence                  [32mSUCCESS[0m -> [36mIDLE[0m
[robot_decision-1] [1746689077.936]: Fallback                  [33mRUNNING[0m -> [32mSUCCESS[0m
[robot_decision-1] [1746689077.936]: Fallback                  [32mSUCCESS[0m -> [36mIDLE[0m
[robot_decision-1] [1746689078.136]: Fallback                  [36mIDLE[0m -> [33mRUNNING[0m
[robot_decision-1] [1746689078.136]: Sequence                  [36mIDLE[0m -> [33mRUNNING[0m
[robot_decision-1] [1746689078.136]: RetryUntilSuccessful      [36mIDLE[0m -> [33mRUNNING[0m
[robot_decision-1] [1746689078.136]: CheckIfHealth             [36mIDLE[0m -> [31mFAILURE[0m
[robot_decision-1] [1746689078.136]: CheckIfHealth             [31mFAILURE[0m -> [36mIDLE[0m
[robot_decision-1] [1746689078.137]: CheckIfHealth             [36mIDLE[0m -> [31mFAILURE[0m
[robot_decision-1] [1746689078.137]: CheckIfHealth             [31mFAILURE[0m -> [36mIDLE[0m
[robot_decision-1] [ERROR] [1746689078.136380722] [robot_decision]: [CheckIfHealth] invalid message
[robot_decision-1] [ERROR] [1746689078.136603198] [robot_decision]: [CheckIfHealth] invalid message
[robot_decision-1] [ERROR] [1746689078.136724279] [robot_decision]: [CheckIfHealth] invalid message
[robot_decision-1] [ERROR] [1746689078.136807340] [robot_decision]: [CheckIfHealth] invalid message
[robot_decision-1] [ERROR] [1746689078.136884381] [robot_decision]: [CheckIfHealth] invalid message
[robot_decision-1] [ERROR] [1746689078.136958386] [robot_decision]: [CheckIfHealth] invalid message
[robot_decision-1] [ERROR] [1746689078.137031369] [robot_decision]: [CheckIfHealth] invalid message
[robot_decision-1] [ERROR] [1746689078.137088534] [robot_decision]: [CheckIfHealth] invalid message
[robot_decision-1] [ERROR] [1746689078.137162479] [robot_decision]: [CheckIfHealth] invalid message
[robot_decision-1] [ERROR] [1746689078.137234771] [robot_decision]: [CheckIfHealth] invalid message
[robot_decision-1] [1746689078.137]: CheckIfHealth             [36mIDLE[0m -> [31mFAILURE[0m
[robot_decision-1] [1746689078.137]: CheckIfHealth             [31mFAILURE[0m -> [36mIDLE[0m
[robot_decision-1] [1746689078.137]: CheckIfHealth             [36mIDLE[0m -> [31mFAILURE[0m
[robot_decision-1] [1746689078.137]: CheckIfHealth             [31mFAILURE[0m -> [36mIDLE[0m
[robot_decision-1] [1746689078.137]: CheckIfHealth             [36mIDLE[0m -> [31mFAILURE[0m
[robot_decision-1] [1746689078.137]: CheckIfHealth             [31mFAILURE[0m -> [36mIDLE[0m
[robot_decision-1] [1746689078.137]: CheckIfHealth             [36mIDLE[0m -> [31mFAILURE[0m
[robot_decision-1] [1746689078.137]: CheckIfHealth             [31mFAILURE[0m -> [36mIDLE[0m
[robot_decision-1] [1746689078.137]: CheckIfHealth             [36mIDLE[0m -> [31mFAILURE[0m
[robot_decision-1] [1746689078.137]: CheckIfHealth             [31mFAILURE[0m -> [36mIDLE[0m
[robot_decision-1] [1746689078.137]: CheckIfHealth             [36mIDLE[0m -> [31mFAILURE[0m
[robot_decision-1] [1746689078.137]: CheckIfHealth             [31mFAILURE[0m -> [36mIDLE[0m
[robot_decision-1] [1746689078.137]: CheckIfHealth             [36mIDLE[0m -> [31mFAILURE[0m
[robot_decision-1] [1746689078.137]: CheckIfHealth             [31mFAILURE[0m -> [36mIDLE[0m
[robot_decision-1] [1746689078.137]: CheckIfHealth             [36mIDLE[0m -> [31mFAILURE[0m
[robot_decision-1] [1746689078.137]: CheckIfHealth             [31mFAILURE[0m -> [36mIDLE[0m
[robot_decision-1] [1746689078.137]: CheckIfHealth             [36mIDLE[0m -> [31mFAILURE[0m
[robot_decision-1] [1746689078.137]: CheckIfHealth             [31mFAILURE[0m -> [36mIDLE[0m
[robot_decision-1] [ERROR] [1746689078.137307383] [robot_decision]: [CheckIfHealth] invalid message
[robot_decision-1] [ERROR] [1746689078.137380737] [robot_decision]: [CheckIfHealth] invalid message
[robot_decision-1] [ERROR] [1746689078.137449883] [robot_decision]: [CheckIfHealth] invalid message
[robot_decision-1] [ERROR] [1746689078.137515503] [robot_decision]: [CheckIfHealth] invalid message
[robot_decision-1] [1746689078.137]: CheckIfHealth             [36mIDLE[0m -> [31mFAILURE[0m
[robot_decision-1] [1746689078.137]: CheckIfHealth             [31mFAILURE[0m -> [36mIDLE[0m
[robot_decision-1] [1746689078.137]: CheckIfHealth             [36mIDLE[0m -> [31mFAILURE[0m
[robot_decision-1] [1746689078.137]: CheckIfHealth             [31mFAILURE[0m -> [36mIDLE[0m
[robot_decision-1] [1746689078.137]: CheckIfHealth             [36mIDLE[0m -> [31mFAILURE[0m
[robot_decision-1] [1746689078.137]: CheckIfHealth             [31mFAILURE[0m -> [36mIDLE[0m
[robot_decision-1] [1746689078.138]: CheckIfHealth             [36mIDLE[0m -> [31mFAILURE[0m
[robot_decision-1] [1746689078.138]: CheckIfHealth             [31mFAILURE[0m -> [36mIDLE[0m
[robot_decision-1] [ERROR] [1746689078.137584499] [robot_decision]: [CheckIfHealth] invalid message
[robot_decision-1] [ERROR] [1746689078.137679032] [robot_decision]: [CheckIfHealth] invalid message
[robot_decision-1] [1746689078.138]: CheckIfHealth             [36mIDLE[0m -> [31mFAILURE[0m
[robot_decision-1] [1746689078.138]: CheckIfHealth             [31mFAILURE[0m -> [36mIDLE[0m
[robot_decision-1] [1746689078.138]: CheckIfHealth             [36mIDLE[0m -> [31mFAILURE[0m
[robot_decision-1] [1746689078.138]: CheckIfHealth             [31mFAILURE[0m -> [36mIDLE[0m
[robot_decision-1] [ERROR] [1746689078.137786738] [robot_decision]: [CheckIfHealth] invalid message
[robot_decision-1] [ERROR] [1746689078.137862817] [robot_decision]: [CheckIfHealth] invalid message
[robot_decision-1] [ERROR] [1746689078.137936161] [robot_decision]: [CheckIfHealth] invalid message
[robot_decision-1] [ERROR] [1746689078.138008743] [robot_decision]: [CheckIfHealth] invalid message
[robot_decision-1] [ERROR] [1746689078.138087287] [robot_decision]: [CheckIfHealth] invalid message
[robot_decision-1] [1746689078.138]: CheckIfHealth             [36mIDLE[0m -> [31mFAILURE[0m
[robot_decision-1] [1746689078.138]: CheckIfHealth             [31mFAILURE[0m -> [36mIDLE[0m
[robot_decision-1] [1746689078.138]: CheckIfHealth             [36mIDLE[0m -> [31mFAILURE[0m
[robot_decision-1] [1746689078.138]: CheckIfHealth             [31mFAILURE[0m -> [36mIDLE[0m
[robot_decision-1] [1746689078.138]: CheckIfHealth             [36mIDLE[0m -> [31mFAILURE[0m
[robot_decision-1] [1746689078.138]: CheckIfHealth             [31mFAILURE[0m -> [36mIDLE[0m
[robot_decision-1] [1746689078.138]: CheckIfHealth             [36mIDLE[0m -> [31mFAILURE[0m
[robot_decision-1] [1746689078.138]: CheckIfHealth             [31mFAILURE[0m -> [36mIDLE[0m
[robot_decision-1] [1746689078.138]: CheckIfHealth             [36mIDLE[0m -> [31mFAILURE[0m
[robot_decision-1] [1746689078.138]: CheckIfHealth             [31mFAILURE[0m -> [36mIDLE[0m
[robot_decision-1] [ERROR] [1746689078.138159829] [robot_decision]: [CheckIfHealth] invalid message
[robot_decision-1] [ERROR] [1746689078.138234676] [robot_decision]: [CheckIfHealth] invalid message
[robot_decision-1] [1746689078.138]: CheckIfHealth             [36mIDLE[0m -> [31mFAILURE[0m
[robot_decision-1] [1746689078.138]: CheckIfHealth             [31mFAILURE[0m -> [36mIDLE[0m
[robot_decision-1] [1746689078.138]: CheckIfHealth             [36mIDLE[0m -> [31mFAILURE[0m
[robot_decision-1] [1746689078.138]: CheckIfHealth             [31mFAILURE[0m -> [36mIDLE[0m
[robot_decision-1] [ERROR] [1746689078.138304253] [robot_decision]: [CheckIfHealth] invalid message
[robot_decision-1] [ERROR] [1746689078.138376254] [robot_decision]: [CheckIfHealth] invalid message
[robot_decision-1] [1746689078.138]: CheckIfHealth             [36mIDLE[0m -> [31mFAILURE[0m
[robot_decision-1] [1746689078.138]: CheckIfHealth             [31mFAILURE[0m -> [36mIDLE[0m
[robot_decision-1] [1746689078.138]: CheckIfHealth             [36mIDLE[0m -> [31mFAILURE[0m
[robot_decision-1] [1746689078.138]: CheckIfHealth             [31mFAILURE[0m -> [36mIDLE[0m
[robot_decision-1] [1746689078.138]: RetryUntilSuccessful      [33mRUNNING[0m -> [31mFAILURE[0m
[robot_decision-1] [1746689078.138]: RetryUntilSuccessful      [31mFAILURE[0m -> [36mIDLE[0m
[robot_decision-1] [1746689078.138]: Sequence                  [33mRUNNING[0m -> [31mFAILURE[0m
[robot_decision-1] [1746689078.138]: Sequence                  [36mIDLE[0m -> [33mRUNNING[0m
[robot_decision-1] [1746689078.138]: RetryUntilSuccessful      [36mIDLE[0m -> [33mRUNNING[0m
[robot_decision-1] [1746689078.138]: CheckIfunHealth           [36mIDLE[0m -> [32mSUCCESS[0m
[robot_decision-1] [1746689078.138]: CheckIfunHealth           [32mSUCCESS[0m -> [36mIDLE[0m
[robot_decision-1] [1746689078.138]: RetryUntilSuccessful      [33mRUNNING[0m -> [32mSUCCESS[0m
[robot_decision-1] [1746689078.138]: RetryUntilSuccessful      [36mIDLE[0m -> [33mRUNNING[0m
[robot_decision-1] [1746689078.138]: NavigateToPose            [36mIDLE[0m -> [33mRUNNING[0m
[robot_decision-1] [INFO] [1746689078.138460638] [robot_decision]: [CheckIfunHealth] amount of blood: 100
[robot_decision-1] Point key: 2 x:2 y:0.7
[robot_decision-1] onResultReceived: 4
[robot_decision-1] [1746689079.142]: NavigateToPose            [33mRUNNING[0m -> [32mSUCCESS[0m
[robot_decision-1] [1746689079.142]: NavigateToPose            [32mSUCCESS[0m -> [36mIDLE[0m
[robot_decision-1] [1746689079.142]: RetryUntilSuccessful      [33mRUNNING[0m -> [32mSUCCESS[0m
[robot_decision-1] [1746689079.142]: WaitNode                  [36mIDLE[0m -> [33mRUNNING[0m
[robot_decision-1] [INFO] [1746689079.141673827] [robot_decision]: Navigation Success!
[robot_decision-1] [1746689079.742]: WaitNode                  [33mRUNNING[0m -> [32mSUCCESS[0m
[robot_decision-1] [1746689079.742]: RetryUntilSuccessful      [32mSUCCESS[0m -> [36mIDLE[0m
[robot_decision-1] [1746689079.742]: RetryUntilSuccessful      [32mSUCCESS[0m -> [36mIDLE[0m
[robot_decision-1] [1746689079.742]: WaitNode                  [32mSUCCESS[0m -> [36mIDLE[0m
[robot_decision-1] [1746689079.742]: Sequence                  [33mRUNNING[0m -> [32mSUCCESS[0m
[robot_decision-1] [1746689079.742]: Sequence                  [31mFAILURE[0m -> [36mIDLE[0m
[robot_decision-1] [1746689079.742]: Sequence                  [32mSUCCESS[0m -> [36mIDLE[0m
[robot_decision-1] [1746689079.742]: Fallback                  [33mRUNNING[0m -> [32mSUCCESS[0m
[robot_decision-1] [1746689079.742]: Fallback                  [32mSUCCESS[0m -> [36mIDLE[0m
[robot_decision-1] [1746689079.943]: Fallback                  [36mIDLE[0m -> [33mRUNNING[0m
[robot_decision-1] [1746689079.943]: Sequence                  [36mIDLE[0m -> [33mRUNNING[0m
[robot_decision-1] [1746689079.943]: RetryUntilSuccessful      [36mIDLE[0m -> [33mRUNNING[0m
[robot_decision-1] [1746689079.943]: CheckIfHealth             [36mIDLE[0m -> [31mFAILURE[0m
[robot_decision-1] [1746689079.943]: CheckIfHealth             [31mFAILURE[0m -> [36mIDLE[0m
[robot_decision-1] [1746689079.943]: CheckIfHealth             [36mIDLE[0m -> [31mFAILURE[0m
[robot_decision-1] [1746689079.943]: CheckIfHealth             [31mFAILURE[0m -> [36mIDLE[0m
[robot_decision-1] [1746689079.943]: CheckIfHealth             [36mIDLE[0m -> [31mFAILURE[0m
[robot_decision-1] [1746689079.943]: CheckIfHealth             [31mFAILURE[0m -> [36mIDLE[0m
[robot_decision-1] [1746689079.943]: CheckIfHealth             [36mIDLE[0m -> [31mFAILURE[0m
[robot_decision-1] [1746689079.943]: CheckIfHealth             [31mFAILURE[0m -> [36mIDLE[0m
[robot_decision-1] [1746689079.943]: CheckIfHealth             [36mIDLE[0m -> [31mFAILURE[0m
[robot_decision-1] [1746689079.943]: CheckIfHealth             [31mFAILURE[0m -> [36mIDLE[0m
[robot_decision-1] [1746689079.943]: CheckIfHealth             [36mIDLE[0m -> [31mFAILURE[0m
[robot_decision-1] [1746689079.943]: CheckIfHealth             [31mFAILURE[0m -> [36mIDLE[0m
[robot_decision-1] [1746689079.943]: CheckIfHealth             [36mIDLE[0m -> [31mFAILURE[0m
[robot_decision-1] [1746689079.943]: CheckIfHealth             [31mFAILURE[0m -> [36mIDLE[0m
[robot_decision-1] [1746689079.944]: CheckIfHealth             [36mIDLE[0m -> [31mFAILURE[0m
[robot_decision-1] [1746689079.944]: CheckIfHealth             [31mFAILURE[0m -> [36mIDLE[0m
[robot_decision-1] [1746689079.944]: CheckIfHealth             [36mIDLE[0m -> [31mFAILURE[0m
[robot_decision-1] [1746689079.944]: CheckIfHealth             [31mFAILURE[0m -> [36mIDLE[0m
[robot_decision-1] [ERROR] [1746689079.942967427] [robot_decision]: [CheckIfHealth] invalid message
[robot_decision-1] [ERROR] [1746689079.943091995] [robot_decision]: [CheckIfHealth] invalid message
[robot_decision-1] [ERROR] [1746689079.943207185] [robot_decision]: [CheckIfHealth] invalid message
[robot_decision-1] [ERROR] [1746689079.943279387] [robot_decision]: [CheckIfHealth] invalid message
[robot_decision-1] [ERROR] [1746689079.943351939] [robot_decision]: [CheckIfHealth] invalid message
[robot_decision-1] [ERROR] [1746689079.943430412] [robot_decision]: [CheckIfHealth] invalid message
[robot_decision-1] [ERROR] [1746689079.943499649] [robot_decision]: [CheckIfHealth] invalid message
[robot_decision-1] [ERROR] [1746689079.943574485] [robot_decision]: [CheckIfHealth] invalid message
[robot_decision-1] [ERROR] [1746689079.943676592] [robot_decision]: [CheckIfHealth] invalid message
[robot_decision-1] [ERROR] [1746689079.943794026] [robot_decision]: [CheckIfHealth] invalid message
[robot_decision-1] [1746689079.944]: CheckIfHealth             [36mIDLE[0m -> [31mFAILURE[0m
[robot_decision-1] [1746689079.944]: CheckIfHealth             [31mFAILURE[0m -> [36mIDLE[0m
[robot_decision-1] [1746689079.944]: CheckIfHealth             [36mIDLE[0m -> [31mFAILURE[0m
[robot_decision-1] [1746689079.944]: CheckIfHealth             [31mFAILURE[0m -> [36mIDLE[0m
[robot_decision-1] [1746689079.944]: CheckIfHealth             [36mIDLE[0m -> [31mFAILURE[0m
[robot_decision-1] [1746689079.944]: CheckIfHealth             [31mFAILURE[0m -> [36mIDLE[0m
[robot_decision-1] [1746689079.944]: CheckIfHealth             [36mIDLE[0m -> [31mFAILURE[0m
[robot_decision-1] [1746689079.944]: CheckIfHealth             [31mFAILURE[0m -> [36mIDLE[0m
[robot_decision-1] [1746689079.944]: CheckIfHealth             [36mIDLE[0m -> [31mFAILURE[0m
[robot_decision-1] [1746689079.944]: CheckIfHealth             [31mFAILURE[0m -> [36mIDLE[0m
[robot_decision-1] [1746689079.944]: CheckIfHealth             [36mIDLE[0m -> [31mFAILURE[0m
[robot_decision-1] [1746689079.944]: CheckIfHealth             [31mFAILURE[0m -> [36mIDLE[0m
[robot_decision-1] [1746689079.944]: CheckIfHealth             [36mIDLE[0m -> [31mFAILURE[0m
[robot_decision-1] [1746689079.944]: CheckIfHealth             [31mFAILURE[0m -> [36mIDLE[0m
[robot_decision-1] [ERROR] [1746689079.943876306] [robot_decision]: [CheckIfHealth] invalid message
[robot_decision-1] [ERROR] [1746689079.943959839] [robot_decision]: [CheckIfHealth] invalid message
[robot_decision-1] [ERROR] [1746689079.944037350] [robot_decision]: [CheckIfHealth] invalid message
[robot_decision-1] [ERROR] [1746689079.944110253] [robot_decision]: [CheckIfHealth] invalid message
[robot_decision-1] [ERROR] [1746689079.944191301] [robot_decision]: [CheckIfHealth] invalid message
[robot_decision-1] [ERROR] [1746689079.944289851] [robot_decision]: [CheckIfHealth] invalid message
[robot_decision-1] [ERROR] [1746689079.944398840] [robot_decision]: [CheckIfHealth] invalid message
[robot_decision-1] [ERROR] [1746689079.944486250] [robot_decision]: [CheckIfHealth] invalid message
[robot_decision-1] [ERROR] [1746689079.944593997] [robot_decision]: [CheckIfHealth] invalid message
[robot_decision-1] [ERROR] [1746689079.944675095] [robot_decision]: [CheckIfHealth] invalid message
[robot_decision-1] [1746689079.944]: CheckIfHealth             [36mIDLE[0m -> [31mFAILURE[0m
[robot_decision-1] [1746689079.944]: CheckIfHealth             [31mFAILURE[0m -> [36mIDLE[0m
[robot_decision-1] [1746689079.944]: CheckIfHealth             [36mIDLE[0m -> [31mFAILURE[0m
[robot_decision-1] [1746689079.944]: CheckIfHealth             [31mFAILURE[0m -> [36mIDLE[0m
[robot_decision-1] [1746689079.945]: CheckIfHealth             [36mIDLE[0m -> [31mFAILURE[0m
[robot_decision-1] [1746689079.945]: CheckIfHealth             [31mFAILURE[0m -> [36mIDLE[0m
[robot_decision-1] [1746689079.945]: CheckIfHealth             [36mIDLE[0m -> [31mFAILURE[0m
[robot_decision-1] [1746689079.945]: CheckIfHealth             [31mFAILURE[0m -> [36mIDLE[0m
[robot_decision-1] [1746689079.945]: CheckIfHealth             [36mIDLE[0m -> [31mFAILURE[0m
[robot_decision-1] [1746689079.945]: CheckIfHealth             [31mFAILURE[0m -> [36mIDLE[0m
[robot_decision-1] [ERROR] [1746689079.944762584] [robot_decision]: [CheckIfHealth] invalid message
[robot_decision-1] [ERROR] [1746689079.944842590] [robot_decision]: [CheckIfHealth] invalid message
[robot_decision-1] [1746689079.945]: CheckIfHealth             [36mIDLE[0m -> [31mFAILURE[0m
[robot_decision-1] [1746689079.945]: CheckIfHealth             [31mFAILURE[0m -> [36mIDLE[0m
[robot_decision-1] [1746689079.945]: CheckIfHealth             [36mIDLE[0m -> [31mFAILURE[0m
[robot_decision-1] [1746689079.945]: CheckIfHealth             [31mFAILURE[0m -> [36mIDLE[0m
[robot_decision-1] [ERROR] [1746689079.944919230] [robot_decision]: [CheckIfHealth] invalid message
[robot_decision-1] [1746689079.945]: CheckIfHealth             [36mIDLE[0m -> [31mFAILURE[0m
[robot_decision-1] [1746689079.945]: CheckIfHealth             [31mFAILURE[0m -> [36mIDLE[0m
[robot_decision-1] [1746689079.945]: CheckIfHealth             [36mIDLE[0m -> [31mFAILURE[0m
[robot_decision-1] [1746689079.945]: CheckIfHealth             [31mFAILURE[0m -> [36mIDLE[0m
[robot_decision-1] [1746689079.945]: CheckIfHealth             [36mIDLE[0m -> [31mFAILURE[0m
[robot_decision-1] [1746689079.945]: CheckIfHealth             [31mFAILURE[0m -> [36mIDLE[0m
[robot_decision-1] [1746689079.945]: RetryUntilSuccessful      [33mRUNNING[0m -> [31mFAILURE[0m
[robot_decision-1] [1746689079.945]: RetryUntilSuccessful      [31mFAILURE[0m -> [36mIDLE[0m
[robot_decision-1] [1746689079.945]: Sequence                  [33mRUNNING[0m -> [31mFAILURE[0m
[robot_decision-1] [1746689079.945]: Sequence                  [36mIDLE[0m -> [33mRUNNING[0m
[robot_decision-1] [1746689079.945]: RetryUntilSuccessful      [36mIDLE[0m -> [33mRUNNING[0m
[robot_decision-1] [ERROR] [1746689079.945074854] [robot_decision]: [CheckIfHealth] invalid message
[robot_decision-1] [ERROR] [1746689079.945168926] [robot_decision]: [CheckIfHealth] invalid message
[robot_decision-1] [INFO] [1746689079.945334819] [robot_decision]: [CheckIfunHealth] amount of blood: 100
[robot_decision-1] [1746689079.945]: CheckIfunHealth           [36mIDLE[0m -> [32mSUCCESS[0m
[robot_decision-1] [1746689079.945]: CheckIfunHealth           [32mSUCCESS[0m -> [36mIDLE[0m
[robot_decision-1] [1746689079.945]: RetryUntilSuccessful      [33mRUNNING[0m -> [32mSUCCESS[0m
[robot_decision-1] [1746689079.945]: RetryUntilSuccessful      [36mIDLE[0m -> [33mRUNNING[0m
[robot_decision-1] [1746689079.945]: NavigateToPose            [36mIDLE[0m -> [33mRUNNING[0m
[robot_decision-1] Point key: 2 x:2 y:0.7
[robot_decision-1] onResultReceived: 4
[robot_decision-1] [1746689080.948]: NavigateToPose            [33mRUNNING[0m -> [32mSUCCESS[0m
[robot_decision-1] [1746689080.948]: NavigateToPose            [32mSUCCESS[0m -> [36mIDLE[0m
[robot_decision-1] [1746689080.949]: RetryUntilSuccessful      [33mRUNNING[0m -> [32mSUCCESS[0m
[robot_decision-1] [1746689080.949]: WaitNode                  [36mIDLE[0m -> [33mRUNNING[0m
[robot_decision-1] [INFO] [1746689080.948427394] [robot_decision]: Navigation Success!
[robot_decision-1] [1746689081.549]: WaitNode                  [33mRUNNING[0m -> [32mSUCCESS[0m
[robot_decision-1] [1746689081.549]: RetryUntilSuccessful      [32mSUCCESS[0m -> [36mIDLE[0m
[robot_decision-1] [1746689081.549]: RetryUntilSuccessful      [32mSUCCESS[0m -> [36mIDLE[0m
[robot_decision-1] [1746689081.549]: WaitNode                  [32mSUCCESS[0m -> [36mIDLE[0m
[robot_decision-1] [1746689081.549]: Sequence                  [33mRUNNING[0m -> [32mSUCCESS[0m
[robot_decision-1] [1746689081.549]: Sequence                  [31mFAILURE[0m -> [36mIDLE[0m
[robot_decision-1] [1746689081.549]: Sequence                  [32mSUCCESS[0m -> [36mIDLE[0m
[robot_decision-1] [1746689081.549]: Fallback                  [33mRUNNING[0m -> [32mSUCCESS[0m
[robot_decision-1] [1746689081.549]: Fallback                  [32mSUCCESS[0m -> [36mIDLE[0m
[robot_decision-1] [1746689081.749]: Fallback                  [36mIDLE[0m -> [33mRUNNING[0m
[robot_decision-1] [1746689081.749]: Sequence                  [36mIDLE[0m -> [33mRUNNING[0m
[robot_decision-1] [1746689081.749]: RetryUntilSuccessful      [36mIDLE[0m -> [33mRUNNING[0m
[robot_decision-1] [1746689081.750]: CheckIfHealth             [36mIDLE[0m -> [31mFAILURE[0m
[robot_decision-1] [1746689081.750]: CheckIfHealth             [31mFAILURE[0m -> [36mIDLE[0m
[robot_decision-1] [1746689081.750]: CheckIfHealth             [36mIDLE[0m -> [31mFAILURE[0m
[robot_decision-1] [1746689081.750]: CheckIfHealth             [31mFAILURE[0m -> [36mIDLE[0m
[robot_decision-1] [1746689081.750]: CheckIfHealth             [36mIDLE[0m -> [31mFAILURE[0m
[robot_decision-1] [1746689081.750]: CheckIfHealth             [31mFAILURE[0m -> [36mIDLE[0m
[robot_decision-1] [1746689081.750]: CheckIfHealth             [36mIDLE[0m -> [31mFAILURE[0m
[robot_decision-1] [1746689081.750]: CheckIfHealth             [31mFAILURE[0m -> [36mIDLE[0m
[robot_decision-1] [1746689081.750]: CheckIfHealth             [36mIDLE[0m -> [31mFAILURE[0m
[robot_decision-1] [1746689081.750]: CheckIfHealth             [31mFAILURE[0m -> [36mIDLE[0m
[robot_decision-1] [1746689081.750]: CheckIfHealth             [36mIDLE[0m -> [31mFAILURE[0m
[robot_decision-1] [1746689081.750]: CheckIfHealth             [31mFAILURE[0m -> [36mIDLE[0m
[robot_decision-1] [1746689081.750]: CheckIfHealth             [36mIDLE[0m -> [31mFAILURE[0m
[robot_decision-1] [1746689081.750]: CheckIfHealth             [31mFAILURE[0m -> [36mIDLE[0m
[robot_decision-1] [ERROR] [1746689081.749721604] [robot_decision]: [CheckIfHealth] invalid message
[robot_decision-1] [ERROR] [1746689081.749956263] [robot_decision]: [CheckIfHealth] invalid message
[robot_decision-1] [ERROR] [1746689081.750041007] [robot_decision]: [CheckIfHealth] invalid message
[robot_decision-1] [ERROR] [1746689081.750101879] [robot_decision]: [CheckIfHealth] invalid message
[robot_decision-1] [ERROR] [1746689081.750244248] [robot_decision]: [CheckIfHealth] invalid message
[robot_decision-1] [ERROR] [1746689081.750340544] [robot_decision]: [CheckIfHealth] invalid message
[robot_decision-1] [ERROR] [1746689081.750415992] [robot_decision]: [CheckIfHealth] invalid message
[robot_decision-1] [1746689081.750]: CheckIfHealth             [36mIDLE[0m -> [31mFAILURE[0m
[robot_decision-1] [1746689081.750]: CheckIfHealth             [31mFAILURE[0m -> [36mIDLE[0m
[robot_decision-1] [1746689081.750]: CheckIfHealth             [36mIDLE[0m -> [31mFAILURE[0m
[robot_decision-1] [1746689081.750]: CheckIfHealth             [31mFAILURE[0m -> [36mIDLE[0m
[robot_decision-1] [1746689081.751]: CheckIfHealth             [36mIDLE[0m -> [31mFAILURE[0m
[robot_decision-1] [1746689081.751]: CheckIfHealth             [31mFAILURE[0m -> [36mIDLE[0m
[robot_decision-1] [ERROR] [1746689081.750483475] [robot_decision]: [CheckIfHealth] invalid message
[robot_decision-1] [ERROR] [1746689081.750552030] [robot_decision]: [CheckIfHealth] invalid message
[robot_decision-1] [ERROR] [1746689081.750620525] [robot_decision]: [CheckIfHealth] invalid message
[robot_decision-1] [1746689081.751]: CheckIfHealth             [36mIDLE[0m -> [31mFAILURE[0m
[robot_decision-1] [1746689081.751]: CheckIfHealth             [31mFAILURE[0m -> [36mIDLE[0m
[robot_decision-1] [1746689081.751]: CheckIfHealth             [36mIDLE[0m -> [31mFAILURE[0m
[robot_decision-1] [1746689081.751]: CheckIfHealth             [31mFAILURE[0m -> [36mIDLE[0m
[robot_decision-1] [ERROR] [1746689081.750694721] [robot_decision]: [CheckIfHealth] invalid message
[robot_decision-1] [ERROR] [1746689081.750906768] [robot_decision]: [CheckIfHealth] invalid message
[robot_decision-1] [1746689081.751]: CheckIfHealth             [36mIDLE[0m -> [31mFAILURE[0m
[robot_decision-1] [1746689081.751]: CheckIfHealth             [31mFAILURE[0m -> [36mIDLE[0m
[robot_decision-1] [1746689081.751]: CheckIfHealth             [36mIDLE[0m -> [31mFAILURE[0m
[robot_decision-1] [1746689081.751]: CheckIfHealth             [31mFAILURE[0m -> [36mIDLE[0m
[robot_decision-1] [ERROR] [1746689081.750996802] [robot_decision]: [CheckIfHealth] invalid message
[robot_decision-1] [ERROR] [1746689081.751069625] [robot_decision]: [CheckIfHealth] invalid message
[robot_decision-1] [1746689081.751]: CheckIfHealth             [36mIDLE[0m -> [31mFAILURE[0m
[robot_decision-1] [1746689081.751]: CheckIfHealth             [31mFAILURE[0m -> [36mIDLE[0m
[robot_decision-1] [1746689081.751]: CheckIfHealth             [36mIDLE[0m -> [31mFAILURE[0m
[robot_decision-1] [1746689081.751]: CheckIfHealth             [31mFAILURE[0m -> [36mIDLE[0m
[robot_decision-1] [ERROR] [1746689081.751152136] [robot_decision]: [CheckIfHealth] invalid message
[robot_decision-1] [1746689081.751]: CheckIfHealth             [36mIDLE[0m -> [31mFAILURE[0m
[robot_decision-1] [1746689081.751]: CheckIfHealth             [31mFAILURE[0m -> [36mIDLE[0m
[robot_decision-1] [ERROR] [1746689081.751221673] [robot_decision]: [CheckIfHealth] invalid message
[robot_decision-1] [ERROR] [1746689081.751291861] [robot_decision]: [CheckIfHealth] invalid message
[robot_decision-1] [1746689081.751]: CheckIfHealth             [36mIDLE[0m -> [31mFAILURE[0m
[robot_decision-1] [1746689081.751]: CheckIfHealth             [31mFAILURE[0m -> [36mIDLE[0m
[robot_decision-1] [1746689081.751]: CheckIfHealth             [36mIDLE[0m -> [31mFAILURE[0m
[robot_decision-1] [1746689081.751]: CheckIfHealth             [31mFAILURE[0m -> [36mIDLE[0m
[robot_decision-1] [ERROR] [1746689081.751362389] [robot_decision]: [CheckIfHealth] invalid message
[robot_decision-1] [1746689081.751]: CheckIfHealth             [36mIDLE[0m -> [31mFAILURE[0m
[robot_decision-1] [1746689081.751]: CheckIfHealth             [31mFAILURE[0m -> [36mIDLE[0m
[robot_decision-1] [ERROR] [1746689081.751432758] [robot_decision]: [CheckIfHealth] invalid message
[robot_decision-1] [ERROR] [1746689081.751502686] [robot_decision]: [CheckIfHealth] invalid message
[robot_decision-1] [1746689081.751]: CheckIfHealth             [36mIDLE[0m -> [31mFAILURE[0m
[robot_decision-1] [1746689081.751]: CheckIfHealth             [31mFAILURE[0m -> [36mIDLE[0m
[robot_decision-1] [1746689081.752]: CheckIfHealth             [36mIDLE[0m -> [31mFAILURE[0m
[robot_decision-1] [1746689081.752]: CheckIfHealth             [31mFAILURE[0m -> [36mIDLE[0m
[robot_decision-1] [ERROR] [1746689081.751572563] [robot_decision]: [CheckIfHealth] invalid message
[robot_decision-1] [1746689081.752]: CheckIfHealth             [36mIDLE[0m -> [31mFAILURE[0m
[robot_decision-1] [1746689081.752]: CheckIfHealth             [31mFAILURE[0m -> [36mIDLE[0m
[robot_decision-1] [ERROR] [1746689081.751641108] [robot_decision]: [CheckIfHealth] invalid message
[robot_decision-1] [1746689081.752]: CheckIfHealth             [36mIDLE[0m -> [31mFAILURE[0m
[robot_decision-1] [1746689081.752]: CheckIfHealth             [31mFAILURE[0m -> [36mIDLE[0m
[robot_decision-1] [ERROR] [1746689081.751712469] [robot_decision]: [CheckIfHealth] invalid message
[robot_decision-1] [1746689081.752]: CheckIfHealth             [36mIDLE[0m -> [31mFAILURE[0m
[robot_decision-1] [1746689081.752]: CheckIfHealth             [31mFAILURE[0m -> [36mIDLE[0m
[robot_decision-1] [ERROR] [1746689081.751779401] [robot_decision]: [CheckIfHealth] invalid message
[robot_decision-1] [1746689081.752]: CheckIfHealth             [36mIDLE[0m -> [31mFAILURE[0m
[robot_decision-1] [1746689081.752]: CheckIfHealth             [31mFAILURE[0m -> [36mIDLE[0m
[robot_decision-1] [1746689081.752]: RetryUntilSuccessful      [33mRUNNING[0m -> [31mFAILURE[0m
[robot_decision-1] [1746689081.752]: RetryUntilSuccessful      [31mFAILURE[0m -> [36mIDLE[0m
[robot_decision-1] [1746689081.752]: Sequence                  [33mRUNNING[0m -> [31mFAILURE[0m
[robot_decision-1] [1746689081.752]: Sequence                  [36mIDLE[0m -> [33mRUNNING[0m
[robot_decision-1] [1746689081.752]: RetryUntilSuccessful      [36mIDLE[0m -> [33mRUNNING[0m
[robot_decision-1] [INFO] [1746689081.751866590] [robot_decision]: [CheckIfunHealth] amount of blood: 100
[robot_decision-1] [1746689081.752]: CheckIfunHealth           [36mIDLE[0m -> [32mSUCCESS[0m
[robot_decision-1] [1746689081.752]: CheckIfunHealth           [32mSUCCESS[0m -> [36mIDLE[0m
[robot_decision-1] [1746689081.752]: RetryUntilSuccessful      [33mRUNNING[0m -> [32mSUCCESS[0m
[robot_decision-1] [1746689081.752]: RetryUntilSuccessful      [36mIDLE[0m -> [33mRUNNING[0m
[robot_decision-1] [1746689081.752]: NavigateToPose            [36mIDLE[0m -> [33mRUNNING[0m
[robot_decision-1] Point key: 2 x:2 y:0.7
