[INFO] [launch]: All log files can be found below /home/aurora/.ros/log/2025-05-09-19-38-30-957906-aurora-2271239
[INFO] [launch]: Default logging verbosity is set to INFO
[INFO] [robot_decision-1]: process started with pid [2271254]
[robot_decision-1] [WARN] [1746790711.162960661] [rcl.logging_rosout]: Publisher already registered for provided node name. If this is due to multiple nodes with the same name then all logs for that logger name will go out over the existing publisher. As soon as any node with that name is destructed it will unregister the publisher, preventing any further logs for that name from being published on the rosout topic.
[robot_decision-1] [WARN] [1746790711.169140814] [rcl.logging_rosout]: Publisher already registered for provided node name. If this is due to multiple nodes with the same name then all logs for that logger name will go out over the existing publisher. As soon as any node with that name is destructed it will unregister the publisher, preventing any further logs for that name from being published on the rosout topic.
[robot_decision-1] [WARN] [1746790711.177320351] [rcl.logging_rosout]: Publisher already registered for provided node name. If this is due to multiple nodes with the same name then all logs for that logger name will go out over the existing publisher. As soon as any node with that name is destructed it will unregister the publisher, preventing any further logs for that name from being published on the rosout topic.
[robot_decision-1] [WARN] [1746790711.183992949] [rcl.logging_rosout]: Publisher already registered for provided node name. If this is due to multiple nodes with the same name then all logs for that logger name will go out over the existing publisher. As soon as any node with that name is destructed it will unregister the publisher, preventing any further logs for that name from being published on the rosout topic.
[robot_decision-1] [INFO] [1746790711.197001953] [robot_decision]: Node [IfHealthSub] created Subscriber to topic [ifhealth]
[robot_decision-1] [INFO] [1746790711.197710456] [robot_decision]: Node [OurOutpostSub] created Subscriber to topic [our_outpost_health]
[robot_decision-1] [INFO] [1746790711.198340577] [robot_decision]: Node [EnemyOutpostSub] created Subscriber to topic [enemy_outpost_health]
[robot_decision-1] [ERROR] [1746790711.713756400] [robot_decision]: NavigateToPose: Action server with name 'navigate_to_pose' is not reachable.
[robot_decision-1] [INFO] [1746790711.714130285] [robot_decision]: Loading points from: /home/aurora/pnx_decision/install/robot_decision/share/robot_decision/behavior_trees/RMUC_point.yaml
[robot_decision-1] [INFO] [1746790711.714810132] [robot_decision]: Points loaded successfully
[robot_decision-1] [ERROR] [1746790712.215407450] [robot_decision]: NavigateToPose: Action server with name 'navigate_to_pose' is not reachable.
[robot_decision-1] [INFO] [1746790712.215834858] [robot_decision]: Loading points from: /home/aurora/pnx_decision/install/robot_decision/share/robot_decision/behavior_trees/RMUC_point.yaml
[robot_decision-1] [INFO] [1746790712.216153546] [robot_decision]: Points loaded successfully
[robot_decision-1] [ERROR] [1746790712.716670325] [robot_decision]: NavigateToPose: Action server with name 'navigate_to_pose' is not reachable.
[robot_decision-1] [INFO] [1746790712.717112621] [robot_decision]: Loading points from: /home/aurora/pnx_decision/install/robot_decision/share/robot_decision/behavior_trees/RMUC_point.yaml
[robot_decision-1] [INFO] [1746790712.717443482] [robot_decision]: Points loaded successfully
[robot_decision-1] [ERROR] [1746790713.217746482] [robot_decision]: NavigateToPose: Action server with name 'navigate_to_pose' is not reachable.
[robot_decision-1] [INFO] [1746790713.217956990] [robot_decision]: Loading points from: /home/aurora/pnx_decision/install/robot_decision/share/robot_decision/behavior_trees/RMUC_point.yaml
[robot_decision-1] [INFO] [1746790713.218222785] [robot_decision]: Points loaded successfully
[robot_decision-1] [INFO] [1746790713.218934033] [robot_decision]: [IfHealthSub] health value: 100
[robot_decision-1] [INFO] [1746790713.219143138] [robot_decision]: [OurOutpostSub] our outpost health value: 1500
[robot_decision-1] [INFO] [1746790713.219260285] [robot_decision]: [EnemyOutpostSub] enemy outpost health value: 1500
[robot_decision-1] [INFO] [1746790713.219383704] [IfHealth]: [CheckIfHealth] amount of blood: 100
[robot_decision-1] [1746790713.218]: ActionSequence            [36mIDLE[0m -> [33mRUNNING[0m
[robot_decision-1] [1746790713.219]: Inverter                  [36mIDLE[0m -> [33mRUNNING[0m
[robot_decision-1] [1746790713.219]: Subscribers               [36mIDLE[0m -> [33mRUNNING[0m
[robot_decision-1] [1746790713.219]: IfHealthSub               [36mIDLE[0m -> [32mSUCCESS[0m
[robot_decision-1] [1746790713.219]: OurOutpostSub             [36mIDLE[0m -> [32mSUCCESS[0m
[robot_decision-1] [1746790713.219]: EnemyOutpostSub           [36mIDLE[0m -> [32mSUCCESS[0m
[robot_decision-1] [1746790713.219]: IfHealthSub               [32mSUCCESS[0m -> [36mIDLE[0m
[robot_decision-1] [1746790713.219]: OurOutpostSub             [32mSUCCESS[0m -> [36mIDLE[0m
[robot_decision-1] [1746790713.219]: EnemyOutpostSub           [32mSUCCESS[0m -> [36mIDLE[0m
[robot_decision-1] [1746790713.219]: Subscribers               [33mRUNNING[0m -> [32mSUCCESS[0m
[robot_decision-1] [1746790713.219]: Subscribers               [32mSUCCESS[0m -> [36mIDLE[0m
[robot_decision-1] [1746790713.219]: Inverter                  [33mRUNNING[0m -> [31mFAILURE[0m
[robot_decision-1] [1746790713.219]: HealthCheck               [36mIDLE[0m -> [33mRUNNING[0m
[robot_decision-1] [1746790713.219]: CheckIfHealth             [36mIDLE[0m -> [32mSUCCESS[0m
[robot_decision-1] [1746790713.219]: RetryUntilSuccessful      [36mIDLE[0m -> [33mRUNNING[0m
[robot_decision-1] [1746790713.219]: Sequence                  [36mIDLE[0m -> [33mRUNNING[0m
[robot_decision-1] [1746790713.219]: WaitNode                  [36mIDLE[0m -> [33mRUNNING[0m
[robot_decision-1] [1746790713.219]: Inverter                  [31mFAILURE[0m -> [36mIDLE[0m
[robot_decision-1] --- status: RUNNING
[robot_decision-1] 
[robot_decision-1] [1746790713.724]: Inverter                  [36mIDLE[0m -> [33mRUNNING[0m
[robot_decision-1] [1746790713.724]: Subscribers               [36mIDLE[0m -> [33mRUNNING[0m
[robot_decision-1] [1746790713.725]: IfHealthSub               [36mIDLE[0m -> [32mSUCCESS[0m
[robot_decision-1] [1746790713.725]: OurOutpostSub             [36mIDLE[0m -> [32mSUCCESS[0m
[robot_decision-1] [1746790713.725]: EnemyOutpostSub           [36mIDLE[0m -> [32mSUCCESS[0m
[robot_decision-1] [1746790713.725]: IfHealthSub               [32mSUCCESS[0m -> [36mIDLE[0m
[robot_decision-1] [1746790713.725]: OurOutpostSub             [32mSUCCESS[0m -> [36mIDLE[0m
[robot_decision-1] [1746790713.725]: EnemyOutpostSub           [32mSUCCESS[0m -> [36mIDLE[0m
[robot_decision-1] [1746790713.725]: Subscribers               [33mRUNNING[0m -> [32mSUCCESS[0m
[robot_decision-1] [1746790713.725]: Subscribers               [32mSUCCESS[0m -> [36mIDLE[0m
[robot_decision-1] [1746790713.725]: Inverter                  [33mRUNNING[0m -> [31mFAILURE[0m
[robot_decision-1] [1746790713.725]: WaitNode                  [33mRUNNING[0m -> [32mSUCCESS[0m
[robot_decision-1] [1746790713.725]: NavigateToPose            [36mIDLE[0m -> [33mRUNNING[0m
[robot_decision-1] Point key: 2 x:2 y:0.7
[robot_decision-1] [1746790713.725]: NavigateToPose            [33mRUNNING[0m -> [31mFAILURE[0m
[robot_decision-1] [1746790713.725]: WaitNode                  [32mSUCCESS[0m -> [36mIDLE[0m
[robot_decision-1] [1746790713.725]: NavigateToPose            [31mFAILURE[0m -> [36mIDLE[0m
[robot_decision-1] [1746790713.725]: Sequence                  [33mRUNNING[0m -> [31mFAILURE[0m
[robot_decision-1] [1746790713.725]: Sequence                  [31mFAILURE[0m -> [36mIDLE[0m
[robot_decision-1] [1746790713.725]: Sequence                  [36mIDLE[0m -> [33mRUNNING[0m
[robot_decision-1] [1746790713.725]: WaitNode                  [36mIDLE[0m -> [33mRUNNING[0m
[robot_decision-1] [1746790713.725]: Inverter                  [31mFAILURE[0m -> [36mIDLE[0m
[robot_decision-1] [INFO] [1746790713.724410120] [robot_decision]: [IfHealthSub] health value: 100
[robot_decision-1] [INFO] [1746790713.724570100] [robot_decision]: [OurOutpostSub] our outpost health value: 1500
[robot_decision-1] [INFO] [1746790713.724645606] [robot_decision]: [EnemyOutpostSub] enemy outpost health value: 1500
[robot_decision-1] [WARN] [1746790713.724923515] [robot_decision]: NavigateToPose failure: SERVER_UNREACHABLE
[robot_decision-1] [1746790714.227]: Inverter                  [36mIDLE[0m -> [33mRUNNING[0m
[robot_decision-1] [1746790714.227]: Subscribers               [36mIDLE[0m -> [33mRUNNING[0m
[robot_decision-1] [1746790714.227]: IfHealthSub               [36mIDLE[0m -> [32mSUCCESS[0m
[robot_decision-1] [1746790714.227]: OurOutpostSub             [36mIDLE[0m -> [32mSUCCESS[0m
[robot_decision-1] [1746790714.228]: EnemyOutpostSub           [36mIDLE[0m -> [32mSUCCESS[0m
[robot_decision-1] [1746790714.228]: IfHealthSub               [32mSUCCESS[0m -> [36mIDLE[0m
[robot_decision-1] [1746790714.228]: OurOutpostSub             [32mSUCCESS[0m -> [36mIDLE[0m
[robot_decision-1] [1746790714.228]: EnemyOutpostSub           [32mSUCCESS[0m -> [36mIDLE[0m
[robot_decision-1] [1746790714.228]: Subscribers               [33mRUNNING[0m -> [32mSUCCESS[0m
[robot_decision-1] [1746790714.228]: Subscribers               [32mSUCCESS[0m -> [36mIDLE[0m
[robot_decision-1] [1746790714.228]: Inverter                  [33mRUNNING[0m -> [31mFAILURE[0m
[robot_decision-1] [1746790714.228]: WaitNode                  [33mRUNNING[0m -> [32mSUCCESS[0m
[robot_decision-1] [1746790714.228]: NavigateToPose            [36mIDLE[0m -> [33mRUNNING[0m
[robot_decision-1] Point key: 2 x:2 y:0.7
[robot_decision-1] [1746790714.228]: NavigateToPose            [33mRUNNING[0m -> [31mFAILURE[0m
[robot_decision-1] [1746790714.228]: WaitNode                  [32mSUCCESS[0m -> [36mIDLE[0m
[robot_decision-1] [1746790714.228]: NavigateToPose            [31mFAILURE[0m -> [36mIDLE[0m
[robot_decision-1] [1746790714.228]: Sequence                  [33mRUNNING[0m -> [31mFAILURE[0m
[robot_decision-1] [1746790714.228]: Sequence                  [31mFAILURE[0m -> [36mIDLE[0m
[robot_decision-1] [1746790714.229]: Sequence                  [36mIDLE[0m -> [33mRUNNING[0m
[robot_decision-1] [1746790714.229]: WaitNode                  [36mIDLE[0m -> [33mRUNNING[0m
[robot_decision-1] [1746790714.229]: Inverter                  [31mFAILURE[0m -> [36mIDLE[0m
[robot_decision-1] [INFO] [1746790714.227181943] [robot_decision]: [IfHealthSub] health value: 100
[robot_decision-1] [INFO] [1746790714.227437698] [robot_decision]: [OurOutpostSub] our outpost health value: 1500
[robot_decision-1] [INFO] [1746790714.227548292] [robot_decision]: [EnemyOutpostSub] enemy outpost health value: 1500
[robot_decision-1] [WARN] [1746790714.228402777] [robot_decision]: NavigateToPose failure: SERVER_UNREACHABLE
[robot_decision-1] [1746790714.730]: Inverter                  [36mIDLE[0m -> [33mRUNNING[0m
[robot_decision-1] [1746790714.730]: Subscribers               [36mIDLE[0m -> [33mRUNNING[0m
[robot_decision-1] [INFO] [1746790714.730382905] [robot_decision]: [IfHealthSub] health value: 100
[robot_decision-1] [INFO] [1746790714.730554768] [robot_decision]: [OurOutpostSub] our outpost health value: 1500
[robot_decision-1] [INFO] [1746790714.730645043] [robot_decision]: [EnemyOutpostSub] enemy outpost health value: 1500
[robot_decision-1] [1746790714.730]: IfHealthSub               [36mIDLE[0m -> [32mSUCCESS[0m
[robot_decision-1] [1746790714.731]: OurOutpostSub             [36mIDLE[0m -> [32mSUCCESS[0m
[robot_decision-1] [1746790714.731]: EnemyOutpostSub           [36mIDLE[0m -> [32mSUCCESS[0m
[robot_decision-1] [1746790714.731]: IfHealthSub               [32mSUCCESS[0m -> [36mIDLE[0m
[robot_decision-1] [1746790714.731]: OurOutpostSub             [32mSUCCESS[0m -> [36mIDLE[0m
[robot_decision-1] [1746790714.731]: EnemyOutpostSub           [32mSUCCESS[0m -> [36mIDLE[0m
[robot_decision-1] [1746790714.731]: Subscribers               [33mRUNNING[0m -> [32mSUCCESS[0m
[robot_decision-1] [1746790714.731]: Subscribers               [32mSUCCESS[0m -> [36mIDLE[0m
[robot_decision-1] [1746790714.731]: Inverter                  [33mRUNNING[0m -> [31mFAILURE[0m
[robot_decision-1] [1746790714.731]: WaitNode                  [33mRUNNING[0m -> [32mSUCCESS[0m
[robot_decision-1] [1746790714.731]: NavigateToPose            [36mIDLE[0m -> [33mRUNNING[0m
[robot_decision-1] Point key: 2 x:2 y:0.7
[robot_decision-1] [1746790714.731]: Inverter                  [31mFAILURE[0m -> [36mIDLE[0m
[robot_decision-1] [1746790715.231]: Inverter                  [36mIDLE[0m -> [33mRUNNING[0m
[robot_decision-1] [1746790715.231]: Subscribers               [36mIDLE[0m -> [33mRUNNING[0m
[robot_decision-1] [INFO] [1746790715.231613733] [robot_decision]: [IfHealthSub] health value: 100
[robot_decision-1] [INFO] [1746790715.231758113] [robot_decision]: [OurOutpostSub] our outpost health value: 1500
[robot_decision-1] [INFO] [1746790715.231834841] [robot_decision]: [EnemyOutpostSub] enemy outpost health value: 1500
[robot_decision-1] [1746790715.232]: IfHealthSub               [36mIDLE[0m -> [32mSUCCESS[0m
[robot_decision-1] [1746790715.232]: OurOutpostSub             [36mIDLE[0m -> [32mSUCCESS[0m
[robot_decision-1] [1746790715.232]: EnemyOutpostSub           [36mIDLE[0m -> [32mSUCCESS[0m
[robot_decision-1] [1746790715.232]: IfHealthSub               [32mSUCCESS[0m -> [36mIDLE[0m
[robot_decision-1] [1746790715.232]: OurOutpostSub             [32mSUCCESS[0m -> [36mIDLE[0m
[robot_decision-1] [1746790715.232]: EnemyOutpostSub           [32mSUCCESS[0m -> [36mIDLE[0m
[robot_decision-1] [1746790715.232]: Subscribers               [33mRUNNING[0m -> [32mSUCCESS[0m
[robot_decision-1] [1746790715.232]: Subscribers               [32mSUCCESS[0m -> [36mIDLE[0m
[robot_decision-1] [1746790715.232]: Inverter                  [33mRUNNING[0m -> [31mFAILURE[0m
[robot_decision-1] [1746790715.232]: Inverter                  [31mFAILURE[0m -> [36mIDLE[0m
[robot_decision-1] [1746790715.732]: Inverter                  [36mIDLE[0m -> [33mRUNNING[0m
[robot_decision-1] [1746790715.732]: Subscribers               [36mIDLE[0m -> [33mRUNNING[0m
[robot_decision-1] [INFO] [1746790715.732818058] [robot_decision]: [IfHealthSub] health value: 100
[robot_decision-1] [INFO] [1746790715.733039657] [robot_decision]: [OurOutpostSub] our outpost health value: 1500
[robot_decision-1] [1746790715.733]: IfHealthSub               [36mIDLE[0m -> [32mSUCCESS[0m
[robot_decision-1] [1746790715.733]: OurOutpostSub             [36mIDLE[0m -> [32mSUCCESS[0m
[robot_decision-1] [1746790715.733]: EnemyOutpostSub           [36mIDLE[0m -> [32mSUCCESS[0m
[robot_decision-1] [1746790715.733]: IfHealthSub               [32mSUCCESS[0m -> [36mIDLE[0m
[robot_decision-1] [1746790715.733]: OurOutpostSub             [32mSUCCESS[0m -> [36mIDLE[0m
[robot_decision-1] [1746790715.733]: EnemyOutpostSub           [32mSUCCESS[0m -> [36mIDLE[0m
[robot_decision-1] [1746790715.733]: Subscribers               [33mRUNNING[0m -> [32mSUCCESS[0m
[robot_decision-1] [1746790715.733]: Subscribers               [32mSUCCESS[0m -> [36mIDLE[0m
[robot_decision-1] [1746790715.733]: Inverter                  [33mRUNNING[0m -> [31mFAILURE[0m
[robot_decision-1] [1746790715.733]: Inverter                  [31mFAILURE[0m -> [36mIDLE[0m
[robot_decision-1] [INFO] [1746790715.733199407] [robot_decision]: [EnemyOutpostSub] enemy outpost health value: 1500
[robot_decision-1] [1746790716.234]: Inverter                  [36mIDLE[0m -> [33mRUNNING[0m
[robot_decision-1] [1746790716.234]: Subscribers               [36mIDLE[0m -> [33mRUNNING[0m
[robot_decision-1] [INFO] [1746790716.234206764] [robot_decision]: [IfHealthSub] health value: 100
[robot_decision-1] [INFO] [1746790716.234425548] [robot_decision]: [OurOutpostSub] our outpost health value: 1500
[robot_decision-1] [1746790716.234]: IfHealthSub               [36mIDLE[0m -> [32mSUCCESS[0m
[robot_decision-1] [1746790716.234]: OurOutpostSub             [36mIDLE[0m -> [32mSUCCESS[0m
[robot_decision-1] [1746790716.235]: EnemyOutpostSub           [36mIDLE[0m -> [32mSUCCESS[0m
[robot_decision-1] [1746790716.235]: IfHealthSub               [32mSUCCESS[0m -> [36mIDLE[0m
[robot_decision-1] [1746790716.235]: OurOutpostSub             [32mSUCCESS[0m -> [36mIDLE[0m
[robot_decision-1] [1746790716.235]: EnemyOutpostSub           [32mSUCCESS[0m -> [36mIDLE[0m
[robot_decision-1] [1746790716.235]: Subscribers               [33mRUNNING[0m -> [32mSUCCESS[0m
[robot_decision-1] [1746790716.235]: Subscribers               [32mSUCCESS[0m -> [36mIDLE[0m
[robot_decision-1] [1746790716.235]: Inverter                  [33mRUNNING[0m -> [31mFAILURE[0m
[robot_decision-1] [1746790716.235]: Inverter                  [31mFAILURE[0m -> [36mIDLE[0m
[robot_decision-1] [INFO] [1746790716.234521023] [robot_decision]: [EnemyOutpostSub] enemy outpost health value: 1500
[robot_decision-1] [1746790716.735]: Inverter                  [36mIDLE[0m -> [33mRUNNING[0m
[robot_decision-1] [1746790716.735]: Subscribers               [36mIDLE[0m -> [33mRUNNING[0m
[robot_decision-1] [1746790716.735]: IfHealthSub               [36mIDLE[0m -> [32mSUCCESS[0m
[robot_decision-1] [1746790716.735]: OurOutpostSub             [36mIDLE[0m -> [32mSUCCESS[0m
[robot_decision-1] [1746790716.735]: EnemyOutpostSub           [36mIDLE[0m -> [32mSUCCESS[0m
[robot_decision-1] [1746790716.735]: IfHealthSub               [32mSUCCESS[0m -> [36mIDLE[0m
[robot_decision-1] [1746790716.735]: OurOutpostSub             [32mSUCCESS[0m -> [36mIDLE[0m
[robot_decision-1] [1746790716.735]: EnemyOutpostSub           [32mSUCCESS[0m -> [36mIDLE[0m
[robot_decision-1] [1746790716.735]: Subscribers               [33mRUNNING[0m -> [32mSUCCESS[0m
[robot_decision-1] [1746790716.735]: Subscribers               [32mSUCCESS[0m -> [36mIDLE[0m
[robot_decision-1] [1746790716.735]: Inverter                  [33mRUNNING[0m -> [31mFAILURE[0m
[robot_decision-1] [1746790716.735]: Inverter                  [31mFAILURE[0m -> [36mIDLE[0m
[robot_decision-1] [INFO] [1746790716.735099308] [robot_decision]: [IfHealthSub] health value: 100
[robot_decision-1] [INFO] [1746790716.735222857] [robot_decision]: [OurOutpostSub] our outpost health value: 1500
[robot_decision-1] [INFO] [1746790716.735285579] [robot_decision]: [EnemyOutpostSub] enemy outpost health value: 1500
[robot_decision-1] [1746790717.238]: Inverter                  [36mIDLE[0m -> [33mRUNNING[0m
[robot_decision-1] [1746790717.238]: Subscribers               [36mIDLE[0m -> [33mRUNNING[0m
[robot_decision-1] [INFO] [1746790717.238433563] [robot_decision]: [IfHealthSub] health value: 100
[robot_decision-1] [INFO] [1746790717.238965523] [robot_decision]: [OurOutpostSub] our outpost health value: 1500
[robot_decision-1] [INFO] [1746790717.239114983] [robot_decision]: [EnemyOutpostSub] enemy outpost health value: 1500
[robot_decision-1] [1746790717.239]: IfHealthSub               [36mIDLE[0m -> [32mSUCCESS[0m
[robot_decision-1] [1746790717.239]: OurOutpostSub             [36mIDLE[0m -> [32mSUCCESS[0m
[robot_decision-1] [1746790717.239]: EnemyOutpostSub           [36mIDLE[0m -> [32mSUCCESS[0m
[robot_decision-1] [1746790717.239]: IfHealthSub               [32mSUCCESS[0m -> [36mIDLE[0m
[robot_decision-1] [1746790717.239]: OurOutpostSub             [32mSUCCESS[0m -> [36mIDLE[0m
[robot_decision-1] [1746790717.239]: EnemyOutpostSub           [32mSUCCESS[0m -> [36mIDLE[0m
[robot_decision-1] [1746790717.239]: Subscribers               [33mRUNNING[0m -> [32mSUCCESS[0m
[robot_decision-1] [1746790717.239]: Subscribers               [32mSUCCESS[0m -> [36mIDLE[0m
[robot_decision-1] [1746790717.239]: Inverter                  [33mRUNNING[0m -> [31mFAILURE[0m
[robot_decision-1] [1746790717.239]: Inverter                  [31mFAILURE[0m -> [36mIDLE[0m
[robot_decision-1] [1746790717.740]: Inverter                  [36mIDLE[0m -> [33mRUNNING[0m
[robot_decision-1] [1746790717.740]: Subscribers               [36mIDLE[0m -> [33mRUNNING[0m
[robot_decision-1] [1746790717.740]: IfHealthSub               [36mIDLE[0m -> [32mSUCCESS[0m
[robot_decision-1] [1746790717.741]: OurOutpostSub             [36mIDLE[0m -> [32mSUCCESS[0m
[robot_decision-1] [1746790717.741]: EnemyOutpostSub           [36mIDLE[0m -> [32mSUCCESS[0m
[robot_decision-1] [1746790717.741]: IfHealthSub               [32mSUCCESS[0m -> [36mIDLE[0m
[robot_decision-1] [1746790717.741]: OurOutpostSub             [32mSUCCESS[0m -> [36mIDLE[0m
[robot_decision-1] [1746790717.741]: EnemyOutpostSub           [32mSUCCESS[0m -> [36mIDLE[0m
[robot_decision-1] [1746790717.741]: Subscribers               [33mRUNNING[0m -> [32mSUCCESS[0m
[robot_decision-1] [1746790717.741]: Subscribers               [32mSUCCESS[0m -> [36mIDLE[0m
[robot_decision-1] [1746790717.741]: Inverter                  [33mRUNNING[0m -> [31mFAILURE[0m
[robot_decision-1] [1746790717.741]: Inverter                  [31mFAILURE[0m -> [36mIDLE[0m
[robot_decision-1] [INFO] [1746790717.740131910] [robot_decision]: [IfHealthSub] health value: 100
[robot_decision-1] [INFO] [1746790717.740511745] [robot_decision]: [OurOutpostSub] our outpost health value: 1500
[robot_decision-1] [INFO] [1746790717.740643641] [robot_decision]: [EnemyOutpostSub] enemy outpost health value: 1500
[robot_decision-1] [1746790718.241]: Inverter                  [36mIDLE[0m -> [33mRUNNING[0m
[robot_decision-1] [1746790718.241]: Subscribers               [36mIDLE[0m -> [33mRUNNING[0m
[robot_decision-1] [INFO] [1746790718.241687772] [robot_decision]: [IfHealthSub] health value: 100
[robot_decision-1] [INFO] [1746790718.241835238] [robot_decision]: [OurOutpostSub] our outpost health value: 1500
[robot_decision-1] [INFO] [1746790718.241901516] [robot_decision]: [EnemyOutpostSub] enemy outpost health value: 1500
[robot_decision-1] [1746790718.242]: IfHealthSub               [36mIDLE[0m -> [32mSUCCESS[0m
[robot_decision-1] [1746790718.242]: OurOutpostSub             [36mIDLE[0m -> [32mSUCCESS[0m
[robot_decision-1] [1746790718.242]: EnemyOutpostSub           [36mIDLE[0m -> [32mSUCCESS[0m
[robot_decision-1] [1746790718.242]: IfHealthSub               [32mSUCCESS[0m -> [36mIDLE[0m
[robot_decision-1] [1746790718.242]: OurOutpostSub             [32mSUCCESS[0m -> [36mIDLE[0m
[robot_decision-1] [1746790718.242]: EnemyOutpostSub           [32mSUCCESS[0m -> [36mIDLE[0m
[robot_decision-1] [1746790718.242]: Subscribers               [33mRUNNING[0m -> [32mSUCCESS[0m
[robot_decision-1] [1746790718.242]: Subscribers               [32mSUCCESS[0m -> [36mIDLE[0m
[robot_decision-1] [1746790718.242]: Inverter                  [33mRUNNING[0m -> [31mFAILURE[0m
[robot_decision-1] [1746790718.242]: Inverter                  [31mFAILURE[0m -> [36mIDLE[0m
[robot_decision-1] [1746790718.742]: Inverter                  [36mIDLE[0m -> [33mRUNNING[0m
[robot_decision-1] [1746790718.742]: Subscribers               [36mIDLE[0m -> [33mRUNNING[0m
[robot_decision-1] [1746790718.744]: IfHealthSub               [36mIDLE[0m -> [32mSUCCESS[0m
[robot_decision-1] [1746790718.744]: OurOutpostSub             [36mIDLE[0m -> [32mSUCCESS[0m
[robot_decision-1] [1746790718.745]: EnemyOutpostSub           [36mIDLE[0m -> [32mSUCCESS[0m
[robot_decision-1] [1746790718.745]: IfHealthSub               [32mSUCCESS[0m -> [36mIDLE[0m
[robot_decision-1] [1746790718.745]: OurOutpostSub             [32mSUCCESS[0m -> [36mIDLE[0m
[robot_decision-1] [1746790718.745]: EnemyOutpostSub           [32mSUCCESS[0m -> [36mIDLE[0m
[robot_decision-1] [1746790718.745]: Subscribers               [33mRUNNING[0m -> [32mSUCCESS[0m
[robot_decision-1] [1746790718.745]: Subscribers               [32mSUCCESS[0m -> [36mIDLE[0m
[robot_decision-1] [1746790718.745]: Inverter                  [33mRUNNING[0m -> [31mFAILURE[0m
[robot_decision-1] [1746790718.745]: Inverter                  [31mFAILURE[0m -> [36mIDLE[0m
[robot_decision-1] [INFO] [1746790718.743187085] [robot_decision]: [IfHealthSub] health value: 100
[robot_decision-1] [INFO] [1746790718.744170279] [robot_decision]: [OurOutpostSub] our outpost health value: 1500
[robot_decision-1] [INFO] [1746790718.744528793] [robot_decision]: [EnemyOutpostSub] enemy outpost health value: 1500
[robot_decision-1] [1746790719.246]: Inverter                  [36mIDLE[0m -> [33mRUNNING[0m
[robot_decision-1] [1746790719.246]: Subscribers               [36mIDLE[0m -> [33mRUNNING[0m
[robot_decision-1] [INFO] [1746790719.246305565] [robot_decision]: [IfHealthSub] health value: 100
[robot_decision-1] [INFO] [1746790719.246614824] [robot_decision]: [OurOutpostSub] our outpost health value: 1500
[robot_decision-1] [1746790719.246]: IfHealthSub               [36mIDLE[0m -> [32mSUCCESS[0m
[robot_decision-1] [1746790719.247]: OurOutpostSub             [36mIDLE[0m -> [32mSUCCESS[0m
[robot_decision-1] [1746790719.247]: EnemyOutpostSub           [36mIDLE[0m -> [32mSUCCESS[0m
[robot_decision-1] [1746790719.247]: IfHealthSub               [32mSUCCESS[0m -> [36mIDLE[0m
[robot_decision-1] [1746790719.247]: OurOutpostSub             [32mSUCCESS[0m -> [36mIDLE[0m
[robot_decision-1] [1746790719.247]: EnemyOutpostSub           [32mSUCCESS[0m -> [36mIDLE[0m
[robot_decision-1] [1746790719.247]: Subscribers               [33mRUNNING[0m -> [32mSUCCESS[0m
[robot_decision-1] [1746790719.247]: Subscribers               [32mSUCCESS[0m -> [36mIDLE[0m
[robot_decision-1] [1746790719.247]: Inverter                  [33mRUNNING[0m -> [31mFAILURE[0m
[robot_decision-1] [1746790719.247]: Inverter                  [31mFAILURE[0m -> [36mIDLE[0m
[robot_decision-1] [INFO] [1746790719.246733835] [robot_decision]: [EnemyOutpostSub] enemy outpost health value: 1500
[robot_decision-1] [1746790719.747]: Inverter                  [36mIDLE[0m -> [33mRUNNING[0m
[robot_decision-1] [1746790719.747]: Subscribers               [36mIDLE[0m -> [33mRUNNING[0m
[robot_decision-1] [1746790719.748]: IfHealthSub               [36mIDLE[0m -> [32mSUCCESS[0m
[robot_decision-1] [1746790719.748]: OurOutpostSub             [36mIDLE[0m -> [32mSUCCESS[0m
[robot_decision-1] [1746790719.748]: EnemyOutpostSub           [36mIDLE[0m -> [32mSUCCESS[0m
[robot_decision-1] [1746790719.748]: IfHealthSub               [32mSUCCESS[0m -> [36mIDLE[0m
[robot_decision-1] [1746790719.748]: OurOutpostSub             [32mSUCCESS[0m -> [36mIDLE[0m
[robot_decision-1] [1746790719.748]: EnemyOutpostSub           [32mSUCCESS[0m -> [36mIDLE[0m
[robot_decision-1] [1746790719.748]: Subscribers               [33mRUNNING[0m -> [32mSUCCESS[0m
[robot_decision-1] [1746790719.748]: Subscribers               [32mSUCCESS[0m -> [36mIDLE[0m
[robot_decision-1] [1746790719.748]: Inverter                  [33mRUNNING[0m -> [31mFAILURE[0m
[robot_decision-1] [1746790719.748]: NavigateToPose            [33mRUNNING[0m -> [31mFAILURE[0m
[robot_decision-1] [1746790719.748]: WaitNode                  [32mSUCCESS[0m -> [36mIDLE[0m
[robot_decision-1] [1746790719.748]: NavigateToPose            [31mFAILURE[0m -> [36mIDLE[0m
[robot_decision-1] [1746790719.748]: Sequence                  [33mRUNNING[0m -> [31mFAILURE[0m
[robot_decision-1] [1746790719.748]: Sequence                  [31mFAILURE[0m -> [36mIDLE[0m
[robot_decision-1] [1746790719.748]: Sequence                  [36mIDLE[0m -> [33mRUNNING[0m
[robot_decision-1] [1746790719.748]: WaitNode                  [36mIDLE[0m -> [33mRUNNING[0m
[robot_decision-1] [1746790719.748]: Inverter                  [31mFAILURE[0m -> [36mIDLE[0m
[robot_decision-1] [INFO] [1746790719.747626625] [robot_decision]: [IfHealthSub] health value: 100
[robot_decision-1] [INFO] [1746790719.747838706] [robot_decision]: [OurOutpostSub] our outpost health value: 1500
[robot_decision-1] [INFO] [1746790719.747935914] [robot_decision]: [EnemyOutpostSub] enemy outpost health value: 1500
[robot_decision-1] [WARN] [1746790719.748110132] [robot_decision]: NavigateToPose failure: SEND_GOAL_TIMEOUT
[robot_decision-1] [1746790720.248]: Inverter                  [36mIDLE[0m -> [33mRUNNING[0m
[robot_decision-1] [1746790720.249]: Subscribers               [36mIDLE[0m -> [33mRUNNING[0m
[robot_decision-1] [INFO] [1746790720.248931796] [robot_decision]: [IfHealthSub] health value: 100
[robot_decision-1] [INFO] [1746790720.249285210] [robot_decision]: [OurOutpostSub] our outpost health value: 1500
[robot_decision-1] [INFO] [1746790720.249358743] [robot_decision]: [EnemyOutpostSub] enemy outpost health value: 1500
[robot_decision-1] [1746790720.249]: IfHealthSub               [36mIDLE[0m -> [32mSUCCESS[0m
[robot_decision-1] [1746790720.249]: OurOutpostSub             [36mIDLE[0m -> [32mSUCCESS[0m
[robot_decision-1] [1746790720.249]: EnemyOutpostSub           [36mIDLE[0m -> [32mSUCCESS[0m
[robot_decision-1] [1746790720.249]: IfHealthSub               [32mSUCCESS[0m -> [36mIDLE[0m
[robot_decision-1] [1746790720.249]: OurOutpostSub             [32mSUCCESS[0m -> [36mIDLE[0m
[robot_decision-1] [1746790720.249]: EnemyOutpostSub           [32mSUCCESS[0m -> [36mIDLE[0m
[robot_decision-1] [1746790720.249]: Subscribers               [33mRUNNING[0m -> [32mSUCCESS[0m
[robot_decision-1] [1746790720.249]: Subscribers               [32mSUCCESS[0m -> [36mIDLE[0m
[robot_decision-1] [1746790720.249]: Inverter                  [33mRUNNING[0m -> [31mFAILURE[0m
[robot_decision-1] [1746790720.249]: WaitNode                  [33mRUNNING[0m -> [32mSUCCESS[0m
[robot_decision-1] [1746790720.249]: NavigateToPose            [36mIDLE[0m -> [33mRUNNING[0m
[robot_decision-1] Point key: 2 x:2 y:0.7
[robot_decision-1] [1746790720.250]: Inverter                  [31mFAILURE[0m -> [36mIDLE[0m
[robot_decision-1] [1746790720.750]: Inverter                  [36mIDLE[0m -> [33mRUNNING[0m
[robot_decision-1] [1746790720.751]: Subscribers               [36mIDLE[0m -> [33mRUNNING[0m
[robot_decision-1] [INFO] [1746790720.750653223] [robot_decision]: [IfHealthSub] health value: 100
[robot_decision-1] [INFO] [1746790720.750821750] [robot_decision]: [OurOutpostSub] our outpost health value: 1500
[robot_decision-1] [INFO] [1746790720.750918277] [robot_decision]: [EnemyOutpostSub] enemy outpost health value: 1500
[robot_decision-1] [1746790720.751]: IfHealthSub               [36mIDLE[0m -> [32mSUCCESS[0m
[robot_decision-1] [1746790720.751]: OurOutpostSub             [36mIDLE[0m -> [32mSUCCESS[0m
[robot_decision-1] [1746790720.751]: EnemyOutpostSub           [36mIDLE[0m -> [32mSUCCESS[0m
[robot_decision-1] [1746790720.751]: IfHealthSub               [32mSUCCESS[0m -> [36mIDLE[0m
[robot_decision-1] [1746790720.751]: OurOutpostSub             [32mSUCCESS[0m -> [36mIDLE[0m
[robot_decision-1] [1746790720.751]: EnemyOutpostSub           [32mSUCCESS[0m -> [36mIDLE[0m
[robot_decision-1] [1746790720.751]: Subscribers               [33mRUNNING[0m -> [32mSUCCESS[0m
[robot_decision-1] [1746790720.751]: Subscribers               [32mSUCCESS[0m -> [36mIDLE[0m
[robot_decision-1] [1746790720.751]: Inverter                  [33mRUNNING[0m -> [31mFAILURE[0m
[robot_decision-1] [1746790720.751]: Inverter                  [31mFAILURE[0m -> [36mIDLE[0m
[robot_decision-1] [1746790721.251]: Inverter                  [36mIDLE[0m -> [33mRUNNING[0m
[robot_decision-1] [1746790721.251]: Subscribers               [36mIDLE[0m -> [33mRUNNING[0m
[robot_decision-1] [INFO] [1746790721.251606294] [robot_decision]: [IfHealthSub] health value: 100
[robot_decision-1] [1746790721.252]: IfHealthSub               [36mIDLE[0m -> [32mSUCCESS[0m
[robot_decision-1] [1746790721.252]: OurOutpostSub             [36mIDLE[0m -> [32mSUCCESS[0m
[robot_decision-1] [1746790721.252]: EnemyOutpostSub           [36mIDLE[0m -> [32mSUCCESS[0m
[robot_decision-1] [1746790721.252]: IfHealthSub               [32mSUCCESS[0m -> [36mIDLE[0m
[robot_decision-1] [1746790721.252]: OurOutpostSub             [32mSUCCESS[0m -> [36mIDLE[0m
[robot_decision-1] [1746790721.252]: EnemyOutpostSub           [32mSUCCESS[0m -> [36mIDLE[0m
[robot_decision-1] [1746790721.252]: Subscribers               [33mRUNNING[0m -> [32mSUCCESS[0m
[robot_decision-1] [1746790721.252]: Subscribers               [32mSUCCESS[0m -> [36mIDLE[0m
[robot_decision-1] [1746790721.252]: Inverter                  [33mRUNNING[0m -> [31mFAILURE[0m
[robot_decision-1] [1746790721.252]: Inverter                  [31mFAILURE[0m -> [36mIDLE[0m
[robot_decision-1] [INFO] [1746790721.251972944] [robot_decision]: [OurOutpostSub] our outpost health value: 1500
[robot_decision-1] [INFO] [1746790721.252091814] [robot_decision]: [EnemyOutpostSub] enemy outpost health value: 1500
[robot_decision-1] [1746790721.753]: Inverter                  [36mIDLE[0m -> [33mRUNNING[0m
[robot_decision-1] [1746790721.753]: Subscribers               [36mIDLE[0m -> [33mRUNNING[0m
[robot_decision-1] [INFO] [1746790721.752719046] [robot_decision]: [IfHealthSub] health value: 100
[robot_decision-1] [INFO] [1746790721.752850560] [robot_decision]: [OurOutpostSub] our outpost health value: 1500
[robot_decision-1] [INFO] [1746790721.752912480] [robot_decision]: [EnemyOutpostSub] enemy outpost health value: 1500
[robot_decision-1] [1746790721.753]: IfHealthSub               [36mIDLE[0m -> [32mSUCCESS[0m
[robot_decision-1] [1746790721.753]: OurOutpostSub             [36mIDLE[0m -> [32mSUCCESS[0m
[robot_decision-1] [1746790721.753]: EnemyOutpostSub           [36mIDLE[0m -> [32mSUCCESS[0m
[robot_decision-1] [1746790721.753]: IfHealthSub               [32mSUCCESS[0m -> [36mIDLE[0m
[robot_decision-1] [1746790721.753]: OurOutpostSub             [32mSUCCESS[0m -> [36mIDLE[0m
[robot_decision-1] [1746790721.753]: EnemyOutpostSub           [32mSUCCESS[0m -> [36mIDLE[0m
[robot_decision-1] [1746790721.753]: Subscribers               [33mRUNNING[0m -> [32mSUCCESS[0m
[robot_decision-1] [1746790721.753]: Subscribers               [32mSUCCESS[0m -> [36mIDLE[0m
[robot_decision-1] [1746790721.753]: Inverter                  [33mRUNNING[0m -> [31mFAILURE[0m
[robot_decision-1] [1746790721.753]: Inverter                  [31mFAILURE[0m -> [36mIDLE[0m
[robot_decision-1] [1746790722.253]: Inverter                  [36mIDLE[0m -> [33mRUNNING[0m
[robot_decision-1] [1746790722.253]: Subscribers               [36mIDLE[0m -> [33mRUNNING[0m
[robot_decision-1] [1746790722.253]: IfHealthSub               [36mIDLE[0m -> [32mSUCCESS[0m
[robot_decision-1] [1746790722.254]: OurOutpostSub             [36mIDLE[0m -> [32mSUCCESS[0m
[robot_decision-1] [1746790722.254]: EnemyOutpostSub           [36mIDLE[0m -> [32mSUCCESS[0m
[robot_decision-1] [1746790722.254]: IfHealthSub               [32mSUCCESS[0m -> [36mIDLE[0m
[robot_decision-1] [1746790722.254]: OurOutpostSub             [32mSUCCESS[0m -> [36mIDLE[0m
[robot_decision-1] [1746790722.254]: EnemyOutpostSub           [32mSUCCESS[0m -> [36mIDLE[0m
[robot_decision-1] [1746790722.254]: Subscribers               [33mRUNNING[0m -> [32mSUCCESS[0m
[robot_decision-1] [1746790722.254]: Subscribers               [32mSUCCESS[0m -> [36mIDLE[0m
[robot_decision-1] [1746790722.254]: Inverter                  [33mRUNNING[0m -> [31mFAILURE[0m
[robot_decision-1] [1746790722.254]: Inverter                  [31mFAILURE[0m -> [36mIDLE[0m
[robot_decision-1] [INFO] [1746790722.253374011] [robot_decision]: [IfHealthSub] health value: 100
[robot_decision-1] [INFO] [1746790722.253500125] [robot_decision]: [OurOutpostSub] our outpost health value: 1500
[robot_decision-1] [INFO] [1746790722.253553519] [robot_decision]: [EnemyOutpostSub] enemy outpost health value: 1500
[robot_decision-1] [1746790722.754]: Inverter                  [36mIDLE[0m -> [33mRUNNING[0m
[robot_decision-1] [1746790722.754]: Subscribers               [36mIDLE[0m -> [33mRUNNING[0m
[robot_decision-1] [INFO] [1746790722.754299933] [robot_decision]: [IfHealthSub] health value: 100
[robot_decision-1] [INFO] [1746790722.754472076] [robot_decision]: [OurOutpostSub] our outpost health value: 1500
[robot_decision-1] [INFO] [1746790722.754552392] [robot_decision]: [EnemyOutpostSub] enemy outpost health value: 1500
[robot_decision-1] [1746790722.754]: IfHealthSub               [36mIDLE[0m -> [32mSUCCESS[0m
[robot_decision-1] [1746790722.754]: OurOutpostSub             [36mIDLE[0m -> [32mSUCCESS[0m
[robot_decision-1] [1746790722.755]: EnemyOutpostSub           [36mIDLE[0m -> [32mSUCCESS[0m
[robot_decision-1] [1746790722.755]: IfHealthSub               [32mSUCCESS[0m -> [36mIDLE[0m
[robot_decision-1] [1746790722.755]: OurOutpostSub             [32mSUCCESS[0m -> [36mIDLE[0m
[robot_decision-1] [1746790722.755]: EnemyOutpostSub           [32mSUCCESS[0m -> [36mIDLE[0m
[robot_decision-1] [1746790722.755]: Subscribers               [33mRUNNING[0m -> [32mSUCCESS[0m
[robot_decision-1] [1746790722.755]: Subscribers               [32mSUCCESS[0m -> [36mIDLE[0m
[robot_decision-1] [1746790722.755]: Inverter                  [33mRUNNING[0m -> [31mFAILURE[0m
[robot_decision-1] [1746790722.755]: Inverter                  [31mFAILURE[0m -> [36mIDLE[0m
[robot_decision-1] [1746790723.255]: Inverter                  [36mIDLE[0m -> [33mRUNNING[0m
[robot_decision-1] [1746790723.255]: Subscribers               [36mIDLE[0m -> [33mRUNNING[0m
[robot_decision-1] [1746790723.256]: IfHealthSub               [36mIDLE[0m -> [32mSUCCESS[0m
[robot_decision-1] [1746790723.256]: OurOutpostSub             [36mIDLE[0m -> [32mSUCCESS[0m
[robot_decision-1] [1746790723.256]: EnemyOutpostSub           [36mIDLE[0m -> [32mSUCCESS[0m
[robot_decision-1] [1746790723.256]: IfHealthSub               [32mSUCCESS[0m -> [36mIDLE[0m
[robot_decision-1] [1746790723.256]: OurOutpostSub             [32mSUCCESS[0m -> [36mIDLE[0m
[robot_decision-1] [1746790723.256]: EnemyOutpostSub           [32mSUCCESS[0m -> [36mIDLE[0m
[robot_decision-1] [1746790723.256]: Subscribers               [33mRUNNING[0m -> [32mSUCCESS[0m
[robot_decision-1] [1746790723.256]: Subscribers               [32mSUCCESS[0m -> [36mIDLE[0m
[robot_decision-1] [1746790723.256]: Inverter                  [33mRUNNING[0m -> [31mFAILURE[0m
[robot_decision-1] [INFO] [1746790723.255642563] [robot_decision]: [IfHealthSub] health value: 100
[robot_decision-1] [INFO] [1746790723.255827201] [robot_decision]: [OurOutpostSub] our outpost health value: 1500
[robot_decision-1] [INFO] [1746790723.255921824] [robot_decision]: [EnemyOutpostSub] enemy outpost health value: 1500
[robot_decision-1] [1746790723.256]: Inverter                  [31mFAILURE[0m -> [36mIDLE[0m
[robot_decision-1] [1746790723.756]: Inverter                  [36mIDLE[0m -> [33mRUNNING[0m
[robot_decision-1] [1746790723.756]: Subscribers               [36mIDLE[0m -> [33mRUNNING[0m
[robot_decision-1] [INFO] [1746790723.756503923] [robot_decision]: [IfHealthSub] health value: 100
[robot_decision-1] [INFO] [1746790723.756673311] [robot_decision]: [OurOutpostSub] our outpost health value: 1500
[robot_decision-1] [INFO] [1746790723.756792431] [robot_decision]: [EnemyOutpostSub] enemy outpost health value: 1500
[robot_decision-1] [1746790723.757]: IfHealthSub               [36mIDLE[0m -> [32mSUCCESS[0m
[robot_decision-1] [1746790723.757]: OurOutpostSub             [36mIDLE[0m -> [32mSUCCESS[0m
[robot_decision-1] [1746790723.757]: EnemyOutpostSub           [36mIDLE[0m -> [32mSUCCESS[0m
[robot_decision-1] [1746790723.757]: IfHealthSub               [32mSUCCESS[0m -> [36mIDLE[0m
[robot_decision-1] [1746790723.757]: OurOutpostSub             [32mSUCCESS[0m -> [36mIDLE[0m
[robot_decision-1] [1746790723.757]: EnemyOutpostSub           [32mSUCCESS[0m -> [36mIDLE[0m
[robot_decision-1] [1746790723.757]: Subscribers               [33mRUNNING[0m -> [32mSUCCESS[0m
[robot_decision-1] [1746790723.757]: Subscribers               [32mSUCCESS[0m -> [36mIDLE[0m
[robot_decision-1] [1746790723.757]: Inverter                  [33mRUNNING[0m -> [31mFAILURE[0m
[robot_decision-1] [1746790723.757]: Inverter                  [31mFAILURE[0m -> [36mIDLE[0m
[robot_decision-1] [1746790724.257]: Inverter                  [36mIDLE[0m -> [33mRUNNING[0m
[robot_decision-1] [1746790724.257]: Subscribers               [36mIDLE[0m -> [33mRUNNING[0m
[robot_decision-1] [INFO] [1746790724.257392606] [robot_decision]: [IfHealthSub] health value: 100
[robot_decision-1] [INFO] [1746790724.257575520] [robot_decision]: [OurOutpostSub] our outpost health value: 1500
[robot_decision-1] [INFO] [1746790724.257638733] [robot_decision]: [EnemyOutpostSub] enemy outpost health value: 1500
[robot_decision-1] [1746790724.258]: IfHealthSub               [36mIDLE[0m -> [32mSUCCESS[0m
[robot_decision-1] [1746790724.258]: OurOutpostSub             [36mIDLE[0m -> [32mSUCCESS[0m
[robot_decision-1] [1746790724.258]: EnemyOutpostSub           [36mIDLE[0m -> [32mSUCCESS[0m
[robot_decision-1] [1746790724.258]: IfHealthSub               [32mSUCCESS[0m -> [36mIDLE[0m
[robot_decision-1] [1746790724.258]: OurOutpostSub             [32mSUCCESS[0m -> [36mIDLE[0m
[robot_decision-1] [1746790724.258]: EnemyOutpostSub           [32mSUCCESS[0m -> [36mIDLE[0m
[robot_decision-1] [1746790724.258]: Subscribers               [33mRUNNING[0m -> [32mSUCCESS[0m
[robot_decision-1] [1746790724.258]: Subscribers               [32mSUCCESS[0m -> [36mIDLE[0m
[robot_decision-1] [1746790724.258]: Inverter                  [33mRUNNING[0m -> [31mFAILURE[0m
[robot_decision-1] [1746790724.258]: Inverter                  [31mFAILURE[0m -> [36mIDLE[0m
[robot_decision-1] [1746790724.758]: Inverter                  [36mIDLE[0m -> [33mRUNNING[0m
[robot_decision-1] [1746790724.758]: Subscribers               [36mIDLE[0m -> [33mRUNNING[0m
[robot_decision-1] [1746790724.759]: IfHealthSub               [36mIDLE[0m -> [32mSUCCESS[0m
[robot_decision-1] [1746790724.759]: OurOutpostSub             [36mIDLE[0m -> [32mSUCCESS[0m
[robot_decision-1] [1746790724.759]: EnemyOutpostSub           [36mIDLE[0m -> [32mSUCCESS[0m
[robot_decision-1] [1746790724.759]: IfHealthSub               [32mSUCCESS[0m -> [36mIDLE[0m
[robot_decision-1] [1746790724.759]: OurOutpostSub             [32mSUCCESS[0m -> [36mIDLE[0m
[robot_decision-1] [1746790724.759]: EnemyOutpostSub           [32mSUCCESS[0m -> [36mIDLE[0m
[robot_decision-1] [1746790724.759]: Subscribers               [33mRUNNING[0m -> [32mSUCCESS[0m
[robot_decision-1] [1746790724.759]: Subscribers               [32mSUCCESS[0m -> [36mIDLE[0m
[robot_decision-1] [1746790724.759]: Inverter                  [33mRUNNING[0m -> [31mFAILURE[0m
[robot_decision-1] [INFO] [1746790724.758495577] [robot_decision]: [IfHealthSub] health value: 100
[robot_decision-1] [INFO] [1746790724.758656668] [robot_decision]: [OurOutpostSub] our outpost health value: 1500
[robot_decision-1] [INFO] [1746790724.758734429] [robot_decision]: [EnemyOutpostSub] enemy outpost health value: 1500
[robot_decision-1] [1746790724.759]: Inverter                  [31mFAILURE[0m -> [36mIDLE[0m
[robot_decision-1] [1746790725.259]: Inverter                  [36mIDLE[0m -> [33mRUNNING[0m
[robot_decision-1] [1746790725.259]: Subscribers               [36mIDLE[0m -> [33mRUNNING[0m
[robot_decision-1] [INFO] [1746790725.259283948] [robot_decision]: [IfHealthSub] health value: 100
[robot_decision-1] [INFO] [1746790725.259386046] [robot_decision]: [OurOutpostSub] our outpost health value: 1500
[robot_decision-1] [1746790725.259]: IfHealthSub               [36mIDLE[0m -> [32mSUCCESS[0m
[robot_decision-1] [1746790725.259]: OurOutpostSub             [36mIDLE[0m -> [32mSUCCESS[0m
[robot_decision-1] [1746790725.259]: EnemyOutpostSub           [36mIDLE[0m -> [32mSUCCESS[0m
[robot_decision-1] [1746790725.259]: IfHealthSub               [32mSUCCESS[0m -> [36mIDLE[0m
[robot_decision-1] [1746790725.259]: OurOutpostSub             [32mSUCCESS[0m -> [36mIDLE[0m
[robot_decision-1] [1746790725.259]: EnemyOutpostSub           [32mSUCCESS[0m -> [36mIDLE[0m
[robot_decision-1] [1746790725.259]: Subscribers               [33mRUNNING[0m -> [32mSUCCESS[0m
[robot_decision-1] [1746790725.259]: Subscribers               [32mSUCCESS[0m -> [36mIDLE[0m
[robot_decision-1] [1746790725.259]: Inverter                  [33mRUNNING[0m -> [31mFAILURE[0m
[robot_decision-1] [1746790725.260]: NavigateToPose            [33mRUNNING[0m -> [31mFAILURE[0m
[robot_decision-1] [1746790725.260]: WaitNode                  [32mSUCCESS[0m -> [36mIDLE[0m
[robot_decision-1] [1746790725.260]: NavigateToPose            [31mFAILURE[0m -> [36mIDLE[0m
[robot_decision-1] [1746790725.260]: Sequence                  [33mRUNNING[0m -> [31mFAILURE[0m
[robot_decision-1] [1746790725.260]: Sequence                  [31mFAILURE[0m -> [36mIDLE[0m
[robot_decision-1] [1746790725.260]: Sequence                  [36mIDLE[0m -> [33mRUNNING[0m
[robot_decision-1] [1746790725.260]: WaitNode                  [36mIDLE[0m -> [33mRUNNING[0m
[robot_decision-1] [1746790725.260]: Inverter                  [31mFAILURE[0m -> [36mIDLE[0m
[robot_decision-1] [INFO] [1746790725.259442846] [robot_decision]: [EnemyOutpostSub] enemy outpost health value: 1500
[robot_decision-1] [WARN] [1746790725.259574741] [robot_decision]: NavigateToPose failure: SEND_GOAL_TIMEOUT
[robot_decision-1] [1746790725.760]: Inverter                  [36mIDLE[0m -> [33mRUNNING[0m
[robot_decision-1] [1746790725.760]: Subscribers               [36mIDLE[0m -> [33mRUNNING[0m
[robot_decision-1] [INFO] [1746790725.760165633] [robot_decision]: [IfHealthSub] health value: 100
[robot_decision-1] [INFO] [1746790725.760419424] [robot_decision]: [OurOutpostSub] our outpost health value: 1500
[robot_decision-1] [1746790725.760]: IfHealthSub               [36mIDLE[0m -> [32mSUCCESS[0m
[robot_decision-1] [1746790725.760]: OurOutpostSub             [36mIDLE[0m -> [32mSUCCESS[0m
[robot_decision-1] [1746790725.761]: EnemyOutpostSub           [36mIDLE[0m -> [32mSUCCESS[0m
[robot_decision-1] [1746790725.761]: IfHealthSub               [32mSUCCESS[0m -> [36mIDLE[0m
[robot_decision-1] [1746790725.761]: OurOutpostSub             [32mSUCCESS[0m -> [36mIDLE[0m
[robot_decision-1] [1746790725.761]: EnemyOutpostSub           [32mSUCCESS[0m -> [36mIDLE[0m
[robot_decision-1] [1746790725.761]: Subscribers               [33mRUNNING[0m -> [32mSUCCESS[0m
[robot_decision-1] [1746790725.761]: Subscribers               [32mSUCCESS[0m -> [36mIDLE[0m
[robot_decision-1] [1746790725.761]: Inverter                  [33mRUNNING[0m -> [31mFAILURE[0m
[robot_decision-1] [1746790725.761]: WaitNode                  [33mRUNNING[0m -> [32mSUCCESS[0m
[robot_decision-1] [1746790725.761]: NavigateToPose            [36mIDLE[0m -> [33mRUNNING[0m
[robot_decision-1] Point key: 2 x:2 y:0.7
[robot_decision-1] [INFO] [1746790725.760532243] [robot_decision]: [EnemyOutpostSub] enemy outpost health value: 1500
[robot_decision-1] [1746790725.762]: Inverter                  [31mFAILURE[0m -> [36mIDLE[0m
[robot_decision-1] [1746790726.262]: Inverter                  [36mIDLE[0m -> [33mRUNNING[0m
[robot_decision-1] [1746790726.262]: Subscribers               [36mIDLE[0m -> [33mRUNNING[0m
[robot_decision-1] [INFO] [1746790726.262591227] [robot_decision]: [IfHealthSub] health value: 100
[robot_decision-1] [INFO] [1746790726.262840940] [robot_decision]: [OurOutpostSub] our outpost health value: 1500
[robot_decision-1] [INFO] [1746790726.262941525] [robot_decision]: [EnemyOutpostSub] enemy outpost health value: 1500
[robot_decision-1] [1746790726.263]: IfHealthSub               [36mIDLE[0m -> [32mSUCCESS[0m
[robot_decision-1] [1746790726.263]: OurOutpostSub             [36mIDLE[0m -> [32mSUCCESS[0m
[robot_decision-1] [1746790726.263]: EnemyOutpostSub           [36mIDLE[0m -> [32mSUCCESS[0m
[robot_decision-1] [1746790726.263]: IfHealthSub               [32mSUCCESS[0m -> [36mIDLE[0m
[robot_decision-1] [1746790726.263]: OurOutpostSub             [32mSUCCESS[0m -> [36mIDLE[0m
[robot_decision-1] [1746790726.263]: EnemyOutpostSub           [32mSUCCESS[0m -> [36mIDLE[0m
[robot_decision-1] [1746790726.263]: Subscribers               [33mRUNNING[0m -> [32mSUCCESS[0m
[robot_decision-1] [1746790726.263]: Subscribers               [32mSUCCESS[0m -> [36mIDLE[0m
[robot_decision-1] [1746790726.263]: Inverter                  [33mRUNNING[0m -> [31mFAILURE[0m
[robot_decision-1] [1746790726.263]: Inverter                  [31mFAILURE[0m -> [36mIDLE[0m
[robot_decision-1] [1746790726.763]: Inverter                  [36mIDLE[0m -> [33mRUNNING[0m
[robot_decision-1] [1746790726.763]: Subscribers               [36mIDLE[0m -> [33mRUNNING[0m
[robot_decision-1] [INFO] [1746790726.763673823] [robot_decision]: [IfHealthSub] health value: 100
[robot_decision-1] [INFO] [1746790726.763845786] [robot_decision]: [OurOutpostSub] our outpost health value: 1500
[robot_decision-1] [1746790726.764]: IfHealthSub               [36mIDLE[0m -> [32mSUCCESS[0m
[robot_decision-1] [1746790726.764]: OurOutpostSub             [36mIDLE[0m -> [32mSUCCESS[0m
[robot_decision-1] [1746790726.764]: EnemyOutpostSub           [36mIDLE[0m -> [32mSUCCESS[0m
[robot_decision-1] [1746790726.764]: IfHealthSub               [32mSUCCESS[0m -> [36mIDLE[0m
[robot_decision-1] [1746790726.764]: OurOutpostSub             [32mSUCCESS[0m -> [36mIDLE[0m
[robot_decision-1] [1746790726.764]: EnemyOutpostSub           [32mSUCCESS[0m -> [36mIDLE[0m
[robot_decision-1] [1746790726.764]: Subscribers               [33mRUNNING[0m -> [32mSUCCESS[0m
[robot_decision-1] [1746790726.764]: Subscribers               [32mSUCCESS[0m -> [36mIDLE[0m
[robot_decision-1] [1746790726.764]: Inverter                  [33mRUNNING[0m -> [31mFAILURE[0m
[robot_decision-1] [1746790726.764]: Inverter                  [31mFAILURE[0m -> [36mIDLE[0m
[robot_decision-1] [INFO] [1746790726.763919178] [robot_decision]: [EnemyOutpostSub] enemy outpost health value: 1500
[robot_decision-1] [1746790727.264]: Inverter                  [36mIDLE[0m -> [33mRUNNING[0m
[robot_decision-1] [1746790727.264]: Subscribers               [36mIDLE[0m -> [33mRUNNING[0m
[robot_decision-1] [INFO] [1746790727.264333411] [robot_decision]: [IfHealthSub] health value: 100
[robot_decision-1] [INFO] [1746790727.264451750] [robot_decision]: [OurOutpostSub] our outpost health value: 1500
[robot_decision-1] [INFO] [1746790727.264516836] [robot_decision]: [EnemyOutpostSub] enemy outpost health value: 1500
[robot_decision-1] [1746790727.264]: IfHealthSub               [36mIDLE[0m -> [32mSUCCESS[0m
[robot_decision-1] [1746790727.264]: OurOutpostSub             [36mIDLE[0m -> [32mSUCCESS[0m
[robot_decision-1] [1746790727.265]: EnemyOutpostSub           [36mIDLE[0m -> [32mSUCCESS[0m
[robot_decision-1] [1746790727.265]: IfHealthSub               [32mSUCCESS[0m -> [36mIDLE[0m
[robot_decision-1] [1746790727.265]: OurOutpostSub             [32mSUCCESS[0m -> [36mIDLE[0m
[robot_decision-1] [1746790727.265]: EnemyOutpostSub           [32mSUCCESS[0m -> [36mIDLE[0m
[robot_decision-1] [1746790727.265]: Subscribers               [33mRUNNING[0m -> [32mSUCCESS[0m
[robot_decision-1] [1746790727.265]: Subscribers               [32mSUCCESS[0m -> [36mIDLE[0m
[robot_decision-1] [1746790727.265]: Inverter                  [33mRUNNING[0m -> [31mFAILURE[0m
[robot_decision-1] [1746790727.265]: Inverter                  [31mFAILURE[0m -> [36mIDLE[0m
[robot_decision-1] [1746790727.766]: Inverter                  [36mIDLE[0m -> [33mRUNNING[0m
[robot_decision-1] [1746790727.766]: Subscribers               [36mIDLE[0m -> [33mRUNNING[0m
[robot_decision-1] [INFO] [1746790727.766251949] [robot_decision]: [IfHealthSub] health value: 100
[robot_decision-1] [INFO] [1746790727.766549014] [robot_decision]: [OurOutpostSub] our outpost health value: 1500
[robot_decision-1] [INFO] [1746790727.766676641] [robot_decision]: [EnemyOutpostSub] enemy outpost health value: 1500
[robot_decision-1] [1746790727.766]: IfHealthSub               [36mIDLE[0m -> [32mSUCCESS[0m
[robot_decision-1] [1746790727.767]: OurOutpostSub             [36mIDLE[0m -> [32mSUCCESS[0m
[robot_decision-1] [1746790727.767]: EnemyOutpostSub           [36mIDLE[0m -> [32mSUCCESS[0m
[robot_decision-1] [1746790727.767]: IfHealthSub               [32mSUCCESS[0m -> [36mIDLE[0m
[robot_decision-1] [1746790727.767]: OurOutpostSub             [32mSUCCESS[0m -> [36mIDLE[0m
[robot_decision-1] [1746790727.767]: EnemyOutpostSub           [32mSUCCESS[0m -> [36mIDLE[0m
[robot_decision-1] [1746790727.767]: Subscribers               [33mRUNNING[0m -> [32mSUCCESS[0m
[robot_decision-1] [1746790727.767]: Subscribers               [32mSUCCESS[0m -> [36mIDLE[0m
[robot_decision-1] [1746790727.767]: Inverter                  [33mRUNNING[0m -> [31mFAILURE[0m
[robot_decision-1] [1746790727.767]: Inverter                  [31mFAILURE[0m -> [36mIDLE[0m
[robot_decision-1] [1746790728.267]: Inverter                  [36mIDLE[0m -> [33mRUNNING[0m
[robot_decision-1] [1746790728.267]: Subscribers               [36mIDLE[0m -> [33mRUNNING[0m
[robot_decision-1] [1746790728.268]: IfHealthSub               [36mIDLE[0m -> [32mSUCCESS[0m
[robot_decision-1] [1746790728.268]: OurOutpostSub             [36mIDLE[0m -> [32mSUCCESS[0m
[robot_decision-1] [1746790728.268]: EnemyOutpostSub           [36mIDLE[0m -> [32mSUCCESS[0m
[robot_decision-1] [1746790728.268]: IfHealthSub               [32mSUCCESS[0m -> [36mIDLE[0m
[robot_decision-1] [1746790728.268]: OurOutpostSub             [32mSUCCESS[0m -> [36mIDLE[0m
[robot_decision-1] [1746790728.268]: EnemyOutpostSub           [32mSUCCESS[0m -> [36mIDLE[0m
[robot_decision-1] [1746790728.268]: Subscribers               [33mRUNNING[0m -> [32mSUCCESS[0m
[robot_decision-1] [1746790728.268]: Subscribers               [32mSUCCESS[0m -> [36mIDLE[0m
[robot_decision-1] [1746790728.268]: Inverter                  [33mRUNNING[0m -> [31mFAILURE[0m
[robot_decision-1] [1746790728.268]: Inverter                  [31mFAILURE[0m -> [36mIDLE[0m
[robot_decision-1] [INFO] [1746790728.267407460] [robot_decision]: [IfHealthSub] health value: 100
[robot_decision-1] [INFO] [1746790728.267689827] [robot_decision]: [OurOutpostSub] our outpost health value: 1500
[robot_decision-1] [INFO] [1746790728.267773649] [robot_decision]: [EnemyOutpostSub] enemy outpost health value: 1500
[robot_decision-1] [1746790728.771]: Inverter                  [36mIDLE[0m -> [33mRUNNING[0m
[robot_decision-1] [1746790728.771]: Subscribers               [36mIDLE[0m -> [33mRUNNING[0m
[robot_decision-1] [INFO] [1746790728.773951634] [robot_decision]: [IfHealthSub] health value: 100
[robot_decision-1] [INFO] [1746790728.774352089] [robot_decision]: [OurOutpostSub] our outpost health value: 1500
[robot_decision-1] [INFO] [1746790728.774512399] [robot_decision]: [EnemyOutpostSub] enemy outpost health value: 1500
[robot_decision-1] [1746790728.774]: IfHealthSub               [36mIDLE[0m -> [32mSUCCESS[0m
[robot_decision-1] [1746790728.774]: OurOutpostSub             [36mIDLE[0m -> [32mSUCCESS[0m
[robot_decision-1] [1746790728.775]: EnemyOutpostSub           [36mIDLE[0m -> [32mSUCCESS[0m
[robot_decision-1] [1746790728.775]: IfHealthSub               [32mSUCCESS[0m -> [36mIDLE[0m
[robot_decision-1] [1746790728.775]: OurOutpostSub             [32mSUCCESS[0m -> [36mIDLE[0m
[robot_decision-1] [1746790728.775]: EnemyOutpostSub           [32mSUCCESS[0m -> [36mIDLE[0m
[robot_decision-1] [1746790728.775]: Subscribers               [33mRUNNING[0m -> [32mSUCCESS[0m
[robot_decision-1] [1746790728.775]: Subscribers               [32mSUCCESS[0m -> [36mIDLE[0m
[robot_decision-1] [1746790728.775]: Inverter                  [33mRUNNING[0m -> [31mFAILURE[0m
[robot_decision-1] [1746790728.775]: Inverter                  [31mFAILURE[0m -> [36mIDLE[0m
[robot_decision-1] [1746790729.278]: Inverter                  [36mIDLE[0m -> [33mRUNNING[0m
[robot_decision-1] [1746790729.278]: Subscribers               [36mIDLE[0m -> [33mRUNNING[0m
[robot_decision-1] [1746790729.279]: IfHealthSub               [36mIDLE[0m -> [32mSUCCESS[0m
[robot_decision-1] [INFO] [1746790729.278707375] [robot_decision]: [IfHealthSub] health value: 100
[robot_decision-1] [INFO] [1746790729.280050925] [robot_decision]: [OurOutpostSub] our outpost health value: 1500
[robot_decision-1] [INFO] [1746790729.280196547] [robot_decision]: [EnemyOutpostSub] enemy outpost health value: 1500
[robot_decision-1] [1746790729.280]: OurOutpostSub             [36mIDLE[0m -> [32mSUCCESS[0m
[robot_decision-1] [1746790729.280]: EnemyOutpostSub           [36mIDLE[0m -> [32mSUCCESS[0m
[robot_decision-1] [1746790729.280]: IfHealthSub               [32mSUCCESS[0m -> [36mIDLE[0m
[robot_decision-1] [1746790729.280]: OurOutpostSub             [32mSUCCESS[0m -> [36mIDLE[0m
[robot_decision-1] [1746790729.280]: EnemyOutpostSub           [32mSUCCESS[0m -> [36mIDLE[0m
[robot_decision-1] [1746790729.280]: Subscribers               [33mRUNNING[0m -> [32mSUCCESS[0m
[robot_decision-1] [1746790729.280]: Subscribers               [32mSUCCESS[0m -> [36mIDLE[0m
[robot_decision-1] [1746790729.280]: Inverter                  [33mRUNNING[0m -> [31mFAILURE[0m
[robot_decision-1] [1746790729.280]: Inverter                  [31mFAILURE[0m -> [36mIDLE[0m
[robot_decision-1] [1746790729.781]: Inverter                  [36mIDLE[0m -> [33mRUNNING[0m
[robot_decision-1] [1746790729.781]: Subscribers               [36mIDLE[0m -> [33mRUNNING[0m
[robot_decision-1] [INFO] [1746790729.781103263] [robot_decision]: [IfHealthSub] health value: 100
[robot_decision-1] [INFO] [1746790729.781368145] [robot_decision]: [OurOutpostSub] our outpost health value: 1500
[robot_decision-1] [INFO] [1746790729.781512525] [robot_decision]: [EnemyOutpostSub] enemy outpost health value: 1500
[robot_decision-1] [1746790729.781]: IfHealthSub               [36mIDLE[0m -> [32mSUCCESS[0m
[robot_decision-1] [1746790729.781]: OurOutpostSub             [36mIDLE[0m -> [32mSUCCESS[0m
[robot_decision-1] [1746790729.782]: EnemyOutpostSub           [36mIDLE[0m -> [32mSUCCESS[0m
[robot_decision-1] [1746790729.782]: IfHealthSub               [32mSUCCESS[0m -> [36mIDLE[0m
[robot_decision-1] [1746790729.782]: OurOutpostSub             [32mSUCCESS[0m -> [36mIDLE[0m
[robot_decision-1] [1746790729.782]: EnemyOutpostSub           [32mSUCCESS[0m -> [36mIDLE[0m
[robot_decision-1] [1746790729.782]: Subscribers               [33mRUNNING[0m -> [32mSUCCESS[0m
[robot_decision-1] [1746790729.782]: Subscribers               [32mSUCCESS[0m -> [36mIDLE[0m
[robot_decision-1] [1746790729.782]: Inverter                  [33mRUNNING[0m -> [31mFAILURE[0m
[robot_decision-1] [1746790729.782]: Inverter                  [31mFAILURE[0m -> [36mIDLE[0m
[robot_decision-1] [1746790730.282]: Inverter                  [36mIDLE[0m -> [33mRUNNING[0m
[robot_decision-1] [1746790730.282]: Subscribers               [36mIDLE[0m -> [33mRUNNING[0m
[robot_decision-1] [INFO] [1746790730.282603906] [robot_decision]: [IfHealthSub] health value: 100
[robot_decision-1] [INFO] [1746790730.282857998] [robot_decision]: [OurOutpostSub] our outpost health value: 1500
[robot_decision-1] [1746790730.283]: IfHealthSub               [36mIDLE[0m -> [32mSUCCESS[0m
[robot_decision-1] [1746790730.283]: OurOutpostSub             [36mIDLE[0m -> [32mSUCCESS[0m
[robot_decision-1] [1746790730.283]: EnemyOutpostSub           [36mIDLE[0m -> [32mSUCCESS[0m
[robot_decision-1] [1746790730.283]: IfHealthSub               [32mSUCCESS[0m -> [36mIDLE[0m
[robot_decision-1] [1746790730.283]: OurOutpostSub             [32mSUCCESS[0m -> [36mIDLE[0m
[robot_decision-1] [1746790730.283]: EnemyOutpostSub           [32mSUCCESS[0m -> [36mIDLE[0m
[robot_decision-1] [1746790730.283]: Subscribers               [33mRUNNING[0m -> [32mSUCCESS[0m
[robot_decision-1] [1746790730.283]: Subscribers               [32mSUCCESS[0m -> [36mIDLE[0m
[robot_decision-1] [1746790730.283]: Inverter                  [33mRUNNING[0m -> [31mFAILURE[0m
[robot_decision-1] [1746790730.283]: Inverter                  [31mFAILURE[0m -> [36mIDLE[0m
[robot_decision-1] [INFO] [1746790730.282959995] [robot_decision]: [EnemyOutpostSub] enemy outpost health value: 1500
[robot_decision-1] [1746790730.784]: Inverter                  [36mIDLE[0m -> [33mRUNNING[0m
[robot_decision-1] [1746790730.784]: Subscribers               [36mIDLE[0m -> [33mRUNNING[0m
[robot_decision-1] [1746790730.784]: IfHealthSub               [36mIDLE[0m -> [32mSUCCESS[0m
[robot_decision-1] [1746790730.784]: OurOutpostSub             [36mIDLE[0m -> [32mSUCCESS[0m
[robot_decision-1] [1746790730.785]: EnemyOutpostSub           [36mIDLE[0m -> [32mSUCCESS[0m
[robot_decision-1] [1746790730.785]: IfHealthSub               [32mSUCCESS[0m -> [36mIDLE[0m
[robot_decision-1] [1746790730.785]: OurOutpostSub             [32mSUCCESS[0m -> [36mIDLE[0m
[robot_decision-1] [1746790730.785]: EnemyOutpostSub           [32mSUCCESS[0m -> [36mIDLE[0m
[robot_decision-1] [1746790730.785]: Subscribers               [33mRUNNING[0m -> [32mSUCCESS[0m
[robot_decision-1] [1746790730.785]: Subscribers               [32mSUCCESS[0m -> [36mIDLE[0m
[robot_decision-1] [1746790730.785]: Inverter                  [33mRUNNING[0m -> [31mFAILURE[0m
[robot_decision-1] [1746790730.785]: NavigateToPose            [33mRUNNING[0m -> [31mFAILURE[0m
[robot_decision-1] [1746790730.785]: WaitNode                  [32mSUCCESS[0m -> [36mIDLE[0m
[robot_decision-1] [1746790730.785]: NavigateToPose            [31mFAILURE[0m -> [36mIDLE[0m
[robot_decision-1] [1746790730.785]: Sequence                  [33mRUNNING[0m -> [31mFAILURE[0m
[robot_decision-1] [1746790730.785]: Sequence                  [31mFAILURE[0m -> [36mIDLE[0m
[robot_decision-1] [1746790730.785]: Sequence                  [36mIDLE[0m -> [33mRUNNING[0m
[robot_decision-1] [1746790730.785]: WaitNode                  [36mIDLE[0m -> [33mRUNNING[0m
[robot_decision-1] [1746790730.785]: Inverter                  [31mFAILURE[0m -> [36mIDLE[0m
[robot_decision-1] [INFO] [1746790730.784060820] [robot_decision]: [IfHealthSub] health value: 100
[robot_decision-1] [INFO] [1746790730.784421278] [robot_decision]: [OurOutpostSub] our outpost health value: 1500
[robot_decision-1] [INFO] [1746790730.784556980] [robot_decision]: [EnemyOutpostSub] enemy outpost health value: 1500
[robot_decision-1] [WARN] [1746790730.784824638] [robot_decision]: NavigateToPose failure: SEND_GOAL_TIMEOUT
[robot_decision-1] [1746790731.288]: Inverter                  [36mIDLE[0m -> [33mRUNNING[0m
[robot_decision-1] [1746790731.288]: Subscribers               [36mIDLE[0m -> [33mRUNNING[0m
[robot_decision-1] [INFO] [1746790731.288510474] [robot_decision]: [IfHealthSub] health value: 100
[robot_decision-1] [INFO] [1746790731.288783843] [robot_decision]: [OurOutpostSub] our outpost health value: 1500
[robot_decision-1] [1746790731.289]: IfHealthSub               [36mIDLE[0m -> [32mSUCCESS[0m
[robot_decision-1] [1746790731.289]: OurOutpostSub             [36mIDLE[0m -> [32mSUCCESS[0m
[robot_decision-1] [1746790731.289]: EnemyOutpostSub           [36mIDLE[0m -> [32mSUCCESS[0m
[robot_decision-1] [1746790731.289]: IfHealthSub               [32mSUCCESS[0m -> [36mIDLE[0m
[robot_decision-1] [1746790731.289]: OurOutpostSub             [32mSUCCESS[0m -> [36mIDLE[0m
[robot_decision-1] [1746790731.289]: EnemyOutpostSub           [32mSUCCESS[0m -> [36mIDLE[0m
[robot_decision-1] [1746790731.289]: Subscribers               [33mRUNNING[0m -> [32mSUCCESS[0m
[robot_decision-1] [1746790731.289]: Subscribers               [32mSUCCESS[0m -> [36mIDLE[0m
[robot_decision-1] [1746790731.289]: Inverter                  [33mRUNNING[0m -> [31mFAILURE[0m
[robot_decision-1] [1746790731.289]: WaitNode                  [33mRUNNING[0m -> [32mSUCCESS[0m
[robot_decision-1] [1746790731.289]: NavigateToPose            [36mIDLE[0m -> [33mRUNNING[0m
[robot_decision-1] Point key: 2 x:2 y:0.7
[robot_decision-1] [1746790731.290]: Inverter                  [31mFAILURE[0m -> [36mIDLE[0m
[robot_decision-1] [INFO] [1746790731.288890048] [robot_decision]: [EnemyOutpostSub] enemy outpost health value: 1500
[robot_decision-1] [1746790731.792]: Inverter                  [36mIDLE[0m -> [33mRUNNING[0m
[robot_decision-1] [1746790731.792]: Subscribers               [36mIDLE[0m -> [33mRUNNING[0m
[robot_decision-1] [INFO] [1746790731.793202371] [robot_decision]: [IfHealthSub] health value: 100
[robot_decision-1] [INFO] [1746790731.793381738] [robot_decision]: [OurOutpostSub] our outpost health value: 1500
[robot_decision-1] [INFO] [1746790731.793451163] [robot_decision]: [EnemyOutpostSub] enemy outpost health value: 1500
[robot_decision-1] [1746790731.793]: IfHealthSub               [36mIDLE[0m -> [32mSUCCESS[0m
[robot_decision-1] [1746790731.793]: OurOutpostSub             [36mIDLE[0m -> [32mSUCCESS[0m
[robot_decision-1] [1746790731.793]: EnemyOutpostSub           [36mIDLE[0m -> [32mSUCCESS[0m
[robot_decision-1] [1746790731.793]: IfHealthSub               [32mSUCCESS[0m -> [36mIDLE[0m
[robot_decision-1] [1746790731.793]: OurOutpostSub             [32mSUCCESS[0m -> [36mIDLE[0m
[robot_decision-1] [1746790731.793]: EnemyOutpostSub           [32mSUCCESS[0m -> [36mIDLE[0m
[robot_decision-1] [1746790731.793]: Subscribers               [33mRUNNING[0m -> [32mSUCCESS[0m
[robot_decision-1] [1746790731.793]: Subscribers               [32mSUCCESS[0m -> [36mIDLE[0m
[robot_decision-1] [1746790731.794]: Inverter                  [33mRUNNING[0m -> [31mFAILURE[0m
[robot_decision-1] [1746790731.794]: Inverter                  [31mFAILURE[0m -> [36mIDLE[0m
[robot_decision-1] [1746790732.294]: Inverter                  [36mIDLE[0m -> [33mRUNNING[0m
[robot_decision-1] [1746790732.294]: Subscribers               [36mIDLE[0m -> [33mRUNNING[0m
[robot_decision-1] [1746790732.294]: IfHealthSub               [36mIDLE[0m -> [32mSUCCESS[0m
[robot_decision-1] [1746790732.294]: OurOutpostSub             [36mIDLE[0m -> [32mSUCCESS[0m
[robot_decision-1] [1746790732.295]: EnemyOutpostSub           [36mIDLE[0m -> [32mSUCCESS[0m
[robot_decision-1] [1746790732.295]: IfHealthSub               [32mSUCCESS[0m -> [36mIDLE[0m
[robot_decision-1] [1746790732.295]: OurOutpostSub             [32mSUCCESS[0m -> [36mIDLE[0m
[robot_decision-1] [1746790732.295]: EnemyOutpostSub           [32mSUCCESS[0m -> [36mIDLE[0m
[robot_decision-1] [1746790732.295]: Subscribers               [33mRUNNING[0m -> [32mSUCCESS[0m
[robot_decision-1] [1746790732.295]: Subscribers               [32mSUCCESS[0m -> [36mIDLE[0m
[robot_decision-1] [1746790732.295]: Inverter                  [33mRUNNING[0m -> [31mFAILURE[0m
[robot_decision-1] [1746790732.295]: Inverter                  [31mFAILURE[0m -> [36mIDLE[0m
[robot_decision-1] [INFO] [1746790732.294043043] [robot_decision]: [IfHealthSub] health value: 100
[robot_decision-1] [INFO] [1746790732.294368263] [robot_decision]: [OurOutpostSub] our outpost health value: 1500
[robot_decision-1] [INFO] [1746790732.294487834] [robot_decision]: [EnemyOutpostSub] enemy outpost health value: 1500
[robot_decision-1] [1746790732.797]: Inverter                  [36mIDLE[0m -> [33mRUNNING[0m
[robot_decision-1] [1746790732.797]: Subscribers               [36mIDLE[0m -> [33mRUNNING[0m
[robot_decision-1] [1746790732.797]: IfHealthSub               [36mIDLE[0m -> [32mSUCCESS[0m
[robot_decision-1] [1746790732.797]: OurOutpostSub             [36mIDLE[0m -> [32mSUCCESS[0m
[robot_decision-1] [1746790732.797]: EnemyOutpostSub           [36mIDLE[0m -> [32mSUCCESS[0m
[robot_decision-1] [1746790732.797]: IfHealthSub               [32mSUCCESS[0m -> [36mIDLE[0m
[robot_decision-1] [1746790732.797]: OurOutpostSub             [32mSUCCESS[0m -> [36mIDLE[0m
[robot_decision-1] [1746790732.797]: EnemyOutpostSub           [32mSUCCESS[0m -> [36mIDLE[0m
[robot_decision-1] [1746790732.797]: Subscribers               [33mRUNNING[0m -> [32mSUCCESS[0m
[robot_decision-1] [1746790732.797]: Subscribers               [32mSUCCESS[0m -> [36mIDLE[0m
[robot_decision-1] [1746790732.797]: Inverter                  [33mRUNNING[0m -> [31mFAILURE[0m
[robot_decision-1] [1746790732.797]: Inverter                  [31mFAILURE[0m -> [36mIDLE[0m
[robot_decision-1] [INFO] [1746790732.796968687] [robot_decision]: [IfHealthSub] health value: 100
[robot_decision-1] [INFO] [1746790732.797068139] [robot_decision]: [OurOutpostSub] our outpost health value: 1500
[robot_decision-1] [INFO] [1746790732.797132213] [robot_decision]: [EnemyOutpostSub] enemy outpost health value: 1500
[robot_decision-1] [1746790733.298]: Inverter                  [36mIDLE[0m -> [33mRUNNING[0m
[robot_decision-1] [1746790733.298]: Subscribers               [36mIDLE[0m -> [33mRUNNING[0m
[robot_decision-1] [INFO] [1746790733.298160652] [robot_decision]: [IfHealthSub] health value: 100
[robot_decision-1] [INFO] [1746790733.298267920] [robot_decision]: [OurOutpostSub] our outpost health value: 1500
[robot_decision-1] [INFO] [1746790733.298320432] [robot_decision]: [EnemyOutpostSub] enemy outpost health value: 1500
[robot_decision-1] [1746790733.298]: IfHealthSub               [36mIDLE[0m -> [32mSUCCESS[0m
[robot_decision-1] [1746790733.298]: OurOutpostSub             [36mIDLE[0m -> [32mSUCCESS[0m
[robot_decision-1] [1746790733.298]: EnemyOutpostSub           [36mIDLE[0m -> [32mSUCCESS[0m
[robot_decision-1] [1746790733.298]: IfHealthSub               [32mSUCCESS[0m -> [36mIDLE[0m
[robot_decision-1] [1746790733.298]: OurOutpostSub             [32mSUCCESS[0m -> [36mIDLE[0m
[robot_decision-1] [1746790733.298]: EnemyOutpostSub           [32mSUCCESS[0m -> [36mIDLE[0m
[robot_decision-1] [1746790733.298]: Subscribers               [33mRUNNING[0m -> [32mSUCCESS[0m
[robot_decision-1] [1746790733.298]: Subscribers               [32mSUCCESS[0m -> [36mIDLE[0m
[robot_decision-1] [1746790733.298]: Inverter                  [33mRUNNING[0m -> [31mFAILURE[0m
[robot_decision-1] [1746790733.298]: Inverter                  [31mFAILURE[0m -> [36mIDLE[0m
[robot_decision-1] [1746790733.799]: Inverter                  [36mIDLE[0m -> [33mRUNNING[0m
[robot_decision-1] [1746790733.799]: Subscribers               [36mIDLE[0m -> [33mRUNNING[0m
[robot_decision-1] [INFO] [1746790733.799305223] [robot_decision]: [IfHealthSub] health value: 100
[robot_decision-1] [INFO] [1746790733.799596657] [robot_decision]: [OurOutpostSub] our outpost health value: 1500
[robot_decision-1] [INFO] [1746790733.799720486] [robot_decision]: [EnemyOutpostSub] enemy outpost health value: 1500
[robot_decision-1] [1746790733.799]: IfHealthSub               [36mIDLE[0m -> [32mSUCCESS[0m
[robot_decision-1] [1746790733.800]: OurOutpostSub             [36mIDLE[0m -> [32mSUCCESS[0m
[robot_decision-1] [1746790733.800]: EnemyOutpostSub           [36mIDLE[0m -> [32mSUCCESS[0m
[robot_decision-1] [1746790733.800]: IfHealthSub               [32mSUCCESS[0m -> [36mIDLE[0m
[robot_decision-1] [1746790733.800]: OurOutpostSub             [32mSUCCESS[0m -> [36mIDLE[0m
[robot_decision-1] [1746790733.800]: EnemyOutpostSub           [32mSUCCESS[0m -> [36mIDLE[0m
[robot_decision-1] [1746790733.800]: Subscribers               [33mRUNNING[0m -> [32mSUCCESS[0m
[robot_decision-1] [1746790733.800]: Subscribers               [32mSUCCESS[0m -> [36mIDLE[0m
[robot_decision-1] [1746790733.800]: Inverter                  [33mRUNNING[0m -> [31mFAILURE[0m
[robot_decision-1] [1746790733.800]: Inverter                  [31mFAILURE[0m -> [36mIDLE[0m
[robot_decision-1] [1746790734.300]: Inverter                  [36mIDLE[0m -> [33mRUNNING[0m
[robot_decision-1] [1746790734.300]: Subscribers               [36mIDLE[0m -> [33mRUNNING[0m
[robot_decision-1] [1746790734.300]: IfHealthSub               [36mIDLE[0m -> [32mSUCCESS[0m
[robot_decision-1] [1746790734.300]: OurOutpostSub             [36mIDLE[0m -> [32mSUCCESS[0m
[robot_decision-1] [INFO] [1746790734.300332282] [robot_decision]: [IfHealthSub] health value: 100
[robot_decision-1] [INFO] [1746790734.300445932] [robot_decision]: [OurOutpostSub] our outpost health value: 1500
[robot_decision-1] [INFO] [1746790734.300498985] [robot_decision]: [EnemyOutpostSub] enemy outpost health value: 1500
[robot_decision-1] [1746790734.302]: EnemyOutpostSub           [36mIDLE[0m -> [32mSUCCESS[0m
[robot_decision-1] [1746790734.302]: IfHealthSub               [32mSUCCESS[0m -> [36mIDLE[0m
[robot_decision-1] [1746790734.302]: OurOutpostSub             [32mSUCCESS[0m -> [36mIDLE[0m
[robot_decision-1] [1746790734.302]: EnemyOutpostSub           [32mSUCCESS[0m -> [36mIDLE[0m
[robot_decision-1] [1746790734.302]: Subscribers               [33mRUNNING[0m -> [32mSUCCESS[0m
[robot_decision-1] [1746790734.302]: Subscribers               [32mSUCCESS[0m -> [36mIDLE[0m
[robot_decision-1] [1746790734.302]: Inverter                  [33mRUNNING[0m -> [31mFAILURE[0m
[robot_decision-1] [1746790734.303]: Inverter                  [31mFAILURE[0m -> [36mIDLE[0m
[robot_decision-1] [1746790734.803]: Inverter                  [36mIDLE[0m -> [33mRUNNING[0m
[robot_decision-1] [1746790734.803]: Subscribers               [36mIDLE[0m -> [33mRUNNING[0m
[robot_decision-1] [INFO] [1746790734.802944736] [robot_decision]: [IfHealthSub] health value: 100
[robot_decision-1] [INFO] [1746790734.803099175] [robot_decision]: [OurOutpostSub] our outpost health value: 1500
[robot_decision-1] [INFO] [1746790734.803172006] [robot_decision]: [EnemyOutpostSub] enemy outpost health value: 1500
[robot_decision-1] [1746790734.803]: IfHealthSub               [36mIDLE[0m -> [32mSUCCESS[0m
[robot_decision-1] [1746790734.803]: OurOutpostSub             [36mIDLE[0m -> [32mSUCCESS[0m
[robot_decision-1] [1746790734.803]: EnemyOutpostSub           [36mIDLE[0m -> [32mSUCCESS[0m
[robot_decision-1] [1746790734.803]: IfHealthSub               [32mSUCCESS[0m -> [36mIDLE[0m
[robot_decision-1] [1746790734.803]: OurOutpostSub             [32mSUCCESS[0m -> [36mIDLE[0m
[robot_decision-1] [1746790734.803]: EnemyOutpostSub           [32mSUCCESS[0m -> [36mIDLE[0m
[robot_decision-1] [1746790734.803]: Subscribers               [33mRUNNING[0m -> [32mSUCCESS[0m
[robot_decision-1] [1746790734.803]: Subscribers               [32mSUCCESS[0m -> [36mIDLE[0m
[robot_decision-1] [1746790734.803]: Inverter                  [33mRUNNING[0m -> [31mFAILURE[0m
[robot_decision-1] [1746790734.803]: Inverter                  [31mFAILURE[0m -> [36mIDLE[0m
[robot_decision-1] [1746790735.304]: Inverter                  [36mIDLE[0m -> [33mRUNNING[0m
[robot_decision-1] [1746790735.304]: Subscribers               [36mIDLE[0m -> [33mRUNNING[0m
[robot_decision-1] [INFO] [1746790735.304056354] [robot_decision]: [IfHealthSub] health value: 100
[robot_decision-1] [INFO] [1746790735.304333951] [robot_decision]: [OurOutpostSub] our outpost health value: 1500
[robot_decision-1] [INFO] [1746790735.304423304] [robot_decision]: [EnemyOutpostSub] enemy outpost health value: 1500
[robot_decision-1] [1746790735.304]: IfHealthSub               [36mIDLE[0m -> [32mSUCCESS[0m
[robot_decision-1] [1746790735.304]: OurOutpostSub             [36mIDLE[0m -> [32mSUCCESS[0m
[robot_decision-1] [1746790735.304]: EnemyOutpostSub           [36mIDLE[0m -> [32mSUCCESS[0m
[robot_decision-1] [1746790735.304]: IfHealthSub               [32mSUCCESS[0m -> [36mIDLE[0m
[robot_decision-1] [1746790735.304]: OurOutpostSub             [32mSUCCESS[0m -> [36mIDLE[0m
[robot_decision-1] [1746790735.304]: EnemyOutpostSub           [32mSUCCESS[0m -> [36mIDLE[0m
[robot_decision-1] [1746790735.304]: Subscribers               [33mRUNNING[0m -> [32mSUCCESS[0m
[robot_decision-1] [1746790735.304]: Subscribers               [32mSUCCESS[0m -> [36mIDLE[0m
[robot_decision-1] [1746790735.304]: Inverter                  [33mRUNNING[0m -> [31mFAILURE[0m
[robot_decision-1] [1746790735.305]: Inverter                  [31mFAILURE[0m -> [36mIDLE[0m
[robot_decision-1] [1746790735.805]: Inverter                  [36mIDLE[0m -> [33mRUNNING[0m
[robot_decision-1] [1746790735.805]: Subscribers               [36mIDLE[0m -> [33mRUNNING[0m
[robot_decision-1] [1746790735.806]: IfHealthSub               [36mIDLE[0m -> [32mSUCCESS[0m
[robot_decision-1] [1746790735.806]: OurOutpostSub             [36mIDLE[0m -> [32mSUCCESS[0m
[robot_decision-1] [1746790735.806]: EnemyOutpostSub           [36mIDLE[0m -> [32mSUCCESS[0m
[robot_decision-1] [1746790735.806]: IfHealthSub               [32mSUCCESS[0m -> [36mIDLE[0m
[robot_decision-1] [1746790735.806]: OurOutpostSub             [32mSUCCESS[0m -> [36mIDLE[0m
[robot_decision-1] [1746790735.806]: EnemyOutpostSub           [32mSUCCESS[0m -> [36mIDLE[0m
[robot_decision-1] [1746790735.806]: Subscribers               [33mRUNNING[0m -> [32mSUCCESS[0m
[robot_decision-1] [1746790735.806]: Subscribers               [32mSUCCESS[0m -> [36mIDLE[0m
[robot_decision-1] [1746790735.806]: Inverter                  [33mRUNNING[0m -> [31mFAILURE[0m
[robot_decision-1] [1746790735.806]: Inverter                  [31mFAILURE[0m -> [36mIDLE[0m
[robot_decision-1] [INFO] [1746790735.805582570] [robot_decision]: [IfHealthSub] health value: 100
[robot_decision-1] [INFO] [1746790735.805709135] [robot_decision]: [OurOutpostSub] our outpost health value: 1500
[robot_decision-1] [INFO] [1746790735.805852382] [robot_decision]: [EnemyOutpostSub] enemy outpost health value: 1500
[robot_decision-1] [1746790736.306]: Inverter                  [36mIDLE[0m -> [33mRUNNING[0m
[robot_decision-1] [1746790736.306]: Subscribers               [36mIDLE[0m -> [33mRUNNING[0m
[robot_decision-1] [1746790736.307]: IfHealthSub               [36mIDLE[0m -> [32mSUCCESS[0m
[robot_decision-1] [1746790736.307]: OurOutpostSub             [36mIDLE[0m -> [32mSUCCESS[0m
[robot_decision-1] [1746790736.307]: EnemyOutpostSub           [36mIDLE[0m -> [32mSUCCESS[0m
[robot_decision-1] [1746790736.307]: IfHealthSub               [32mSUCCESS[0m -> [36mIDLE[0m
[robot_decision-1] [1746790736.307]: OurOutpostSub             [32mSUCCESS[0m -> [36mIDLE[0m
[robot_decision-1] [1746790736.307]: EnemyOutpostSub           [32mSUCCESS[0m -> [36mIDLE[0m
[robot_decision-1] [1746790736.307]: Subscribers               [33mRUNNING[0m -> [32mSUCCESS[0m
[robot_decision-1] [1746790736.307]: Subscribers               [32mSUCCESS[0m -> [36mIDLE[0m
[robot_decision-1] [1746790736.307]: Inverter                  [33mRUNNING[0m -> [31mFAILURE[0m
[robot_decision-1] [INFO] [1746790736.306600109] [robot_decision]: [IfHealthSub] health value: 100
[robot_decision-1] [INFO] [1746790736.306813903] [robot_decision]: [OurOutpostSub] our outpost health value: 1500
[robot_decision-1] [INFO] [1746790736.306897124] [robot_decision]: [EnemyOutpostSub] enemy outpost health value: 1500
[robot_decision-1] [WARN] [1746790736.307028848] [robot_decision]: NavigateToPose failure: SEND_GOAL_TIMEOUT
[robot_decision-1] [1746790736.307]: NavigateToPose            [33mRUNNING[0m -> [31mFAILURE[0m
[robot_decision-1] [1746790736.307]: WaitNode                  [32mSUCCESS[0m -> [36mIDLE[0m
[robot_decision-1] [1746790736.307]: NavigateToPose            [31mFAILURE[0m -> [36mIDLE[0m
[robot_decision-1] [1746790736.307]: Sequence                  [33mRUNNING[0m -> [31mFAILURE[0m
[robot_decision-1] [1746790736.307]: Sequence                  [31mFAILURE[0m -> [36mIDLE[0m
[robot_decision-1] [1746790736.307]: Sequence                  [36mIDLE[0m -> [33mRUNNING[0m
[robot_decision-1] [1746790736.307]: WaitNode                  [36mIDLE[0m -> [33mRUNNING[0m
[robot_decision-1] [1746790736.307]: Inverter                  [31mFAILURE[0m -> [36mIDLE[0m
[robot_decision-1] [1746790736.808]: Inverter                  [36mIDLE[0m -> [33mRUNNING[0m
[robot_decision-1] [1746790736.808]: Subscribers               [36mIDLE[0m -> [33mRUNNING[0m
[robot_decision-1] [1746790736.808]: IfHealthSub               [36mIDLE[0m -> [32mSUCCESS[0m
[robot_decision-1] [1746790736.809]: OurOutpostSub             [36mIDLE[0m -> [32mSUCCESS[0m
[robot_decision-1] [1746790736.809]: EnemyOutpostSub           [36mIDLE[0m -> [32mSUCCESS[0m
[robot_decision-1] [1746790736.809]: IfHealthSub               [32mSUCCESS[0m -> [36mIDLE[0m
[robot_decision-1] [1746790736.809]: OurOutpostSub             [32mSUCCESS[0m -> [36mIDLE[0m
[robot_decision-1] [1746790736.809]: EnemyOutpostSub           [32mSUCCESS[0m -> [36mIDLE[0m
[robot_decision-1] [1746790736.809]: Subscribers               [33mRUNNING[0m -> [32mSUCCESS[0m
[robot_decision-1] [1746790736.809]: Subscribers               [32mSUCCESS[0m -> [36mIDLE[0m
[robot_decision-1] [1746790736.809]: Inverter                  [33mRUNNING[0m -> [31mFAILURE[0m
[robot_decision-1] [1746790736.809]: WaitNode                  [33mRUNNING[0m -> [32mSUCCESS[0m
[robot_decision-1] [1746790736.809]: NavigateToPose            [36mIDLE[0m -> [33mRUNNING[0m
[robot_decision-1] Point key: 2 x:2 y:0.7
[robot_decision-1] [INFO] [1746790736.808342288] [robot_decision]: [IfHealthSub] health value: 100
[robot_decision-1] [INFO] [1746790736.808558295] [robot_decision]: [OurOutpostSub] our outpost health value: 1500
[robot_decision-1] [INFO] [1746790736.808662287] [robot_decision]: [EnemyOutpostSub] enemy outpost health value: 1500
[robot_decision-1] [1746790736.814]: Inverter                  [31mFAILURE[0m -> [36mIDLE[0m
[robot_decision-1] [1746790737.315]: Inverter                  [36mIDLE[0m -> [33mRUNNING[0m
[robot_decision-1] [1746790737.315]: Subscribers               [36mIDLE[0m -> [33mRUNNING[0m
[robot_decision-1] [INFO] [1746790737.315183917] [robot_decision]: [IfHealthSub] health value: 100
[robot_decision-1] [INFO] [1746790737.315463237] [robot_decision]: [OurOutpostSub] our outpost health value: 1500
[robot_decision-1] [INFO] [1746790737.315571456] [robot_decision]: [EnemyOutpostSub] enemy outpost health value: 1500
[robot_decision-1] [1746790737.315]: IfHealthSub               [36mIDLE[0m -> [32mSUCCESS[0m
[robot_decision-1] [1746790737.315]: OurOutpostSub             [36mIDLE[0m -> [32mSUCCESS[0m
[robot_decision-1] [1746790737.316]: EnemyOutpostSub           [36mIDLE[0m -> [32mSUCCESS[0m
[robot_decision-1] [1746790737.316]: IfHealthSub               [32mSUCCESS[0m -> [36mIDLE[0m
[robot_decision-1] [1746790737.316]: OurOutpostSub             [32mSUCCESS[0m -> [36mIDLE[0m
[robot_decision-1] [1746790737.316]: EnemyOutpostSub           [32mSUCCESS[0m -> [36mIDLE[0m
[robot_decision-1] [1746790737.316]: Subscribers               [33mRUNNING[0m -> [32mSUCCESS[0m
[robot_decision-1] [1746790737.316]: Subscribers               [32mSUCCESS[0m -> [36mIDLE[0m
[robot_decision-1] [1746790737.316]: Inverter                  [33mRUNNING[0m -> [31mFAILURE[0m
[robot_decision-1] [1746790737.316]: Inverter                  [31mFAILURE[0m -> [36mIDLE[0m
[robot_decision-1] [1746790737.816]: Inverter                  [36mIDLE[0m -> [33mRUNNING[0m
[robot_decision-1] [1746790737.816]: Subscribers               [36mIDLE[0m -> [33mRUNNING[0m
[robot_decision-1] [INFO] [1746790737.816426914] [robot_decision]: [IfHealthSub] health value: 100
[robot_decision-1] [INFO] [1746790737.816622111] [robot_decision]: [OurOutpostSub] our outpost health value: 1500
[robot_decision-1] [INFO] [1746790737.816732865] [robot_decision]: [EnemyOutpostSub] enemy outpost health value: 1500
[robot_decision-1] [1746790737.817]: IfHealthSub               [36mIDLE[0m -> [32mSUCCESS[0m
[robot_decision-1] [1746790737.817]: OurOutpostSub             [36mIDLE[0m -> [32mSUCCESS[0m
[robot_decision-1] [1746790737.817]: EnemyOutpostSub           [36mIDLE[0m -> [32mSUCCESS[0m
[robot_decision-1] [1746790737.817]: IfHealthSub               [32mSUCCESS[0m -> [36mIDLE[0m
[robot_decision-1] [1746790737.817]: OurOutpostSub             [32mSUCCESS[0m -> [36mIDLE[0m
[robot_decision-1] [1746790737.817]: EnemyOutpostSub           [32mSUCCESS[0m -> [36mIDLE[0m
[robot_decision-1] [1746790737.817]: Subscribers               [33mRUNNING[0m -> [32mSUCCESS[0m
[robot_decision-1] [1746790737.817]: Subscribers               [32mSUCCESS[0m -> [36mIDLE[0m
[robot_decision-1] [1746790737.817]: Inverter                  [33mRUNNING[0m -> [31mFAILURE[0m
[robot_decision-1] [1746790737.817]: Inverter                  [31mFAILURE[0m -> [36mIDLE[0m
[robot_decision-1] [1746790738.318]: Inverter                  [36mIDLE[0m -> [33mRUNNING[0m
[robot_decision-1] [1746790738.318]: Subscribers               [36mIDLE[0m -> [33mRUNNING[0m
[robot_decision-1] [INFO] [1746790738.317904259] [robot_decision]: [IfHealthSub] health value: 100
[robot_decision-1] [INFO] [1746790738.318029731] [robot_decision]: [OurOutpostSub] our outpost health value: 1500
[robot_decision-1] [INFO] [1746790738.318118162] [robot_decision]: [EnemyOutpostSub] enemy outpost health value: 1500
[robot_decision-1] [1746790738.318]: IfHealthSub               [36mIDLE[0m -> [32mSUCCESS[0m
[robot_decision-1] [1746790738.318]: OurOutpostSub             [36mIDLE[0m -> [32mSUCCESS[0m
[robot_decision-1] [1746790738.318]: EnemyOutpostSub           [36mIDLE[0m -> [32mSUCCESS[0m
[robot_decision-1] [1746790738.318]: IfHealthSub               [32mSUCCESS[0m -> [36mIDLE[0m
[robot_decision-1] [1746790738.318]: OurOutpostSub             [32mSUCCESS[0m -> [36mIDLE[0m
[robot_decision-1] [1746790738.318]: EnemyOutpostSub           [32mSUCCESS[0m -> [36mIDLE[0m
[robot_decision-1] [1746790738.318]: Subscribers               [33mRUNNING[0m -> [32mSUCCESS[0m
[robot_decision-1] [1746790738.318]: Subscribers               [32mSUCCESS[0m -> [36mIDLE[0m
[robot_decision-1] [1746790738.318]: Inverter                  [33mRUNNING[0m -> [31mFAILURE[0m
[robot_decision-1] [1746790738.318]: Inverter                  [31mFAILURE[0m -> [36mIDLE[0m
[robot_decision-1] [1746790738.819]: Inverter                  [36mIDLE[0m -> [33mRUNNING[0m
[robot_decision-1] [1746790738.819]: Subscribers               [36mIDLE[0m -> [33mRUNNING[0m
[robot_decision-1] [INFO] [1746790738.818978193] [robot_decision]: [IfHealthSub] health value: 100
[robot_decision-1] [INFO] [1746790738.819223127] [robot_decision]: [OurOutpostSub] our outpost health value: 1500
[robot_decision-1] [1746790738.819]: IfHealthSub               [36mIDLE[0m -> [32mSUCCESS[0m
[robot_decision-1] [1746790738.819]: OurOutpostSub             [36mIDLE[0m -> [32mSUCCESS[0m
[robot_decision-1] [1746790738.819]: EnemyOutpostSub           [36mIDLE[0m -> [32mSUCCESS[0m
[robot_decision-1] [1746790738.819]: IfHealthSub               [32mSUCCESS[0m -> [36mIDLE[0m
[robot_decision-1] [1746790738.819]: OurOutpostSub             [32mSUCCESS[0m -> [36mIDLE[0m
[robot_decision-1] [1746790738.819]: EnemyOutpostSub           [32mSUCCESS[0m -> [36mIDLE[0m
[robot_decision-1] [1746790738.819]: Subscribers               [33mRUNNING[0m -> [32mSUCCESS[0m
[robot_decision-1] [1746790738.819]: Subscribers               [32mSUCCESS[0m -> [36mIDLE[0m
[robot_decision-1] [1746790738.819]: Inverter                  [33mRUNNING[0m -> [31mFAILURE[0m
[robot_decision-1] [1746790738.820]: Inverter                  [31mFAILURE[0m -> [36mIDLE[0m
[robot_decision-1] [INFO] [1746790738.819337278] [robot_decision]: [EnemyOutpostSub] enemy outpost health value: 1500
[robot_decision-1] [1746790739.320]: Inverter                  [36mIDLE[0m -> [33mRUNNING[0m
[robot_decision-1] [1746790739.320]: Subscribers               [36mIDLE[0m -> [33mRUNNING[0m
[robot_decision-1] [INFO] [1746790739.320177284] [robot_decision]: [IfHealthSub] health value: 100
[robot_decision-1] [INFO] [1746790739.320408602] [robot_decision]: [OurOutpostSub] our outpost health value: 1500
[robot_decision-1] [1746790739.320]: IfHealthSub               [36mIDLE[0m -> [32mSUCCESS[0m
[robot_decision-1] [1746790739.320]: OurOutpostSub             [36mIDLE[0m -> [32mSUCCESS[0m
[robot_decision-1] [1746790739.321]: EnemyOutpostSub           [36mIDLE[0m -> [32mSUCCESS[0m
[robot_decision-1] [1746790739.321]: IfHealthSub               [32mSUCCESS[0m -> [36mIDLE[0m
[robot_decision-1] [1746790739.321]: OurOutpostSub             [32mSUCCESS[0m -> [36mIDLE[0m
[robot_decision-1] [1746790739.321]: EnemyOutpostSub           [32mSUCCESS[0m -> [36mIDLE[0m
[robot_decision-1] [1746790739.321]: Subscribers               [33mRUNNING[0m -> [32mSUCCESS[0m
[robot_decision-1] [1746790739.321]: Subscribers               [32mSUCCESS[0m -> [36mIDLE[0m
[robot_decision-1] [1746790739.321]: Inverter                  [33mRUNNING[0m -> [31mFAILURE[0m
[robot_decision-1] [1746790739.321]: Inverter                  [31mFAILURE[0m -> [36mIDLE[0m
[robot_decision-1] [INFO] [1746790739.320510248] [robot_decision]: [EnemyOutpostSub] enemy outpost health value: 1500
[robot_decision-1] [1746790739.821]: Inverter                  [36mIDLE[0m -> [33mRUNNING[0m
[robot_decision-1] [1746790739.821]: Subscribers               [36mIDLE[0m -> [33mRUNNING[0m
[robot_decision-1] [1746790739.821]: IfHealthSub               [36mIDLE[0m -> [32mSUCCESS[0m
[robot_decision-1] [1746790739.821]: OurOutpostSub             [36mIDLE[0m -> [32mSUCCESS[0m
[robot_decision-1] [1746790739.821]: EnemyOutpostSub           [36mIDLE[0m -> [32mSUCCESS[0m
[robot_decision-1] [1746790739.821]: IfHealthSub               [32mSUCCESS[0m -> [36mIDLE[0m
[robot_decision-1] [1746790739.821]: OurOutpostSub             [32mSUCCESS[0m -> [36mIDLE[0m
[robot_decision-1] [1746790739.821]: EnemyOutpostSub           [32mSUCCESS[0m -> [36mIDLE[0m
[robot_decision-1] [1746790739.821]: Subscribers               [33mRUNNING[0m -> [32mSUCCESS[0m
[robot_decision-1] [1746790739.821]: Subscribers               [32mSUCCESS[0m -> [36mIDLE[0m
[robot_decision-1] [1746790739.821]: Inverter                  [33mRUNNING[0m -> [31mFAILURE[0m
[robot_decision-1] [1746790739.821]: Inverter                  [31mFAILURE[0m -> [36mIDLE[0m
[robot_decision-1] [INFO] [1746790739.821116653] [robot_decision]: [IfHealthSub] health value: 100
[robot_decision-1] [INFO] [1746790739.821204402] [robot_decision]: [OurOutpostSub] our outpost health value: 1500
[robot_decision-1] [INFO] [1746790739.821242917] [robot_decision]: [EnemyOutpostSub] enemy outpost health value: 1500
[robot_decision-1] [1746790740.322]: Inverter                  [36mIDLE[0m -> [33mRUNNING[0m
[robot_decision-1] [1746790740.322]: Subscribers               [36mIDLE[0m -> [33mRUNNING[0m
[robot_decision-1] [INFO] [1746790740.321697512] [robot_decision]: [IfHealthSub] health value: 100
[robot_decision-1] [INFO] [1746790740.321843935] [robot_decision]: [OurOutpostSub] our outpost health value: 1500
[robot_decision-1] [1746790740.322]: IfHealthSub               [36mIDLE[0m -> [32mSUCCESS[0m
[robot_decision-1] [1746790740.322]: OurOutpostSub             [36mIDLE[0m -> [32mSUCCESS[0m
[robot_decision-1] [1746790740.322]: EnemyOutpostSub           [36mIDLE[0m -> [32mSUCCESS[0m
[robot_decision-1] [1746790740.322]: IfHealthSub               [32mSUCCESS[0m -> [36mIDLE[0m
[robot_decision-1] [1746790740.322]: OurOutpostSub             [32mSUCCESS[0m -> [36mIDLE[0m
[robot_decision-1] [1746790740.322]: EnemyOutpostSub           [32mSUCCESS[0m -> [36mIDLE[0m
[robot_decision-1] [1746790740.322]: Subscribers               [33mRUNNING[0m -> [32mSUCCESS[0m
[robot_decision-1] [1746790740.322]: Subscribers               [32mSUCCESS[0m -> [36mIDLE[0m
[robot_decision-1] [1746790740.322]: Inverter                  [33mRUNNING[0m -> [31mFAILURE[0m
[robot_decision-1] [1746790740.322]: Inverter                  [31mFAILURE[0m -> [36mIDLE[0m
[robot_decision-1] [INFO] [1746790740.321934521] [robot_decision]: [EnemyOutpostSub] enemy outpost health value: 1500
[robot_decision-1] [1746790740.822]: Inverter                  [36mIDLE[0m -> [33mRUNNING[0m
[robot_decision-1] [1746790740.822]: Subscribers               [36mIDLE[0m -> [33mRUNNING[0m
[robot_decision-1] [INFO] [1746790740.823012672] [robot_decision]: [IfHealthSub] health value: 100
[robot_decision-1] [INFO] [1746790740.823338552] [robot_decision]: [OurOutpostSub] our outpost health value: 1500
[robot_decision-1] [INFO] [1746790740.823456400] [robot_decision]: [EnemyOutpostSub] enemy outpost health value: 1500
[robot_decision-1] [1746790740.823]: IfHealthSub               [36mIDLE[0m -> [32mSUCCESS[0m
[robot_decision-1] [1746790740.823]: OurOutpostSub             [36mIDLE[0m -> [32mSUCCESS[0m
[robot_decision-1] [1746790740.824]: EnemyOutpostSub           [36mIDLE[0m -> [32mSUCCESS[0m
[robot_decision-1] [1746790740.824]: IfHealthSub               [32mSUCCESS[0m -> [36mIDLE[0m
[robot_decision-1] [1746790740.824]: OurOutpostSub             [32mSUCCESS[0m -> [36mIDLE[0m
[robot_decision-1] [1746790740.824]: EnemyOutpostSub           [32mSUCCESS[0m -> [36mIDLE[0m
[robot_decision-1] [1746790740.824]: Subscribers               [33mRUNNING[0m -> [32mSUCCESS[0m
[robot_decision-1] [1746790740.824]: Subscribers               [32mSUCCESS[0m -> [36mIDLE[0m
[robot_decision-1] [1746790740.824]: Inverter                  [33mRUNNING[0m -> [31mFAILURE[0m
[robot_decision-1] [1746790740.824]: Inverter                  [31mFAILURE[0m -> [36mIDLE[0m
[robot_decision-1] [1746790741.325]: Inverter                  [36mIDLE[0m -> [33mRUNNING[0m
[robot_decision-1] [1746790741.325]: Subscribers               [36mIDLE[0m -> [33mRUNNING[0m
[robot_decision-1] [1746790741.326]: IfHealthSub               [36mIDLE[0m -> [32mSUCCESS[0m
[robot_decision-1] [1746790741.326]: OurOutpostSub             [36mIDLE[0m -> [32mSUCCESS[0m
[robot_decision-1] [1746790741.326]: EnemyOutpostSub           [36mIDLE[0m -> [32mSUCCESS[0m
[robot_decision-1] [1746790741.326]: IfHealthSub               [32mSUCCESS[0m -> [36mIDLE[0m
[robot_decision-1] [1746790741.326]: OurOutpostSub             [32mSUCCESS[0m -> [36mIDLE[0m
[robot_decision-1] [1746790741.326]: EnemyOutpostSub           [32mSUCCESS[0m -> [36mIDLE[0m
[robot_decision-1] [1746790741.326]: Subscribers               [33mRUNNING[0m -> [32mSUCCESS[0m
[robot_decision-1] [1746790741.326]: Subscribers               [32mSUCCESS[0m -> [36mIDLE[0m
[robot_decision-1] [1746790741.326]: Inverter                  [33mRUNNING[0m -> [31mFAILURE[0m
[robot_decision-1] [1746790741.326]: Inverter                  [31mFAILURE[0m -> [36mIDLE[0m
[robot_decision-1] [INFO] [1746790741.325707294] [robot_decision]: [IfHealthSub] health value: 100
[robot_decision-1] [INFO] [1746790741.325830783] [robot_decision]: [OurOutpostSub] our outpost health value: 1500
[robot_decision-1] [INFO] [1746790741.325903584] [robot_decision]: [EnemyOutpostSub] enemy outpost health value: 1500
[robot_decision-1] [1746790741.826]: Inverter                  [36mIDLE[0m -> [33mRUNNING[0m
[robot_decision-1] [1746790741.826]: Subscribers               [36mIDLE[0m -> [33mRUNNING[0m
[robot_decision-1] [INFO] [1746790741.826363124] [robot_decision]: [IfHealthSub] health value: 100
[robot_decision-1] [INFO] [1746790741.826460692] [robot_decision]: [OurOutpostSub] our outpost health value: 1500
[robot_decision-1] [INFO] [1746790741.826523935] [robot_decision]: [EnemyOutpostSub] enemy outpost health value: 1500
[robot_decision-1] [WARN] [1746790741.826635591] [robot_decision]: NavigateToPose failure: SEND_GOAL_TIMEOUT
[robot_decision-1] [1746790741.826]: IfHealthSub               [36mIDLE[0m -> [32mSUCCESS[0m
[robot_decision-1] [1746790741.826]: OurOutpostSub             [36mIDLE[0m -> [32mSUCCESS[0m
[robot_decision-1] [1746790741.827]: EnemyOutpostSub           [36mIDLE[0m -> [32mSUCCESS[0m
[robot_decision-1] [1746790741.827]: IfHealthSub               [32mSUCCESS[0m -> [36mIDLE[0m
[robot_decision-1] [1746790741.827]: OurOutpostSub             [32mSUCCESS[0m -> [36mIDLE[0m
[robot_decision-1] [1746790741.827]: EnemyOutpostSub           [32mSUCCESS[0m -> [36mIDLE[0m
[robot_decision-1] [1746790741.827]: Subscribers               [33mRUNNING[0m -> [32mSUCCESS[0m
[robot_decision-1] [1746790741.827]: Subscribers               [32mSUCCESS[0m -> [36mIDLE[0m
[robot_decision-1] [1746790741.827]: Inverter                  [33mRUNNING[0m -> [31mFAILURE[0m
[robot_decision-1] [1746790741.827]: NavigateToPose            [33mRUNNING[0m -> [31mFAILURE[0m
[robot_decision-1] [1746790741.827]: WaitNode                  [32mSUCCESS[0m -> [36mIDLE[0m
[robot_decision-1] [1746790741.827]: NavigateToPose            [31mFAILURE[0m -> [36mIDLE[0m
[robot_decision-1] [1746790741.827]: Sequence                  [33mRUNNING[0m -> [31mFAILURE[0m
[robot_decision-1] [1746790741.827]: Sequence                  [31mFAILURE[0m -> [36mIDLE[0m
[robot_decision-1] [1746790741.827]: Sequence                  [36mIDLE[0m -> [33mRUNNING[0m
[robot_decision-1] [1746790741.827]: WaitNode                  [36mIDLE[0m -> [33mRUNNING[0m
[robot_decision-1] [1746790741.827]: Inverter                  [31mFAILURE[0m -> [36mIDLE[0m
[robot_decision-1] [1746790742.327]: Inverter                  [36mIDLE[0m -> [33mRUNNING[0m
[robot_decision-1] [1746790742.327]: Subscribers               [36mIDLE[0m -> [33mRUNNING[0m
[robot_decision-1] [INFO] [1746790742.327323505] [robot_decision]: [IfHealthSub] health value: 100
[robot_decision-1] [INFO] [1746790742.327564231] [robot_decision]: [OurOutpostSub] our outpost health value: 1500
[robot_decision-1] [1746790742.327]: IfHealthSub               [36mIDLE[0m -> [32mSUCCESS[0m
[robot_decision-1] [1746790742.328]: OurOutpostSub             [36mIDLE[0m -> [32mSUCCESS[0m
[robot_decision-1] [1746790742.328]: EnemyOutpostSub           [36mIDLE[0m -> [32mSUCCESS[0m
[robot_decision-1] [1746790742.328]: IfHealthSub               [32mSUCCESS[0m -> [36mIDLE[0m
[robot_decision-1] [1746790742.328]: OurOutpostSub             [32mSUCCESS[0m -> [36mIDLE[0m
[robot_decision-1] [1746790742.328]: EnemyOutpostSub           [32mSUCCESS[0m -> [36mIDLE[0m
[robot_decision-1] [1746790742.328]: Subscribers               [33mRUNNING[0m -> [32mSUCCESS[0m
[robot_decision-1] [1746790742.328]: Subscribers               [32mSUCCESS[0m -> [36mIDLE[0m
[robot_decision-1] [1746790742.328]: Inverter                  [33mRUNNING[0m -> [31mFAILURE[0m
[robot_decision-1] [1746790742.328]: WaitNode                  [33mRUNNING[0m -> [32mSUCCESS[0m
[robot_decision-1] [1746790742.328]: NavigateToPose            [36mIDLE[0m -> [33mRUNNING[0m
[robot_decision-1] Point key: 2 x:2 y:0.7
[robot_decision-1] [INFO] [1746790742.327663523] [robot_decision]: [EnemyOutpostSub] enemy outpost health value: 1500
[robot_decision-1] [1746790742.329]: Inverter                  [31mFAILURE[0m -> [36mIDLE[0m
[robot_decision-1] [1746790742.829]: Inverter                  [36mIDLE[0m -> [33mRUNNING[0m
[robot_decision-1] [1746790742.829]: Subscribers               [36mIDLE[0m -> [33mRUNNING[0m
[robot_decision-1] [INFO] [1746790742.829294012] [robot_decision]: [IfHealthSub] health value: 100
[robot_decision-1] [INFO] [1746790742.829410788] [robot_decision]: [OurOutpostSub] our outpost health value: 1500
[robot_decision-1] [INFO] [1746790742.829547312] [robot_decision]: [EnemyOutpostSub] enemy outpost health value: 1500
[robot_decision-1] [1746790742.829]: IfHealthSub               [36mIDLE[0m -> [32mSUCCESS[0m
[robot_decision-1] [1746790742.829]: OurOutpostSub             [36mIDLE[0m -> [32mSUCCESS[0m
[robot_decision-1] [1746790742.830]: EnemyOutpostSub           [36mIDLE[0m -> [32mSUCCESS[0m
[robot_decision-1] [1746790742.830]: IfHealthSub               [32mSUCCESS[0m -> [36mIDLE[0m
[robot_decision-1] [1746790742.830]: OurOutpostSub             [32mSUCCESS[0m -> [36mIDLE[0m
[robot_decision-1] [1746790742.830]: EnemyOutpostSub           [32mSUCCESS[0m -> [36mIDLE[0m
[robot_decision-1] [1746790742.830]: Subscribers               [33mRUNNING[0m -> [32mSUCCESS[0m
[robot_decision-1] [1746790742.830]: Subscribers               [32mSUCCESS[0m -> [36mIDLE[0m
[robot_decision-1] [1746790742.830]: Inverter                  [33mRUNNING[0m -> [31mFAILURE[0m
[robot_decision-1] [1746790742.830]: Inverter                  [31mFAILURE[0m -> [36mIDLE[0m
[robot_decision-1] [1746790743.330]: Inverter                  [36mIDLE[0m -> [33mRUNNING[0m
[robot_decision-1] [1746790743.330]: Subscribers               [36mIDLE[0m -> [33mRUNNING[0m
[robot_decision-1] [INFO] [1746790743.330269769] [robot_decision]: [IfHealthSub] health value: 100
[robot_decision-1] [INFO] [1746790743.330517388] [robot_decision]: [OurOutpostSub] our outpost health value: 1500
[robot_decision-1] [1746790743.330]: IfHealthSub               [36mIDLE[0m -> [32mSUCCESS[0m
[robot_decision-1] [1746790743.331]: OurOutpostSub             [36mIDLE[0m -> [32mSUCCESS[0m
[robot_decision-1] [1746790743.331]: EnemyOutpostSub           [36mIDLE[0m -> [32mSUCCESS[0m
[robot_decision-1] [1746790743.331]: IfHealthSub               [32mSUCCESS[0m -> [36mIDLE[0m
[robot_decision-1] [1746790743.331]: OurOutpostSub             [32mSUCCESS[0m -> [36mIDLE[0m
[robot_decision-1] [1746790743.331]: EnemyOutpostSub           [32mSUCCESS[0m -> [36mIDLE[0m
[robot_decision-1] [1746790743.331]: Subscribers               [33mRUNNING[0m -> [32mSUCCESS[0m
[robot_decision-1] [1746790743.331]: Subscribers               [32mSUCCESS[0m -> [36mIDLE[0m
[robot_decision-1] [1746790743.331]: Inverter                  [33mRUNNING[0m -> [31mFAILURE[0m
[robot_decision-1] [1746790743.331]: Inverter                  [31mFAILURE[0m -> [36mIDLE[0m
[robot_decision-1] [INFO] [1746790743.330611059] [robot_decision]: [EnemyOutpostSub] enemy outpost health value: 1500
[robot_decision-1] [1746790743.833]: Inverter                  [36mIDLE[0m -> [33mRUNNING[0m
[robot_decision-1] [1746790743.833]: Subscribers               [36mIDLE[0m -> [33mRUNNING[0m
[robot_decision-1] [1746790743.833]: IfHealthSub               [36mIDLE[0m -> [32mSUCCESS[0m
[robot_decision-1] [1746790743.833]: OurOutpostSub             [36mIDLE[0m -> [32mSUCCESS[0m
[robot_decision-1] [1746790743.834]: EnemyOutpostSub           [36mIDLE[0m -> [32mSUCCESS[0m
[robot_decision-1] [1746790743.834]: IfHealthSub               [32mSUCCESS[0m -> [36mIDLE[0m
[robot_decision-1] [1746790743.834]: OurOutpostSub             [32mSUCCESS[0m -> [36mIDLE[0m
[robot_decision-1] [1746790743.834]: EnemyOutpostSub           [32mSUCCESS[0m -> [36mIDLE[0m
[robot_decision-1] [1746790743.834]: Subscribers               [33mRUNNING[0m -> [32mSUCCESS[0m
[robot_decision-1] [1746790743.834]: Subscribers               [32mSUCCESS[0m -> [36mIDLE[0m
[robot_decision-1] [1746790743.834]: Inverter                  [33mRUNNING[0m -> [31mFAILURE[0m
[robot_decision-1] [1746790743.834]: Inverter                  [31mFAILURE[0m -> [36mIDLE[0m
[robot_decision-1] [INFO] [1746790743.833166271] [robot_decision]: [IfHealthSub] health value: 100
[robot_decision-1] [INFO] [1746790743.833412066] [robot_decision]: [OurOutpostSub] our outpost health value: 1500
[robot_decision-1] [INFO] [1746790743.833517079] [robot_decision]: [EnemyOutpostSub] enemy outpost health value: 1500
[robot_decision-1] [1746790744.334]: Inverter                  [36mIDLE[0m -> [33mRUNNING[0m
[robot_decision-1] [1746790744.334]: Subscribers               [36mIDLE[0m -> [33mRUNNING[0m
[robot_decision-1] [INFO] [1746790744.334210154] [robot_decision]: [IfHealthSub] health value: 100
[robot_decision-1] [INFO] [1746790744.334347960] [robot_decision]: [OurOutpostSub] our outpost health value: 1500
[robot_decision-1] [INFO] [1746790744.334394130] [robot_decision]: [EnemyOutpostSub] enemy outpost health value: 1500
[robot_decision-1] [1746790744.334]: IfHealthSub               [36mIDLE[0m -> [32mSUCCESS[0m
[robot_decision-1] [1746790744.334]: OurOutpostSub             [36mIDLE[0m -> [32mSUCCESS[0m
[robot_decision-1] [1746790744.334]: EnemyOutpostSub           [36mIDLE[0m -> [32mSUCCESS[0m
[robot_decision-1] [1746790744.334]: IfHealthSub               [32mSUCCESS[0m -> [36mIDLE[0m
[robot_decision-1] [1746790744.334]: OurOutpostSub             [32mSUCCESS[0m -> [36mIDLE[0m
[robot_decision-1] [1746790744.334]: EnemyOutpostSub           [32mSUCCESS[0m -> [36mIDLE[0m
[robot_decision-1] [1746790744.334]: Subscribers               [33mRUNNING[0m -> [32mSUCCESS[0m
[robot_decision-1] [1746790744.334]: Subscribers               [32mSUCCESS[0m -> [36mIDLE[0m
[robot_decision-1] [1746790744.334]: Inverter                  [33mRUNNING[0m -> [31mFAILURE[0m
[robot_decision-1] [1746790744.335]: Inverter                  [31mFAILURE[0m -> [36mIDLE[0m
[robot_decision-1] [1746790744.835]: Inverter                  [36mIDLE[0m -> [33mRUNNING[0m
[robot_decision-1] [1746790744.835]: Subscribers               [36mIDLE[0m -> [33mRUNNING[0m
[robot_decision-1] [INFO] [1746790744.834859475] [robot_decision]: [IfHealthSub] health value: 100
[robot_decision-1] [INFO] [1746790744.834980760] [robot_decision]: [OurOutpostSub] our outpost health value: 1500
[robot_decision-1] [INFO] [1746790744.835045274] [robot_decision]: [EnemyOutpostSub] enemy outpost health value: 1500
[robot_decision-1] [1746790744.835]: IfHealthSub               [36mIDLE[0m -> [32mSUCCESS[0m
[robot_decision-1] [1746790744.835]: OurOutpostSub             [36mIDLE[0m -> [32mSUCCESS[0m
[robot_decision-1] [1746790744.835]: EnemyOutpostSub           [36mIDLE[0m -> [32mSUCCESS[0m
[robot_decision-1] [1746790744.835]: IfHealthSub               [32mSUCCESS[0m -> [36mIDLE[0m
[robot_decision-1] [1746790744.835]: OurOutpostSub             [32mSUCCESS[0m -> [36mIDLE[0m
[robot_decision-1] [1746790744.835]: EnemyOutpostSub           [32mSUCCESS[0m -> [36mIDLE[0m
[robot_decision-1] [1746790744.835]: Subscribers               [33mRUNNING[0m -> [32mSUCCESS[0m
[robot_decision-1] [1746790744.835]: Subscribers               [32mSUCCESS[0m -> [36mIDLE[0m
[robot_decision-1] [1746790744.835]: Inverter                  [33mRUNNING[0m -> [31mFAILURE[0m
[robot_decision-1] [1746790744.835]: Inverter                  [31mFAILURE[0m -> [36mIDLE[0m
[robot_decision-1] [1746790745.336]: Inverter                  [36mIDLE[0m -> [33mRUNNING[0m
[robot_decision-1] [1746790745.336]: Subscribers               [36mIDLE[0m -> [33mRUNNING[0m
[robot_decision-1] [INFO] [1746790745.335938110] [robot_decision]: [IfHealthSub] health value: 100
[robot_decision-1] [1746790745.336]: IfHealthSub               [36mIDLE[0m -> [32mSUCCESS[0m
[robot_decision-1] [1746790745.337]: OurOutpostSub             [36mIDLE[0m -> [32mSUCCESS[0m
[robot_decision-1] [INFO] [1746790745.336349696] [robot_decision]: [OurOutpostSub] our outpost health value: 1500
[robot_decision-1] [INFO] [1746790745.337267561] [robot_decision]: [EnemyOutpostSub] enemy outpost health value: 1500
[robot_decision-1] [1746790745.337]: EnemyOutpostSub           [36mIDLE[0m -> [32mSUCCESS[0m
[robot_decision-1] [1746790745.337]: IfHealthSub               [32mSUCCESS[0m -> [36mIDLE[0m
[robot_decision-1] [1746790745.337]: OurOutpostSub             [32mSUCCESS[0m -> [36mIDLE[0m
[robot_decision-1] [1746790745.337]: EnemyOutpostSub           [32mSUCCESS[0m -> [36mIDLE[0m
[robot_decision-1] [1746790745.337]: Subscribers               [33mRUNNING[0m -> [32mSUCCESS[0m
[robot_decision-1] [1746790745.337]: Subscribers               [32mSUCCESS[0m -> [36mIDLE[0m
[robot_decision-1] [1746790745.337]: Inverter                  [33mRUNNING[0m -> [31mFAILURE[0m
[robot_decision-1] [1746790745.337]: Inverter                  [31mFAILURE[0m -> [36mIDLE[0m
[robot_decision-1] [1746790745.838]: Inverter                  [36mIDLE[0m -> [33mRUNNING[0m
[robot_decision-1] [1746790745.838]: Subscribers               [36mIDLE[0m -> [33mRUNNING[0m
[robot_decision-1] [INFO] [1746790745.838071386] [robot_decision]: [IfHealthSub] health value: 100
[robot_decision-1] [1746790745.838]: IfHealthSub               [36mIDLE[0m -> [32mSUCCESS[0m
[robot_decision-1] [1746790745.838]: OurOutpostSub             [36mIDLE[0m -> [32mSUCCESS[0m
[robot_decision-1] [1746790745.838]: EnemyOutpostSub           [36mIDLE[0m -> [32mSUCCESS[0m
[robot_decision-1] [1746790745.838]: IfHealthSub               [32mSUCCESS[0m -> [36mIDLE[0m
[robot_decision-1] [1746790745.838]: OurOutpostSub             [32mSUCCESS[0m -> [36mIDLE[0m
[robot_decision-1] [1746790745.838]: EnemyOutpostSub           [32mSUCCESS[0m -> [36mIDLE[0m
[robot_decision-1] [1746790745.838]: Subscribers               [33mRUNNING[0m -> [32mSUCCESS[0m
[robot_decision-1] [1746790745.838]: Subscribers               [32mSUCCESS[0m -> [36mIDLE[0m
[robot_decision-1] [1746790745.838]: Inverter                  [33mRUNNING[0m -> [31mFAILURE[0m
[robot_decision-1] [1746790745.839]: Inverter                  [31mFAILURE[0m -> [36mIDLE[0m
[robot_decision-1] [INFO] [1746790745.838270982] [robot_decision]: [OurOutpostSub] our outpost health value: 1500
[robot_decision-1] [INFO] [1746790745.838369593] [robot_decision]: [EnemyOutpostSub] enemy outpost health value: 1500
[robot_decision-1] [1746790746.339]: Inverter                  [36mIDLE[0m -> [33mRUNNING[0m
[robot_decision-1] [1746790746.339]: Subscribers               [36mIDLE[0m -> [33mRUNNING[0m
[robot_decision-1] [INFO] [1746790746.339421951] [robot_decision]: [IfHealthSub] health value: 100
[robot_decision-1] [INFO] [1746790746.339652497] [robot_decision]: [OurOutpostSub] our outpost health value: 1500
[robot_decision-1] [1746790746.340]: IfHealthSub               [36mIDLE[0m -> [32mSUCCESS[0m
[robot_decision-1] [1746790746.340]: OurOutpostSub             [36mIDLE[0m -> [32mSUCCESS[0m
[robot_decision-1] [1746790746.340]: EnemyOutpostSub           [36mIDLE[0m -> [32mSUCCESS[0m
[robot_decision-1] [1746790746.340]: IfHealthSub               [32mSUCCESS[0m -> [36mIDLE[0m
[robot_decision-1] [1746790746.340]: OurOutpostSub             [32mSUCCESS[0m -> [36mIDLE[0m
[robot_decision-1] [1746790746.340]: EnemyOutpostSub           [32mSUCCESS[0m -> [36mIDLE[0m
[robot_decision-1] [1746790746.340]: Subscribers               [33mRUNNING[0m -> [32mSUCCESS[0m
[robot_decision-1] [1746790746.340]: Subscribers               [32mSUCCESS[0m -> [36mIDLE[0m
[robot_decision-1] [1746790746.340]: Inverter                  [33mRUNNING[0m -> [31mFAILURE[0m
[robot_decision-1] [1746790746.340]: Inverter                  [31mFAILURE[0m -> [36mIDLE[0m
[robot_decision-1] [INFO] [1746790746.339771677] [robot_decision]: [EnemyOutpostSub] enemy outpost health value: 1500
[robot_decision-1] [1746790746.841]: Inverter                  [36mIDLE[0m -> [33mRUNNING[0m
[robot_decision-1] [1746790746.841]: Subscribers               [36mIDLE[0m -> [33mRUNNING[0m
[robot_decision-1] [1746790746.841]: IfHealthSub               [36mIDLE[0m -> [32mSUCCESS[0m
[robot_decision-1] [1746790746.841]: OurOutpostSub             [36mIDLE[0m -> [32mSUCCESS[0m
[robot_decision-1] [1746790746.842]: EnemyOutpostSub           [36mIDLE[0m -> [32mSUCCESS[0m
[robot_decision-1] [1746790746.842]: IfHealthSub               [32mSUCCESS[0m -> [36mIDLE[0m
[robot_decision-1] [1746790746.842]: OurOutpostSub             [32mSUCCESS[0m -> [36mIDLE[0m
[robot_decision-1] [1746790746.842]: EnemyOutpostSub           [32mSUCCESS[0m -> [36mIDLE[0m
[robot_decision-1] [1746790746.842]: Subscribers               [33mRUNNING[0m -> [32mSUCCESS[0m
[robot_decision-1] [1746790746.842]: Subscribers               [32mSUCCESS[0m -> [36mIDLE[0m
[robot_decision-1] [1746790746.842]: Inverter                  [33mRUNNING[0m -> [31mFAILURE[0m
[robot_decision-1] [1746790746.842]: Inverter                  [31mFAILURE[0m -> [36mIDLE[0m
[robot_decision-1] [INFO] [1746790746.841146682] [robot_decision]: [IfHealthSub] health value: 100
[robot_decision-1] [INFO] [1746790746.841433447] [robot_decision]: [OurOutpostSub] our outpost health value: 1500
[robot_decision-1] [INFO] [1746790746.841577616] [robot_decision]: [EnemyOutpostSub] enemy outpost health value: 1500
[robot_decision-1] [1746790747.343]: Inverter                  [36mIDLE[0m -> [33mRUNNING[0m
[robot_decision-1] [1746790747.343]: Subscribers               [36mIDLE[0m -> [33mRUNNING[0m
[robot_decision-1] [INFO] [1746790747.343574094] [robot_decision]: [IfHealthSub] health value: 100
[robot_decision-1] [1746790747.344]: IfHealthSub               [36mIDLE[0m -> [32mSUCCESS[0m
[robot_decision-1] [1746790747.344]: OurOutpostSub             [36mIDLE[0m -> [32mSUCCESS[0m
[robot_decision-1] [1746790747.344]: EnemyOutpostSub           [36mIDLE[0m -> [32mSUCCESS[0m
[robot_decision-1] [1746790747.344]: IfHealthSub               [32mSUCCESS[0m -> [36mIDLE[0m
[robot_decision-1] [1746790747.344]: OurOutpostSub             [32mSUCCESS[0m -> [36mIDLE[0m
[robot_decision-1] [1746790747.344]: EnemyOutpostSub           [32mSUCCESS[0m -> [36mIDLE[0m
[robot_decision-1] [1746790747.344]: Subscribers               [33mRUNNING[0m -> [32mSUCCESS[0m
[robot_decision-1] [1746790747.344]: Subscribers               [32mSUCCESS[0m -> [36mIDLE[0m
[robot_decision-1] [1746790747.344]: Inverter                  [33mRUNNING[0m -> [31mFAILURE[0m
[robot_decision-1] [1746790747.344]: NavigateToPose            [33mRUNNING[0m -> [31mFAILURE[0m
[robot_decision-1] [1746790747.344]: WaitNode                  [32mSUCCESS[0m -> [36mIDLE[0m
[robot_decision-1] [1746790747.344]: NavigateToPose            [31mFAILURE[0m -> [36mIDLE[0m
[robot_decision-1] [1746790747.344]: Sequence                  [33mRUNNING[0m -> [31mFAILURE[0m
[robot_decision-1] [1746790747.344]: Sequence                  [31mFAILURE[0m -> [36mIDLE[0m
[robot_decision-1] [1746790747.344]: Sequence                  [36mIDLE[0m -> [33mRUNNING[0m
[robot_decision-1] [1746790747.344]: WaitNode                  [36mIDLE[0m -> [33mRUNNING[0m
[robot_decision-1] [1746790747.344]: Inverter                  [31mFAILURE[0m -> [36mIDLE[0m
[robot_decision-1] [INFO] [1746790747.343704947] [robot_decision]: [OurOutpostSub] our outpost health value: 1500
[robot_decision-1] [INFO] [1746790747.343766997] [robot_decision]: [EnemyOutpostSub] enemy outpost health value: 1500
[robot_decision-1] [WARN] [1746790747.343899373] [robot_decision]: NavigateToPose failure: SEND_GOAL_TIMEOUT
[robot_decision-1] [1746790747.844]: Inverter                  [36mIDLE[0m -> [33mRUNNING[0m
[robot_decision-1] [1746790747.844]: Subscribers               [36mIDLE[0m -> [33mRUNNING[0m
[robot_decision-1] [INFO] [1746790747.844604488] [robot_decision]: [IfHealthSub] health value: 100
[robot_decision-1] [INFO] [1746790747.844863348] [robot_decision]: [OurOutpostSub] our outpost health value: 1500
[robot_decision-1] [INFO] [1746790747.844976277] [robot_decision]: [EnemyOutpostSub] enemy outpost health value: 1500
[robot_decision-1] [1746790747.845]: IfHealthSub               [36mIDLE[0m -> [32mSUCCESS[0m
[robot_decision-1] [1746790747.845]: OurOutpostSub             [36mIDLE[0m -> [32mSUCCESS[0m
[robot_decision-1] [1746790747.845]: EnemyOutpostSub           [36mIDLE[0m -> [32mSUCCESS[0m
[robot_decision-1] [1746790747.845]: IfHealthSub               [32mSUCCESS[0m -> [36mIDLE[0m
[robot_decision-1] [1746790747.845]: OurOutpostSub             [32mSUCCESS[0m -> [36mIDLE[0m
[robot_decision-1] [1746790747.845]: EnemyOutpostSub           [32mSUCCESS[0m -> [36mIDLE[0m
[robot_decision-1] [1746790747.845]: Subscribers               [33mRUNNING[0m -> [32mSUCCESS[0m
[robot_decision-1] [1746790747.845]: Subscribers               [32mSUCCESS[0m -> [36mIDLE[0m
[robot_decision-1] [1746790747.845]: Inverter                  [33mRUNNING[0m -> [31mFAILURE[0m
[robot_decision-1] [1746790747.845]: WaitNode                  [33mRUNNING[0m -> [32mSUCCESS[0m
[robot_decision-1] [1746790747.845]: NavigateToPose            [36mIDLE[0m -> [33mRUNNING[0m
[robot_decision-1] Point key: 2 x:2 y:0.7
[robot_decision-1] [1746790747.847]: Inverter                  [31mFAILURE[0m -> [36mIDLE[0m
[robot_decision-1] [1746790748.347]: Inverter                  [36mIDLE[0m -> [33mRUNNING[0m
[robot_decision-1] [1746790748.347]: Subscribers               [36mIDLE[0m -> [33mRUNNING[0m
[robot_decision-1] [INFO] [1746790748.347243843] [robot_decision]: [IfHealthSub] health value: 100
[robot_decision-1] [INFO] [1746790748.347444621] [robot_decision]: [OurOutpostSub] our outpost health value: 1500
[robot_decision-1] [INFO] [1746790748.347526399] [robot_decision]: [EnemyOutpostSub] enemy outpost health value: 1500
[robot_decision-1] [1746790748.347]: IfHealthSub               [36mIDLE[0m -> [32mSUCCESS[0m
[robot_decision-1] [1746790748.347]: OurOutpostSub             [36mIDLE[0m -> [32mSUCCESS[0m
[robot_decision-1] [1746790748.348]: EnemyOutpostSub           [36mIDLE[0m -> [32mSUCCESS[0m
[robot_decision-1] [1746790748.348]: IfHealthSub               [32mSUCCESS[0m -> [36mIDLE[0m
[robot_decision-1] [1746790748.348]: OurOutpostSub             [32mSUCCESS[0m -> [36mIDLE[0m
[robot_decision-1] [1746790748.348]: EnemyOutpostSub           [32mSUCCESS[0m -> [36mIDLE[0m
[robot_decision-1] [1746790748.348]: Subscribers               [33mRUNNING[0m -> [32mSUCCESS[0m
[robot_decision-1] [1746790748.348]: Subscribers               [32mSUCCESS[0m -> [36mIDLE[0m
[robot_decision-1] [1746790748.348]: Inverter                  [33mRUNNING[0m -> [31mFAILURE[0m
[robot_decision-1] [1746790748.348]: Inverter                  [31mFAILURE[0m -> [36mIDLE[0m
[robot_decision-1] [1746790748.848]: Inverter                  [36mIDLE[0m -> [33mRUNNING[0m
[robot_decision-1] [1746790748.848]: Subscribers               [36mIDLE[0m -> [33mRUNNING[0m
[robot_decision-1] [INFO] [1746790748.849114968] [robot_decision]: [IfHealthSub] health value: 100
[robot_decision-1] [INFO] [1746790748.849263234] [robot_decision]: [OurOutpostSub] our outpost health value: 1500
[robot_decision-1] [INFO] [1746790748.849327047] [robot_decision]: [EnemyOutpostSub] enemy outpost health value: 1500
[robot_decision-1] [1746790748.849]: IfHealthSub               [36mIDLE[0m -> [32mSUCCESS[0m
[robot_decision-1] [1746790748.849]: OurOutpostSub             [36mIDLE[0m -> [32mSUCCESS[0m
[robot_decision-1] [1746790748.849]: EnemyOutpostSub           [36mIDLE[0m -> [32mSUCCESS[0m
[robot_decision-1] [1746790748.849]: IfHealthSub               [32mSUCCESS[0m -> [36mIDLE[0m
[robot_decision-1] [1746790748.849]: OurOutpostSub             [32mSUCCESS[0m -> [36mIDLE[0m
[robot_decision-1] [1746790748.849]: EnemyOutpostSub           [32mSUCCESS[0m -> [36mIDLE[0m
[robot_decision-1] [1746790748.849]: Subscribers               [33mRUNNING[0m -> [32mSUCCESS[0m
[robot_decision-1] [1746790748.849]: Subscribers               [32mSUCCESS[0m -> [36mIDLE[0m
[robot_decision-1] [1746790748.849]: Inverter                  [33mRUNNING[0m -> [31mFAILURE[0m
[robot_decision-1] [1746790748.849]: Inverter                  [31mFAILURE[0m -> [36mIDLE[0m
[robot_decision-1] [1746790749.350]: Inverter                  [36mIDLE[0m -> [33mRUNNING[0m
[robot_decision-1] [1746790749.350]: Subscribers               [36mIDLE[0m -> [33mRUNNING[0m
[robot_decision-1] [INFO] [1746790749.350217358] [robot_decision]: [IfHealthSub] health value: 100
[robot_decision-1] [INFO] [1746790749.350495796] [robot_decision]: [OurOutpostSub] our outpost health value: 1500
[robot_decision-1] [INFO] [1746790749.350596240] [robot_decision]: [EnemyOutpostSub] enemy outpost health value: 1500
[robot_decision-1] [1746790749.350]: IfHealthSub               [36mIDLE[0m -> [32mSUCCESS[0m
[robot_decision-1] [1746790749.351]: OurOutpostSub             [36mIDLE[0m -> [32mSUCCESS[0m
[robot_decision-1] [1746790749.351]: EnemyOutpostSub           [36mIDLE[0m -> [32mSUCCESS[0m
[robot_decision-1] [1746790749.351]: IfHealthSub               [32mSUCCESS[0m -> [36mIDLE[0m
[robot_decision-1] [1746790749.351]: OurOutpostSub             [32mSUCCESS[0m -> [36mIDLE[0m
[robot_decision-1] [1746790749.351]: EnemyOutpostSub           [32mSUCCESS[0m -> [36mIDLE[0m
[robot_decision-1] [1746790749.351]: Subscribers               [33mRUNNING[0m -> [32mSUCCESS[0m
[robot_decision-1] [1746790749.351]: Subscribers               [32mSUCCESS[0m -> [36mIDLE[0m
[robot_decision-1] [1746790749.351]: Inverter                  [33mRUNNING[0m -> [31mFAILURE[0m
[robot_decision-1] [1746790749.351]: Inverter                  [31mFAILURE[0m -> [36mIDLE[0m
[robot_decision-1] [1746790749.851]: Inverter                  [36mIDLE[0m -> [33mRUNNING[0m
[robot_decision-1] [1746790749.851]: Subscribers               [36mIDLE[0m -> [33mRUNNING[0m
[robot_decision-1] [INFO] [1746790749.851207595] [robot_decision]: [IfHealthSub] health value: 100
[robot_decision-1] [INFO] [1746790749.851356894] [robot_decision]: [OurOutpostSub] our outpost health value: 1500
[robot_decision-1] [INFO] [1746790749.851439624] [robot_decision]: [EnemyOutpostSub] enemy outpost health value: 1500
[robot_decision-1] [1746790749.851]: IfHealthSub               [36mIDLE[0m -> [32mSUCCESS[0m
[robot_decision-1] [1746790749.851]: OurOutpostSub             [36mIDLE[0m -> [32mSUCCESS[0m
[robot_decision-1] [1746790749.851]: EnemyOutpostSub           [36mIDLE[0m -> [32mSUCCESS[0m
[robot_decision-1] [1746790749.851]: IfHealthSub               [32mSUCCESS[0m -> [36mIDLE[0m
[robot_decision-1] [1746790749.851]: OurOutpostSub             [32mSUCCESS[0m -> [36mIDLE[0m
[robot_decision-1] [1746790749.851]: EnemyOutpostSub           [32mSUCCESS[0m -> [36mIDLE[0m
[robot_decision-1] [1746790749.851]: Subscribers               [33mRUNNING[0m -> [32mSUCCESS[0m
[robot_decision-1] [1746790749.851]: Subscribers               [32mSUCCESS[0m -> [36mIDLE[0m
[robot_decision-1] [1746790749.851]: Inverter                  [33mRUNNING[0m -> [31mFAILURE[0m
[robot_decision-1] [1746790749.852]: Inverter                  [31mFAILURE[0m -> [36mIDLE[0m
[robot_decision-1] [1746790750.352]: Inverter                  [36mIDLE[0m -> [33mRUNNING[0m
[robot_decision-1] [1746790750.352]: Subscribers               [36mIDLE[0m -> [33mRUNNING[0m
[robot_decision-1] [INFO] [1746790750.352285744] [robot_decision]: [IfHealthSub] health value: 100
[robot_decision-1] [1746790750.353]: IfHealthSub               [36mIDLE[0m -> [32mSUCCESS[0m
[robot_decision-1] [1746790750.353]: OurOutpostSub             [36mIDLE[0m -> [32mSUCCESS[0m
[robot_decision-1] [1746790750.353]: EnemyOutpostSub           [36mIDLE[0m -> [32mSUCCESS[0m
[robot_decision-1] [1746790750.353]: IfHealthSub               [32mSUCCESS[0m -> [36mIDLE[0m
[robot_decision-1] [1746790750.353]: OurOutpostSub             [32mSUCCESS[0m -> [36mIDLE[0m
[robot_decision-1] [1746790750.353]: EnemyOutpostSub           [32mSUCCESS[0m -> [36mIDLE[0m
[robot_decision-1] [1746790750.353]: Subscribers               [33mRUNNING[0m -> [32mSUCCESS[0m
[robot_decision-1] [1746790750.353]: Subscribers               [32mSUCCESS[0m -> [36mIDLE[0m
[robot_decision-1] [1746790750.353]: Inverter                  [33mRUNNING[0m -> [31mFAILURE[0m
[robot_decision-1] [1746790750.353]: Inverter                  [31mFAILURE[0m -> [36mIDLE[0m
[robot_decision-1] [INFO] [1746790750.352615261] [robot_decision]: [OurOutpostSub] our outpost health value: 1500
[robot_decision-1] [INFO] [1746790750.352678744] [robot_decision]: [EnemyOutpostSub] enemy outpost health value: 1500
[robot_decision-1] [1746790750.853]: Inverter                  [36mIDLE[0m -> [33mRUNNING[0m
[robot_decision-1] [1746790750.853]: Subscribers               [36mIDLE[0m -> [33mRUNNING[0m
[robot_decision-1] [INFO] [1746790750.853490942] [robot_decision]: [IfHealthSub] health value: 100
[robot_decision-1] [INFO] [1746790750.853722901] [robot_decision]: [OurOutpostSub] our outpost health value: 1500
[robot_decision-1] [INFO] [1746790750.853836340] [robot_decision]: [EnemyOutpostSub] enemy outpost health value: 1500
[robot_decision-1] [1746790750.854]: IfHealthSub               [36mIDLE[0m -> [32mSUCCESS[0m
[robot_decision-1] [1746790750.854]: OurOutpostSub             [36mIDLE[0m -> [32mSUCCESS[0m
[robot_decision-1] [1746790750.854]: EnemyOutpostSub           [36mIDLE[0m -> [32mSUCCESS[0m
[robot_decision-1] [1746790750.854]: IfHealthSub               [32mSUCCESS[0m -> [36mIDLE[0m
[robot_decision-1] [1746790750.854]: OurOutpostSub             [32mSUCCESS[0m -> [36mIDLE[0m
[robot_decision-1] [1746790750.854]: EnemyOutpostSub           [32mSUCCESS[0m -> [36mIDLE[0m
[robot_decision-1] [1746790750.854]: Subscribers               [33mRUNNING[0m -> [32mSUCCESS[0m
[robot_decision-1] [1746790750.854]: Subscribers               [32mSUCCESS[0m -> [36mIDLE[0m
[robot_decision-1] [1746790750.854]: Inverter                  [33mRUNNING[0m -> [31mFAILURE[0m
[robot_decision-1] [1746790750.854]: Inverter                  [31mFAILURE[0m -> [36mIDLE[0m
[robot_decision-1] [1746790751.355]: Inverter                  [36mIDLE[0m -> [33mRUNNING[0m
[robot_decision-1] [1746790751.355]: Subscribers               [36mIDLE[0m -> [33mRUNNING[0m
[robot_decision-1] [INFO] [1746790751.354803931] [robot_decision]: [IfHealthSub] health value: 100
[robot_decision-1] [INFO] [1746790751.355066488] [robot_decision]: [OurOutpostSub] our outpost health value: 1500
[robot_decision-1] [1746790751.355]: IfHealthSub               [36mIDLE[0m -> [32mSUCCESS[0m
[robot_decision-1] [1746790751.355]: OurOutpostSub             [36mIDLE[0m -> [32mSUCCESS[0m
[robot_decision-1] [1746790751.355]: EnemyOutpostSub           [36mIDLE[0m -> [32mSUCCESS[0m
[robot_decision-1] [1746790751.355]: IfHealthSub               [32mSUCCESS[0m -> [36mIDLE[0m
[robot_decision-1] [1746790751.355]: OurOutpostSub             [32mSUCCESS[0m -> [36mIDLE[0m
[robot_decision-1] [1746790751.355]: EnemyOutpostSub           [32mSUCCESS[0m -> [36mIDLE[0m
[robot_decision-1] [1746790751.355]: Subscribers               [33mRUNNING[0m -> [32mSUCCESS[0m
[robot_decision-1] [1746790751.355]: Subscribers               [32mSUCCESS[0m -> [36mIDLE[0m
[robot_decision-1] [1746790751.355]: Inverter                  [33mRUNNING[0m -> [31mFAILURE[0m
[robot_decision-1] [1746790751.355]: Inverter                  [31mFAILURE[0m -> [36mIDLE[0m
[robot_decision-1] [INFO] [1746790751.355193754] [robot_decision]: [EnemyOutpostSub] enemy outpost health value: 1500
[robot_decision-1] [1746790751.856]: Inverter                  [36mIDLE[0m -> [33mRUNNING[0m
[robot_decision-1] [1746790751.856]: Subscribers               [36mIDLE[0m -> [33mRUNNING[0m
[robot_decision-1] [INFO] [1746790751.856055504] [robot_decision]: [IfHealthSub] health value: 100
[robot_decision-1] [INFO] [1746790751.856233258] [robot_decision]: [OurOutpostSub] our outpost health value: 1500
[robot_decision-1] [INFO] [1746790751.856386554] [robot_decision]: [EnemyOutpostSub] enemy outpost health value: 1500
[robot_decision-1] [1746790751.856]: IfHealthSub               [36mIDLE[0m -> [32mSUCCESS[0m
[robot_decision-1] [1746790751.856]: OurOutpostSub             [36mIDLE[0m -> [32mSUCCESS[0m
[robot_decision-1] [1746790751.856]: EnemyOutpostSub           [36mIDLE[0m -> [32mSUCCESS[0m
[robot_decision-1] [1746790751.856]: IfHealthSub               [32mSUCCESS[0m -> [36mIDLE[0m
[robot_decision-1] [1746790751.856]: OurOutpostSub             [32mSUCCESS[0m -> [36mIDLE[0m
[robot_decision-1] [1746790751.856]: EnemyOutpostSub           [32mSUCCESS[0m -> [36mIDLE[0m
[robot_decision-1] [1746790751.856]: Subscribers               [33mRUNNING[0m -> [32mSUCCESS[0m
[robot_decision-1] [1746790751.856]: Subscribers               [32mSUCCESS[0m -> [36mIDLE[0m
[robot_decision-1] [1746790751.856]: Inverter                  [33mRUNNING[0m -> [31mFAILURE[0m
[robot_decision-1] [1746790751.857]: Inverter                  [31mFAILURE[0m -> [36mIDLE[0m
[robot_decision-1] [1746790752.357]: Inverter                  [36mIDLE[0m -> [33mRUNNING[0m
[robot_decision-1] [1746790752.357]: Subscribers               [36mIDLE[0m -> [33mRUNNING[0m
[robot_decision-1] [INFO] [1746790752.357310195] [robot_decision]: [IfHealthSub] health value: 100
[robot_decision-1] [INFO] [1746790752.357593974] [robot_decision]: [OurOutpostSub] our outpost health value: 1500
[robot_decision-1] [INFO] [1746790752.357688737] [robot_decision]: [EnemyOutpostSub] enemy outpost health value: 1500
[robot_decision-1] [1746790752.357]: IfHealthSub               [36mIDLE[0m -> [32mSUCCESS[0m
[robot_decision-1] [1746790752.358]: OurOutpostSub             [36mIDLE[0m -> [32mSUCCESS[0m
[robot_decision-1] [1746790752.358]: EnemyOutpostSub           [36mIDLE[0m -> [32mSUCCESS[0m
[robot_decision-1] [1746790752.358]: IfHealthSub               [32mSUCCESS[0m -> [36mIDLE[0m
[robot_decision-1] [1746790752.358]: OurOutpostSub             [32mSUCCESS[0m -> [36mIDLE[0m
[robot_decision-1] [1746790752.358]: EnemyOutpostSub           [32mSUCCESS[0m -> [36mIDLE[0m
[robot_decision-1] [1746790752.358]: Subscribers               [33mRUNNING[0m -> [32mSUCCESS[0m
[robot_decision-1] [1746790752.358]: Subscribers               [32mSUCCESS[0m -> [36mIDLE[0m
[robot_decision-1] [1746790752.358]: Inverter                  [33mRUNNING[0m -> [31mFAILURE[0m
[robot_decision-1] [1746790752.358]: Inverter                  [31mFAILURE[0m -> [36mIDLE[0m
[robot_decision-1] [1746790752.858]: Inverter                  [36mIDLE[0m -> [33mRUNNING[0m
[robot_decision-1] [1746790752.858]: Subscribers               [36mIDLE[0m -> [33mRUNNING[0m
[robot_decision-1] [INFO] [1746790752.858692397] [robot_decision]: [IfHealthSub] health value: 100
[robot_decision-1] [INFO] [1746790752.859069947] [robot_decision]: [OurOutpostSub] our outpost health value: 1500
[robot_decision-1] [INFO] [1746790752.859270074] [robot_decision]: [EnemyOutpostSub] enemy outpost health value: 1500
[robot_decision-1] [WARN] [1746790752.859663734] [robot_decision]: NavigateToPose failure: SEND_GOAL_TIMEOUT
[robot_decision-1] [1746790752.859]: IfHealthSub               [36mIDLE[0m -> [32mSUCCESS[0m
[robot_decision-1] [1746790752.859]: OurOutpostSub             [36mIDLE[0m -> [32mSUCCESS[0m
[robot_decision-1] [1746790752.859]: EnemyOutpostSub           [36mIDLE[0m -> [32mSUCCESS[0m
[robot_decision-1] [1746790752.859]: IfHealthSub               [32mSUCCESS[0m -> [36mIDLE[0m
[robot_decision-1] [1746790752.859]: OurOutpostSub             [32mSUCCESS[0m -> [36mIDLE[0m
[robot_decision-1] [1746790752.859]: EnemyOutpostSub           [32mSUCCESS[0m -> [36mIDLE[0m
[robot_decision-1] [1746790752.859]: Subscribers               [33mRUNNING[0m -> [32mSUCCESS[0m
[robot_decision-1] [1746790752.859]: Subscribers               [32mSUCCESS[0m -> [36mIDLE[0m
[robot_decision-1] [1746790752.859]: Inverter                  [33mRUNNING[0m -> [31mFAILURE[0m
[robot_decision-1] [1746790752.860]: NavigateToPose            [33mRUNNING[0m -> [31mFAILURE[0m
[robot_decision-1] [1746790752.860]: WaitNode                  [32mSUCCESS[0m -> [36mIDLE[0m
[robot_decision-1] [1746790752.860]: NavigateToPose            [31mFAILURE[0m -> [36mIDLE[0m
[robot_decision-1] [1746790752.860]: Sequence                  [33mRUNNING[0m -> [31mFAILURE[0m
[robot_decision-1] [1746790752.860]: Sequence                  [31mFAILURE[0m -> [36mIDLE[0m
[robot_decision-1] [1746790752.860]: Sequence                  [36mIDLE[0m -> [33mRUNNING[0m
[robot_decision-1] [1746790752.860]: WaitNode                  [36mIDLE[0m -> [33mRUNNING[0m
[robot_decision-1] [1746790752.860]: Inverter                  [31mFAILURE[0m -> [36mIDLE[0m
[robot_decision-1] [1746790753.360]: Inverter                  [36mIDLE[0m -> [33mRUNNING[0m
[robot_decision-1] [1746790753.360]: Subscribers               [36mIDLE[0m -> [33mRUNNING[0m
[robot_decision-1] [INFO] [1746790753.360540541] [robot_decision]: [IfHealthSub] health value: 100
[robot_decision-1] [INFO] [1746790753.360660092] [robot_decision]: [OurOutpostSub] our outpost health value: 1500
[robot_decision-1] [INFO] [1746790753.360721771] [robot_decision]: [EnemyOutpostSub] enemy outpost health value: 1500
[robot_decision-1] [1746790753.361]: IfHealthSub               [36mIDLE[0m -> [32mSUCCESS[0m
[robot_decision-1] [1746790753.361]: OurOutpostSub             [36mIDLE[0m -> [32mSUCCESS[0m
[robot_decision-1] [1746790753.361]: EnemyOutpostSub           [36mIDLE[0m -> [32mSUCCESS[0m
[robot_decision-1] [1746790753.361]: IfHealthSub               [32mSUCCESS[0m -> [36mIDLE[0m
[robot_decision-1] [1746790753.361]: OurOutpostSub             [32mSUCCESS[0m -> [36mIDLE[0m
[robot_decision-1] [1746790753.361]: EnemyOutpostSub           [32mSUCCESS[0m -> [36mIDLE[0m
[robot_decision-1] [1746790753.361]: Subscribers               [33mRUNNING[0m -> [32mSUCCESS[0m
[robot_decision-1] [1746790753.361]: Subscribers               [32mSUCCESS[0m -> [36mIDLE[0m
[robot_decision-1] [1746790753.361]: Inverter                  [33mRUNNING[0m -> [31mFAILURE[0m
[robot_decision-1] [1746790753.361]: WaitNode                  [33mRUNNING[0m -> [32mSUCCESS[0m
[robot_decision-1] [1746790753.361]: NavigateToPose            [36mIDLE[0m -> [33mRUNNING[0m
[robot_decision-1] Point key: 2 x:2 y:0.7
[robot_decision-1] [1746790753.361]: Inverter                  [31mFAILURE[0m -> [36mIDLE[0m
[robot_decision-1] [1746790753.863]: Inverter                  [36mIDLE[0m -> [33mRUNNING[0m
[robot_decision-1] [1746790753.863]: Subscribers               [36mIDLE[0m -> [33mRUNNING[0m
[robot_decision-1] [INFO] [1746790753.863285092] [robot_decision]: [IfHealthSub] health value: 100
[robot_decision-1] [1746790753.863]: IfHealthSub               [36mIDLE[0m -> [32mSUCCESS[0m
[robot_decision-1] [1746790753.864]: OurOutpostSub             [36mIDLE[0m -> [32mSUCCESS[0m
[robot_decision-1] [1746790753.865]: EnemyOutpostSub           [36mIDLE[0m -> [32mSUCCESS[0m
[robot_decision-1] [1746790753.865]: IfHealthSub               [32mSUCCESS[0m -> [36mIDLE[0m
[robot_decision-1] [1746790753.865]: OurOutpostSub             [32mSUCCESS[0m -> [36mIDLE[0m
[robot_decision-1] [1746790753.865]: EnemyOutpostSub           [32mSUCCESS[0m -> [36mIDLE[0m
[robot_decision-1] [1746790753.865]: Subscribers               [33mRUNNING[0m -> [32mSUCCESS[0m
[robot_decision-1] [1746790753.865]: Subscribers               [32mSUCCESS[0m -> [36mIDLE[0m
[robot_decision-1] [1746790753.865]: Inverter                  [33mRUNNING[0m -> [31mFAILURE[0m
[robot_decision-1] [1746790753.865]: Inverter                  [31mFAILURE[0m -> [36mIDLE[0m
[robot_decision-1] [INFO] [1746790753.863820045] [robot_decision]: [OurOutpostSub] our outpost health value: 1500
[robot_decision-1] [INFO] [1746790753.864584443] [robot_decision]: [EnemyOutpostSub] enemy outpost health value: 1500
[robot_decision-1] [1746790754.365]: Inverter                  [36mIDLE[0m -> [33mRUNNING[0m
[robot_decision-1] [1746790754.365]: Subscribers               [36mIDLE[0m -> [33mRUNNING[0m
[robot_decision-1] [INFO] [1746790754.365286416] [robot_decision]: [IfHealthSub] health value: 100
[robot_decision-1] [INFO] [1746790754.365562931] [robot_decision]: [OurOutpostSub] our outpost health value: 1500
[robot_decision-1] [INFO] [1746790754.365664958] [robot_decision]: [EnemyOutpostSub] enemy outpost health value: 1500
[robot_decision-1] [1746790754.365]: IfHealthSub               [36mIDLE[0m -> [32mSUCCESS[0m
[robot_decision-1] [1746790754.366]: OurOutpostSub             [36mIDLE[0m -> [32mSUCCESS[0m
[robot_decision-1] [1746790754.366]: EnemyOutpostSub           [36mIDLE[0m -> [32mSUCCESS[0m
[robot_decision-1] [1746790754.366]: IfHealthSub               [32mSUCCESS[0m -> [36mIDLE[0m
[robot_decision-1] [1746790754.366]: OurOutpostSub             [32mSUCCESS[0m -> [36mIDLE[0m
[robot_decision-1] [1746790754.366]: EnemyOutpostSub           [32mSUCCESS[0m -> [36mIDLE[0m
[robot_decision-1] [1746790754.366]: Subscribers               [33mRUNNING[0m -> [32mSUCCESS[0m
[robot_decision-1] [1746790754.366]: Subscribers               [32mSUCCESS[0m -> [36mIDLE[0m
[robot_decision-1] [1746790754.366]: Inverter                  [33mRUNNING[0m -> [31mFAILURE[0m
[robot_decision-1] [1746790754.366]: Inverter                  [31mFAILURE[0m -> [36mIDLE[0m
[robot_decision-1] [1746790754.866]: Inverter                  [36mIDLE[0m -> [33mRUNNING[0m
[robot_decision-1] [1746790754.866]: Subscribers               [36mIDLE[0m -> [33mRUNNING[0m
[robot_decision-1] [INFO] [1746790754.866416943] [robot_decision]: [IfHealthSub] health value: 100
[robot_decision-1] [1746790754.867]: IfHealthSub               [36mIDLE[0m -> [32mSUCCESS[0m
[robot_decision-1] [INFO] [1746790754.868329760] [robot_decision]: [OurOutpostSub] our outpost health value: 1500
[robot_decision-1] [INFO] [1746790754.868535217] [robot_decision]: [EnemyOutpostSub] enemy outpost health value: 1500
[robot_decision-1] [1746790754.868]: OurOutpostSub             [36mIDLE[0m -> [32mSUCCESS[0m
[robot_decision-1] [1746790754.869]: EnemyOutpostSub           [36mIDLE[0m -> [32mSUCCESS[0m
[robot_decision-1] [1746790754.869]: IfHealthSub               [32mSUCCESS[0m -> [36mIDLE[0m
[robot_decision-1] [1746790754.869]: OurOutpostSub             [32mSUCCESS[0m -> [36mIDLE[0m
[robot_decision-1] [1746790754.869]: EnemyOutpostSub           [32mSUCCESS[0m -> [36mIDLE[0m
[robot_decision-1] [1746790754.869]: Subscribers               [33mRUNNING[0m -> [32mSUCCESS[0m
[robot_decision-1] [1746790754.869]: Subscribers               [32mSUCCESS[0m -> [36mIDLE[0m
[robot_decision-1] [1746790754.869]: Inverter                  [33mRUNNING[0m -> [31mFAILURE[0m
[robot_decision-1] [1746790754.869]: Inverter                  [31mFAILURE[0m -> [36mIDLE[0m
[robot_decision-1] [1746790755.369]: Inverter                  [36mIDLE[0m -> [33mRUNNING[0m
[robot_decision-1] [1746790755.369]: Subscribers               [36mIDLE[0m -> [33mRUNNING[0m
[robot_decision-1] [1746790755.370]: IfHealthSub               [36mIDLE[0m -> [32mSUCCESS[0m
[robot_decision-1] [1746790755.370]: OurOutpostSub             [36mIDLE[0m -> [32mSUCCESS[0m
[robot_decision-1] [1746790755.371]: EnemyOutpostSub           [36mIDLE[0m -> [32mSUCCESS[0m
[robot_decision-1] [1746790755.371]: IfHealthSub               [32mSUCCESS[0m -> [36mIDLE[0m
[robot_decision-1] [1746790755.371]: OurOutpostSub             [32mSUCCESS[0m -> [36mIDLE[0m
[robot_decision-1] [1746790755.371]: EnemyOutpostSub           [32mSUCCESS[0m -> [36mIDLE[0m
[robot_decision-1] [1746790755.371]: Subscribers               [33mRUNNING[0m -> [32mSUCCESS[0m
[robot_decision-1] [1746790755.371]: Subscribers               [32mSUCCESS[0m -> [36mIDLE[0m
[robot_decision-1] [1746790755.371]: Inverter                  [33mRUNNING[0m -> [31mFAILURE[0m
[robot_decision-1] [1746790755.371]: Inverter                  [31mFAILURE[0m -> [36mIDLE[0m
[robot_decision-1] [INFO] [1746790755.370101608] [robot_decision]: [IfHealthSub] health value: 100
[robot_decision-1] [INFO] [1746790755.370404192] [robot_decision]: [OurOutpostSub] our outpost health value: 1500
[robot_decision-1] [INFO] [1746790755.370502392] [robot_decision]: [EnemyOutpostSub] enemy outpost health value: 1500
[robot_decision-1] [1746790755.874]: Inverter                  [36mIDLE[0m -> [33mRUNNING[0m
[robot_decision-1] [1746790755.874]: Subscribers               [36mIDLE[0m -> [33mRUNNING[0m
[robot_decision-1] [INFO] [1746790755.873880619] [robot_decision]: [IfHealthSub] health value: 100
[robot_decision-1] [INFO] [1746790755.874002876] [robot_decision]: [OurOutpostSub] our outpost health value: 1500
[robot_decision-1] [1746790755.874]: IfHealthSub               [36mIDLE[0m -> [32mSUCCESS[0m
[robot_decision-1] [1746790755.874]: OurOutpostSub             [36mIDLE[0m -> [32mSUCCESS[0m
[robot_decision-1] [1746790755.874]: EnemyOutpostSub           [36mIDLE[0m -> [32mSUCCESS[0m
[robot_decision-1] [1746790755.874]: IfHealthSub               [32mSUCCESS[0m -> [36mIDLE[0m
[robot_decision-1] [1746790755.874]: OurOutpostSub             [32mSUCCESS[0m -> [36mIDLE[0m
[robot_decision-1] [1746790755.874]: EnemyOutpostSub           [32mSUCCESS[0m -> [36mIDLE[0m
[robot_decision-1] [1746790755.874]: Subscribers               [33mRUNNING[0m -> [32mSUCCESS[0m
[robot_decision-1] [1746790755.874]: Subscribers               [32mSUCCESS[0m -> [36mIDLE[0m
[robot_decision-1] [1746790755.874]: Inverter                  [33mRUNNING[0m -> [31mFAILURE[0m
[robot_decision-1] [1746790755.874]: Inverter                  [31mFAILURE[0m -> [36mIDLE[0m
[robot_decision-1] [INFO] [1746790755.874072169] [robot_decision]: [EnemyOutpostSub] enemy outpost health value: 1500
[robot_decision-1] [1746790756.374]: Inverter                  [36mIDLE[0m -> [33mRUNNING[0m
[robot_decision-1] [1746790756.375]: Subscribers               [36mIDLE[0m -> [33mRUNNING[0m
[robot_decision-1] [INFO] [1746790756.375182514] [robot_decision]: [IfHealthSub] health value: 100
[robot_decision-1] [INFO] [1746790756.375464599] [robot_decision]: [OurOutpostSub] our outpost health value: 1500
[robot_decision-1] [INFO] [1746790756.375618396] [robot_decision]: [EnemyOutpostSub] enemy outpost health value: 1500
[robot_decision-1] [1746790756.375]: IfHealthSub               [36mIDLE[0m -> [32mSUCCESS[0m
[robot_decision-1] [1746790756.376]: OurOutpostSub             [36mIDLE[0m -> [32mSUCCESS[0m
[robot_decision-1] [1746790756.376]: EnemyOutpostSub           [36mIDLE[0m -> [32mSUCCESS[0m
[robot_decision-1] [1746790756.376]: IfHealthSub               [32mSUCCESS[0m -> [36mIDLE[0m
[robot_decision-1] [1746790756.376]: OurOutpostSub             [32mSUCCESS[0m -> [36mIDLE[0m
[robot_decision-1] [1746790756.376]: EnemyOutpostSub           [32mSUCCESS[0m -> [36mIDLE[0m
[robot_decision-1] [1746790756.376]: Subscribers               [33mRUNNING[0m -> [32mSUCCESS[0m
[robot_decision-1] [1746790756.376]: Subscribers               [32mSUCCESS[0m -> [36mIDLE[0m
[robot_decision-1] [1746790756.376]: Inverter                  [33mRUNNING[0m -> [31mFAILURE[0m
[robot_decision-1] [1746790756.376]: Inverter                  [31mFAILURE[0m -> [36mIDLE[0m
[robot_decision-1] [1746790756.876]: Inverter                  [36mIDLE[0m -> [33mRUNNING[0m
[robot_decision-1] [1746790756.876]: Subscribers               [36mIDLE[0m -> [33mRUNNING[0m
[robot_decision-1] [1746790756.876]: IfHealthSub               [36mIDLE[0m -> [32mSUCCESS[0m
[robot_decision-1] [1746790756.876]: OurOutpostSub             [36mIDLE[0m -> [32mSUCCESS[0m
[robot_decision-1] [1746790756.877]: EnemyOutpostSub           [36mIDLE[0m -> [32mSUCCESS[0m
[robot_decision-1] [1746790756.877]: IfHealthSub               [32mSUCCESS[0m -> [36mIDLE[0m
[robot_decision-1] [1746790756.877]: OurOutpostSub             [32mSUCCESS[0m -> [36mIDLE[0m
[robot_decision-1] [1746790756.877]: EnemyOutpostSub           [32mSUCCESS[0m -> [36mIDLE[0m
[robot_decision-1] [1746790756.877]: Subscribers               [33mRUNNING[0m -> [32mSUCCESS[0m
[robot_decision-1] [1746790756.877]: Subscribers               [32mSUCCESS[0m -> [36mIDLE[0m
[robot_decision-1] [1746790756.877]: Inverter                  [33mRUNNING[0m -> [31mFAILURE[0m
[robot_decision-1] [1746790756.877]: Inverter                  [31mFAILURE[0m -> [36mIDLE[0m
[robot_decision-1] [INFO] [1746790756.876320307] [robot_decision]: [IfHealthSub] health value: 100
[robot_decision-1] [INFO] [1746790756.876439538] [robot_decision]: [OurOutpostSub] our outpost health value: 1500
[robot_decision-1] [INFO] [1746790756.876505385] [robot_decision]: [EnemyOutpostSub] enemy outpost health value: 1500
[robot_decision-1] [1746790757.380]: Inverter                  [36mIDLE[0m -> [33mRUNNING[0m
[robot_decision-1] [1746790757.380]: Subscribers               [36mIDLE[0m -> [33mRUNNING[0m
[robot_decision-1] [INFO] [1746790757.380503005] [robot_decision]: [IfHealthSub] health value: 100
[robot_decision-1] [INFO] [1746790757.380798586] [robot_decision]: [OurOutpostSub] our outpost health value: 1500
[robot_decision-1] [INFO] [1746790757.380912977] [robot_decision]: [EnemyOutpostSub] enemy outpost health value: 1500
[robot_decision-1] [1746790757.381]: IfHealthSub               [36mIDLE[0m -> [32mSUCCESS[0m
[robot_decision-1] [1746790757.381]: OurOutpostSub             [36mIDLE[0m -> [32mSUCCESS[0m
[robot_decision-1] [1746790757.381]: EnemyOutpostSub           [36mIDLE[0m -> [32mSUCCESS[0m
[robot_decision-1] [1746790757.381]: IfHealthSub               [32mSUCCESS[0m -> [36mIDLE[0m
[robot_decision-1] [1746790757.381]: OurOutpostSub             [32mSUCCESS[0m -> [36mIDLE[0m
[robot_decision-1] [1746790757.381]: EnemyOutpostSub           [32mSUCCESS[0m -> [36mIDLE[0m
[robot_decision-1] [1746790757.381]: Subscribers               [33mRUNNING[0m -> [32mSUCCESS[0m
[robot_decision-1] [1746790757.381]: Subscribers               [32mSUCCESS[0m -> [36mIDLE[0m
[robot_decision-1] [1746790757.381]: Inverter                  [33mRUNNING[0m -> [31mFAILURE[0m
[robot_decision-1] [1746790757.381]: Inverter                  [31mFAILURE[0m -> [36mIDLE[0m
[robot_decision-1] [1746790757.882]: Inverter                  [36mIDLE[0m -> [33mRUNNING[0m
[robot_decision-1] [1746790757.882]: Subscribers               [36mIDLE[0m -> [33mRUNNING[0m
[robot_decision-1] [INFO] [1746790757.882004618] [robot_decision]: [IfHealthSub] health value: 100
[robot_decision-1] [INFO] [1746790757.882278106] [robot_decision]: [OurOutpostSub] our outpost health value: 1500
[robot_decision-1] [INFO] [1746790757.882404631] [robot_decision]: [EnemyOutpostSub] enemy outpost health value: 1500
[robot_decision-1] [1746790757.882]: IfHealthSub               [36mIDLE[0m -> [32mSUCCESS[0m
[robot_decision-1] [1746790757.882]: OurOutpostSub             [36mIDLE[0m -> [32mSUCCESS[0m
[robot_decision-1] [1746790757.882]: EnemyOutpostSub           [36mIDLE[0m -> [32mSUCCESS[0m
[robot_decision-1] [1746790757.882]: IfHealthSub               [32mSUCCESS[0m -> [36mIDLE[0m
[robot_decision-1] [1746790757.882]: OurOutpostSub             [32mSUCCESS[0m -> [36mIDLE[0m
[robot_decision-1] [1746790757.882]: EnemyOutpostSub           [32mSUCCESS[0m -> [36mIDLE[0m
[robot_decision-1] [1746790757.882]: Subscribers               [33mRUNNING[0m -> [32mSUCCESS[0m
[robot_decision-1] [1746790757.882]: Subscribers               [32mSUCCESS[0m -> [36mIDLE[0m
[robot_decision-1] [1746790757.882]: Inverter                  [33mRUNNING[0m -> [31mFAILURE[0m
[robot_decision-1] [1746790757.883]: Inverter                  [31mFAILURE[0m -> [36mIDLE[0m
[robot_decision-1] [1746790758.383]: Inverter                  [36mIDLE[0m -> [33mRUNNING[0m
[robot_decision-1] [1746790758.383]: Subscribers               [36mIDLE[0m -> [33mRUNNING[0m
[robot_decision-1] [INFO] [1746790758.383235306] [robot_decision]: [IfHealthSub] health value: 100
[robot_decision-1] [INFO] [1746790758.383367642] [robot_decision]: [OurOutpostSub] our outpost health value: 0
[robot_decision-1] [INFO] [1746790758.383432427] [robot_decision]: [EnemyOutpostSub] enemy outpost health value: 1500
[robot_decision-1] [WARN] [1746790758.383673743] [robot_decision]: NavigateToPose failure: SEND_GOAL_TIMEOUT
[robot_decision-1] [1746790758.383]: IfHealthSub               [36mIDLE[0m -> [32mSUCCESS[0m
[robot_decision-1] [1746790758.383]: OurOutpostSub             [36mIDLE[0m -> [32mSUCCESS[0m
[robot_decision-1] [1746790758.383]: EnemyOutpostSub           [36mIDLE[0m -> [32mSUCCESS[0m
[robot_decision-1] [1746790758.383]: IfHealthSub               [32mSUCCESS[0m -> [36mIDLE[0m
[robot_decision-1] [1746790758.383]: OurOutpostSub             [32mSUCCESS[0m -> [36mIDLE[0m
[robot_decision-1] [1746790758.383]: EnemyOutpostSub           [32mSUCCESS[0m -> [36mIDLE[0m
[robot_decision-1] [1746790758.383]: Subscribers               [33mRUNNING[0m -> [32mSUCCESS[0m
[robot_decision-1] [1746790758.383]: Subscribers               [32mSUCCESS[0m -> [36mIDLE[0m
[robot_decision-1] [1746790758.384]: Inverter                  [33mRUNNING[0m -> [31mFAILURE[0m
[robot_decision-1] [1746790758.384]: NavigateToPose            [33mRUNNING[0m -> [31mFAILURE[0m
[robot_decision-1] [1746790758.384]: WaitNode                  [32mSUCCESS[0m -> [36mIDLE[0m
[robot_decision-1] [1746790758.384]: NavigateToPose            [31mFAILURE[0m -> [36mIDLE[0m
[robot_decision-1] [1746790758.384]: Sequence                  [33mRUNNING[0m -> [31mFAILURE[0m
[robot_decision-1] [1746790758.384]: Sequence                  [31mFAILURE[0m -> [36mIDLE[0m
[robot_decision-1] [1746790758.384]: Sequence                  [36mIDLE[0m -> [33mRUNNING[0m
[robot_decision-1] [1746790758.384]: WaitNode                  [36mIDLE[0m -> [33mRUNNING[0m
[robot_decision-1] [1746790758.384]: Inverter                  [31mFAILURE[0m -> [36mIDLE[0m
[robot_decision-1] [1746790758.884]: Inverter                  [36mIDLE[0m -> [33mRUNNING[0m
[robot_decision-1] [1746790758.884]: Subscribers               [36mIDLE[0m -> [33mRUNNING[0m
[robot_decision-1] [1746790758.885]: IfHealthSub               [36mIDLE[0m -> [32mSUCCESS[0m
[robot_decision-1] [1746790758.885]: OurOutpostSub             [36mIDLE[0m -> [32mSUCCESS[0m
[robot_decision-1] [1746790758.885]: EnemyOutpostSub           [36mIDLE[0m -> [32mSUCCESS[0m
[robot_decision-1] [1746790758.885]: IfHealthSub               [32mSUCCESS[0m -> [36mIDLE[0m
[robot_decision-1] [1746790758.885]: OurOutpostSub             [32mSUCCESS[0m -> [36mIDLE[0m
[robot_decision-1] [1746790758.885]: EnemyOutpostSub           [32mSUCCESS[0m -> [36mIDLE[0m
[robot_decision-1] [1746790758.885]: Subscribers               [33mRUNNING[0m -> [32mSUCCESS[0m
[robot_decision-1] [1746790758.885]: Subscribers               [32mSUCCESS[0m -> [36mIDLE[0m
[robot_decision-1] [1746790758.885]: Inverter                  [33mRUNNING[0m -> [31mFAILURE[0m
[robot_decision-1] [1746790758.885]: WaitNode                  [33mRUNNING[0m -> [32mSUCCESS[0m
[robot_decision-1] [1746790758.885]: NavigateToPose            [36mIDLE[0m -> [33mRUNNING[0m
[robot_decision-1] Point key: 2 x:2 y:0.7
[robot_decision-1] [INFO] [1746790758.884437958] [robot_decision]: [IfHealthSub] health value: 100
[robot_decision-1] [INFO] [1746790758.884771452] [robot_decision]: [OurOutpostSub] our outpost health value: 0
[robot_decision-1] [INFO] [1746790758.884881816] [robot_decision]: [EnemyOutpostSub] enemy outpost health value: 1500
[robot_decision-1] [1746790758.886]: Inverter                  [31mFAILURE[0m -> [36mIDLE[0m
[robot_decision-1] [1746790759.386]: Inverter                  [36mIDLE[0m -> [33mRUNNING[0m
[robot_decision-1] [1746790759.386]: Subscribers               [36mIDLE[0m -> [33mRUNNING[0m
[robot_decision-1] [1746790759.387]: IfHealthSub               [36mIDLE[0m -> [32mSUCCESS[0m
[robot_decision-1] [1746790759.387]: OurOutpostSub             [36mIDLE[0m -> [32mSUCCESS[0m
[robot_decision-1] [1746790759.387]: EnemyOutpostSub           [36mIDLE[0m -> [32mSUCCESS[0m
[robot_decision-1] [1746790759.387]: IfHealthSub               [32mSUCCESS[0m -> [36mIDLE[0m
[robot_decision-1] [1746790759.387]: OurOutpostSub             [32mSUCCESS[0m -> [36mIDLE[0m
[robot_decision-1] [1746790759.387]: EnemyOutpostSub           [32mSUCCESS[0m -> [36mIDLE[0m
[robot_decision-1] [1746790759.387]: Subscribers               [33mRUNNING[0m -> [32mSUCCESS[0m
[robot_decision-1] [1746790759.387]: Subscribers               [32mSUCCESS[0m -> [36mIDLE[0m
[robot_decision-1] [1746790759.387]: Inverter                  [33mRUNNING[0m -> [31mFAILURE[0m
[robot_decision-1] [1746790759.388]: Inverter                  [31mFAILURE[0m -> [36mIDLE[0m
[robot_decision-1] [INFO] [1746790759.386915341] [robot_decision]: [IfHealthSub] health value: 100
[robot_decision-1] [INFO] [1746790759.387181586] [robot_decision]: [OurOutpostSub] our outpost health value: 0
[robot_decision-1] [INFO] [1746790759.387309493] [robot_decision]: [EnemyOutpostSub] enemy outpost health value: 1500
[robot_decision-1] [1746790759.888]: Inverter                  [36mIDLE[0m -> [33mRUNNING[0m
[robot_decision-1] [1746790759.888]: Subscribers               [36mIDLE[0m -> [33mRUNNING[0m
[robot_decision-1] [INFO] [1746790759.887970074] [robot_decision]: [IfHealthSub] health value: 100
[robot_decision-1] [INFO] [1746790759.888070157] [robot_decision]: [OurOutpostSub] our outpost health value: 0
[robot_decision-1] [INFO] [1746790759.888130464] [robot_decision]: [EnemyOutpostSub] enemy outpost health value: 1500
[robot_decision-1] [1746790759.888]: IfHealthSub               [36mIDLE[0m -> [32mSUCCESS[0m
[robot_decision-1] [1746790759.888]: OurOutpostSub             [36mIDLE[0m -> [32mSUCCESS[0m
[robot_decision-1] [1746790759.888]: EnemyOutpostSub           [36mIDLE[0m -> [32mSUCCESS[0m
[robot_decision-1] [1746790759.888]: IfHealthSub               [32mSUCCESS[0m -> [36mIDLE[0m
[robot_decision-1] [1746790759.888]: OurOutpostSub             [32mSUCCESS[0m -> [36mIDLE[0m
[robot_decision-1] [1746790759.888]: EnemyOutpostSub           [32mSUCCESS[0m -> [36mIDLE[0m
[robot_decision-1] [1746790759.888]: Subscribers               [33mRUNNING[0m -> [32mSUCCESS[0m
[robot_decision-1] [1746790759.888]: Subscribers               [32mSUCCESS[0m -> [36mIDLE[0m
[robot_decision-1] [1746790759.888]: Inverter                  [33mRUNNING[0m -> [31mFAILURE[0m
[robot_decision-1] [1746790759.888]: Inverter                  [31mFAILURE[0m -> [36mIDLE[0m
[robot_decision-1] [1746790760.388]: Inverter                  [36mIDLE[0m -> [33mRUNNING[0m
[robot_decision-1] [1746790760.389]: Subscribers               [36mIDLE[0m -> [33mRUNNING[0m
[robot_decision-1] [1746790760.389]: IfHealthSub               [36mIDLE[0m -> [32mSUCCESS[0m
[robot_decision-1] [1746790760.389]: OurOutpostSub             [36mIDLE[0m -> [32mSUCCESS[0m
[robot_decision-1] [1746790760.389]: EnemyOutpostSub           [36mIDLE[0m -> [32mSUCCESS[0m
[robot_decision-1] [1746790760.389]: IfHealthSub               [32mSUCCESS[0m -> [36mIDLE[0m
[robot_decision-1] [1746790760.389]: OurOutpostSub             [32mSUCCESS[0m -> [36mIDLE[0m
[robot_decision-1] [1746790760.389]: EnemyOutpostSub           [32mSUCCESS[0m -> [36mIDLE[0m
[robot_decision-1] [1746790760.389]: Subscribers               [33mRUNNING[0m -> [32mSUCCESS[0m
[robot_decision-1] [1746790760.389]: Subscribers               [32mSUCCESS[0m -> [36mIDLE[0m
[robot_decision-1] [1746790760.389]: Inverter                  [33mRUNNING[0m -> [31mFAILURE[0m
[robot_decision-1] [1746790760.389]: Inverter                  [31mFAILURE[0m -> [36mIDLE[0m
[robot_decision-1] [INFO] [1746790760.388844547] [robot_decision]: [IfHealthSub] health value: 100
[robot_decision-1] [INFO] [1746790760.389118236] [robot_decision]: [OurOutpostSub] our outpost health value: 0
[robot_decision-1] [INFO] [1746790760.389224752] [robot_decision]: [EnemyOutpostSub] enemy outpost health value: 1500
[robot_decision-1] [1746790760.890]: Inverter                  [36mIDLE[0m -> [33mRUNNING[0m
[robot_decision-1] [1746790760.890]: Subscribers               [36mIDLE[0m -> [33mRUNNING[0m
[robot_decision-1] [1746790760.891]: IfHealthSub               [36mIDLE[0m -> [32mSUCCESS[0m
[robot_decision-1] [1746790760.891]: OurOutpostSub             [36mIDLE[0m -> [32mSUCCESS[0m
[robot_decision-1] [1746790760.891]: EnemyOutpostSub           [36mIDLE[0m -> [32mSUCCESS[0m
[robot_decision-1] [INFO] [1746790760.890659535] [robot_decision]: [IfHealthSub] health value: 100
[robot_decision-1] [INFO] [1746790760.890906482] [robot_decision]: [OurOutpostSub] our outpost health value: 0
[robot_decision-1] [INFO] [1746790760.891014240] [robot_decision]: [EnemyOutpostSub] enemy outpost health value: 1500
[robot_decision-1] [1746790760.891]: IfHealthSub               [32mSUCCESS[0m -> [36mIDLE[0m
[robot_decision-1] [1746790760.891]: OurOutpostSub             [32mSUCCESS[0m -> [36mIDLE[0m
[robot_decision-1] [1746790760.891]: EnemyOutpostSub           [32mSUCCESS[0m -> [36mIDLE[0m
[robot_decision-1] [1746790760.891]: Subscribers               [33mRUNNING[0m -> [32mSUCCESS[0m
[robot_decision-1] [1746790760.891]: Subscribers               [32mSUCCESS[0m -> [36mIDLE[0m
[robot_decision-1] [1746790760.891]: Inverter                  [33mRUNNING[0m -> [31mFAILURE[0m
[robot_decision-1] [1746790760.891]: Inverter                  [31mFAILURE[0m -> [36mIDLE[0m
[robot_decision-1] [1746790761.392]: Inverter                  [36mIDLE[0m -> [33mRUNNING[0m
[robot_decision-1] [1746790761.392]: Subscribers               [36mIDLE[0m -> [33mRUNNING[0m
[robot_decision-1] [INFO] [1746790761.391896415] [robot_decision]: [IfHealthSub] health value: 100
[robot_decision-1] [INFO] [1746790761.392346544] [robot_decision]: [OurOutpostSub] our outpost health value: 0
[robot_decision-1] [INFO] [1746790761.392459994] [robot_decision]: [EnemyOutpostSub] enemy outpost health value: 1500
[robot_decision-1] [1746790761.392]: IfHealthSub               [36mIDLE[0m -> [32mSUCCESS[0m
[robot_decision-1] [1746790761.392]: OurOutpostSub             [36mIDLE[0m -> [32mSUCCESS[0m
[robot_decision-1] [1746790761.392]: EnemyOutpostSub           [36mIDLE[0m -> [32mSUCCESS[0m
[robot_decision-1] [1746790761.392]: IfHealthSub               [32mSUCCESS[0m -> [36mIDLE[0m
[robot_decision-1] [1746790761.393]: OurOutpostSub             [32mSUCCESS[0m -> [36mIDLE[0m
[robot_decision-1] [1746790761.393]: EnemyOutpostSub           [32mSUCCESS[0m -> [36mIDLE[0m
[robot_decision-1] [1746790761.393]: Subscribers               [33mRUNNING[0m -> [32mSUCCESS[0m
[robot_decision-1] [1746790761.393]: Subscribers               [32mSUCCESS[0m -> [36mIDLE[0m
[robot_decision-1] [1746790761.393]: Inverter                  [33mRUNNING[0m -> [31mFAILURE[0m
[robot_decision-1] [1746790761.393]: Inverter                  [31mFAILURE[0m -> [36mIDLE[0m
[robot_decision-1] [1746790761.893]: Inverter                  [36mIDLE[0m -> [33mRUNNING[0m
[robot_decision-1] [1746790761.893]: Subscribers               [36mIDLE[0m -> [33mRUNNING[0m
[robot_decision-1] [1746790761.894]: IfHealthSub               [36mIDLE[0m -> [32mSUCCESS[0m
[robot_decision-1] [1746790761.894]: OurOutpostSub             [36mIDLE[0m -> [32mSUCCESS[0m
[robot_decision-1] [1746790761.894]: EnemyOutpostSub           [36mIDLE[0m -> [32mSUCCESS[0m
[robot_decision-1] [1746790761.894]: IfHealthSub               [32mSUCCESS[0m -> [36mIDLE[0m
[robot_decision-1] [1746790761.894]: OurOutpostSub             [32mSUCCESS[0m -> [36mIDLE[0m
[robot_decision-1] [1746790761.894]: EnemyOutpostSub           [32mSUCCESS[0m -> [36mIDLE[0m
[robot_decision-1] [1746790761.894]: Subscribers               [33mRUNNING[0m -> [32mSUCCESS[0m
[robot_decision-1] [1746790761.894]: Subscribers               [32mSUCCESS[0m -> [36mIDLE[0m
[robot_decision-1] [1746790761.894]: Inverter                  [33mRUNNING[0m -> [31mFAILURE[0m
[robot_decision-1] [INFO] [1746790761.893903220] [robot_decision]: [IfHealthSub] health value: 100
[robot_decision-1] [INFO] [1746790761.894230392] [robot_decision]: [OurOutpostSub] our outpost health value: 0
[robot_decision-1] [INFO] [1746790761.894343891] [robot_decision]: [EnemyOutpostSub] enemy outpost health value: 1500
[robot_decision-1] [1746790761.895]: Inverter                  [31mFAILURE[0m -> [36mIDLE[0m
[robot_decision-1] [1746790762.395]: Inverter                  [36mIDLE[0m -> [33mRUNNING[0m
[robot_decision-1] [1746790762.395]: Subscribers               [36mIDLE[0m -> [33mRUNNING[0m
[robot_decision-1] [INFO] [1746790762.395100239] [robot_decision]: [IfHealthSub] health value: 100
[robot_decision-1] [INFO] [1746790762.395213067] [robot_decision]: [OurOutpostSub] our outpost health value: 0
[robot_decision-1] [1746790762.395]: IfHealthSub               [36mIDLE[0m -> [32mSUCCESS[0m
[robot_decision-1] [1746790762.395]: OurOutpostSub             [36mIDLE[0m -> [32mSUCCESS[0m
[robot_decision-1] [1746790762.395]: EnemyOutpostSub           [36mIDLE[0m -> [32mSUCCESS[0m
[robot_decision-1] [1746790762.395]: IfHealthSub               [32mSUCCESS[0m -> [36mIDLE[0m
[robot_decision-1] [1746790762.395]: OurOutpostSub             [32mSUCCESS[0m -> [36mIDLE[0m
[robot_decision-1] [1746790762.395]: EnemyOutpostSub           [32mSUCCESS[0m -> [36mIDLE[0m
[robot_decision-1] [1746790762.395]: Subscribers               [33mRUNNING[0m -> [32mSUCCESS[0m
[robot_decision-1] [1746790762.395]: Subscribers               [32mSUCCESS[0m -> [36mIDLE[0m
[robot_decision-1] [1746790762.395]: Inverter                  [33mRUNNING[0m -> [31mFAILURE[0m
[robot_decision-1] [1746790762.395]: Inverter                  [31mFAILURE[0m -> [36mIDLE[0m
[robot_decision-1] [INFO] [1746790762.395288984] [robot_decision]: [EnemyOutpostSub] enemy outpost health value: 1500
[robot_decision-1] [1746790762.896]: Inverter                  [36mIDLE[0m -> [33mRUNNING[0m
[robot_decision-1] [1746790762.896]: Subscribers               [36mIDLE[0m -> [33mRUNNING[0m
[robot_decision-1] [1746790762.897]: IfHealthSub               [36mIDLE[0m -> [32mSUCCESS[0m
[robot_decision-1] [1746790762.897]: OurOutpostSub             [36mIDLE[0m -> [32mSUCCESS[0m
[robot_decision-1] [1746790762.897]: EnemyOutpostSub           [36mIDLE[0m -> [32mSUCCESS[0m
[robot_decision-1] [1746790762.897]: IfHealthSub               [32mSUCCESS[0m -> [36mIDLE[0m
[robot_decision-1] [1746790762.897]: OurOutpostSub             [32mSUCCESS[0m -> [36mIDLE[0m
[robot_decision-1] [1746790762.897]: EnemyOutpostSub           [32mSUCCESS[0m -> [36mIDLE[0m
[robot_decision-1] [1746790762.897]: Subscribers               [33mRUNNING[0m -> [32mSUCCESS[0m
[robot_decision-1] [1746790762.897]: Subscribers               [32mSUCCESS[0m -> [36mIDLE[0m
[robot_decision-1] [1746790762.897]: Inverter                  [33mRUNNING[0m -> [31mFAILURE[0m
[robot_decision-1] [1746790762.897]: Inverter                  [31mFAILURE[0m -> [36mIDLE[0m
[robot_decision-1] [INFO] [1746790762.896420134] [robot_decision]: [IfHealthSub] health value: 100
[robot_decision-1] [INFO] [1746790762.896712439] [robot_decision]: [OurOutpostSub] our outpost health value: 0
[robot_decision-1] [INFO] [1746790762.896842189] [robot_decision]: [EnemyOutpostSub] enemy outpost health value: 1500
[robot_decision-1] [1746790763.401]: Inverter                  [36mIDLE[0m -> [33mRUNNING[0m
[robot_decision-1] [1746790763.401]: Subscribers               [36mIDLE[0m -> [33mRUNNING[0m
[robot_decision-1] [INFO] [1746790763.401162818] [robot_decision]: [IfHealthSub] health value: 100
[robot_decision-1] [INFO] [1746790763.401539727] [robot_decision]: [OurOutpostSub] our outpost health value: 0
[robot_decision-1] [INFO] [1746790763.401678775] [robot_decision]: [EnemyOutpostSub] enemy outpost health value: 1500
[robot_decision-1] [1746790763.401]: IfHealthSub               [36mIDLE[0m -> [32mSUCCESS[0m
[robot_decision-1] [1746790763.402]: OurOutpostSub             [36mIDLE[0m -> [32mSUCCESS[0m
[robot_decision-1] [1746790763.402]: EnemyOutpostSub           [36mIDLE[0m -> [32mSUCCESS[0m
[robot_decision-1] [1746790763.402]: IfHealthSub               [32mSUCCESS[0m -> [36mIDLE[0m
[robot_decision-1] [1746790763.402]: OurOutpostSub             [32mSUCCESS[0m -> [36mIDLE[0m
[robot_decision-1] [1746790763.402]: EnemyOutpostSub           [32mSUCCESS[0m -> [36mIDLE[0m
[robot_decision-1] [1746790763.402]: Subscribers               [33mRUNNING[0m -> [32mSUCCESS[0m
[robot_decision-1] [1746790763.402]: Subscribers               [32mSUCCESS[0m -> [36mIDLE[0m
[robot_decision-1] [1746790763.402]: Inverter                  [33mRUNNING[0m -> [31mFAILURE[0m
[robot_decision-1] [1746790763.402]: Inverter                  [31mFAILURE[0m -> [36mIDLE[0m
[robot_decision-1] [1746790763.902]: Inverter                  [36mIDLE[0m -> [33mRUNNING[0m
[robot_decision-1] [1746790763.902]: Subscribers               [36mIDLE[0m -> [33mRUNNING[0m
[robot_decision-1] [INFO] [1746790763.902280831] [robot_decision]: [IfHealthSub] health value: 100
[robot_decision-1] [INFO] [1746790763.902381124] [robot_decision]: [OurOutpostSub] our outpost health value: 0
[robot_decision-1] [INFO] [1746790763.902479514] [robot_decision]: [EnemyOutpostSub] enemy outpost health value: 1500
[robot_decision-1] [WARN] [1746790763.902600348] [robot_decision]: NavigateToPose failure: SEND_GOAL_TIMEOUT
[robot_decision-1] [1746790763.902]: IfHealthSub               [36mIDLE[0m -> [32mSUCCESS[0m
[robot_decision-1] [1746790763.902]: OurOutpostSub             [36mIDLE[0m -> [32mSUCCESS[0m
[robot_decision-1] [1746790763.902]: EnemyOutpostSub           [36mIDLE[0m -> [32mSUCCESS[0m
[robot_decision-1] [1746790763.903]: IfHealthSub               [32mSUCCESS[0m -> [36mIDLE[0m
[robot_decision-1] [1746790763.903]: OurOutpostSub             [32mSUCCESS[0m -> [36mIDLE[0m
[robot_decision-1] [1746790763.903]: EnemyOutpostSub           [32mSUCCESS[0m -> [36mIDLE[0m
[robot_decision-1] [1746790763.903]: Subscribers               [33mRUNNING[0m -> [32mSUCCESS[0m
[robot_decision-1] [1746790763.903]: Subscribers               [32mSUCCESS[0m -> [36mIDLE[0m
[robot_decision-1] [1746790763.903]: Inverter                  [33mRUNNING[0m -> [31mFAILURE[0m
[robot_decision-1] [1746790763.903]: NavigateToPose            [33mRUNNING[0m -> [31mFAILURE[0m
[robot_decision-1] [1746790763.903]: WaitNode                  [32mSUCCESS[0m -> [36mIDLE[0m
[robot_decision-1] [1746790763.903]: NavigateToPose            [31mFAILURE[0m -> [36mIDLE[0m
[robot_decision-1] [1746790763.903]: Sequence                  [33mRUNNING[0m -> [31mFAILURE[0m
[robot_decision-1] [1746790763.903]: Sequence                  [31mFAILURE[0m -> [36mIDLE[0m
[robot_decision-1] [1746790763.903]: Sequence                  [36mIDLE[0m -> [33mRUNNING[0m
[robot_decision-1] [1746790763.903]: WaitNode                  [36mIDLE[0m -> [33mRUNNING[0m
[robot_decision-1] [1746790763.903]: Inverter                  [31mFAILURE[0m -> [36mIDLE[0m
[robot_decision-1] [1746790764.403]: Inverter                  [36mIDLE[0m -> [33mRUNNING[0m
[robot_decision-1] [1746790764.403]: Subscribers               [36mIDLE[0m -> [33mRUNNING[0m
[robot_decision-1] [INFO] [1746790764.403366327] [robot_decision]: [IfHealthSub] health value: 100
[robot_decision-1] [INFO] [1746790764.403590761] [robot_decision]: [OurOutpostSub] our outpost health value: 0
[robot_decision-1] [INFO] [1746790764.403688520] [robot_decision]: [EnemyOutpostSub] enemy outpost health value: 1500
[robot_decision-1] [1746790764.404]: IfHealthSub               [36mIDLE[0m -> [32mSUCCESS[0m
[robot_decision-1] [1746790764.404]: OurOutpostSub             [36mIDLE[0m -> [32mSUCCESS[0m
[robot_decision-1] [1746790764.404]: EnemyOutpostSub           [36mIDLE[0m -> [32mSUCCESS[0m
[robot_decision-1] [1746790764.404]: IfHealthSub               [32mSUCCESS[0m -> [36mIDLE[0m
[robot_decision-1] [1746790764.404]: OurOutpostSub             [32mSUCCESS[0m -> [36mIDLE[0m
[robot_decision-1] [1746790764.404]: EnemyOutpostSub           [32mSUCCESS[0m -> [36mIDLE[0m
[robot_decision-1] [1746790764.404]: Subscribers               [33mRUNNING[0m -> [32mSUCCESS[0m
[robot_decision-1] [1746790764.404]: Subscribers               [32mSUCCESS[0m -> [36mIDLE[0m
[robot_decision-1] [1746790764.404]: Inverter                  [33mRUNNING[0m -> [31mFAILURE[0m
[robot_decision-1] [1746790764.404]: WaitNode                  [33mRUNNING[0m -> [32mSUCCESS[0m
[robot_decision-1] [1746790764.404]: NavigateToPose            [36mIDLE[0m -> [33mRUNNING[0m
[robot_decision-1] Point key: 2 x:2 y:0.7
[robot_decision-1] [1746790764.405]: Inverter                  [31mFAILURE[0m -> [36mIDLE[0m
[robot_decision-1] [1746790764.905]: Inverter                  [36mIDLE[0m -> [33mRUNNING[0m
[robot_decision-1] [1746790764.905]: Subscribers               [36mIDLE[0m -> [33mRUNNING[0m
[robot_decision-1] [INFO] [1746790764.905642133] [robot_decision]: [IfHealthSub] health value: 100
[robot_decision-1] [INFO] [1746790764.905855325] [robot_decision]: [OurOutpostSub] our outpost health value: 0
[robot_decision-1] [INFO] [1746790764.906090088] [robot_decision]: [EnemyOutpostSub] enemy outpost health value: 1500
[robot_decision-1] [1746790764.906]: IfHealthSub               [36mIDLE[0m -> [32mSUCCESS[0m
[robot_decision-1] [1746790764.906]: OurOutpostSub             [36mIDLE[0m -> [32mSUCCESS[0m
[robot_decision-1] [1746790764.906]: EnemyOutpostSub           [36mIDLE[0m -> [32mSUCCESS[0m
[robot_decision-1] [1746790764.906]: IfHealthSub               [32mSUCCESS[0m -> [36mIDLE[0m
[robot_decision-1] [1746790764.906]: OurOutpostSub             [32mSUCCESS[0m -> [36mIDLE[0m
[robot_decision-1] [1746790764.906]: EnemyOutpostSub           [32mSUCCESS[0m -> [36mIDLE[0m
[robot_decision-1] [1746790764.906]: Subscribers               [33mRUNNING[0m -> [32mSUCCESS[0m
[robot_decision-1] [1746790764.906]: Subscribers               [32mSUCCESS[0m -> [36mIDLE[0m
[robot_decision-1] [1746790764.906]: Inverter                  [33mRUNNING[0m -> [31mFAILURE[0m
[robot_decision-1] [1746790764.906]: Inverter                  [31mFAILURE[0m -> [36mIDLE[0m
[robot_decision-1] [1746790765.407]: Inverter                  [36mIDLE[0m -> [33mRUNNING[0m
[robot_decision-1] [1746790765.407]: Subscribers               [36mIDLE[0m -> [33mRUNNING[0m
[robot_decision-1] [INFO] [1746790765.407514877] [robot_decision]: [IfHealthSub] health value: 100
[robot_decision-1] [1746790765.408]: IfHealthSub               [36mIDLE[0m -> [32mSUCCESS[0m
[robot_decision-1] [1746790765.408]: OurOutpostSub             [36mIDLE[0m -> [32mSUCCESS[0m
[robot_decision-1] [1746790765.408]: EnemyOutpostSub           [36mIDLE[0m -> [32mSUCCESS[0m
[robot_decision-1] [1746790765.408]: IfHealthSub               [32mSUCCESS[0m -> [36mIDLE[0m
[robot_decision-1] [1746790765.408]: OurOutpostSub             [32mSUCCESS[0m -> [36mIDLE[0m
[robot_decision-1] [1746790765.408]: EnemyOutpostSub           [32mSUCCESS[0m -> [36mIDLE[0m
[robot_decision-1] [1746790765.408]: Subscribers               [33mRUNNING[0m -> [32mSUCCESS[0m
[robot_decision-1] [1746790765.408]: Subscribers               [32mSUCCESS[0m -> [36mIDLE[0m
[robot_decision-1] [1746790765.408]: Inverter                  [33mRUNNING[0m -> [31mFAILURE[0m
[robot_decision-1] [1746790765.408]: Inverter                  [31mFAILURE[0m -> [36mIDLE[0m
[robot_decision-1] [INFO] [1746790765.407885413] [robot_decision]: [OurOutpostSub] our outpost health value: 0
[robot_decision-1] [INFO] [1746790765.407978693] [robot_decision]: [EnemyOutpostSub] enemy outpost health value: 1500
[robot_decision-1] [1746790765.908]: Inverter                  [36mIDLE[0m -> [33mRUNNING[0m
[robot_decision-1] [1746790765.909]: Subscribers               [36mIDLE[0m -> [33mRUNNING[0m
[robot_decision-1] [INFO] [1746790765.909032067] [robot_decision]: [IfHealthSub] health value: 100
[robot_decision-1] [INFO] [1746790765.909311176] [robot_decision]: [OurOutpostSub] our outpost health value: 0
[robot_decision-1] [INFO] [1746790765.909411890] [robot_decision]: [EnemyOutpostSub] enemy outpost health value: 1500
[robot_decision-1] [1746790765.909]: IfHealthSub               [36mIDLE[0m -> [32mSUCCESS[0m
[robot_decision-1] [1746790765.909]: OurOutpostSub             [36mIDLE[0m -> [32mSUCCESS[0m
[robot_decision-1] [1746790765.909]: EnemyOutpostSub           [36mIDLE[0m -> [32mSUCCESS[0m
[robot_decision-1] [1746790765.909]: IfHealthSub               [32mSUCCESS[0m -> [36mIDLE[0m
[robot_decision-1] [1746790765.909]: OurOutpostSub             [32mSUCCESS[0m -> [36mIDLE[0m
[robot_decision-1] [1746790765.909]: EnemyOutpostSub           [32mSUCCESS[0m -> [36mIDLE[0m
[robot_decision-1] [1746790765.909]: Subscribers               [33mRUNNING[0m -> [32mSUCCESS[0m
[robot_decision-1] [1746790765.909]: Subscribers               [32mSUCCESS[0m -> [36mIDLE[0m
[robot_decision-1] [1746790765.909]: Inverter                  [33mRUNNING[0m -> [31mFAILURE[0m
[robot_decision-1] [1746790765.910]: Inverter                  [31mFAILURE[0m -> [36mIDLE[0m
[robot_decision-1] [1746790766.410]: Inverter                  [36mIDLE[0m -> [33mRUNNING[0m
[robot_decision-1] [1746790766.410]: Subscribers               [36mIDLE[0m -> [33mRUNNING[0m
[robot_decision-1] [INFO] [1746790766.410338163] [robot_decision]: [IfHealthSub] health value: 100
[robot_decision-1] [INFO] [1746790766.410584008] [robot_decision]: [OurOutpostSub] our outpost health value: 0
[robot_decision-1] [1746790766.410]: IfHealthSub               [36mIDLE[0m -> [32mSUCCESS[0m
[robot_decision-1] [1746790766.411]: OurOutpostSub             [36mIDLE[0m -> [32mSUCCESS[0m
[robot_decision-1] [1746790766.411]: EnemyOutpostSub           [36mIDLE[0m -> [32mSUCCESS[0m
[robot_decision-1] [1746790766.411]: IfHealthSub               [32mSUCCESS[0m -> [36mIDLE[0m
[robot_decision-1] [1746790766.411]: OurOutpostSub             [32mSUCCESS[0m -> [36mIDLE[0m
[robot_decision-1] [1746790766.411]: EnemyOutpostSub           [32mSUCCESS[0m -> [36mIDLE[0m
[robot_decision-1] [1746790766.411]: Subscribers               [33mRUNNING[0m -> [32mSUCCESS[0m
[robot_decision-1] [1746790766.411]: Subscribers               [32mSUCCESS[0m -> [36mIDLE[0m
[robot_decision-1] [1746790766.411]: Inverter                  [33mRUNNING[0m -> [31mFAILURE[0m
[robot_decision-1] [1746790766.411]: Inverter                  [31mFAILURE[0m -> [36mIDLE[0m
[robot_decision-1] [INFO] [1746790766.410692608] [robot_decision]: [EnemyOutpostSub] enemy outpost health value: 1500
[robot_decision-1] [1746790766.911]: Inverter                  [36mIDLE[0m -> [33mRUNNING[0m
[robot_decision-1] [1746790766.911]: Subscribers               [36mIDLE[0m -> [33mRUNNING[0m
[robot_decision-1] [1746790766.911]: IfHealthSub               [36mIDLE[0m -> [32mSUCCESS[0m
[robot_decision-1] [1746790766.912]: OurOutpostSub             [36mIDLE[0m -> [32mSUCCESS[0m
[robot_decision-1] [1746790766.912]: EnemyOutpostSub           [36mIDLE[0m -> [32mSUCCESS[0m
[robot_decision-1] [1746790766.912]: IfHealthSub               [32mSUCCESS[0m -> [36mIDLE[0m
[robot_decision-1] [1746790766.912]: OurOutpostSub             [32mSUCCESS[0m -> [36mIDLE[0m
[robot_decision-1] [1746790766.912]: EnemyOutpostSub           [32mSUCCESS[0m -> [36mIDLE[0m
[robot_decision-1] [1746790766.912]: Subscribers               [33mRUNNING[0m -> [32mSUCCESS[0m
[robot_decision-1] [1746790766.912]: Subscribers               [32mSUCCESS[0m -> [36mIDLE[0m
[robot_decision-1] [1746790766.912]: Inverter                  [33mRUNNING[0m -> [31mFAILURE[0m
[robot_decision-1] [1746790766.912]: Inverter                  [31mFAILURE[0m -> [36mIDLE[0m
[robot_decision-1] [INFO] [1746790766.911324653] [robot_decision]: [IfHealthSub] health value: 100
[robot_decision-1] [INFO] [1746790766.911620615] [robot_decision]: [OurOutpostSub] our outpost health value: 0
[robot_decision-1] [INFO] [1746790766.911773640] [robot_decision]: [EnemyOutpostSub] enemy outpost health value: 1500
[robot_decision-1] [1746790767.412]: Inverter                  [36mIDLE[0m -> [33mRUNNING[0m
[robot_decision-1] [1746790767.412]: Subscribers               [36mIDLE[0m -> [33mRUNNING[0m
[robot_decision-1] [INFO] [1746790767.412587432] [robot_decision]: [IfHealthSub] health value: 100
[robot_decision-1] [INFO] [1746790767.412830221] [robot_decision]: [OurOutpostSub] our outpost health value: 0
[robot_decision-1] [INFO] [1746790767.412949502] [robot_decision]: [EnemyOutpostSub] enemy outpost health value: 1500
[robot_decision-1] [1746790767.413]: IfHealthSub               [36mIDLE[0m -> [32mSUCCESS[0m
[robot_decision-1] [1746790767.413]: OurOutpostSub             [36mIDLE[0m -> [32mSUCCESS[0m
[robot_decision-1] [1746790767.413]: EnemyOutpostSub           [36mIDLE[0m -> [32mSUCCESS[0m
[robot_decision-1] [1746790767.413]: IfHealthSub               [32mSUCCESS[0m -> [36mIDLE[0m
[robot_decision-1] [1746790767.413]: OurOutpostSub             [32mSUCCESS[0m -> [36mIDLE[0m
[robot_decision-1] [1746790767.413]: EnemyOutpostSub           [32mSUCCESS[0m -> [36mIDLE[0m
[robot_decision-1] [1746790767.413]: Subscribers               [33mRUNNING[0m -> [32mSUCCESS[0m
[robot_decision-1] [1746790767.413]: Subscribers               [32mSUCCESS[0m -> [36mIDLE[0m
[robot_decision-1] [1746790767.413]: Inverter                  [33mRUNNING[0m -> [31mFAILURE[0m
[robot_decision-1] [1746790767.413]: Inverter                  [31mFAILURE[0m -> [36mIDLE[0m
[robot_decision-1] [1746790767.913]: Inverter                  [36mIDLE[0m -> [33mRUNNING[0m
[robot_decision-1] [1746790767.914]: Subscribers               [36mIDLE[0m -> [33mRUNNING[0m
[robot_decision-1] [INFO] [1746790767.913790087] [robot_decision]: [IfHealthSub] health value: 100
[robot_decision-1] [INFO] [1746790767.914012536] [robot_decision]: [OurOutpostSub] our outpost health value: 0
[robot_decision-1] [INFO] [1746790767.914133570] [robot_decision]: [EnemyOutpostSub] enemy outpost health value: 1500
[robot_decision-1] [1746790767.914]: IfHealthSub               [36mIDLE[0m -> [32mSUCCESS[0m
[robot_decision-1] [1746790767.914]: OurOutpostSub             [36mIDLE[0m -> [32mSUCCESS[0m
[robot_decision-1] [1746790767.914]: EnemyOutpostSub           [36mIDLE[0m -> [32mSUCCESS[0m
[robot_decision-1] [1746790767.914]: IfHealthSub               [32mSUCCESS[0m -> [36mIDLE[0m
[robot_decision-1] [1746790767.914]: OurOutpostSub             [32mSUCCESS[0m -> [36mIDLE[0m
[robot_decision-1] [1746790767.914]: EnemyOutpostSub           [32mSUCCESS[0m -> [36mIDLE[0m
[robot_decision-1] [1746790767.914]: Subscribers               [33mRUNNING[0m -> [32mSUCCESS[0m
[robot_decision-1] [1746790767.914]: Subscribers               [32mSUCCESS[0m -> [36mIDLE[0m
[robot_decision-1] [1746790767.914]: Inverter                  [33mRUNNING[0m -> [31mFAILURE[0m
[robot_decision-1] [1746790767.915]: Inverter                  [31mFAILURE[0m -> [36mIDLE[0m
[robot_decision-1] [1746790768.415]: Inverter                  [36mIDLE[0m -> [33mRUNNING[0m
[robot_decision-1] [1746790768.415]: Subscribers               [36mIDLE[0m -> [33mRUNNING[0m
[robot_decision-1] [INFO] [1746790768.415655908] [robot_decision]: [IfHealthSub] health value: 100
[robot_decision-1] [INFO] [1746790768.415816268] [robot_decision]: [OurOutpostSub] our outpost health value: 0
[robot_decision-1] [INFO] [1746790768.415885792] [robot_decision]: [EnemyOutpostSub] enemy outpost health value: 1500
[robot_decision-1] [1746790768.416]: IfHealthSub               [36mIDLE[0m -> [32mSUCCESS[0m
[robot_decision-1] [1746790768.416]: OurOutpostSub             [36mIDLE[0m -> [32mSUCCESS[0m
[robot_decision-1] [1746790768.416]: EnemyOutpostSub           [36mIDLE[0m -> [32mSUCCESS[0m
[robot_decision-1] [1746790768.416]: IfHealthSub               [32mSUCCESS[0m -> [36mIDLE[0m
[robot_decision-1] [1746790768.416]: OurOutpostSub             [32mSUCCESS[0m -> [36mIDLE[0m
[robot_decision-1] [1746790768.416]: EnemyOutpostSub           [32mSUCCESS[0m -> [36mIDLE[0m
[robot_decision-1] [1746790768.416]: Subscribers               [33mRUNNING[0m -> [32mSUCCESS[0m
[robot_decision-1] [1746790768.416]: Subscribers               [32mSUCCESS[0m -> [36mIDLE[0m
[robot_decision-1] [1746790768.416]: Inverter                  [33mRUNNING[0m -> [31mFAILURE[0m
[robot_decision-1] [1746790768.416]: Inverter                  [31mFAILURE[0m -> [36mIDLE[0m
[robot_decision-1] [1746790768.916]: Inverter                  [36mIDLE[0m -> [33mRUNNING[0m
[robot_decision-1] [1746790768.917]: Subscribers               [36mIDLE[0m -> [33mRUNNING[0m
[robot_decision-1] [INFO] [1746790768.916833472] [robot_decision]: [IfHealthSub] health value: 100
[robot_decision-1] [1746790768.917]: IfHealthSub               [36mIDLE[0m -> [32mSUCCESS[0m
[robot_decision-1] [1746790768.917]: OurOutpostSub             [36mIDLE[0m -> [32mSUCCESS[0m
[robot_decision-1] [1746790768.917]: EnemyOutpostSub           [36mIDLE[0m -> [32mSUCCESS[0m
[robot_decision-1] [1746790768.917]: IfHealthSub               [32mSUCCESS[0m -> [36mIDLE[0m
[robot_decision-1] [1746790768.917]: OurOutpostSub             [32mSUCCESS[0m -> [36mIDLE[0m
[robot_decision-1] [1746790768.917]: EnemyOutpostSub           [32mSUCCESS[0m -> [36mIDLE[0m
[robot_decision-1] [1746790768.917]: Subscribers               [33mRUNNING[0m -> [32mSUCCESS[0m
[robot_decision-1] [1746790768.917]: Subscribers               [32mSUCCESS[0m -> [36mIDLE[0m
[robot_decision-1] [1746790768.917]: Inverter                  [33mRUNNING[0m -> [31mFAILURE[0m
[robot_decision-1] [1746790768.918]: Inverter                  [31mFAILURE[0m -> [36mIDLE[0m
[robot_decision-1] [INFO] [1746790768.917154542] [robot_decision]: [OurOutpostSub] our outpost health value: 0
[robot_decision-1] [INFO] [1746790768.917280575] [robot_decision]: [EnemyOutpostSub] enemy outpost health value: 1500
[robot_decision-1] [1746790769.418]: Inverter                  [36mIDLE[0m -> [33mRUNNING[0m
[robot_decision-1] [1746790769.418]: Subscribers               [36mIDLE[0m -> [33mRUNNING[0m
[robot_decision-1] [INFO] [1746790769.418308406] [robot_decision]: [IfHealthSub] health value: 100
[robot_decision-1] [INFO] [1746790769.418590972] [robot_decision]: [OurOutpostSub] our outpost health value: 0
[robot_decision-1] [INFO] [1746790769.418747744] [robot_decision]: [EnemyOutpostSub] enemy outpost health value: 1500
[robot_decision-1] [WARN] [1746790769.419343044] [robot_decision]: NavigateToPose failure: SEND_GOAL_TIMEOUT
[robot_decision-1] [1746790769.418]: IfHealthSub               [36mIDLE[0m -> [32mSUCCESS[0m
[robot_decision-1] [1746790769.419]: OurOutpostSub             [36mIDLE[0m -> [32mSUCCESS[0m
[robot_decision-1] [1746790769.419]: EnemyOutpostSub           [36mIDLE[0m -> [32mSUCCESS[0m
[robot_decision-1] [1746790769.419]: IfHealthSub               [32mSUCCESS[0m -> [36mIDLE[0m
[robot_decision-1] [1746790769.419]: OurOutpostSub             [32mSUCCESS[0m -> [36mIDLE[0m
[robot_decision-1] [1746790769.419]: EnemyOutpostSub           [32mSUCCESS[0m -> [36mIDLE[0m
[robot_decision-1] [1746790769.419]: Subscribers               [33mRUNNING[0m -> [32mSUCCESS[0m
[robot_decision-1] [1746790769.419]: Subscribers               [32mSUCCESS[0m -> [36mIDLE[0m
[robot_decision-1] [1746790769.419]: Inverter                  [33mRUNNING[0m -> [31mFAILURE[0m
[robot_decision-1] [1746790769.419]: NavigateToPose            [33mRUNNING[0m -> [31mFAILURE[0m
[robot_decision-1] [1746790769.419]: WaitNode                  [32mSUCCESS[0m -> [36mIDLE[0m
[robot_decision-1] [1746790769.419]: NavigateToPose            [31mFAILURE[0m -> [36mIDLE[0m
[robot_decision-1] [1746790769.419]: Sequence                  [33mRUNNING[0m -> [31mFAILURE[0m
[robot_decision-1] [1746790769.419]: Sequence                  [31mFAILURE[0m -> [36mIDLE[0m
[robot_decision-1] [1746790769.419]: Sequence                  [36mIDLE[0m -> [33mRUNNING[0m
[robot_decision-1] [1746790769.419]: WaitNode                  [36mIDLE[0m -> [33mRUNNING[0m
[robot_decision-1] [1746790769.419]: Inverter                  [31mFAILURE[0m -> [36mIDLE[0m
[robot_decision-1] [1746790769.920]: Inverter                  [36mIDLE[0m -> [33mRUNNING[0m
[robot_decision-1] [1746790769.920]: Subscribers               [36mIDLE[0m -> [33mRUNNING[0m
[robot_decision-1] [INFO] [1746790769.919868325] [robot_decision]: [IfHealthSub] health value: 100
[robot_decision-1] [INFO] [1746790769.920018555] [robot_decision]: [OurOutpostSub] our outpost health value: 0
[robot_decision-1] [INFO] [1746790769.920074864] [robot_decision]: [EnemyOutpostSub] enemy outpost health value: 1500
[robot_decision-1] [1746790769.920]: IfHealthSub               [36mIDLE[0m -> [32mSUCCESS[0m
[robot_decision-1] [1746790769.920]: OurOutpostSub             [36mIDLE[0m -> [32mSUCCESS[0m
[robot_decision-1] [1746790769.920]: EnemyOutpostSub           [36mIDLE[0m -> [32mSUCCESS[0m
[robot_decision-1] [1746790769.920]: IfHealthSub               [32mSUCCESS[0m -> [36mIDLE[0m
[robot_decision-1] [1746790769.920]: OurOutpostSub             [32mSUCCESS[0m -> [36mIDLE[0m
[robot_decision-1] [1746790769.920]: EnemyOutpostSub           [32mSUCCESS[0m -> [36mIDLE[0m
[robot_decision-1] [1746790769.920]: Subscribers               [33mRUNNING[0m -> [32mSUCCESS[0m
[robot_decision-1] [1746790769.920]: Subscribers               [32mSUCCESS[0m -> [36mIDLE[0m
[robot_decision-1] [1746790769.920]: Inverter                  [33mRUNNING[0m -> [31mFAILURE[0m
[robot_decision-1] [1746790769.920]: WaitNode                  [33mRUNNING[0m -> [32mSUCCESS[0m
[robot_decision-1] [1746790769.920]: NavigateToPose            [36mIDLE[0m -> [33mRUNNING[0m
[robot_decision-1] Point key: 2 x:2 y:0.7
[robot_decision-1] [1746790769.921]: Inverter                  [31mFAILURE[0m -> [36mIDLE[0m
[robot_decision-1] [1746790770.421]: Inverter                  [36mIDLE[0m -> [33mRUNNING[0m
[robot_decision-1] [1746790770.421]: Subscribers               [36mIDLE[0m -> [33mRUNNING[0m
[robot_decision-1] [INFO] [1746790770.421273672] [robot_decision]: [IfHealthSub] health value: 100
[robot_decision-1] [INFO] [1746790770.421530849] [robot_decision]: [OurOutpostSub] our outpost health value: 0
[robot_decision-1] [INFO] [1746790770.421641413] [robot_decision]: [EnemyOutpostSub] enemy outpost health value: 1500
[robot_decision-1] [1746790770.421]: IfHealthSub               [36mIDLE[0m -> [32mSUCCESS[0m
[robot_decision-1] [1746790770.422]: OurOutpostSub             [36mIDLE[0m -> [32mSUCCESS[0m
[robot_decision-1] [1746790770.422]: EnemyOutpostSub           [36mIDLE[0m -> [32mSUCCESS[0m
[robot_decision-1] [1746790770.422]: IfHealthSub               [32mSUCCESS[0m -> [36mIDLE[0m
[robot_decision-1] [1746790770.422]: OurOutpostSub             [32mSUCCESS[0m -> [36mIDLE[0m
[robot_decision-1] [1746790770.422]: EnemyOutpostSub           [32mSUCCESS[0m -> [36mIDLE[0m
[robot_decision-1] [1746790770.422]: Subscribers               [33mRUNNING[0m -> [32mSUCCESS[0m
[robot_decision-1] [1746790770.422]: Subscribers               [32mSUCCESS[0m -> [36mIDLE[0m
[robot_decision-1] [1746790770.422]: Inverter                  [33mRUNNING[0m -> [31mFAILURE[0m
[robot_decision-1] [1746790770.422]: Inverter                  [31mFAILURE[0m -> [36mIDLE[0m
[robot_decision-1] [1746790770.922]: Inverter                  [36mIDLE[0m -> [33mRUNNING[0m
[robot_decision-1] [1746790770.922]: Subscribers               [36mIDLE[0m -> [33mRUNNING[0m
[robot_decision-1] [INFO] [1746790770.922483744] [robot_decision]: [IfHealthSub] health value: 100
[robot_decision-1] [INFO] [1746790770.922750178] [robot_decision]: [OurOutpostSub] our outpost health value: 0
[robot_decision-1] [INFO] [1746790770.922845212] [robot_decision]: [EnemyOutpostSub] enemy outpost health value: 1500
[robot_decision-1] [1746790770.923]: IfHealthSub               [36mIDLE[0m -> [32mSUCCESS[0m
[robot_decision-1] [1746790770.923]: OurOutpostSub             [36mIDLE[0m -> [32mSUCCESS[0m
[robot_decision-1] [1746790770.923]: EnemyOutpostSub           [36mIDLE[0m -> [32mSUCCESS[0m
[robot_decision-1] [1746790770.923]: IfHealthSub               [32mSUCCESS[0m -> [36mIDLE[0m
[robot_decision-1] [1746790770.923]: OurOutpostSub             [32mSUCCESS[0m -> [36mIDLE[0m
[robot_decision-1] [1746790770.923]: EnemyOutpostSub           [32mSUCCESS[0m -> [36mIDLE[0m
[robot_decision-1] [1746790770.923]: Subscribers               [33mRUNNING[0m -> [32mSUCCESS[0m
[robot_decision-1] [1746790770.923]: Subscribers               [32mSUCCESS[0m -> [36mIDLE[0m
[robot_decision-1] [1746790770.923]: Inverter                  [33mRUNNING[0m -> [31mFAILURE[0m
[robot_decision-1] [1746790770.923]: Inverter                  [31mFAILURE[0m -> [36mIDLE[0m
[robot_decision-1] [1746790771.423]: Inverter                  [36mIDLE[0m -> [33mRUNNING[0m
[robot_decision-1] [1746790771.423]: Subscribers               [36mIDLE[0m -> [33mRUNNING[0m
[robot_decision-1] [INFO] [1746790771.423402769] [robot_decision]: [IfHealthSub] health value: 100
[robot_decision-1] [INFO] [1746790771.423576574] [robot_decision]: [OurOutpostSub] our outpost health value: 0
[robot_decision-1] [INFO] [1746790771.424035450] [robot_decision]: [EnemyOutpostSub] enemy outpost health value: 1500
[robot_decision-1] [1746790771.423]: IfHealthSub               [36mIDLE[0m -> [32mSUCCESS[0m
[robot_decision-1] [1746790771.424]: OurOutpostSub             [36mIDLE[0m -> [32mSUCCESS[0m
[robot_decision-1] [1746790771.424]: EnemyOutpostSub           [36mIDLE[0m -> [32mSUCCESS[0m
[robot_decision-1] [1746790771.424]: IfHealthSub               [32mSUCCESS[0m -> [36mIDLE[0m
[robot_decision-1] [1746790771.424]: OurOutpostSub             [32mSUCCESS[0m -> [36mIDLE[0m
[robot_decision-1] [1746790771.424]: EnemyOutpostSub           [32mSUCCESS[0m -> [36mIDLE[0m
[robot_decision-1] [1746790771.424]: Subscribers               [33mRUNNING[0m -> [32mSUCCESS[0m
[robot_decision-1] [1746790771.424]: Subscribers               [32mSUCCESS[0m -> [36mIDLE[0m
[robot_decision-1] [1746790771.424]: Inverter                  [33mRUNNING[0m -> [31mFAILURE[0m
[robot_decision-1] [1746790771.424]: Inverter                  [31mFAILURE[0m -> [36mIDLE[0m
[robot_decision-1] [1746790771.925]: Inverter                  [36mIDLE[0m -> [33mRUNNING[0m
[robot_decision-1] [1746790771.925]: Subscribers               [36mIDLE[0m -> [33mRUNNING[0m
[robot_decision-1] [1746790771.925]: IfHealthSub               [36mIDLE[0m -> [32mSUCCESS[0m
[robot_decision-1] [1746790771.926]: OurOutpostSub             [36mIDLE[0m -> [32mSUCCESS[0m
[robot_decision-1] [1746790771.926]: EnemyOutpostSub           [36mIDLE[0m -> [32mSUCCESS[0m
[robot_decision-1] [1746790771.926]: IfHealthSub               [32mSUCCESS[0m -> [36mIDLE[0m
[robot_decision-1] [1746790771.926]: OurOutpostSub             [32mSUCCESS[0m -> [36mIDLE[0m
[robot_decision-1] [1746790771.926]: EnemyOutpostSub           [32mSUCCESS[0m -> [36mIDLE[0m
[robot_decision-1] [1746790771.926]: Subscribers               [33mRUNNING[0m -> [32mSUCCESS[0m
[robot_decision-1] [1746790771.926]: Subscribers               [32mSUCCESS[0m -> [36mIDLE[0m
[robot_decision-1] [1746790771.926]: Inverter                  [33mRUNNING[0m -> [31mFAILURE[0m
[robot_decision-1] [1746790771.926]: Inverter                  [31mFAILURE[0m -> [36mIDLE[0m
[robot_decision-1] [INFO] [1746790771.925199741] [robot_decision]: [IfHealthSub] health value: 100
[robot_decision-1] [INFO] [1746790771.925588562] [robot_decision]: [OurOutpostSub] our outpost health value: 0
[robot_decision-1] [INFO] [1746790771.925734714] [robot_decision]: [EnemyOutpostSub] enemy outpost health value: 1500
[robot_decision-1] [1746790772.426]: Inverter                  [36mIDLE[0m -> [33mRUNNING[0m
[robot_decision-1] [1746790772.426]: Subscribers               [36mIDLE[0m -> [33mRUNNING[0m
[robot_decision-1] [INFO] [1746790772.426577921] [robot_decision]: [IfHealthSub] health value: 100
[robot_decision-1] [INFO] [1746790772.426750554] [robot_decision]: [OurOutpostSub] our outpost health value: 0
[robot_decision-1] [INFO] [1746790772.426810650] [robot_decision]: [EnemyOutpostSub] enemy outpost health value: 1500
[robot_decision-1] [1746790772.427]: IfHealthSub               [36mIDLE[0m -> [32mSUCCESS[0m
[robot_decision-1] [1746790772.427]: OurOutpostSub             [36mIDLE[0m -> [32mSUCCESS[0m
[robot_decision-1] [1746790772.427]: EnemyOutpostSub           [36mIDLE[0m -> [32mSUCCESS[0m
[robot_decision-1] [1746790772.427]: IfHealthSub               [32mSUCCESS[0m -> [36mIDLE[0m
[robot_decision-1] [1746790772.427]: OurOutpostSub             [32mSUCCESS[0m -> [36mIDLE[0m
[robot_decision-1] [1746790772.427]: EnemyOutpostSub           [32mSUCCESS[0m -> [36mIDLE[0m
[robot_decision-1] [1746790772.427]: Subscribers               [33mRUNNING[0m -> [32mSUCCESS[0m
[robot_decision-1] [1746790772.427]: Subscribers               [32mSUCCESS[0m -> [36mIDLE[0m
[robot_decision-1] [1746790772.427]: Inverter                  [33mRUNNING[0m -> [31mFAILURE[0m
[robot_decision-1] [1746790772.427]: Inverter                  [31mFAILURE[0m -> [36mIDLE[0m
[robot_decision-1] [1746790772.927]: Inverter                  [36mIDLE[0m -> [33mRUNNING[0m
[robot_decision-1] [1746790772.927]: Subscribers               [36mIDLE[0m -> [33mRUNNING[0m
[robot_decision-1] [1746790772.928]: IfHealthSub               [36mIDLE[0m -> [32mSUCCESS[0m
[robot_decision-1] [1746790772.928]: OurOutpostSub             [36mIDLE[0m -> [32mSUCCESS[0m
[robot_decision-1] [1746790772.928]: EnemyOutpostSub           [36mIDLE[0m -> [32mSUCCESS[0m
[robot_decision-1] [INFO] [1746790772.927569646] [robot_decision]: [IfHealthSub] health value: 100
[robot_decision-1] [INFO] [1746790772.927755254] [robot_decision]: [OurOutpostSub] our outpost health value: 0
[robot_decision-1] [INFO] [1746790772.927846691] [robot_decision]: [EnemyOutpostSub] enemy outpost health value: 1500
[robot_decision-1] [1746790772.928]: IfHealthSub               [32mSUCCESS[0m -> [36mIDLE[0m
[robot_decision-1] [1746790772.928]: OurOutpostSub             [32mSUCCESS[0m -> [36mIDLE[0m
[robot_decision-1] [1746790772.928]: EnemyOutpostSub           [32mSUCCESS[0m -> [36mIDLE[0m
[robot_decision-1] [1746790772.928]: Subscribers               [33mRUNNING[0m -> [32mSUCCESS[0m
[robot_decision-1] [1746790772.928]: Subscribers               [32mSUCCESS[0m -> [36mIDLE[0m
[robot_decision-1] [1746790772.928]: Inverter                  [33mRUNNING[0m -> [31mFAILURE[0m
[robot_decision-1] [1746790772.928]: Inverter                  [31mFAILURE[0m -> [36mIDLE[0m
[robot_decision-1] [1746790773.429]: Inverter                  [36mIDLE[0m -> [33mRUNNING[0m
[robot_decision-1] [1746790773.429]: Subscribers               [36mIDLE[0m -> [33mRUNNING[0m
[robot_decision-1] [INFO] [1746790773.429420566] [robot_decision]: [IfHealthSub] health value: 500
[robot_decision-1] [INFO] [1746790773.429680749] [robot_decision]: [OurOutpostSub] our outpost health value: 0
[robot_decision-1] [1746790773.430]: IfHealthSub               [36mIDLE[0m -> [32mSUCCESS[0m
[robot_decision-1] [1746790773.430]: OurOutpostSub             [36mIDLE[0m -> [32mSUCCESS[0m
[robot_decision-1] [1746790773.430]: EnemyOutpostSub           [36mIDLE[0m -> [32mSUCCESS[0m
[robot_decision-1] [1746790773.430]: IfHealthSub               [32mSUCCESS[0m -> [36mIDLE[0m
[robot_decision-1] [1746790773.430]: OurOutpostSub             [32mSUCCESS[0m -> [36mIDLE[0m
[robot_decision-1] [1746790773.430]: EnemyOutpostSub           [32mSUCCESS[0m -> [36mIDLE[0m
[robot_decision-1] [1746790773.430]: Subscribers               [33mRUNNING[0m -> [32mSUCCESS[0m
[robot_decision-1] [1746790773.430]: Subscribers               [32mSUCCESS[0m -> [36mIDLE[0m
[robot_decision-1] [1746790773.430]: Inverter                  [33mRUNNING[0m -> [31mFAILURE[0m
[robot_decision-1] [1746790773.430]: Inverter                  [31mFAILURE[0m -> [36mIDLE[0m
[robot_decision-1] [INFO] [1746790773.429787074] [robot_decision]: [EnemyOutpostSub] enemy outpost health value: 1500
[robot_decision-1] [1746790773.930]: Inverter                  [36mIDLE[0m -> [33mRUNNING[0m
[robot_decision-1] [1746790773.931]: Subscribers               [36mIDLE[0m -> [33mRUNNING[0m
[robot_decision-1] [1746790773.933]: IfHealthSub               [36mIDLE[0m -> [32mSUCCESS[0m
[robot_decision-1] [INFO] [1746790773.932526762] [robot_decision]: [IfHealthSub] health value: 500
[robot_decision-1] [INFO] [1746790773.932969767] [robot_decision]: [OurOutpostSub] our outpost health value: 0
[robot_decision-1] [INFO] [1746790773.933166787] [robot_decision]: [EnemyOutpostSub] enemy outpost health value: 1500
[robot_decision-1] [1746790773.933]: OurOutpostSub             [36mIDLE[0m -> [32mSUCCESS[0m
[robot_decision-1] [1746790773.933]: EnemyOutpostSub           [36mIDLE[0m -> [32mSUCCESS[0m
[robot_decision-1] [1746790773.933]: IfHealthSub               [32mSUCCESS[0m -> [36mIDLE[0m
[robot_decision-1] [1746790773.933]: OurOutpostSub             [32mSUCCESS[0m -> [36mIDLE[0m
[robot_decision-1] [1746790773.933]: EnemyOutpostSub           [32mSUCCESS[0m -> [36mIDLE[0m
[robot_decision-1] [1746790773.933]: Subscribers               [33mRUNNING[0m -> [32mSUCCESS[0m
[robot_decision-1] [1746790773.933]: Subscribers               [32mSUCCESS[0m -> [36mIDLE[0m
[robot_decision-1] [1746790773.933]: Inverter                  [33mRUNNING[0m -> [31mFAILURE[0m
[robot_decision-1] [1746790773.933]: Inverter                  [31mFAILURE[0m -> [36mIDLE[0m
[robot_decision-1] [1746790774.434]: Inverter                  [36mIDLE[0m -> [33mRUNNING[0m
[robot_decision-1] [1746790774.434]: Subscribers               [36mIDLE[0m -> [33mRUNNING[0m
[robot_decision-1] [INFO] [1746790774.433890749] [robot_decision]: [IfHealthSub] health value: 500
[robot_decision-1] [INFO] [1746790774.434124942] [robot_decision]: [OurOutpostSub] our outpost health value: 0
[robot_decision-1] [INFO] [1746790774.434251997] [robot_decision]: [EnemyOutpostSub] enemy outpost health value: 1500
[robot_decision-1] [1746790774.434]: IfHealthSub               [36mIDLE[0m -> [32mSUCCESS[0m
[robot_decision-1] [1746790774.434]: OurOutpostSub             [36mIDLE[0m -> [32mSUCCESS[0m
[robot_decision-1] [1746790774.434]: EnemyOutpostSub           [36mIDLE[0m -> [32mSUCCESS[0m
[robot_decision-1] [1746790774.434]: IfHealthSub               [32mSUCCESS[0m -> [36mIDLE[0m
[robot_decision-1] [1746790774.434]: OurOutpostSub             [32mSUCCESS[0m -> [36mIDLE[0m
[robot_decision-1] [1746790774.434]: EnemyOutpostSub           [32mSUCCESS[0m -> [36mIDLE[0m
[robot_decision-1] [1746790774.434]: Subscribers               [33mRUNNING[0m -> [32mSUCCESS[0m
[robot_decision-1] [1746790774.434]: Subscribers               [32mSUCCESS[0m -> [36mIDLE[0m
[robot_decision-1] [1746790774.434]: Inverter                  [33mRUNNING[0m -> [31mFAILURE[0m
[robot_decision-1] [1746790774.434]: Inverter                  [31mFAILURE[0m -> [36mIDLE[0m
[robot_decision-1] [1746790774.935]: Inverter                  [36mIDLE[0m -> [33mRUNNING[0m
[robot_decision-1] [1746790774.935]: Subscribers               [36mIDLE[0m -> [33mRUNNING[0m
[robot_decision-1] [INFO] [1746790774.935227346] [robot_decision]: [IfHealthSub] health value: 500
[robot_decision-1] [INFO] [1746790774.935428715] [robot_decision]: [OurOutpostSub] our outpost health value: 0
[robot_decision-1] [1746790774.935]: IfHealthSub               [36mIDLE[0m -> [32mSUCCESS[0m
[robot_decision-1] [1746790774.935]: OurOutpostSub             [36mIDLE[0m -> [32mSUCCESS[0m
[robot_decision-1] [1746790774.936]: EnemyOutpostSub           [36mIDLE[0m -> [32mSUCCESS[0m
[robot_decision-1] [1746790774.936]: IfHealthSub               [32mSUCCESS[0m -> [36mIDLE[0m
[robot_decision-1] [1746790774.936]: OurOutpostSub             [32mSUCCESS[0m -> [36mIDLE[0m
[robot_decision-1] [1746790774.936]: EnemyOutpostSub           [32mSUCCESS[0m -> [36mIDLE[0m
[robot_decision-1] [1746790774.936]: Subscribers               [33mRUNNING[0m -> [32mSUCCESS[0m
[robot_decision-1] [1746790774.936]: Subscribers               [32mSUCCESS[0m -> [36mIDLE[0m
[robot_decision-1] [1746790774.936]: Inverter                  [33mRUNNING[0m -> [31mFAILURE[0m
[robot_decision-1] [1746790774.936]: NavigateToPose            [33mRUNNING[0m -> [31mFAILURE[0m
[robot_decision-1] [1746790774.936]: WaitNode                  [32mSUCCESS[0m -> [36mIDLE[0m
[robot_decision-1] [1746790774.936]: NavigateToPose            [31mFAILURE[0m -> [36mIDLE[0m
[robot_decision-1] [1746790774.936]: Sequence                  [33mRUNNING[0m -> [31mFAILURE[0m
[robot_decision-1] [1746790774.936]: Sequence                  [31mFAILURE[0m -> [36mIDLE[0m
[robot_decision-1] [1746790774.936]: Sequence                  [36mIDLE[0m -> [33mRUNNING[0m
[robot_decision-1] [1746790774.936]: WaitNode                  [36mIDLE[0m -> [33mRUNNING[0m
[robot_decision-1] [1746790774.936]: Inverter                  [31mFAILURE[0m -> [36mIDLE[0m
[robot_decision-1] [INFO] [1746790774.935516334] [robot_decision]: [EnemyOutpostSub] enemy outpost health value: 1500
[robot_decision-1] [WARN] [1746790774.935749294] [robot_decision]: NavigateToPose failure: SEND_GOAL_TIMEOUT
[robot_decision-1] [1746790775.436]: Inverter                  [36mIDLE[0m -> [33mRUNNING[0m
[robot_decision-1] [1746790775.436]: Subscribers               [36mIDLE[0m -> [33mRUNNING[0m
[robot_decision-1] [1746790775.437]: IfHealthSub               [36mIDLE[0m -> [32mSUCCESS[0m
[robot_decision-1] [1746790775.437]: OurOutpostSub             [36mIDLE[0m -> [32mSUCCESS[0m
[robot_decision-1] [1746790775.437]: EnemyOutpostSub           [36mIDLE[0m -> [32mSUCCESS[0m
[robot_decision-1] [1746790775.437]: IfHealthSub               [32mSUCCESS[0m -> [36mIDLE[0m
[robot_decision-1] [1746790775.437]: OurOutpostSub             [32mSUCCESS[0m -> [36mIDLE[0m
[robot_decision-1] [1746790775.437]: EnemyOutpostSub           [32mSUCCESS[0m -> [36mIDLE[0m
[robot_decision-1] [1746790775.437]: Subscribers               [33mRUNNING[0m -> [32mSUCCESS[0m
[robot_decision-1] [1746790775.437]: Subscribers               [32mSUCCESS[0m -> [36mIDLE[0m
[robot_decision-1] [1746790775.437]: Inverter                  [33mRUNNING[0m -> [31mFAILURE[0m
[robot_decision-1] [1746790775.437]: WaitNode                  [33mRUNNING[0m -> [32mSUCCESS[0m
[robot_decision-1] [1746790775.437]: NavigateToPose            [36mIDLE[0m -> [33mRUNNING[0m
[robot_decision-1] Point key: 2 x:2 y:0.7
[robot_decision-1] [1746790775.438]: Inverter                  [31mFAILURE[0m -> [36mIDLE[0m
[robot_decision-1] [INFO] [1746790775.436615639] [robot_decision]: [IfHealthSub] health value: 500
[robot_decision-1] [INFO] [1746790775.436770127] [robot_decision]: [OurOutpostSub] our outpost health value: 0
[robot_decision-1] [INFO] [1746790775.436841915] [robot_decision]: [EnemyOutpostSub] enemy outpost health value: 1500
[robot_decision-1] [1746790775.938]: Inverter                  [36mIDLE[0m -> [33mRUNNING[0m
[robot_decision-1] [1746790775.938]: Subscribers               [36mIDLE[0m -> [33mRUNNING[0m
[robot_decision-1] [INFO] [1746790775.938272102] [robot_decision]: [IfHealthSub] health value: 500
[robot_decision-1] [INFO] [1746790775.938503789] [robot_decision]: [OurOutpostSub] our outpost health value: 0
[robot_decision-1] [1746790775.938]: IfHealthSub               [36mIDLE[0m -> [32mSUCCESS[0m
[robot_decision-1] [1746790775.939]: OurOutpostSub             [36mIDLE[0m -> [32mSUCCESS[0m
[robot_decision-1] [1746790775.939]: EnemyOutpostSub           [36mIDLE[0m -> [32mSUCCESS[0m
[robot_decision-1] [1746790775.939]: IfHealthSub               [32mSUCCESS[0m -> [36mIDLE[0m
[robot_decision-1] [1746790775.939]: OurOutpostSub             [32mSUCCESS[0m -> [36mIDLE[0m
[robot_decision-1] [1746790775.939]: EnemyOutpostSub           [32mSUCCESS[0m -> [36mIDLE[0m
[robot_decision-1] [1746790775.939]: Subscribers               [33mRUNNING[0m -> [32mSUCCESS[0m
[robot_decision-1] [1746790775.939]: Subscribers               [32mSUCCESS[0m -> [36mIDLE[0m
[robot_decision-1] [1746790775.939]: Inverter                  [33mRUNNING[0m -> [31mFAILURE[0m
[robot_decision-1] [1746790775.939]: Inverter                  [31mFAILURE[0m -> [36mIDLE[0m
[robot_decision-1] [INFO] [1746790775.938620093] [robot_decision]: [EnemyOutpostSub] enemy outpost health value: 1500
[robot_decision-1] [1746790776.439]: Inverter                  [36mIDLE[0m -> [33mRUNNING[0m
[robot_decision-1] [1746790776.439]: Subscribers               [36mIDLE[0m -> [33mRUNNING[0m
[robot_decision-1] [INFO] [1746790776.439512827] [robot_decision]: [IfHealthSub] health value: 500
[robot_decision-1] [INFO] [1746790776.439685199] [robot_decision]: [OurOutpostSub] our outpost health value: 0
[robot_decision-1] [1746790776.440]: IfHealthSub               [36mIDLE[0m -> [32mSUCCESS[0m
[robot_decision-1] [1746790776.440]: OurOutpostSub             [36mIDLE[0m -> [32mSUCCESS[0m
[robot_decision-1] [1746790776.440]: EnemyOutpostSub           [36mIDLE[0m -> [32mSUCCESS[0m
[robot_decision-1] [1746790776.440]: IfHealthSub               [32mSUCCESS[0m -> [36mIDLE[0m
[robot_decision-1] [1746790776.440]: OurOutpostSub             [32mSUCCESS[0m -> [36mIDLE[0m
[robot_decision-1] [1746790776.440]: EnemyOutpostSub           [32mSUCCESS[0m -> [36mIDLE[0m
[robot_decision-1] [1746790776.440]: Subscribers               [33mRUNNING[0m -> [32mSUCCESS[0m
[robot_decision-1] [1746790776.440]: Subscribers               [32mSUCCESS[0m -> [36mIDLE[0m
[robot_decision-1] [1746790776.440]: Inverter                  [33mRUNNING[0m -> [31mFAILURE[0m
[robot_decision-1] [1746790776.440]: Inverter                  [31mFAILURE[0m -> [36mIDLE[0m
[robot_decision-1] [INFO] [1746790776.439762348] [robot_decision]: [EnemyOutpostSub] enemy outpost health value: 1500
[robot_decision-1] [1746790776.940]: Inverter                  [36mIDLE[0m -> [33mRUNNING[0m
[robot_decision-1] [1746790776.940]: Subscribers               [36mIDLE[0m -> [33mRUNNING[0m
[robot_decision-1] [1746790776.940]: IfHealthSub               [36mIDLE[0m -> [32mSUCCESS[0m
[robot_decision-1] [1746790776.941]: OurOutpostSub             [36mIDLE[0m -> [32mSUCCESS[0m
[robot_decision-1] [INFO] [1746790776.940380064] [robot_decision]: [IfHealthSub] health value: 500
[robot_decision-1] [INFO] [1746790776.940489676] [robot_decision]: [OurOutpostSub] our outpost health value: 0
[robot_decision-1] [INFO] [1746790776.940552407] [robot_decision]: [EnemyOutpostSub] enemy outpost health value: 1500
[robot_decision-1] [1746790776.941]: EnemyOutpostSub           [36mIDLE[0m -> [32mSUCCESS[0m
[robot_decision-1] [1746790776.941]: IfHealthSub               [32mSUCCESS[0m -> [36mIDLE[0m
[robot_decision-1] [1746790776.941]: OurOutpostSub             [32mSUCCESS[0m -> [36mIDLE[0m
[robot_decision-1] [1746790776.941]: EnemyOutpostSub           [32mSUCCESS[0m -> [36mIDLE[0m
[robot_decision-1] [1746790776.941]: Subscribers               [33mRUNNING[0m -> [32mSUCCESS[0m
[robot_decision-1] [1746790776.941]: Subscribers               [32mSUCCESS[0m -> [36mIDLE[0m
[robot_decision-1] [1746790776.941]: Inverter                  [33mRUNNING[0m -> [31mFAILURE[0m
[robot_decision-1] [1746790776.941]: Inverter                  [31mFAILURE[0m -> [36mIDLE[0m
[robot_decision-1] [1746790777.441]: Inverter                  [36mIDLE[0m -> [33mRUNNING[0m
[robot_decision-1] [1746790777.441]: Subscribers               [36mIDLE[0m -> [33mRUNNING[0m
[robot_decision-1] [INFO] [1746790777.441249431] [robot_decision]: [IfHealthSub] health value: 500
[robot_decision-1] [1746790777.441]: IfHealthSub               [36mIDLE[0m -> [32mSUCCESS[0m
[robot_decision-1] [1746790777.441]: OurOutpostSub             [36mIDLE[0m -> [32mSUCCESS[0m
[robot_decision-1] [1746790777.442]: EnemyOutpostSub           [36mIDLE[0m -> [32mSUCCESS[0m
[robot_decision-1] [1746790777.442]: IfHealthSub               [32mSUCCESS[0m -> [36mIDLE[0m
[robot_decision-1] [1746790777.442]: OurOutpostSub             [32mSUCCESS[0m -> [36mIDLE[0m
[robot_decision-1] [1746790777.442]: EnemyOutpostSub           [32mSUCCESS[0m -> [36mIDLE[0m
[robot_decision-1] [1746790777.442]: Subscribers               [33mRUNNING[0m -> [32mSUCCESS[0m
[robot_decision-1] [1746790777.442]: Subscribers               [32mSUCCESS[0m -> [36mIDLE[0m
[robot_decision-1] [1746790777.442]: Inverter                  [33mRUNNING[0m -> [31mFAILURE[0m
[robot_decision-1] [1746790777.442]: Inverter                  [31mFAILURE[0m -> [36mIDLE[0m
[robot_decision-1] [INFO] [1746790777.441458304] [robot_decision]: [OurOutpostSub] our outpost health value: 0
[robot_decision-1] [INFO] [1746790777.441553037] [robot_decision]: [EnemyOutpostSub] enemy outpost health value: 1500
[robot_decision-1] [1746790777.942]: Inverter                  [36mIDLE[0m -> [33mRUNNING[0m
[robot_decision-1] [1746790777.942]: Subscribers               [36mIDLE[0m -> [33mRUNNING[0m
[robot_decision-1] [1746790777.943]: IfHealthSub               [36mIDLE[0m -> [32mSUCCESS[0m
[robot_decision-1] [1746790777.943]: OurOutpostSub             [36mIDLE[0m -> [32mSUCCESS[0m
[robot_decision-1] [1746790777.943]: EnemyOutpostSub           [36mIDLE[0m -> [32mSUCCESS[0m
[robot_decision-1] [1746790777.943]: IfHealthSub               [32mSUCCESS[0m -> [36mIDLE[0m
[robot_decision-1] [1746790777.943]: OurOutpostSub             [32mSUCCESS[0m -> [36mIDLE[0m
[robot_decision-1] [1746790777.943]: EnemyOutpostSub           [32mSUCCESS[0m -> [36mIDLE[0m
[robot_decision-1] [1746790777.943]: Subscribers               [33mRUNNING[0m -> [32mSUCCESS[0m
[robot_decision-1] [1746790777.943]: Subscribers               [32mSUCCESS[0m -> [36mIDLE[0m
[robot_decision-1] [1746790777.943]: Inverter                  [33mRUNNING[0m -> [31mFAILURE[0m
[robot_decision-1] [1746790777.943]: Inverter                  [31mFAILURE[0m -> [36mIDLE[0m
[robot_decision-1] [INFO] [1746790777.942754508] [robot_decision]: [IfHealthSub] health value: 500
[robot_decision-1] [INFO] [1746790777.942970155] [robot_decision]: [OurOutpostSub] our outpost health value: 0
[robot_decision-1] [INFO] [1746790777.943051962] [robot_decision]: [EnemyOutpostSub] enemy outpost health value: 1500
[robot_decision-1] [1746790778.444]: Inverter                  [36mIDLE[0m -> [33mRUNNING[0m
[robot_decision-1] [1746790778.444]: Subscribers               [36mIDLE[0m -> [33mRUNNING[0m
[robot_decision-1] [INFO] [1746790778.443684831] [robot_decision]: [IfHealthSub] health value: 500
[robot_decision-1] [INFO] [1746790778.443820393] [robot_decision]: [OurOutpostSub] our outpost health value: 0
[robot_decision-1] [INFO] [1746790778.443899655] [robot_decision]: [EnemyOutpostSub] enemy outpost health value: 1500
[robot_decision-1] [1746790778.444]: IfHealthSub               [36mIDLE[0m -> [32mSUCCESS[0m
[robot_decision-1] [1746790778.444]: OurOutpostSub             [36mIDLE[0m -> [32mSUCCESS[0m
[robot_decision-1] [1746790778.444]: EnemyOutpostSub           [36mIDLE[0m -> [32mSUCCESS[0m
[robot_decision-1] [1746790778.444]: IfHealthSub               [32mSUCCESS[0m -> [36mIDLE[0m
[robot_decision-1] [1746790778.444]: OurOutpostSub             [32mSUCCESS[0m -> [36mIDLE[0m
[robot_decision-1] [1746790778.444]: EnemyOutpostSub           [32mSUCCESS[0m -> [36mIDLE[0m
[robot_decision-1] [1746790778.444]: Subscribers               [33mRUNNING[0m -> [32mSUCCESS[0m
[robot_decision-1] [1746790778.444]: Subscribers               [32mSUCCESS[0m -> [36mIDLE[0m
[robot_decision-1] [1746790778.444]: Inverter                  [33mRUNNING[0m -> [31mFAILURE[0m
[robot_decision-1] [1746790778.444]: Inverter                  [31mFAILURE[0m -> [36mIDLE[0m
[robot_decision-1] [1746790778.944]: Inverter                  [36mIDLE[0m -> [33mRUNNING[0m
[robot_decision-1] [1746790778.945]: Subscribers               [36mIDLE[0m -> [33mRUNNING[0m
[robot_decision-1] [INFO] [1746790778.944711834] [robot_decision]: [IfHealthSub] health value: 500
[robot_decision-1] [INFO] [1746790778.945409150] [robot_decision]: [OurOutpostSub] our outpost health value: 0
[robot_decision-1] [INFO] [1746790778.945517629] [robot_decision]: [EnemyOutpostSub] enemy outpost health value: 1500
[robot_decision-1] [1746790778.945]: IfHealthSub               [36mIDLE[0m -> [32mSUCCESS[0m
[robot_decision-1] [1746790778.945]: OurOutpostSub             [36mIDLE[0m -> [32mSUCCESS[0m
[robot_decision-1] [1746790778.946]: EnemyOutpostSub           [36mIDLE[0m -> [32mSUCCESS[0m
[robot_decision-1] [1746790778.946]: IfHealthSub               [32mSUCCESS[0m -> [36mIDLE[0m
[robot_decision-1] [1746790778.946]: OurOutpostSub             [32mSUCCESS[0m -> [36mIDLE[0m
[robot_decision-1] [1746790778.946]: EnemyOutpostSub           [32mSUCCESS[0m -> [36mIDLE[0m
[robot_decision-1] [1746790778.946]: Subscribers               [33mRUNNING[0m -> [32mSUCCESS[0m
[robot_decision-1] [1746790778.946]: Subscribers               [32mSUCCESS[0m -> [36mIDLE[0m
[robot_decision-1] [1746790778.946]: Inverter                  [33mRUNNING[0m -> [31mFAILURE[0m
[robot_decision-1] [1746790778.946]: Inverter                  [31mFAILURE[0m -> [36mIDLE[0m
[robot_decision-1] [1746790779.446]: Inverter                  [36mIDLE[0m -> [33mRUNNING[0m
[robot_decision-1] [1746790779.446]: Subscribers               [36mIDLE[0m -> [33mRUNNING[0m
[robot_decision-1] [INFO] [1746790779.446624581] [robot_decision]: [IfHealthSub] health value: 500
[robot_decision-1] [INFO] [1746790779.446969677] [robot_decision]: [OurOutpostSub] our outpost health value: 0
[robot_decision-1] [INFO] [1746790779.447128023] [robot_decision]: [EnemyOutpostSub] enemy outpost health value: 1500
[robot_decision-1] [1746790779.447]: IfHealthSub               [36mIDLE[0m -> [32mSUCCESS[0m
[robot_decision-1] [1746790779.447]: OurOutpostSub             [36mIDLE[0m -> [32mSUCCESS[0m
[robot_decision-1] [1746790779.447]: EnemyOutpostSub           [36mIDLE[0m -> [32mSUCCESS[0m
[robot_decision-1] [1746790779.447]: IfHealthSub               [32mSUCCESS[0m -> [36mIDLE[0m
[robot_decision-1] [1746790779.447]: OurOutpostSub             [32mSUCCESS[0m -> [36mIDLE[0m
[robot_decision-1] [1746790779.447]: EnemyOutpostSub           [32mSUCCESS[0m -> [36mIDLE[0m
[robot_decision-1] [1746790779.447]: Subscribers               [33mRUNNING[0m -> [32mSUCCESS[0m
[robot_decision-1] [1746790779.447]: Subscribers               [32mSUCCESS[0m -> [36mIDLE[0m
[robot_decision-1] [1746790779.447]: Inverter                  [33mRUNNING[0m -> [31mFAILURE[0m
[robot_decision-1] [1746790779.448]: Inverter                  [31mFAILURE[0m -> [36mIDLE[0m
[robot_decision-1] [1746790779.948]: Inverter                  [36mIDLE[0m -> [33mRUNNING[0m
[robot_decision-1] [1746790779.948]: Subscribers               [36mIDLE[0m -> [33mRUNNING[0m
[robot_decision-1] [1746790779.948]: IfHealthSub               [36mIDLE[0m -> [32mSUCCESS[0m
[robot_decision-1] [1746790779.948]: OurOutpostSub             [36mIDLE[0m -> [32mSUCCESS[0m
[robot_decision-1] [1746790779.948]: EnemyOutpostSub           [36mIDLE[0m -> [32mSUCCESS[0m
[robot_decision-1] [1746790779.948]: IfHealthSub               [32mSUCCESS[0m -> [36mIDLE[0m
[robot_decision-1] [1746790779.948]: OurOutpostSub             [32mSUCCESS[0m -> [36mIDLE[0m
[robot_decision-1] [1746790779.948]: EnemyOutpostSub           [32mSUCCESS[0m -> [36mIDLE[0m
[robot_decision-1] [1746790779.948]: Subscribers               [33mRUNNING[0m -> [32mSUCCESS[0m
[robot_decision-1] [1746790779.948]: Subscribers               [32mSUCCESS[0m -> [36mIDLE[0m
[robot_decision-1] [1746790779.949]: Inverter                  [33mRUNNING[0m -> [31mFAILURE[0m
[robot_decision-1] [1746790779.949]: Inverter                  [31mFAILURE[0m -> [36mIDLE[0m
[robot_decision-1] [INFO] [1746790779.948267581] [robot_decision]: [IfHealthSub] health value: 500
[robot_decision-1] [INFO] [1746790779.948376972] [robot_decision]: [OurOutpostSub] our outpost health value: 0
[robot_decision-1] [INFO] [1746790779.948444783] [robot_decision]: [EnemyOutpostSub] enemy outpost health value: 1500
[robot_decision-1] [1746790780.449]: Inverter                  [36mIDLE[0m -> [33mRUNNING[0m
[robot_decision-1] [1746790780.449]: Subscribers               [36mIDLE[0m -> [33mRUNNING[0m
[robot_decision-1] [INFO] [1746790780.449525703] [robot_decision]: [IfHealthSub] health value: 500
[robot_decision-1] [INFO] [1746790780.449647117] [robot_decision]: [OurOutpostSub] our outpost health value: 0
[robot_decision-1] [INFO] [1746790780.449707273] [robot_decision]: [EnemyOutpostSub] enemy outpost health value: 1500
[robot_decision-1] [1746790780.450]: IfHealthSub               [36mIDLE[0m -> [32mSUCCESS[0m
[robot_decision-1] [1746790780.450]: OurOutpostSub             [36mIDLE[0m -> [32mSUCCESS[0m
[robot_decision-1] [1746790780.450]: EnemyOutpostSub           [36mIDLE[0m -> [32mSUCCESS[0m
[robot_decision-1] [1746790780.450]: IfHealthSub               [32mSUCCESS[0m -> [36mIDLE[0m
[robot_decision-1] [1746790780.450]: OurOutpostSub             [32mSUCCESS[0m -> [36mIDLE[0m
[robot_decision-1] [1746790780.450]: EnemyOutpostSub           [32mSUCCESS[0m -> [36mIDLE[0m
[robot_decision-1] [1746790780.450]: Subscribers               [33mRUNNING[0m -> [32mSUCCESS[0m
[robot_decision-1] [1746790780.450]: Subscribers               [32mSUCCESS[0m -> [36mIDLE[0m
[robot_decision-1] [1746790780.450]: Inverter                  [33mRUNNING[0m -> [31mFAILURE[0m
[robot_decision-1] [1746790780.450]: Inverter                  [31mFAILURE[0m -> [36mIDLE[0m
[robot_decision-1] [1746790780.950]: Inverter                  [36mIDLE[0m -> [33mRUNNING[0m
[robot_decision-1] [1746790780.950]: Subscribers               [36mIDLE[0m -> [33mRUNNING[0m
[robot_decision-1] [INFO] [1746790780.950520962] [robot_decision]: [IfHealthSub] health value: 500
[robot_decision-1] [INFO] [1746790780.950715818] [robot_decision]: [OurOutpostSub] our outpost health value: 0
[robot_decision-1] [INFO] [1746790780.950818586] [robot_decision]: [EnemyOutpostSub] enemy outpost health value: 1500
[robot_decision-1] [1746790780.951]: IfHealthSub               [36mIDLE[0m -> [32mSUCCESS[0m
[robot_decision-1] [1746790780.951]: OurOutpostSub             [36mIDLE[0m -> [32mSUCCESS[0m
[robot_decision-1] [1746790780.951]: EnemyOutpostSub           [36mIDLE[0m -> [32mSUCCESS[0m
[robot_decision-1] [1746790780.951]: IfHealthSub               [32mSUCCESS[0m -> [36mIDLE[0m
[robot_decision-1] [1746790780.951]: OurOutpostSub             [32mSUCCESS[0m -> [36mIDLE[0m
[robot_decision-1] [1746790780.951]: EnemyOutpostSub           [32mSUCCESS[0m -> [36mIDLE[0m
[robot_decision-1] [1746790780.951]: Subscribers               [33mRUNNING[0m -> [32mSUCCESS[0m
[robot_decision-1] [1746790780.951]: Subscribers               [32mSUCCESS[0m -> [36mIDLE[0m
[robot_decision-1] [1746790780.951]: Inverter                  [33mRUNNING[0m -> [31mFAILURE[0m
[robot_decision-1] [1746790780.951]: Inverter                  [31mFAILURE[0m -> [36mIDLE[0m
[robot_decision-1] [1746790781.452]: Inverter                  [36mIDLE[0m -> [33mRUNNING[0m
[robot_decision-1] [1746790781.452]: Subscribers               [36mIDLE[0m -> [33mRUNNING[0m
[robot_decision-1] [INFO] [1746790781.451854668] [robot_decision]: [IfHealthSub] health value: 500
[robot_decision-1] [INFO] [1746790781.452040236] [robot_decision]: [OurOutpostSub] our outpost health value: 0
[robot_decision-1] [INFO] [1746790781.452167863] [robot_decision]: [EnemyOutpostSub] enemy outpost health value: 1500
[robot_decision-1] [1746790781.452]: IfHealthSub               [36mIDLE[0m -> [32mSUCCESS[0m
[robot_decision-1] [1746790781.452]: OurOutpostSub             [36mIDLE[0m -> [32mSUCCESS[0m
[robot_decision-1] [1746790781.452]: EnemyOutpostSub           [36mIDLE[0m -> [32mSUCCESS[0m
[robot_decision-1] [1746790781.452]: IfHealthSub               [32mSUCCESS[0m -> [36mIDLE[0m
[robot_decision-1] [1746790781.452]: OurOutpostSub             [32mSUCCESS[0m -> [36mIDLE[0m
[robot_decision-1] [1746790781.452]: EnemyOutpostSub           [32mSUCCESS[0m -> [36mIDLE[0m
[robot_decision-1] [1746790781.452]: Subscribers               [33mRUNNING[0m -> [32mSUCCESS[0m
[robot_decision-1] [1746790781.452]: Subscribers               [32mSUCCESS[0m -> [36mIDLE[0m
[robot_decision-1] [1746790781.452]: Inverter                  [33mRUNNING[0m -> [31mFAILURE[0m
[robot_decision-1] [1746790781.452]: Inverter                  [31mFAILURE[0m -> [36mIDLE[0m
[robot_decision-1] [1746790781.953]: Inverter                  [36mIDLE[0m -> [33mRUNNING[0m
[robot_decision-1] [1746790781.953]: Subscribers               [36mIDLE[0m -> [33mRUNNING[0m
[robot_decision-1] [INFO] [1746790781.952915883] [robot_decision]: [IfHealthSub] health value: 500
[robot_decision-1] [INFO] [1746790781.953067636] [robot_decision]: [OurOutpostSub] our outpost health value: 0
[robot_decision-1] [INFO] [1746790781.953181246] [robot_decision]: [EnemyOutpostSub] enemy outpost health value: 1500
[robot_decision-1] [1746790781.953]: IfHealthSub               [36mIDLE[0m -> [32mSUCCESS[0m
[robot_decision-1] [1746790781.953]: OurOutpostSub             [36mIDLE[0m -> [32mSUCCESS[0m
[robot_decision-1] [1746790781.953]: EnemyOutpostSub           [36mIDLE[0m -> [32mSUCCESS[0m
[robot_decision-1] [1746790781.953]: IfHealthSub               [32mSUCCESS[0m -> [36mIDLE[0m
[robot_decision-1] [1746790781.953]: OurOutpostSub             [32mSUCCESS[0m -> [36mIDLE[0m
[robot_decision-1] [1746790781.953]: EnemyOutpostSub           [32mSUCCESS[0m -> [36mIDLE[0m
[robot_decision-1] [1746790781.953]: Subscribers               [33mRUNNING[0m -> [32mSUCCESS[0m
[robot_decision-1] [1746790781.953]: Subscribers               [32mSUCCESS[0m -> [36mIDLE[0m
[robot_decision-1] [1746790781.953]: Inverter                  [33mRUNNING[0m -> [31mFAILURE[0m
[robot_decision-1] [1746790781.953]: Inverter                  [31mFAILURE[0m -> [36mIDLE[0m
[robot_decision-1] [1746790782.454]: Inverter                  [36mIDLE[0m -> [33mRUNNING[0m
[robot_decision-1] [1746790782.454]: Subscribers               [36mIDLE[0m -> [33mRUNNING[0m
[robot_decision-1] [INFO] [1746790782.454749854] [robot_decision]: [IfHealthSub] health value: 500
[robot_decision-1] [INFO] [1746790782.455168201] [robot_decision]: [OurOutpostSub] our outpost health value: 0
[robot_decision-1] [INFO] [1746790782.455341475] [robot_decision]: [EnemyOutpostSub] enemy outpost health value: 1500
[robot_decision-1] [1746790782.455]: IfHealthSub               [36mIDLE[0m -> [32mSUCCESS[0m
[robot_decision-1] [1746790782.455]: OurOutpostSub             [36mIDLE[0m -> [32mSUCCESS[0m
[robot_decision-1] [1746790782.455]: EnemyOutpostSub           [36mIDLE[0m -> [32mSUCCESS[0m
[robot_decision-1] [1746790782.455]: IfHealthSub               [32mSUCCESS[0m -> [36mIDLE[0m
[robot_decision-1] [1746790782.455]: OurOutpostSub             [32mSUCCESS[0m -> [36mIDLE[0m
[robot_decision-1] [1746790782.455]: EnemyOutpostSub           [32mSUCCESS[0m -> [36mIDLE[0m
[robot_decision-1] [1746790782.455]: Subscribers               [33mRUNNING[0m -> [32mSUCCESS[0m
[robot_decision-1] [1746790782.455]: Subscribers               [32mSUCCESS[0m -> [36mIDLE[0m
[robot_decision-1] [1746790782.455]: Inverter                  [33mRUNNING[0m -> [31mFAILURE[0m
[robot_decision-1] [1746790782.456]: Inverter                  [31mFAILURE[0m -> [36mIDLE[0m
[robot_decision-1] [1746790782.957]: Inverter                  [36mIDLE[0m -> [33mRUNNING[0m
[robot_decision-1] [1746790782.957]: Subscribers               [36mIDLE[0m -> [33mRUNNING[0m
[robot_decision-1] [1746790782.958]: IfHealthSub               [36mIDLE[0m -> [32mSUCCESS[0m
[robot_decision-1] [1746790782.958]: OurOutpostSub             [36mIDLE[0m -> [32mSUCCESS[0m
[robot_decision-1] [1746790782.958]: EnemyOutpostSub           [36mIDLE[0m -> [32mSUCCESS[0m
[robot_decision-1] [1746790782.958]: IfHealthSub               [32mSUCCESS[0m -> [36mIDLE[0m
[robot_decision-1] [1746790782.958]: OurOutpostSub             [32mSUCCESS[0m -> [36mIDLE[0m
[robot_decision-1] [1746790782.958]: EnemyOutpostSub           [32mSUCCESS[0m -> [36mIDLE[0m
[robot_decision-1] [1746790782.958]: Subscribers               [33mRUNNING[0m -> [32mSUCCESS[0m
[robot_decision-1] [1746790782.958]: Subscribers               [32mSUCCESS[0m -> [36mIDLE[0m
[robot_decision-1] [1746790782.958]: Inverter                  [33mRUNNING[0m -> [31mFAILURE[0m
[robot_decision-1] [INFO] [1746790782.957912322] [robot_decision]: [IfHealthSub] health value: 500
[robot_decision-1] [INFO] [1746790782.958209325] [robot_decision]: [OurOutpostSub] our outpost health value: 0
[robot_decision-1] [INFO] [1746790782.958352662] [robot_decision]: [EnemyOutpostSub] enemy outpost health value: 1500
[robot_decision-1] [1746790782.959]: Inverter                  [31mFAILURE[0m -> [36mIDLE[0m
[robot_decision-1] [1746790783.462]: Inverter                  [36mIDLE[0m -> [33mRUNNING[0m
[robot_decision-1] [1746790783.462]: Subscribers               [36mIDLE[0m -> [33mRUNNING[0m
[robot_decision-1] [INFO] [1746790783.462669692] [robot_decision]: [IfHealthSub] health value: 500
[robot_decision-1] [INFO] [1746790783.462942990] [robot_decision]: [OurOutpostSub] our outpost health value: 0
[robot_decision-1] [INFO] [1746790783.463048112] [robot_decision]: [EnemyOutpostSub] enemy outpost health value: 1500
[robot_decision-1] [1746790783.463]: IfHealthSub               [36mIDLE[0m -> [32mSUCCESS[0m
[robot_decision-1] [1746790783.463]: OurOutpostSub             [36mIDLE[0m -> [32mSUCCESS[0m
[robot_decision-1] [1746790783.463]: EnemyOutpostSub           [36mIDLE[0m -> [32mSUCCESS[0m
[robot_decision-1] [1746790783.463]: IfHealthSub               [32mSUCCESS[0m -> [36mIDLE[0m
[robot_decision-1] [1746790783.463]: OurOutpostSub             [32mSUCCESS[0m -> [36mIDLE[0m
[robot_decision-1] [1746790783.463]: EnemyOutpostSub           [32mSUCCESS[0m -> [36mIDLE[0m
[robot_decision-1] [1746790783.463]: Subscribers               [33mRUNNING[0m -> [32mSUCCESS[0m
[robot_decision-1] [1746790783.463]: Subscribers               [32mSUCCESS[0m -> [36mIDLE[0m
[robot_decision-1] [1746790783.463]: Inverter                  [33mRUNNING[0m -> [31mFAILURE[0m
[robot_decision-1] [1746790783.463]: Inverter                  [31mFAILURE[0m -> [36mIDLE[0m
[robot_decision-1] [1746790783.964]: Inverter                  [36mIDLE[0m -> [33mRUNNING[0m
[robot_decision-1] [1746790783.964]: Subscribers               [36mIDLE[0m -> [33mRUNNING[0m
[robot_decision-1] [1746790783.964]: IfHealthSub               [36mIDLE[0m -> [32mSUCCESS[0m
[robot_decision-1] [INFO] [1746790783.963855948] [robot_decision]: [IfHealthSub] health value: 500
[robot_decision-1] [INFO] [1746790783.963977652] [robot_decision]: [OurOutpostSub] our outpost health value: 0
[robot_decision-1] [INFO] [1746790783.964046165] [robot_decision]: [EnemyOutpostSub] enemy outpost health value: 1500
[robot_decision-1] [1746790783.964]: OurOutpostSub             [36mIDLE[0m -> [32mSUCCESS[0m
[robot_decision-1] [1746790783.964]: EnemyOutpostSub           [36mIDLE[0m -> [32mSUCCESS[0m
[robot_decision-1] [1746790783.964]: IfHealthSub               [32mSUCCESS[0m -> [36mIDLE[0m
[robot_decision-1] [1746790783.964]: OurOutpostSub             [32mSUCCESS[0m -> [36mIDLE[0m
[robot_decision-1] [1746790783.964]: EnemyOutpostSub           [32mSUCCESS[0m -> [36mIDLE[0m
[robot_decision-1] [1746790783.964]: Subscribers               [33mRUNNING[0m -> [32mSUCCESS[0m
[robot_decision-1] [1746790783.964]: Subscribers               [32mSUCCESS[0m -> [36mIDLE[0m
[robot_decision-1] [1746790783.964]: Inverter                  [33mRUNNING[0m -> [31mFAILURE[0m
[robot_decision-1] [1746790783.964]: Inverter                  [31mFAILURE[0m -> [36mIDLE[0m
[robot_decision-1] [1746790784.464]: Inverter                  [36mIDLE[0m -> [33mRUNNING[0m
[robot_decision-1] [1746790784.465]: Subscribers               [36mIDLE[0m -> [33mRUNNING[0m
[robot_decision-1] [1746790784.465]: IfHealthSub               [36mIDLE[0m -> [32mSUCCESS[0m
[robot_decision-1] [1746790784.465]: OurOutpostSub             [36mIDLE[0m -> [32mSUCCESS[0m
[robot_decision-1] [1746790784.465]: EnemyOutpostSub           [36mIDLE[0m -> [32mSUCCESS[0m
[robot_decision-1] [1746790784.465]: IfHealthSub               [32mSUCCESS[0m -> [36mIDLE[0m
[robot_decision-1] [1746790784.465]: OurOutpostSub             [32mSUCCESS[0m -> [36mIDLE[0m
[robot_decision-1] [1746790784.465]: EnemyOutpostSub           [32mSUCCESS[0m -> [36mIDLE[0m
[robot_decision-1] [1746790784.465]: Subscribers               [33mRUNNING[0m -> [32mSUCCESS[0m
[robot_decision-1] [1746790784.465]: Subscribers               [32mSUCCESS[0m -> [36mIDLE[0m
[robot_decision-1] [1746790784.465]: Inverter                  [33mRUNNING[0m -> [31mFAILURE[0m
[robot_decision-1] onResultReceived: 4
[robot_decision-1] [1746790784.465]: NavigateToPose            [33mRUNNING[0m -> [32mSUCCESS[0m
[robot_decision-1] [1746790784.465]: RetryUntilSuccessful      [36mIDLE[0m -> [33mRUNNING[0m
[robot_decision-1] [1746790784.465]: Sequence                  [36mIDLE[0m -> [33mRUNNING[0m
[robot_decision-1] [1746790784.466]: WaitNode                  [36mIDLE[0m -> [33mRUNNING[0m
[robot_decision-1] [1746790784.466]: Inverter                  [31mFAILURE[0m -> [36mIDLE[0m
[robot_decision-1] [1746790784.466]: Inverter                  [36mIDLE[0m -> [33mRUNNING[0m
[robot_decision-1] [1746790784.466]: Subscribers               [36mIDLE[0m -> [33mRUNNING[0m
[robot_decision-1] [1746790784.466]: IfHealthSub               [36mIDLE[0m -> [31mFAILURE[0m
[robot_decision-1] [1746790784.466]: IfHealthSub               [31mFAILURE[0m -> [36mIDLE[0m
[robot_decision-1] [1746790784.466]: Subscribers               [33mRUNNING[0m -> [31mFAILURE[0m
[robot_decision-1] [1746790784.466]: Subscribers               [31mFAILURE[0m -> [36mIDLE[0m
[robot_decision-1] [1746790784.466]: Inverter                  [33mRUNNING[0m -> [32mSUCCESS[0m
[robot_decision-1] [1746790784.466]: Inverter                  [32mSUCCESS[0m -> [36mIDLE[0m
[robot_decision-1] [1746790784.466]: CheckIfHealth             [32mSUCCESS[0m -> [36mIDLE[0m
[robot_decision-1] [1746790784.466]: WaitNode                  [32mSUCCESS[0m -> [36mIDLE[0m
[robot_decision-1] [1746790784.466]: NavigateToPose            [32mSUCCESS[0m -> [36mIDLE[0m
[robot_decision-1] [Wait] Halted before completion
[robot_decision-1] [1746790784.466]: WaitNode                  [33mRUNNING[0m -> [36mIDLE[0m
[robot_decision-1] [1746790784.466]: Sequence                  [33mRUNNING[0m -> [36mIDLE[0m
[robot_decision-1] [1746790784.466]: RetryUntilSuccessful      [33mRUNNING[0m -> [36mIDLE[0m
[robot_decision-1] [1746790784.466]: Sequence                  [33mRUNNING[0m -> [36mIDLE[0m
[robot_decision-1] [1746790784.466]: RetryUntilSuccessful      [33mRUNNING[0m -> [36mIDLE[0m
[robot_decision-1] [1746790784.466]: HealthCheck               [33mRUNNING[0m -> [36mIDLE[0m
[robot_decision-1] [1746790784.466]: ActionSequence            [33mRUNNING[0m -> [32mSUCCESS[0m
[robot_decision-1] [1746790784.466]: ActionSequence            [32mSUCCESS[0m -> [36mIDLE[0m
[robot_decision-1] [INFO] [1746790784.464829464] [robot_decision]: [IfHealthSub] health value: 500
[robot_decision-1] [INFO] [1746790784.465043618] [robot_decision]: [OurOutpostSub] our outpost health value: 0
[robot_decision-1] [INFO] [1746790784.465145795] [robot_decision]: [EnemyOutpostSub] enemy outpost health value: 1500
[robot_decision-1] [INFO] [1746790784.465425645] [robot_decision]: Navigation Success!
[robot_decision-1] [ERROR] [1746790784.465553411] [robot_decision]: [IfHealthSub] invalid message
[robot_decision-1] [1746790784.966]: ActionSequence            [36mIDLE[0m -> [33mRUNNING[0m
[robot_decision-1] [1746790784.966]: Inverter                  [36mIDLE[0m -> [33mRUNNING[0m
[robot_decision-1] [1746790784.966]: Subscribers               [36mIDLE[0m -> [33mRUNNING[0m
[robot_decision-1] [INFO] [1746790784.966188391] [robot_decision]: [IfHealthSub] health value: 500
[robot_decision-1] [INFO] [1746790784.966405741] [robot_decision]: [OurOutpostSub] our outpost health value: 0
[robot_decision-1] [1746790784.966]: IfHealthSub               [36mIDLE[0m -> [32mSUCCESS[0m
[robot_decision-1] [1746790784.966]: OurOutpostSub             [36mIDLE[0m -> [32mSUCCESS[0m
[robot_decision-1] [1746790784.967]: EnemyOutpostSub           [36mIDLE[0m -> [32mSUCCESS[0m
[robot_decision-1] [1746790784.967]: IfHealthSub               [32mSUCCESS[0m -> [36mIDLE[0m
[robot_decision-1] [1746790784.967]: OurOutpostSub             [32mSUCCESS[0m -> [36mIDLE[0m
[robot_decision-1] [1746790784.967]: EnemyOutpostSub           [32mSUCCESS[0m -> [36mIDLE[0m
[robot_decision-1] [1746790784.967]: Subscribers               [33mRUNNING[0m -> [32mSUCCESS[0m
[robot_decision-1] [1746790784.967]: Subscribers               [32mSUCCESS[0m -> [36mIDLE[0m
[robot_decision-1] [1746790784.967]: Inverter                  [33mRUNNING[0m -> [31mFAILURE[0m
[robot_decision-1] [1746790784.967]: HealthCheck               [36mIDLE[0m -> [33mRUNNING[0m
[robot_decision-1] [1746790784.967]: CheckIfHealth             [36mIDLE[0m -> [31mFAILURE[0m
[robot_decision-1] [1746790784.967]: CheckIfHealth             [31mFAILURE[0m -> [36mIDLE[0m
[robot_decision-1] [1746790784.967]: HealthCheck               [33mRUNNING[0m -> [31mFAILURE[0m
[robot_decision-1] [1746790784.967]: BaseStatusLogic           [36mIDLE[0m -> [33mRUNNING[0m
[robot_decision-1] [1746790784.967]: OurOutpostDead            [36mIDLE[0m -> [33mRUNNING[0m
[robot_decision-1] [1746790784.967]: CheckIfHealth             [36mIDLE[0m -> [32mSUCCESS[0m
[robot_decision-1] [1746790784.967]: IsOurOutpostDead          [36mIDLE[0m -> [32mSUCCESS[0m
[robot_decision-1] [1746790784.967]: RetryUntilSuccessful      [36mIDLE[0m -> [33mRUNNING[0m
[robot_decision-1] [1746790784.967]: Sequence                  [36mIDLE[0m -> [33mRUNNING[0m
[robot_decision-1] [1746790784.967]: WaitNode                  [36mIDLE[0m -> [33mRUNNING[0m
[robot_decision-1] [1746790784.967]: Inverter                  [31mFAILURE[0m -> [36mIDLE[0m
[robot_decision-1] [1746790784.967]: HealthCheck               [31mFAILURE[0m -> [36mIDLE[0m
[robot_decision-1] [INFO] [1746790784.966522456] [robot_decision]: [EnemyOutpostSub] enemy outpost health value: 1500
[robot_decision-1] [INFO] [1746790784.966688165] [IfHealth]: [CheckIfHealth] amount of blood: 500
[robot_decision-1] [INFO] [1746790784.966723934] [CheckOutposet]: [IsOurOutpostDead] Our outpost health: 0 (dead/critical)
[robot_decision-1] [1746790785.467]: Inverter                  [36mIDLE[0m -> [33mRUNNING[0m
[robot_decision-1] [1746790785.467]: Subscribers               [36mIDLE[0m -> [33mRUNNING[0m
[robot_decision-1] [INFO] [1746790785.467129594] [robot_decision]: [IfHealthSub] health value: 500
[robot_decision-1] [INFO] [1746790785.467372042] [robot_decision]: [OurOutpostSub] our outpost health value: 0
[robot_decision-1] [INFO] [1746790785.467458639] [robot_decision]: [EnemyOutpostSub] enemy outpost health value: 1500
[robot_decision-1] [1746790785.467]: IfHealthSub               [36mIDLE[0m -> [32mSUCCESS[0m
[robot_decision-1] [1746790785.467]: OurOutpostSub             [36mIDLE[0m -> [32mSUCCESS[0m
[robot_decision-1] [1746790785.467]: EnemyOutpostSub           [36mIDLE[0m -> [32mSUCCESS[0m
[robot_decision-1] [1746790785.467]: IfHealthSub               [32mSUCCESS[0m -> [36mIDLE[0m
[robot_decision-1] [1746790785.467]: OurOutpostSub             [32mSUCCESS[0m -> [36mIDLE[0m
[robot_decision-1] [1746790785.467]: EnemyOutpostSub           [32mSUCCESS[0m -> [36mIDLE[0m
[robot_decision-1] [1746790785.467]: Subscribers               [33mRUNNING[0m -> [32mSUCCESS[0m
[robot_decision-1] [1746790785.468]: Subscribers               [32mSUCCESS[0m -> [36mIDLE[0m
[robot_decision-1] [1746790785.468]: Inverter                  [33mRUNNING[0m -> [31mFAILURE[0m
[robot_decision-1] [1746790785.468]: HealthCheck               [36mIDLE[0m -> [33mRUNNING[0m
[robot_decision-1] [1746790785.468]: CheckIfHealth             [36mIDLE[0m -> [31mFAILURE[0m
[robot_decision-1] [1746790785.468]: CheckIfHealth             [31mFAILURE[0m -> [36mIDLE[0m
[robot_decision-1] [1746790785.468]: HealthCheck               [33mRUNNING[0m -> [31mFAILURE[0m
[robot_decision-1] [1746790785.468]: WaitNode                  [33mRUNNING[0m -> [32mSUCCESS[0m
[robot_decision-1] [1746790785.468]: NavigateToPose            [36mIDLE[0m -> [33mRUNNING[0m
[robot_decision-1] Point key: 3 x:0 y:0.3
[robot_decision-1] [1746790785.468]: Inverter                  [31mFAILURE[0m -> [36mIDLE[0m
[robot_decision-1] [1746790785.468]: HealthCheck               [31mFAILURE[0m -> [36mIDLE[0m
[robot_decision-1] [1746790785.968]: Inverter                  [36mIDLE[0m -> [33mRUNNING[0m
[robot_decision-1] [1746790785.968]: Subscribers               [36mIDLE[0m -> [33mRUNNING[0m
[robot_decision-1] [1746790785.969]: IfHealthSub               [36mIDLE[0m -> [32mSUCCESS[0m
[robot_decision-1] [1746790785.969]: OurOutpostSub             [36mIDLE[0m -> [32mSUCCESS[0m
[robot_decision-1] [INFO] [1746790785.968576429] [robot_decision]: [IfHealthSub] health value: 500
[robot_decision-1] [INFO] [1746790785.968790362] [robot_decision]: [OurOutpostSub] our outpost health value: 0
[robot_decision-1] [INFO] [1746790785.968854276] [robot_decision]: [EnemyOutpostSub] enemy outpost health value: 1500
[robot_decision-1] [1746790785.969]: EnemyOutpostSub           [36mIDLE[0m -> [32mSUCCESS[0m
[robot_decision-1] [1746790785.969]: IfHealthSub               [32mSUCCESS[0m -> [36mIDLE[0m
[robot_decision-1] [1746790785.969]: OurOutpostSub             [32mSUCCESS[0m -> [36mIDLE[0m
[robot_decision-1] [1746790785.969]: EnemyOutpostSub           [32mSUCCESS[0m -> [36mIDLE[0m
[robot_decision-1] [1746790785.969]: Subscribers               [33mRUNNING[0m -> [32mSUCCESS[0m
[robot_decision-1] [1746790785.969]: Subscribers               [32mSUCCESS[0m -> [36mIDLE[0m
[robot_decision-1] [1746790785.969]: Inverter                  [33mRUNNING[0m -> [31mFAILURE[0m
[robot_decision-1] [1746790785.969]: HealthCheck               [36mIDLE[0m -> [33mRUNNING[0m
[robot_decision-1] [1746790785.969]: CheckIfHealth             [36mIDLE[0m -> [31mFAILURE[0m
[robot_decision-1] [1746790785.969]: CheckIfHealth             [31mFAILURE[0m -> [36mIDLE[0m
[robot_decision-1] [1746790785.969]: HealthCheck               [33mRUNNING[0m -> [31mFAILURE[0m
[robot_decision-1] [1746790785.969]: Inverter                  [31mFAILURE[0m -> [36mIDLE[0m
[robot_decision-1] [1746790785.969]: HealthCheck               [31mFAILURE[0m -> [36mIDLE[0m
[robot_decision-1] [1746790786.469]: Inverter                  [36mIDLE[0m -> [33mRUNNING[0m
[robot_decision-1] [1746790786.469]: Subscribers               [36mIDLE[0m -> [33mRUNNING[0m
[robot_decision-1] [INFO] [1746790786.470006295] [robot_decision]: [IfHealthSub] health value: 500
[robot_decision-1] [INFO] [1746790786.470899468] [robot_decision]: [OurOutpostSub] our outpost health value: 0
[robot_decision-1] [1746790786.470]: IfHealthSub               [36mIDLE[0m -> [32mSUCCESS[0m
[robot_decision-1] [1746790786.471]: OurOutpostSub             [36mIDLE[0m -> [32mSUCCESS[0m
[robot_decision-1] [INFO] [1746790786.471443337] [robot_decision]: [EnemyOutpostSub] enemy outpost health value: 1500
[robot_decision-1] [1746790786.472]: EnemyOutpostSub           [36mIDLE[0m -> [32mSUCCESS[0m
[robot_decision-1] [1746790786.472]: IfHealthSub               [32mSUCCESS[0m -> [36mIDLE[0m
[robot_decision-1] [1746790786.472]: OurOutpostSub             [32mSUCCESS[0m -> [36mIDLE[0m
[robot_decision-1] [1746790786.472]: EnemyOutpostSub           [32mSUCCESS[0m -> [36mIDLE[0m
[robot_decision-1] [1746790786.472]: Subscribers               [33mRUNNING[0m -> [32mSUCCESS[0m
[robot_decision-1] [1746790786.472]: Subscribers               [32mSUCCESS[0m -> [36mIDLE[0m
[robot_decision-1] [1746790786.472]: Inverter                  [33mRUNNING[0m -> [31mFAILURE[0m
[robot_decision-1] [1746790786.472]: HealthCheck               [36mIDLE[0m -> [33mRUNNING[0m
[robot_decision-1] [1746790786.472]: CheckIfHealth             [36mIDLE[0m -> [31mFAILURE[0m
[robot_decision-1] [1746790786.472]: CheckIfHealth             [31mFAILURE[0m -> [36mIDLE[0m
[robot_decision-1] [1746790786.472]: HealthCheck               [33mRUNNING[0m -> [31mFAILURE[0m
[robot_decision-1] [1746790786.473]: Inverter                  [31mFAILURE[0m -> [36mIDLE[0m
[robot_decision-1] [1746790786.473]: HealthCheck               [31mFAILURE[0m -> [36mIDLE[0m
[robot_decision-1] [1746790786.973]: Inverter                  [36mIDLE[0m -> [33mRUNNING[0m
[robot_decision-1] [1746790786.973]: Subscribers               [36mIDLE[0m -> [33mRUNNING[0m
[robot_decision-1] [1746790786.974]: IfHealthSub               [36mIDLE[0m -> [32mSUCCESS[0m
[robot_decision-1] [1746790786.974]: OurOutpostSub             [36mIDLE[0m -> [32mSUCCESS[0m
[robot_decision-1] [1746790786.974]: EnemyOutpostSub           [36mIDLE[0m -> [32mSUCCESS[0m
[robot_decision-1] [1746790786.974]: IfHealthSub               [32mSUCCESS[0m -> [36mIDLE[0m
[robot_decision-1] [1746790786.974]: OurOutpostSub             [32mSUCCESS[0m -> [36mIDLE[0m
[robot_decision-1] [1746790786.974]: EnemyOutpostSub           [32mSUCCESS[0m -> [36mIDLE[0m
[robot_decision-1] [1746790786.974]: Subscribers               [33mRUNNING[0m -> [32mSUCCESS[0m
[robot_decision-1] [1746790786.974]: Subscribers               [32mSUCCESS[0m -> [36mIDLE[0m
[robot_decision-1] [1746790786.974]: Inverter                  [33mRUNNING[0m -> [31mFAILURE[0m
[robot_decision-1] [1746790786.974]: HealthCheck               [36mIDLE[0m -> [33mRUNNING[0m
[robot_decision-1] [1746790786.974]: CheckIfHealth             [36mIDLE[0m -> [31mFAILURE[0m
[robot_decision-1] [1746790786.974]: CheckIfHealth             [31mFAILURE[0m -> [36mIDLE[0m
[robot_decision-1] [1746790786.974]: HealthCheck               [33mRUNNING[0m -> [31mFAILURE[0m
[robot_decision-1] [1746790786.974]: Inverter                  [31mFAILURE[0m -> [36mIDLE[0m
[robot_decision-1] [1746790786.974]: HealthCheck               [31mFAILURE[0m -> [36mIDLE[0m
[robot_decision-1] [INFO] [1746790786.973818252] [robot_decision]: [IfHealthSub] health value: 500
[robot_decision-1] [INFO] [1746790786.974034740] [robot_decision]: [OurOutpostSub] our outpost health value: 0
[robot_decision-1] [INFO] [1746790786.974163719] [robot_decision]: [EnemyOutpostSub] enemy outpost health value: 1500
[robot_decision-1] [1746790787.475]: Inverter                  [36mIDLE[0m -> [33mRUNNING[0m
[robot_decision-1] [1746790787.475]: Subscribers               [36mIDLE[0m -> [33mRUNNING[0m
[robot_decision-1] [INFO] [1746790787.478462788] [robot_decision]: [IfHealthSub] health value: 500
[robot_decision-1] [INFO] [1746790787.478668144] [robot_decision]: [OurOutpostSub] our outpost health value: 0
[robot_decision-1] [INFO] [1746790787.478730304] [robot_decision]: [EnemyOutpostSub] enemy outpost health value: 1500
[robot_decision-1] [1746790787.479]: IfHealthSub               [36mIDLE[0m -> [32mSUCCESS[0m
[robot_decision-1] [1746790787.479]: OurOutpostSub             [36mIDLE[0m -> [32mSUCCESS[0m
[robot_decision-1] [1746790787.479]: EnemyOutpostSub           [36mIDLE[0m -> [32mSUCCESS[0m
[robot_decision-1] [1746790787.479]: IfHealthSub               [32mSUCCESS[0m -> [36mIDLE[0m
[robot_decision-1] [1746790787.479]: OurOutpostSub             [32mSUCCESS[0m -> [36mIDLE[0m
[robot_decision-1] [1746790787.479]: EnemyOutpostSub           [32mSUCCESS[0m -> [36mIDLE[0m
[robot_decision-1] [1746790787.479]: Subscribers               [33mRUNNING[0m -> [32mSUCCESS[0m
[robot_decision-1] [1746790787.479]: Subscribers               [32mSUCCESS[0m -> [36mIDLE[0m
[robot_decision-1] [1746790787.479]: Inverter                  [33mRUNNING[0m -> [31mFAILURE[0m
[robot_decision-1] [1746790787.479]: HealthCheck               [36mIDLE[0m -> [33mRUNNING[0m
[robot_decision-1] [1746790787.479]: CheckIfHealth             [36mIDLE[0m -> [31mFAILURE[0m
[robot_decision-1] [1746790787.479]: CheckIfHealth             [31mFAILURE[0m -> [36mIDLE[0m
[robot_decision-1] [1746790787.479]: HealthCheck               [33mRUNNING[0m -> [31mFAILURE[0m
[robot_decision-1] [1746790787.479]: Inverter                  [31mFAILURE[0m -> [36mIDLE[0m
[robot_decision-1] [1746790787.479]: HealthCheck               [31mFAILURE[0m -> [36mIDLE[0m
[robot_decision-1] [1746790787.979]: Inverter                  [36mIDLE[0m -> [33mRUNNING[0m
[robot_decision-1] [1746790787.979]: Subscribers               [36mIDLE[0m -> [33mRUNNING[0m
[robot_decision-1] [INFO] [1746790787.979491966] [robot_decision]: [IfHealthSub] health value: 500
[robot_decision-1] [INFO] [1746790787.979786765] [robot_decision]: [OurOutpostSub] our outpost health value: 0
[robot_decision-1] [INFO] [1746790787.979884684] [robot_decision]: [EnemyOutpostSub] enemy outpost health value: 1500
[robot_decision-1] [1746790787.980]: IfHealthSub               [36mIDLE[0m -> [32mSUCCESS[0m
[robot_decision-1] [1746790787.980]: OurOutpostSub             [36mIDLE[0m -> [32mSUCCESS[0m
[robot_decision-1] [1746790787.980]: EnemyOutpostSub           [36mIDLE[0m -> [32mSUCCESS[0m
[robot_decision-1] [1746790787.980]: IfHealthSub               [32mSUCCESS[0m -> [36mIDLE[0m
[robot_decision-1] [1746790787.980]: OurOutpostSub             [32mSUCCESS[0m -> [36mIDLE[0m
[robot_decision-1] [1746790787.980]: EnemyOutpostSub           [32mSUCCESS[0m -> [36mIDLE[0m
[robot_decision-1] [1746790787.980]: Subscribers               [33mRUNNING[0m -> [32mSUCCESS[0m
[robot_decision-1] [1746790787.980]: Subscribers               [32mSUCCESS[0m -> [36mIDLE[0m
[robot_decision-1] [1746790787.980]: Inverter                  [33mRUNNING[0m -> [31mFAILURE[0m
[robot_decision-1] [1746790787.980]: HealthCheck               [36mIDLE[0m -> [33mRUNNING[0m
[robot_decision-1] [1746790787.980]: CheckIfHealth             [36mIDLE[0m -> [31mFAILURE[0m
[robot_decision-1] [1746790787.980]: CheckIfHealth             [31mFAILURE[0m -> [36mIDLE[0m
[robot_decision-1] [1746790787.980]: HealthCheck               [33mRUNNING[0m -> [31mFAILURE[0m
[robot_decision-1] [1746790787.980]: Inverter                  [31mFAILURE[0m -> [36mIDLE[0m
[robot_decision-1] [1746790787.980]: HealthCheck               [31mFAILURE[0m -> [36mIDLE[0m
