[INFO] [launch]: All log files can be found below /home/aurora/.ros/log/2025-05-08-23-34-15-040108-aurora-1889644
[INFO] [launch]: Default logging verbosity is set to INFO
[INFO] [robot_decision-1]: process started with pid [1889668]
[robot_decision-1] [WARN] [1746718455.491776695] [rcl.logging_rosout]: Publisher already registered for provided node name. If this is due to multiple nodes with the same name then all logs for that logger name will go out over the existing publisher. As soon as any node with that name is destructed it will unregister the publisher, preventing any further logs for that name from being published on the rosout topic.
[robot_decision-1] [WARN] [1746718455.503027855] [rcl.logging_rosout]: Publisher already registered for provided node name. If this is due to multiple nodes with the same name then all logs for that logger name will go out over the existing publisher. As soon as any node with that name is destructed it will unregister the publisher, preventing any further logs for that name from being published on the rosout topic.
[robot_decision-1] [WARN] [1746718455.515664373] [rcl.logging_rosout]: Publisher already registered for provided node name. If this is due to multiple nodes with the same name then all logs for that logger name will go out over the existing publisher. As soon as any node with that name is destructed it will unregister the publisher, preventing any further logs for that name from being published on the rosout topic.
[robot_decision-1] [WARN] [1746718455.529913774] [rcl.logging_rosout]: Publisher already registered for provided node name. If this is due to multiple nodes with the same name then all logs for that logger name will go out over the existing publisher. As soon as any node with that name is destructed it will unregister the publisher, preventing any further logs for that name from being published on the rosout topic.
[robot_decision-1] [INFO] [1746718455.540865014] [robot_decision]: Node [IfHealthSub] created Subscriber to topic [ifhealth]
[robot_decision-1] [INFO] [1746718455.543308138] [robot_decision]: Node [OurOutpostSub] created Subscriber to topic [our_outpost_health]
[robot_decision-1] [INFO] [1746718455.547778830] [robot_decision]: Node [EnemyOutpostSub] created Subscriber to topic [enemy_outpost_health]
[robot_decision-1] [INFO] [1746718455.820346920] [robot_decision]: Loading points from: /home/aurora/pnx_decision/install/robot_decision/share/robot_decision/behavior_trees/RMUC_point.yaml
[robot_decision-1] [INFO] [1746718455.820780991] [robot_decision]: Points loaded successfully
[robot_decision-1] [INFO] [1746718455.821229670] [robot_decision]: Loading points from: /home/aurora/pnx_decision/install/robot_decision/share/robot_decision/behavior_trees/RMUC_point.yaml
[robot_decision-1] [INFO] [1746718455.821438259] [robot_decision]: Points loaded successfully
[robot_decision-1] [INFO] [1746718455.821695139] [robot_decision]: Loading points from: /home/aurora/pnx_decision/install/robot_decision/share/robot_decision/behavior_trees/RMUC_point.yaml
[robot_decision-1] [INFO] [1746718455.821892608] [robot_decision]: Points loaded successfully
[robot_decision-1] [INFO] [1746718455.822123359] [robot_decision]: Loading points from: /home/aurora/pnx_decision/install/robot_decision/share/robot_decision/behavior_trees/RMUC_point.yaml
[robot_decision-1] [INFO] [1746718455.822315628] [robot_decision]: Points loaded successfully
[robot_decision-1] [1746718455.823]: RootSequence              [36mIDLE[0m -> [33mRUNNING[0m
[robot_decision-1] [1746718455.823]: Subscribers               [36mIDLE[0m -> [33mRUNNING[0m
[robot_decision-1] [INFO] [1746718455.822780156] [robot_decision]: [IfHealthSub] health value: 500
[robot_decision-1] [INFO] [1746718455.822852050] [robot_decision]: [OurOutpostSub] our outpost health value: 1500
[robot_decision-1] [INFO] [1746718455.822899760] [robot_decision]: [EnemyOutpostSub] enemy outpost health value: 1500
[robot_decision-1] [1746718455.823]: IfHealthSub               [36mIDLE[0m -> [32mSUCCESS[0m
[robot_decision-1] [1746718455.823]: OurOutpostSub             [36mIDLE[0m -> [32mSUCCESS[0m
[robot_decision-1] [1746718455.823]: EnemyOutpostSub           [36mIDLE[0m -> [32mSUCCESS[0m
[robot_decision-1] [1746718455.823]: IfHealthSub               [32mSUCCESS[0m -> [36mIDLE[0m
[robot_decision-1] [1746718455.823]: OurOutpostSub             [32mSUCCESS[0m -> [36mIDLE[0m
[robot_decision-1] [1746718455.823]: EnemyOutpostSub           [32mSUCCESS[0m -> [36mIDLE[0m
[robot_decision-1] [1746718455.823]: Subscribers               [33mRUNNING[0m -> [32mSUCCESS[0m
[robot_decision-1] [1746718455.823]: ActionSequence            [36mIDLE[0m -> [33mRUNNING[0m
[robot_decision-1] [1746718455.823]: HealthCheck               [36mIDLE[0m -> [33mRUNNING[0m
[robot_decision-1] [1746718455.823]: CheckIfHealth             [36mIDLE[0m -> [31mFAILURE[0m
[robot_decision-1] [1746718455.823]: CheckIfHealth             [31mFAILURE[0m -> [36mIDLE[0m
[robot_decision-1] [1746718455.823]: HealthCheck               [33mRUNNING[0m -> [31mFAILURE[0m
[robot_decision-1] [1746718455.823]: BaseStatusLogic           [36mIDLE[0m -> [33mRUNNING[0m
[robot_decision-1] [1746718455.823]: OurOutpostDead            [36mIDLE[0m -> [33mRUNNING[0m
[robot_decision-1] [1746718455.823]: CheckIfHealth             [36mIDLE[0m -> [31mFAILURE[0m
[robot_decision-1] [1746718455.823]: CheckIfHealth             [31mFAILURE[0m -> [36mIDLE[0m
[robot_decision-1] [1746718455.823]: OurOutpostDead            [33mRUNNING[0m -> [31mFAILURE[0m
[robot_decision-1] [1746718455.823]: EnemyOutpostDead          [36mIDLE[0m -> [33mRUNNING[0m
[robot_decision-1] [1746718455.823]: CheckIfHealth             [36mIDLE[0m -> [31mFAILURE[0m
[robot_decision-1] [1746718455.823]: CheckIfHealth             [31mFAILURE[0m -> [36mIDLE[0m
[robot_decision-1] [1746718455.823]: EnemyOutpostDead          [33mRUNNING[0m -> [31mFAILURE[0m
[robot_decision-1] [1746718455.823]: BothOutpostAlive          [36mIDLE[0m -> [33mRUNNING[0m
[robot_decision-1] [ERROR] [1746718455.822971363] [IfHealth]: [CheckIfHealth] Missing health_value input
[robot_decision-1] [ERROR] [1746718455.823012871] [IfHealth]: [CheckIfHealth] Missing health_value input
[robot_decision-1] [ERROR] [1746718455.823045121] [IfHealth]: [CheckIfHealth] Missing health_value input
[robot_decision-1] [ERROR] [1746718455.823074907] [IfHealth]: [CheckIfHealth] Missing health_value input
[robot_decision-1] [1746718455.823]: CheckIfHealth             [36mIDLE[0m -> [31mFAILURE[0m
[robot_decision-1] [1746718455.823]: CheckIfHealth             [31mFAILURE[0m -> [36mIDLE[0m
[robot_decision-1] [1746718455.823]: BothOutpostAlive          [33mRUNNING[0m -> [31mFAILURE[0m
[robot_decision-1] [1746718455.823]: OurOutpostDead            [31mFAILURE[0m -> [36mIDLE[0m
[robot_decision-1] [1746718455.823]: EnemyOutpostDead          [31mFAILURE[0m -> [36mIDLE[0m
[robot_decision-1] [1746718455.823]: BothOutpostAlive          [31mFAILURE[0m -> [36mIDLE[0m
[robot_decision-1] [1746718455.823]: BaseStatusLogic           [33mRUNNING[0m -> [31mFAILURE[0m
[robot_decision-1] [1746718455.823]: HealthCheck               [31mFAILURE[0m -> [36mIDLE[0m
[robot_decision-1] [1746718455.823]: BaseStatusLogic           [31mFAILURE[0m -> [36mIDLE[0m
[robot_decision-1] [1746718455.823]: ActionSequence            [33mRUNNING[0m -> [31mFAILURE[0m
[robot_decision-1] [1746718455.823]: Subscribers               [32mSUCCESS[0m -> [36mIDLE[0m
[robot_decision-1] [1746718455.823]: ActionSequence            [31mFAILURE[0m -> [36mIDLE[0m
[robot_decision-1] [1746718455.823]: RootSequence              [33mRUNNING[0m -> [31mFAILURE[0m
[robot_decision-1] [1746718455.823]: RootSequence              [31mFAILURE[0m -> [36mIDLE[0m
[robot_decision-1] --- status: FAILURE
[robot_decision-1] 
[robot_decision-1] [1746718456.023]: RootSequence              [36mIDLE[0m -> [33mRUNNING[0m
[robot_decision-1] [1746718456.024]: Subscribers               [36mIDLE[0m -> [33mRUNNING[0m
[robot_decision-1] [INFO] [1746718456.023755043] [robot_decision]: [IfHealthSub] health value: 500
[robot_decision-1] [INFO] [1746718456.023912527] [robot_decision]: [OurOutpostSub] our outpost health value: 1500
[robot_decision-1] [INFO] [1746718456.023958203] [robot_decision]: [EnemyOutpostSub] enemy outpost health value: 1500
[robot_decision-1] [ERROR] [1746718456.024014658] [IfHealth]: [CheckIfHealth] Missing health_value input
[robot_decision-1] [ERROR] [1746718456.024042460] [IfHealth]: [CheckIfHealth] Missing health_value input
[robot_decision-1] [1746718456.024]: IfHealthSub               [36mIDLE[0m -> [32mSUCCESS[0m
[robot_decision-1] [1746718456.024]: OurOutpostSub             [36mIDLE[0m -> [32mSUCCESS[0m
[robot_decision-1] [1746718456.024]: EnemyOutpostSub           [36mIDLE[0m -> [32mSUCCESS[0m
[robot_decision-1] [1746718456.024]: IfHealthSub               [32mSUCCESS[0m -> [36mIDLE[0m
[robot_decision-1] [1746718456.024]: OurOutpostSub             [32mSUCCESS[0m -> [36mIDLE[0m
[robot_decision-1] [1746718456.024]: EnemyOutpostSub           [32mSUCCESS[0m -> [36mIDLE[0m
[robot_decision-1] [1746718456.024]: Subscribers               [33mRUNNING[0m -> [32mSUCCESS[0m
[robot_decision-1] [1746718456.024]: ActionSequence            [36mIDLE[0m -> [33mRUNNING[0m
[robot_decision-1] [1746718456.024]: HealthCheck               [36mIDLE[0m -> [33mRUNNING[0m
[robot_decision-1] [1746718456.024]: CheckIfHealth             [36mIDLE[0m -> [31mFAILURE[0m
[robot_decision-1] [1746718456.024]: CheckIfHealth             [31mFAILURE[0m -> [36mIDLE[0m
[robot_decision-1] [1746718456.024]: HealthCheck               [33mRUNNING[0m -> [31mFAILURE[0m
[robot_decision-1] [1746718456.024]: BaseStatusLogic           [36mIDLE[0m -> [33mRUNNING[0m
[robot_decision-1] [1746718456.024]: OurOutpostDead            [36mIDLE[0m -> [33mRUNNING[0m
[robot_decision-1] [1746718456.024]: CheckIfHealth             [36mIDLE[0m -> [31mFAILURE[0m
[robot_decision-1] [1746718456.024]: CheckIfHealth             [31mFAILURE[0m -> [36mIDLE[0m
[robot_decision-1] [1746718456.024]: OurOutpostDead            [33mRUNNING[0m -> [31mFAILURE[0m
[robot_decision-1] [1746718456.024]: EnemyOutpostDead          [36mIDLE[0m -> [33mRUNNING[0m
[robot_decision-1] [1746718456.024]: CheckIfHealth             [36mIDLE[0m -> [31mFAILURE[0m
[robot_decision-1] [1746718456.024]: CheckIfHealth             [31mFAILURE[0m -> [36mIDLE[0m
[robot_decision-1] [1746718456.024]: EnemyOutpostDead          [33mRUNNING[0m -> [31mFAILURE[0m
[robot_decision-1] [1746718456.024]: BothOutpostAlive          [36mIDLE[0m -> [33mRUNNING[0m
[robot_decision-1] [1746718456.024]: CheckIfHealth             [36mIDLE[0m -> [31mFAILURE[0m
[robot_decision-1] [1746718456.024]: CheckIfHealth             [31mFAILURE[0m -> [36mIDLE[0m
[robot_decision-1] [1746718456.024]: BothOutpostAlive          [33mRUNNING[0m -> [31mFAILURE[0m
[robot_decision-1] [1746718456.024]: OurOutpostDead            [31mFAILURE[0m -> [36mIDLE[0m
[robot_decision-1] [1746718456.024]: EnemyOutpostDead          [31mFAILURE[0m -> [36mIDLE[0m
[robot_decision-1] [1746718456.024]: BothOutpostAlive          [31mFAILURE[0m -> [36mIDLE[0m
[robot_decision-1] [1746718456.024]: BaseStatusLogic           [33mRUNNING[0m -> [31mFAILURE[0m
[robot_decision-1] [1746718456.024]: HealthCheck               [31mFAILURE[0m -> [36mIDLE[0m
[robot_decision-1] [1746718456.024]: BaseStatusLogic           [31mFAILURE[0m -> [36mIDLE[0m
[robot_decision-1] [1746718456.024]: ActionSequence            [33mRUNNING[0m -> [31mFAILURE[0m
[robot_decision-1] [1746718456.024]: Subscribers               [32mSUCCESS[0m -> [36mIDLE[0m
[robot_decision-1] [1746718456.024]: ActionSequence            [31mFAILURE[0m -> [36mIDLE[0m
[robot_decision-1] [1746718456.024]: RootSequence              [33mRUNNING[0m -> [31mFAILURE[0m
[robot_decision-1] [1746718456.024]: RootSequence              [31mFAILURE[0m -> [36mIDLE[0m
[robot_decision-1] [ERROR] [1746718456.024065854] [IfHealth]: [CheckIfHealth] Missing health_value input
[robot_decision-1] [ERROR] [1746718456.024112341] [IfHealth]: [CheckIfHealth] Missing health_value input
[robot_decision-1] [1746718456.224]: RootSequence              [36mIDLE[0m -> [33mRUNNING[0m
[robot_decision-1] [1746718456.224]: Subscribers               [36mIDLE[0m -> [33mRUNNING[0m
[robot_decision-1] [INFO] [1746718456.224532648] [robot_decision]: [IfHealthSub] health value: 500
[robot_decision-1] [INFO] [1746718456.224614771] [robot_decision]: [OurOutpostSub] our outpost health value: 1500
[robot_decision-1] [INFO] [1746718456.224634227] [robot_decision]: [EnemyOutpostSub] enemy outpost health value: 1500
[robot_decision-1] [ERROR] [1746718456.224659314] [IfHealth]: [CheckIfHealth] Missing health_value input
[robot_decision-1] [ERROR] [1746718456.224673200] [IfHealth]: [CheckIfHealth] Missing health_value input
[robot_decision-1] [ERROR] [1746718456.224684491] [IfHealth]: [CheckIfHealth] Missing health_value input
[robot_decision-1] [ERROR] [1746718456.224695241] [IfHealth]: [CheckIfHealth] Missing health_value input
[robot_decision-1] [1746718456.225]: IfHealthSub               [36mIDLE[0m -> [32mSUCCESS[0m
[robot_decision-1] [1746718456.225]: OurOutpostSub             [36mIDLE[0m -> [32mSUCCESS[0m
[robot_decision-1] [1746718456.225]: EnemyOutpostSub           [36mIDLE[0m -> [32mSUCCESS[0m
[robot_decision-1] [1746718456.225]: IfHealthSub               [32mSUCCESS[0m -> [36mIDLE[0m
[robot_decision-1] [1746718456.225]: OurOutpostSub             [32mSUCCESS[0m -> [36mIDLE[0m
[robot_decision-1] [1746718456.225]: EnemyOutpostSub           [32mSUCCESS[0m -> [36mIDLE[0m
[robot_decision-1] [1746718456.225]: Subscribers               [33mRUNNING[0m -> [32mSUCCESS[0m
[robot_decision-1] [1746718456.225]: ActionSequence            [36mIDLE[0m -> [33mRUNNING[0m
[robot_decision-1] [1746718456.225]: HealthCheck               [36mIDLE[0m -> [33mRUNNING[0m
[robot_decision-1] [1746718456.225]: CheckIfHealth             [36mIDLE[0m -> [31mFAILURE[0m
[robot_decision-1] [1746718456.225]: CheckIfHealth             [31mFAILURE[0m -> [36mIDLE[0m
[robot_decision-1] [1746718456.225]: HealthCheck               [33mRUNNING[0m -> [31mFAILURE[0m
[robot_decision-1] [1746718456.225]: BaseStatusLogic           [36mIDLE[0m -> [33mRUNNING[0m
[robot_decision-1] [1746718456.225]: OurOutpostDead            [36mIDLE[0m -> [33mRUNNING[0m
[robot_decision-1] [1746718456.225]: CheckIfHealth             [36mIDLE[0m -> [31mFAILURE[0m
[robot_decision-1] [1746718456.225]: CheckIfHealth             [31mFAILURE[0m -> [36mIDLE[0m
[robot_decision-1] [1746718456.225]: OurOutpostDead            [33mRUNNING[0m -> [31mFAILURE[0m
[robot_decision-1] [1746718456.225]: EnemyOutpostDead          [36mIDLE[0m -> [33mRUNNING[0m
[robot_decision-1] [1746718456.225]: CheckIfHealth             [36mIDLE[0m -> [31mFAILURE[0m
[robot_decision-1] [1746718456.225]: CheckIfHealth             [31mFAILURE[0m -> [36mIDLE[0m
[robot_decision-1] [1746718456.225]: EnemyOutpostDead          [33mRUNNING[0m -> [31mFAILURE[0m
[robot_decision-1] [1746718456.225]: BothOutpostAlive          [36mIDLE[0m -> [33mRUNNING[0m
[robot_decision-1] [1746718456.225]: CheckIfHealth             [36mIDLE[0m -> [31mFAILURE[0m
[robot_decision-1] [1746718456.225]: CheckIfHealth             [31mFAILURE[0m -> [36mIDLE[0m
[robot_decision-1] [1746718456.225]: BothOutpostAlive          [33mRUNNING[0m -> [31mFAILURE[0m
[robot_decision-1] [1746718456.225]: OurOutpostDead            [31mFAILURE[0m -> [36mIDLE[0m
[robot_decision-1] [1746718456.225]: EnemyOutpostDead          [31mFAILURE[0m -> [36mIDLE[0m
[robot_decision-1] [1746718456.225]: BothOutpostAlive          [31mFAILURE[0m -> [36mIDLE[0m
[robot_decision-1] [1746718456.225]: BaseStatusLogic           [33mRUNNING[0m -> [31mFAILURE[0m
[robot_decision-1] [1746718456.225]: HealthCheck               [31mFAILURE[0m -> [36mIDLE[0m
[robot_decision-1] [1746718456.225]: BaseStatusLogic           [31mFAILURE[0m -> [36mIDLE[0m
[robot_decision-1] [1746718456.225]: ActionSequence            [33mRUNNING[0m -> [31mFAILURE[0m
[robot_decision-1] [1746718456.225]: Subscribers               [32mSUCCESS[0m -> [36mIDLE[0m
[robot_decision-1] [1746718456.225]: ActionSequence            [31mFAILURE[0m -> [36mIDLE[0m
[robot_decision-1] [1746718456.225]: RootSequence              [33mRUNNING[0m -> [31mFAILURE[0m
[robot_decision-1] [1746718456.225]: RootSequence              [31mFAILURE[0m -> [36mIDLE[0m
[robot_decision-1] [1746718456.425]: RootSequence              [36mIDLE[0m -> [33mRUNNING[0m
[robot_decision-1] [1746718456.425]: Subscribers               [36mIDLE[0m -> [33mRUNNING[0m
[robot_decision-1] [INFO] [1746718456.425285566] [robot_decision]: [IfHealthSub] health value: 500
[robot_decision-1] [INFO] [1746718456.425474429] [robot_decision]: [OurOutpostSub] our outpost health value: 1500
[robot_decision-1] [1746718456.425]: IfHealthSub               [36mIDLE[0m -> [32mSUCCESS[0m
[robot_decision-1] [1746718456.425]: OurOutpostSub             [36mIDLE[0m -> [32mSUCCESS[0m
[robot_decision-1] [1746718456.426]: EnemyOutpostSub           [36mIDLE[0m -> [32mSUCCESS[0m
[robot_decision-1] [1746718456.426]: IfHealthSub               [32mSUCCESS[0m -> [36mIDLE[0m
[robot_decision-1] [1746718456.426]: OurOutpostSub             [32mSUCCESS[0m -> [36mIDLE[0m
[robot_decision-1] [1746718456.426]: EnemyOutpostSub           [32mSUCCESS[0m -> [36mIDLE[0m
[robot_decision-1] [1746718456.426]: Subscribers               [33mRUNNING[0m -> [32mSUCCESS[0m
[robot_decision-1] [1746718456.426]: ActionSequence            [36mIDLE[0m -> [33mRUNNING[0m
[robot_decision-1] [1746718456.426]: HealthCheck               [36mIDLE[0m -> [33mRUNNING[0m
[robot_decision-1] [1746718456.426]: CheckIfHealth             [36mIDLE[0m -> [31mFAILURE[0m
[robot_decision-1] [1746718456.426]: CheckIfHealth             [31mFAILURE[0m -> [36mIDLE[0m
[robot_decision-1] [1746718456.426]: HealthCheck               [33mRUNNING[0m -> [31mFAILURE[0m
[robot_decision-1] [1746718456.426]: BaseStatusLogic           [36mIDLE[0m -> [33mRUNNING[0m
[robot_decision-1] [1746718456.426]: OurOutpostDead            [36mIDLE[0m -> [33mRUNNING[0m
[robot_decision-1] [1746718456.426]: CheckIfHealth             [36mIDLE[0m -> [31mFAILURE[0m
[robot_decision-1] [1746718456.426]: CheckIfHealth             [31mFAILURE[0m -> [36mIDLE[0m
[robot_decision-1] [1746718456.426]: OurOutpostDead            [33mRUNNING[0m -> [31mFAILURE[0m
[robot_decision-1] [1746718456.426]: EnemyOutpostDead          [36mIDLE[0m -> [33mRUNNING[0m
[robot_decision-1] [1746718456.426]: CheckIfHealth             [36mIDLE[0m -> [31mFAILURE[0m
[robot_decision-1] [1746718456.426]: CheckIfHealth             [31mFAILURE[0m -> [36mIDLE[0m
[robot_decision-1] [1746718456.426]: EnemyOutpostDead          [33mRUNNING[0m -> [31mFAILURE[0m
[robot_decision-1] [1746718456.426]: BothOutpostAlive          [36mIDLE[0m -> [33mRUNNING[0m
[robot_decision-1] [1746718456.426]: CheckIfHealth             [36mIDLE[0m -> [31mFAILURE[0m
[robot_decision-1] [1746718456.426]: CheckIfHealth             [31mFAILURE[0m -> [36mIDLE[0m
[robot_decision-1] [1746718456.426]: BothOutpostAlive          [33mRUNNING[0m -> [31mFAILURE[0m
[robot_decision-1] [1746718456.426]: OurOutpostDead            [31mFAILURE[0m -> [36mIDLE[0m
[robot_decision-1] [1746718456.426]: EnemyOutpostDead          [31mFAILURE[0m -> [36mIDLE[0m
[robot_decision-1] [1746718456.426]: BothOutpostAlive          [31mFAILURE[0m -> [36mIDLE[0m
[robot_decision-1] [1746718456.426]: BaseStatusLogic           [33mRUNNING[0m -> [31mFAILURE[0m
[robot_decision-1] [1746718456.426]: HealthCheck               [31mFAILURE[0m -> [36mIDLE[0m
[robot_decision-1] [1746718456.426]: BaseStatusLogic           [31mFAILURE[0m -> [36mIDLE[0m
[robot_decision-1] [1746718456.426]: ActionSequence            [33mRUNNING[0m -> [31mFAILURE[0m
[robot_decision-1] [1746718456.426]: Subscribers               [32mSUCCESS[0m -> [36mIDLE[0m
[robot_decision-1] [1746718456.426]: ActionSequence            [31mFAILURE[0m -> [36mIDLE[0m
[robot_decision-1] [1746718456.426]: RootSequence              [33mRUNNING[0m -> [31mFAILURE[0m
[robot_decision-1] [1746718456.426]: RootSequence              [31mFAILURE[0m -> [36mIDLE[0m
[robot_decision-1] [INFO] [1746718456.425532237] [robot_decision]: [EnemyOutpostSub] enemy outpost health value: 1500
[robot_decision-1] [ERROR] [1746718456.425610293] [IfHealth]: [CheckIfHealth] Missing health_value input
[robot_decision-1] [ERROR] [1746718456.425654566] [IfHealth]: [CheckIfHealth] Missing health_value input
[robot_decision-1] [ERROR] [1746718456.425684021] [IfHealth]: [CheckIfHealth] Missing health_value input
[robot_decision-1] [ERROR] [1746718456.425708036] [IfHealth]: [CheckIfHealth] Missing health_value input
[robot_decision-1] [1746718456.626]: RootSequence              [36mIDLE[0m -> [33mRUNNING[0m
[robot_decision-1] [1746718456.626]: Subscribers               [36mIDLE[0m -> [33mRUNNING[0m
[robot_decision-1] [INFO] [1746718456.625952254] [robot_decision]: [IfHealthSub] health value: 500
[robot_decision-1] [INFO] [1746718456.626010402] [robot_decision]: [OurOutpostSub] our outpost health value: 1500
[robot_decision-1] [1746718456.626]: IfHealthSub               [36mIDLE[0m -> [32mSUCCESS[0m
[robot_decision-1] [1746718456.626]: OurOutpostSub             [36mIDLE[0m -> [32mSUCCESS[0m
[robot_decision-1] [1746718456.626]: EnemyOutpostSub           [36mIDLE[0m -> [32mSUCCESS[0m
[robot_decision-1] [1746718456.626]: IfHealthSub               [32mSUCCESS[0m -> [36mIDLE[0m
[robot_decision-1] [1746718456.626]: OurOutpostSub             [32mSUCCESS[0m -> [36mIDLE[0m
[robot_decision-1] [1746718456.626]: EnemyOutpostSub           [32mSUCCESS[0m -> [36mIDLE[0m
[robot_decision-1] [1746718456.626]: Subscribers               [33mRUNNING[0m -> [32mSUCCESS[0m
[robot_decision-1] [1746718456.626]: ActionSequence            [36mIDLE[0m -> [33mRUNNING[0m
[robot_decision-1] [1746718456.626]: HealthCheck               [36mIDLE[0m -> [33mRUNNING[0m
[robot_decision-1] [1746718456.626]: CheckIfHealth             [36mIDLE[0m -> [31mFAILURE[0m
[robot_decision-1] [1746718456.626]: CheckIfHealth             [31mFAILURE[0m -> [36mIDLE[0m
[robot_decision-1] [1746718456.626]: HealthCheck               [33mRUNNING[0m -> [31mFAILURE[0m
[robot_decision-1] [1746718456.626]: BaseStatusLogic           [36mIDLE[0m -> [33mRUNNING[0m
[robot_decision-1] [1746718456.626]: OurOutpostDead            [36mIDLE[0m -> [33mRUNNING[0m
[robot_decision-1] [1746718456.626]: CheckIfHealth             [36mIDLE[0m -> [31mFAILURE[0m
[robot_decision-1] [1746718456.626]: CheckIfHealth             [31mFAILURE[0m -> [36mIDLE[0m
[robot_decision-1] [1746718456.626]: OurOutpostDead            [33mRUNNING[0m -> [31mFAILURE[0m
[robot_decision-1] [1746718456.626]: EnemyOutpostDead          [36mIDLE[0m -> [33mRUNNING[0m
[robot_decision-1] [1746718456.626]: CheckIfHealth             [36mIDLE[0m -> [31mFAILURE[0m
[robot_decision-1] [1746718456.626]: CheckIfHealth             [31mFAILURE[0m -> [36mIDLE[0m
[robot_decision-1] [1746718456.626]: EnemyOutpostDead          [33mRUNNING[0m -> [31mFAILURE[0m
[robot_decision-1] [1746718456.626]: BothOutpostAlive          [36mIDLE[0m -> [33mRUNNING[0m
[robot_decision-1] [1746718456.626]: CheckIfHealth             [36mIDLE[0m -> [31mFAILURE[0m
[robot_decision-1] [1746718456.626]: CheckIfHealth             [31mFAILURE[0m -> [36mIDLE[0m
[robot_decision-1] [1746718456.626]: BothOutpostAlive          [33mRUNNING[0m -> [31mFAILURE[0m
[robot_decision-1] [1746718456.626]: OurOutpostDead            [31mFAILURE[0m -> [36mIDLE[0m
[robot_decision-1] [1746718456.626]: EnemyOutpostDead          [31mFAILURE[0m -> [36mIDLE[0m
[robot_decision-1] [1746718456.626]: BothOutpostAlive          [31mFAILURE[0m -> [36mIDLE[0m
[robot_decision-1] [1746718456.626]: BaseStatusLogic           [33mRUNNING[0m -> [31mFAILURE[0m
[robot_decision-1] [1746718456.626]: HealthCheck               [31mFAILURE[0m -> [36mIDLE[0m
[robot_decision-1] [1746718456.626]: BaseStatusLogic           [31mFAILURE[0m -> [36mIDLE[0m
[robot_decision-1] [1746718456.626]: ActionSequence            [33mRUNNING[0m -> [31mFAILURE[0m
[robot_decision-1] [1746718456.626]: Subscribers               [32mSUCCESS[0m -> [36mIDLE[0m
[robot_decision-1] [1746718456.626]: ActionSequence            [31mFAILURE[0m -> [36mIDLE[0m
[robot_decision-1] [1746718456.626]: RootSequence              [33mRUNNING[0m -> [31mFAILURE[0m
[robot_decision-1] [1746718456.626]: RootSequence              [31mFAILURE[0m -> [36mIDLE[0m
[robot_decision-1] [INFO] [1746718456.626032995] [robot_decision]: [EnemyOutpostSub] enemy outpost health value: 1500
[robot_decision-1] [ERROR] [1746718456.626064023] [IfHealth]: [CheckIfHealth] Missing health_value input
[robot_decision-1] [ERROR] [1746718456.626096503] [IfHealth]: [CheckIfHealth] Missing health_value input
[robot_decision-1] [ERROR] [1746718456.626113194] [IfHealth]: [CheckIfHealth] Missing health_value input
[robot_decision-1] [ERROR] [1746718456.626126740] [IfHealth]: [CheckIfHealth] Missing health_value input
[robot_decision-1] [1746718456.826]: RootSequence              [36mIDLE[0m -> [33mRUNNING[0m
[robot_decision-1] [1746718456.826]: Subscribers               [36mIDLE[0m -> [33mRUNNING[0m
[robot_decision-1] [1746718456.827]: IfHealthSub               [36mIDLE[0m -> [32mSUCCESS[0m
[robot_decision-1] [1746718456.827]: OurOutpostSub             [36mIDLE[0m -> [32mSUCCESS[0m
[robot_decision-1] [1746718456.827]: EnemyOutpostSub           [36mIDLE[0m -> [32mSUCCESS[0m
[robot_decision-1] [1746718456.827]: IfHealthSub               [32mSUCCESS[0m -> [36mIDLE[0m
[robot_decision-1] [1746718456.827]: OurOutpostSub             [32mSUCCESS[0m -> [36mIDLE[0m
[robot_decision-1] [1746718456.827]: EnemyOutpostSub           [32mSUCCESS[0m -> [36mIDLE[0m
[robot_decision-1] [1746718456.827]: Subscribers               [33mRUNNING[0m -> [32mSUCCESS[0m
[robot_decision-1] [1746718456.827]: ActionSequence            [36mIDLE[0m -> [33mRUNNING[0m
[robot_decision-1] [1746718456.827]: HealthCheck               [36mIDLE[0m -> [33mRUNNING[0m
[robot_decision-1] [INFO] [1746718456.826767939] [robot_decision]: [IfHealthSub] health value: 500
[robot_decision-1] [INFO] [1746718456.826913070] [robot_decision]: [OurOutpostSub] our outpost health value: 1500
[robot_decision-1] [INFO] [1746718456.826967352] [robot_decision]: [EnemyOutpostSub] enemy outpost health value: 1500
[robot_decision-1] [ERROR] [1746718456.827051810] [IfHealth]: [CheckIfHealth] Missing health_value input
[robot_decision-1] [1746718456.827]: CheckIfHealth             [36mIDLE[0m -> [31mFAILURE[0m
[robot_decision-1] [1746718456.827]: CheckIfHealth             [31mFAILURE[0m -> [36mIDLE[0m
[robot_decision-1] [1746718456.827]: HealthCheck               [33mRUNNING[0m -> [31mFAILURE[0m
[robot_decision-1] [1746718456.827]: BaseStatusLogic           [36mIDLE[0m -> [33mRUNNING[0m
[robot_decision-1] [1746718456.827]: OurOutpostDead            [36mIDLE[0m -> [33mRUNNING[0m
[robot_decision-1] [1746718456.827]: CheckIfHealth             [36mIDLE[0m -> [31mFAILURE[0m
[robot_decision-1] [1746718456.827]: CheckIfHealth             [31mFAILURE[0m -> [36mIDLE[0m
[robot_decision-1] [1746718456.827]: OurOutpostDead            [33mRUNNING[0m -> [31mFAILURE[0m
[robot_decision-1] [1746718456.827]: EnemyOutpostDead          [36mIDLE[0m -> [33mRUNNING[0m
[robot_decision-1] [1746718456.827]: CheckIfHealth             [36mIDLE[0m -> [31mFAILURE[0m
[robot_decision-1] [1746718456.827]: CheckIfHealth             [31mFAILURE[0m -> [36mIDLE[0m
[robot_decision-1] [1746718456.827]: EnemyOutpostDead          [33mRUNNING[0m -> [31mFAILURE[0m
[robot_decision-1] [1746718456.827]: BothOutpostAlive          [36mIDLE[0m -> [33mRUNNING[0m
[robot_decision-1] [1746718456.827]: CheckIfHealth             [36mIDLE[0m -> [31mFAILURE[0m
[robot_decision-1] [1746718456.827]: CheckIfHealth             [31mFAILURE[0m -> [36mIDLE[0m
[robot_decision-1] [1746718456.827]: BothOutpostAlive          [33mRUNNING[0m -> [31mFAILURE[0m
[robot_decision-1] [1746718456.827]: OurOutpostDead            [31mFAILURE[0m -> [36mIDLE[0m
[robot_decision-1] [1746718456.827]: EnemyOutpostDead          [31mFAILURE[0m -> [36mIDLE[0m
[robot_decision-1] [1746718456.827]: BothOutpostAlive          [31mFAILURE[0m -> [36mIDLE[0m
[robot_decision-1] [1746718456.827]: BaseStatusLogic           [33mRUNNING[0m -> [31mFAILURE[0m
[robot_decision-1] [1746718456.827]: HealthCheck               [31mFAILURE[0m -> [36mIDLE[0m
[robot_decision-1] [1746718456.827]: BaseStatusLogic           [31mFAILURE[0m -> [36mIDLE[0m
[robot_decision-1] [1746718456.827]: ActionSequence            [33mRUNNING[0m -> [31mFAILURE[0m
[robot_decision-1] [1746718456.827]: Subscribers               [32mSUCCESS[0m -> [36mIDLE[0m
[robot_decision-1] [1746718456.827]: ActionSequence            [31mFAILURE[0m -> [36mIDLE[0m
[robot_decision-1] [1746718456.827]: RootSequence              [33mRUNNING[0m -> [31mFAILURE[0m
[robot_decision-1] [1746718456.827]: RootSequence              [31mFAILURE[0m -> [36mIDLE[0m
[robot_decision-1] [ERROR] [1746718456.827121981] [IfHealth]: [CheckIfHealth] Missing health_value input
[robot_decision-1] [ERROR] [1746718456.827155153] [IfHealth]: [CheckIfHealth] Missing health_value input
[robot_decision-1] [ERROR] [1746718456.827179568] [IfHealth]: [CheckIfHealth] Missing health_value input
[robot_decision-1] [1746718457.027]: RootSequence              [36mIDLE[0m -> [33mRUNNING[0m
[robot_decision-1] [1746718457.027]: Subscribers               [36mIDLE[0m -> [33mRUNNING[0m
[robot_decision-1] [INFO] [1746718457.027396084] [robot_decision]: [IfHealthSub] health value: 500
[robot_decision-1] [INFO] [1746718457.027457088] [robot_decision]: [OurOutpostSub] our outpost health value: 1500
[robot_decision-1] [INFO] [1746718457.027476284] [robot_decision]: [EnemyOutpostSub] enemy outpost health value: 1500
[robot_decision-1] [1746718457.027]: IfHealthSub               [36mIDLE[0m -> [32mSUCCESS[0m
[robot_decision-1] [1746718457.027]: OurOutpostSub             [36mIDLE[0m -> [32mSUCCESS[0m
[robot_decision-1] [1746718457.027]: EnemyOutpostSub           [36mIDLE[0m -> [32mSUCCESS[0m
[robot_decision-1] [1746718457.027]: IfHealthSub               [32mSUCCESS[0m -> [36mIDLE[0m
[robot_decision-1] [1746718457.027]: OurOutpostSub             [32mSUCCESS[0m -> [36mIDLE[0m
[robot_decision-1] [1746718457.027]: EnemyOutpostSub           [32mSUCCESS[0m -> [36mIDLE[0m
[robot_decision-1] [1746718457.027]: Subscribers               [33mRUNNING[0m -> [32mSUCCESS[0m
[robot_decision-1] [1746718457.027]: ActionSequence            [36mIDLE[0m -> [33mRUNNING[0m
[robot_decision-1] [1746718457.027]: HealthCheck               [36mIDLE[0m -> [33mRUNNING[0m
[robot_decision-1] [1746718457.028]: CheckIfHealth             [36mIDLE[0m -> [31mFAILURE[0m
[robot_decision-1] [1746718457.028]: CheckIfHealth             [31mFAILURE[0m -> [36mIDLE[0m
[robot_decision-1] [1746718457.028]: HealthCheck               [33mRUNNING[0m -> [31mFAILURE[0m
[robot_decision-1] [1746718457.028]: BaseStatusLogic           [36mIDLE[0m -> [33mRUNNING[0m
[robot_decision-1] [1746718457.028]: OurOutpostDead            [36mIDLE[0m -> [33mRUNNING[0m
[robot_decision-1] [1746718457.028]: CheckIfHealth             [36mIDLE[0m -> [31mFAILURE[0m
[robot_decision-1] [1746718457.028]: CheckIfHealth             [31mFAILURE[0m -> [36mIDLE[0m
[robot_decision-1] [1746718457.028]: OurOutpostDead            [33mRUNNING[0m -> [31mFAILURE[0m
[robot_decision-1] [1746718457.028]: EnemyOutpostDead          [36mIDLE[0m -> [33mRUNNING[0m
[robot_decision-1] [1746718457.028]: CheckIfHealth             [36mIDLE[0m -> [31mFAILURE[0m
[robot_decision-1] [1746718457.028]: CheckIfHealth             [31mFAILURE[0m -> [36mIDLE[0m
[robot_decision-1] [1746718457.028]: EnemyOutpostDead          [33mRUNNING[0m -> [31mFAILURE[0m
[robot_decision-1] [1746718457.028]: BothOutpostAlive          [36mIDLE[0m -> [33mRUNNING[0m
[robot_decision-1] [1746718457.028]: CheckIfHealth             [36mIDLE[0m -> [31mFAILURE[0m
[robot_decision-1] [1746718457.028]: CheckIfHealth             [31mFAILURE[0m -> [36mIDLE[0m
[robot_decision-1] [1746718457.028]: BothOutpostAlive          [33mRUNNING[0m -> [31mFAILURE[0m
[robot_decision-1] [1746718457.028]: OurOutpostDead            [31mFAILURE[0m -> [36mIDLE[0m
[robot_decision-1] [1746718457.028]: EnemyOutpostDead          [31mFAILURE[0m -> [36mIDLE[0m
[robot_decision-1] [1746718457.028]: BothOutpostAlive          [31mFAILURE[0m -> [36mIDLE[0m
[robot_decision-1] [1746718457.028]: BaseStatusLogic           [33mRUNNING[0m -> [31mFAILURE[0m
[robot_decision-1] [1746718457.028]: HealthCheck               [31mFAILURE[0m -> [36mIDLE[0m
[robot_decision-1] [1746718457.028]: BaseStatusLogic           [31mFAILURE[0m -> [36mIDLE[0m
[robot_decision-1] [1746718457.028]: ActionSequence            [33mRUNNING[0m -> [31mFAILURE[0m
[robot_decision-1] [1746718457.028]: Subscribers               [32mSUCCESS[0m -> [36mIDLE[0m
[robot_decision-1] [1746718457.028]: ActionSequence            [31mFAILURE[0m -> [36mIDLE[0m
[robot_decision-1] [1746718457.028]: RootSequence              [33mRUNNING[0m -> [31mFAILURE[0m
[robot_decision-1] [1746718457.028]: RootSequence              [31mFAILURE[0m -> [36mIDLE[0m
[robot_decision-1] [ERROR] [1746718457.027500159] [IfHealth]: [CheckIfHealth] Missing health_value input
[robot_decision-1] [ERROR] [1746718457.027513554] [IfHealth]: [CheckIfHealth] Missing health_value input
[robot_decision-1] [ERROR] [1746718457.027524073] [IfHealth]: [CheckIfHealth] Missing health_value input
[robot_decision-1] [ERROR] [1746718457.027533711] [IfHealth]: [CheckIfHealth] Missing health_value input
[robot_decision-1] [1746718457.228]: RootSequence              [36mIDLE[0m -> [33mRUNNING[0m
[robot_decision-1] [1746718457.228]: Subscribers               [36mIDLE[0m -> [33mRUNNING[0m
[robot_decision-1] [INFO] [1746718457.227906525] [robot_decision]: [IfHealthSub] health value: 500
[robot_decision-1] [INFO] [1746718457.228032490] [robot_decision]: [OurOutpostSub] our outpost health value: 1500
[robot_decision-1] [INFO] [1746718457.228111458] [robot_decision]: [EnemyOutpostSub] enemy outpost health value: 1500
[robot_decision-1] [ERROR] [1746718457.228181368] [IfHealth]: [CheckIfHealth] Missing health_value input
[robot_decision-1] [ERROR] [1746718457.228220792] [IfHealth]: [CheckIfHealth] Missing health_value input
[robot_decision-1] [ERROR] [1746718457.228255096] [IfHealth]: [CheckIfHealth] Missing health_value input
[robot_decision-1] [ERROR] [1746718457.228283509] [IfHealth]: [CheckIfHealth] Missing health_value input
[robot_decision-1] [1746718457.228]: IfHealthSub               [36mIDLE[0m -> [32mSUCCESS[0m
[robot_decision-1] [1746718457.228]: OurOutpostSub             [36mIDLE[0m -> [32mSUCCESS[0m
[robot_decision-1] [1746718457.228]: EnemyOutpostSub           [36mIDLE[0m -> [32mSUCCESS[0m
[robot_decision-1] [1746718457.228]: IfHealthSub               [32mSUCCESS[0m -> [36mIDLE[0m
[robot_decision-1] [1746718457.228]: OurOutpostSub             [32mSUCCESS[0m -> [36mIDLE[0m
[robot_decision-1] [1746718457.228]: EnemyOutpostSub           [32mSUCCESS[0m -> [36mIDLE[0m
[robot_decision-1] [1746718457.228]: Subscribers               [33mRUNNING[0m -> [32mSUCCESS[0m
[robot_decision-1] [1746718457.228]: ActionSequence            [36mIDLE[0m -> [33mRUNNING[0m
[robot_decision-1] [1746718457.228]: HealthCheck               [36mIDLE[0m -> [33mRUNNING[0m
[robot_decision-1] [1746718457.228]: CheckIfHealth             [36mIDLE[0m -> [31mFAILURE[0m
[robot_decision-1] [1746718457.228]: CheckIfHealth             [31mFAILURE[0m -> [36mIDLE[0m
[robot_decision-1] [1746718457.228]: HealthCheck               [33mRUNNING[0m -> [31mFAILURE[0m
[robot_decision-1] [1746718457.228]: BaseStatusLogic           [36mIDLE[0m -> [33mRUNNING[0m
[robot_decision-1] [1746718457.228]: OurOutpostDead            [36mIDLE[0m -> [33mRUNNING[0m
[robot_decision-1] [1746718457.228]: CheckIfHealth             [36mIDLE[0m -> [31mFAILURE[0m
[robot_decision-1] [1746718457.228]: CheckIfHealth             [31mFAILURE[0m -> [36mIDLE[0m
[robot_decision-1] [1746718457.228]: OurOutpostDead            [33mRUNNING[0m -> [31mFAILURE[0m
[robot_decision-1] [1746718457.228]: EnemyOutpostDead          [36mIDLE[0m -> [33mRUNNING[0m
[robot_decision-1] [1746718457.228]: CheckIfHealth             [36mIDLE[0m -> [31mFAILURE[0m
[robot_decision-1] [1746718457.228]: CheckIfHealth             [31mFAILURE[0m -> [36mIDLE[0m
[robot_decision-1] [1746718457.228]: EnemyOutpostDead          [33mRUNNING[0m -> [31mFAILURE[0m
[robot_decision-1] [1746718457.228]: BothOutpostAlive          [36mIDLE[0m -> [33mRUNNING[0m
[robot_decision-1] [1746718457.228]: CheckIfHealth             [36mIDLE[0m -> [31mFAILURE[0m
[robot_decision-1] [1746718457.228]: CheckIfHealth             [31mFAILURE[0m -> [36mIDLE[0m
[robot_decision-1] [1746718457.228]: BothOutpostAlive          [33mRUNNING[0m -> [31mFAILURE[0m
[robot_decision-1] [1746718457.228]: OurOutpostDead            [31mFAILURE[0m -> [36mIDLE[0m
[robot_decision-1] [1746718457.228]: EnemyOutpostDead          [31mFAILURE[0m -> [36mIDLE[0m
[robot_decision-1] [1746718457.228]: BothOutpostAlive          [31mFAILURE[0m -> [36mIDLE[0m
[robot_decision-1] [1746718457.228]: BaseStatusLogic           [33mRUNNING[0m -> [31mFAILURE[0m
[robot_decision-1] [1746718457.228]: HealthCheck               [31mFAILURE[0m -> [36mIDLE[0m
[robot_decision-1] [1746718457.228]: BaseStatusLogic           [31mFAILURE[0m -> [36mIDLE[0m
[robot_decision-1] [1746718457.228]: ActionSequence            [33mRUNNING[0m -> [31mFAILURE[0m
[robot_decision-1] [1746718457.228]: Subscribers               [32mSUCCESS[0m -> [36mIDLE[0m
[robot_decision-1] [1746718457.228]: ActionSequence            [31mFAILURE[0m -> [36mIDLE[0m
[robot_decision-1] [1746718457.228]: RootSequence              [33mRUNNING[0m -> [31mFAILURE[0m
[robot_decision-1] [1746718457.228]: RootSequence              [31mFAILURE[0m -> [36mIDLE[0m
[robot_decision-1] [1746718457.428]: RootSequence              [36mIDLE[0m -> [33mRUNNING[0m
[robot_decision-1] [1746718457.428]: Subscribers               [36mIDLE[0m -> [33mRUNNING[0m
[robot_decision-1] [INFO] [1746718457.428578548] [robot_decision]: [IfHealthSub] health value: 500
[robot_decision-1] [INFO] [1746718457.428662996] [robot_decision]: [OurOutpostSub] our outpost health value: 1500
[robot_decision-1] [INFO] [1746718457.428691789] [robot_decision]: [EnemyOutpostSub] enemy outpost health value: 1500
[robot_decision-1] [ERROR] [1746718457.428728408] [IfHealth]: [CheckIfHealth] Missing health_value input
[robot_decision-1] [ERROR] [1746718457.428804830] [IfHealth]: [CheckIfHealth] Missing health_value input
[robot_decision-1] [ERROR] [1746718457.428824587] [IfHealth]: [CheckIfHealth] Missing health_value input
[robot_decision-1] [ERROR] [1746718457.428841860] [IfHealth]: [CheckIfHealth] Missing health_value input
[robot_decision-1] [1746718457.429]: IfHealthSub               [36mIDLE[0m -> [32mSUCCESS[0m
[robot_decision-1] [1746718457.429]: OurOutpostSub             [36mIDLE[0m -> [32mSUCCESS[0m
[robot_decision-1] [1746718457.429]: EnemyOutpostSub           [36mIDLE[0m -> [32mSUCCESS[0m
[robot_decision-1] [1746718457.429]: IfHealthSub               [32mSUCCESS[0m -> [36mIDLE[0m
[robot_decision-1] [1746718457.429]: OurOutpostSub             [32mSUCCESS[0m -> [36mIDLE[0m
[robot_decision-1] [1746718457.429]: EnemyOutpostSub           [32mSUCCESS[0m -> [36mIDLE[0m
[robot_decision-1] [1746718457.429]: Subscribers               [33mRUNNING[0m -> [32mSUCCESS[0m
[robot_decision-1] [1746718457.429]: ActionSequence            [36mIDLE[0m -> [33mRUNNING[0m
[robot_decision-1] [1746718457.429]: HealthCheck               [36mIDLE[0m -> [33mRUNNING[0m
[robot_decision-1] [1746718457.429]: CheckIfHealth             [36mIDLE[0m -> [31mFAILURE[0m
[robot_decision-1] [1746718457.429]: CheckIfHealth             [31mFAILURE[0m -> [36mIDLE[0m
[robot_decision-1] [1746718457.429]: HealthCheck               [33mRUNNING[0m -> [31mFAILURE[0m
[robot_decision-1] [1746718457.429]: BaseStatusLogic           [36mIDLE[0m -> [33mRUNNING[0m
[robot_decision-1] [1746718457.429]: OurOutpostDead            [36mIDLE[0m -> [33mRUNNING[0m
[robot_decision-1] [1746718457.429]: CheckIfHealth             [36mIDLE[0m -> [31mFAILURE[0m
[robot_decision-1] [1746718457.429]: CheckIfHealth             [31mFAILURE[0m -> [36mIDLE[0m
[robot_decision-1] [1746718457.429]: OurOutpostDead            [33mRUNNING[0m -> [31mFAILURE[0m
[robot_decision-1] [1746718457.429]: EnemyOutpostDead          [36mIDLE[0m -> [33mRUNNING[0m
[robot_decision-1] [1746718457.429]: CheckIfHealth             [36mIDLE[0m -> [31mFAILURE[0m
[robot_decision-1] [1746718457.429]: CheckIfHealth             [31mFAILURE[0m -> [36mIDLE[0m
[robot_decision-1] [1746718457.429]: EnemyOutpostDead          [33mRUNNING[0m -> [31mFAILURE[0m
[robot_decision-1] [1746718457.429]: BothOutpostAlive          [36mIDLE[0m -> [33mRUNNING[0m
[robot_decision-1] [1746718457.429]: CheckIfHealth             [36mIDLE[0m -> [31mFAILURE[0m
[robot_decision-1] [1746718457.429]: CheckIfHealth             [31mFAILURE[0m -> [36mIDLE[0m
[robot_decision-1] [1746718457.429]: BothOutpostAlive          [33mRUNNING[0m -> [31mFAILURE[0m
[robot_decision-1] [1746718457.429]: OurOutpostDead            [31mFAILURE[0m -> [36mIDLE[0m
[robot_decision-1] [1746718457.429]: EnemyOutpostDead          [31mFAILURE[0m -> [36mIDLE[0m
[robot_decision-1] [1746718457.429]: BothOutpostAlive          [31mFAILURE[0m -> [36mIDLE[0m
[robot_decision-1] [1746718457.429]: BaseStatusLogic           [33mRUNNING[0m -> [31mFAILURE[0m
[robot_decision-1] [1746718457.429]: HealthCheck               [31mFAILURE[0m -> [36mIDLE[0m
[robot_decision-1] [1746718457.429]: BaseStatusLogic           [31mFAILURE[0m -> [36mIDLE[0m
[robot_decision-1] [1746718457.429]: ActionSequence            [33mRUNNING[0m -> [31mFAILURE[0m
[robot_decision-1] [1746718457.429]: Subscribers               [32mSUCCESS[0m -> [36mIDLE[0m
[robot_decision-1] [1746718457.429]: ActionSequence            [31mFAILURE[0m -> [36mIDLE[0m
[robot_decision-1] [1746718457.429]: RootSequence              [33mRUNNING[0m -> [31mFAILURE[0m
[robot_decision-1] [1746718457.429]: RootSequence              [31mFAILURE[0m -> [36mIDLE[0m
[robot_decision-1] [1746718457.629]: RootSequence              [36mIDLE[0m -> [33mRUNNING[0m
[robot_decision-1] [1746718457.629]: Subscribers               [36mIDLE[0m -> [33mRUNNING[0m
[robot_decision-1] [INFO] [1746718457.629248637] [robot_decision]: [IfHealthSub] health value: 500
[robot_decision-1] [INFO] [1746718457.629328436] [robot_decision]: [OurOutpostSub] our outpost health value: 1500
[robot_decision-1] [INFO] [1746718457.629358703] [robot_decision]: [EnemyOutpostSub] enemy outpost health value: 1500
[robot_decision-1] [ERROR] [1746718457.629397295] [IfHealth]: [CheckIfHealth] Missing health_value input
[robot_decision-1] [ERROR] [1746718457.629425027] [IfHealth]: [CheckIfHealth] Missing health_value input
[robot_decision-1] [ERROR] [1746718457.629446477] [IfHealth]: [CheckIfHealth] Missing health_value input
[robot_decision-1] [ERROR] [1746718457.629468879] [IfHealth]: [CheckIfHealth] Missing health_value input
[robot_decision-1] [1746718457.629]: IfHealthSub               [36mIDLE[0m -> [32mSUCCESS[0m
[robot_decision-1] [1746718457.629]: OurOutpostSub             [36mIDLE[0m -> [32mSUCCESS[0m
[robot_decision-1] [1746718457.629]: EnemyOutpostSub           [36mIDLE[0m -> [32mSUCCESS[0m
[robot_decision-1] [1746718457.629]: IfHealthSub               [32mSUCCESS[0m -> [36mIDLE[0m
[robot_decision-1] [1746718457.629]: OurOutpostSub             [32mSUCCESS[0m -> [36mIDLE[0m
[robot_decision-1] [1746718457.629]: EnemyOutpostSub           [32mSUCCESS[0m -> [36mIDLE[0m
[robot_decision-1] [1746718457.629]: Subscribers               [33mRUNNING[0m -> [32mSUCCESS[0m
[robot_decision-1] [1746718457.629]: ActionSequence            [36mIDLE[0m -> [33mRUNNING[0m
[robot_decision-1] [1746718457.629]: HealthCheck               [36mIDLE[0m -> [33mRUNNING[0m
[robot_decision-1] [1746718457.629]: CheckIfHealth             [36mIDLE[0m -> [31mFAILURE[0m
[robot_decision-1] [1746718457.629]: CheckIfHealth             [31mFAILURE[0m -> [36mIDLE[0m
[robot_decision-1] [1746718457.629]: HealthCheck               [33mRUNNING[0m -> [31mFAILURE[0m
[robot_decision-1] [1746718457.629]: BaseStatusLogic           [36mIDLE[0m -> [33mRUNNING[0m
[robot_decision-1] [1746718457.629]: OurOutpostDead            [36mIDLE[0m -> [33mRUNNING[0m
[robot_decision-1] [1746718457.629]: CheckIfHealth             [36mIDLE[0m -> [31mFAILURE[0m
[robot_decision-1] [1746718457.629]: CheckIfHealth             [31mFAILURE[0m -> [36mIDLE[0m
[robot_decision-1] [1746718457.629]: OurOutpostDead            [33mRUNNING[0m -> [31mFAILURE[0m
[robot_decision-1] [1746718457.629]: EnemyOutpostDead          [36mIDLE[0m -> [33mRUNNING[0m
[robot_decision-1] [1746718457.629]: CheckIfHealth             [36mIDLE[0m -> [31mFAILURE[0m
[robot_decision-1] [1746718457.629]: CheckIfHealth             [31mFAILURE[0m -> [36mIDLE[0m
[robot_decision-1] [1746718457.629]: EnemyOutpostDead          [33mRUNNING[0m -> [31mFAILURE[0m
[robot_decision-1] [1746718457.629]: BothOutpostAlive          [36mIDLE[0m -> [33mRUNNING[0m
[robot_decision-1] [1746718457.629]: CheckIfHealth             [36mIDLE[0m -> [31mFAILURE[0m
[robot_decision-1] [1746718457.629]: CheckIfHealth             [31mFAILURE[0m -> [36mIDLE[0m
[robot_decision-1] [1746718457.629]: BothOutpostAlive          [33mRUNNING[0m -> [31mFAILURE[0m
[robot_decision-1] [1746718457.629]: OurOutpostDead            [31mFAILURE[0m -> [36mIDLE[0m
[robot_decision-1] [1746718457.629]: EnemyOutpostDead          [31mFAILURE[0m -> [36mIDLE[0m
[robot_decision-1] [1746718457.629]: BothOutpostAlive          [31mFAILURE[0m -> [36mIDLE[0m
[robot_decision-1] [1746718457.629]: BaseStatusLogic           [33mRUNNING[0m -> [31mFAILURE[0m
[robot_decision-1] [1746718457.629]: HealthCheck               [31mFAILURE[0m -> [36mIDLE[0m
[robot_decision-1] [1746718457.629]: BaseStatusLogic           [31mFAILURE[0m -> [36mIDLE[0m
[robot_decision-1] [1746718457.629]: ActionSequence            [33mRUNNING[0m -> [31mFAILURE[0m
[robot_decision-1] [1746718457.629]: Subscribers               [32mSUCCESS[0m -> [36mIDLE[0m
[robot_decision-1] [1746718457.629]: ActionSequence            [31mFAILURE[0m -> [36mIDLE[0m
[robot_decision-1] [1746718457.629]: RootSequence              [33mRUNNING[0m -> [31mFAILURE[0m
[robot_decision-1] [1746718457.629]: RootSequence              [31mFAILURE[0m -> [36mIDLE[0m
[robot_decision-1] [1746718457.830]: RootSequence              [36mIDLE[0m -> [33mRUNNING[0m
[robot_decision-1] [1746718457.830]: Subscribers               [36mIDLE[0m -> [33mRUNNING[0m
[robot_decision-1] [INFO] [1746718457.829910681] [robot_decision]: [IfHealthSub] health value: 500
[robot_decision-1] [INFO] [1746718457.830049611] [robot_decision]: [OurOutpostSub] our outpost health value: 1500
[robot_decision-1] [INFO] [1746718457.830108812] [robot_decision]: [EnemyOutpostSub] enemy outpost health value: 1500
[robot_decision-1] [1746718457.830]: IfHealthSub               [36mIDLE[0m -> [32mSUCCESS[0m
[robot_decision-1] [1746718457.830]: OurOutpostSub             [36mIDLE[0m -> [32mSUCCESS[0m
[robot_decision-1] [1746718457.830]: EnemyOutpostSub           [36mIDLE[0m -> [32mSUCCESS[0m
[robot_decision-1] [1746718457.830]: IfHealthSub               [32mSUCCESS[0m -> [36mIDLE[0m
[robot_decision-1] [1746718457.830]: OurOutpostSub             [32mSUCCESS[0m -> [36mIDLE[0m
[robot_decision-1] [1746718457.830]: EnemyOutpostSub           [32mSUCCESS[0m -> [36mIDLE[0m
[robot_decision-1] [1746718457.830]: Subscribers               [33mRUNNING[0m -> [32mSUCCESS[0m
[robot_decision-1] [1746718457.830]: ActionSequence            [36mIDLE[0m -> [33mRUNNING[0m
[robot_decision-1] [1746718457.830]: HealthCheck               [36mIDLE[0m -> [33mRUNNING[0m
[robot_decision-1] [1746718457.830]: CheckIfHealth             [36mIDLE[0m -> [31mFAILURE[0m
[robot_decision-1] [1746718457.830]: CheckIfHealth             [31mFAILURE[0m -> [36mIDLE[0m
[robot_decision-1] [1746718457.830]: HealthCheck               [33mRUNNING[0m -> [31mFAILURE[0m
[robot_decision-1] [1746718457.830]: BaseStatusLogic           [36mIDLE[0m -> [33mRUNNING[0m
[robot_decision-1] [1746718457.830]: OurOutpostDead            [36mIDLE[0m -> [33mRUNNING[0m
[robot_decision-1] [1746718457.830]: CheckIfHealth             [36mIDLE[0m -> [31mFAILURE[0m
[robot_decision-1] [1746718457.830]: CheckIfHealth             [31mFAILURE[0m -> [36mIDLE[0m
[robot_decision-1] [1746718457.830]: OurOutpostDead            [33mRUNNING[0m -> [31mFAILURE[0m
[robot_decision-1] [1746718457.830]: EnemyOutpostDead          [36mIDLE[0m -> [33mRUNNING[0m
[robot_decision-1] [1746718457.830]: CheckIfHealth             [36mIDLE[0m -> [31mFAILURE[0m
[robot_decision-1] [1746718457.830]: CheckIfHealth             [31mFAILURE[0m -> [36mIDLE[0m
[robot_decision-1] [1746718457.830]: EnemyOutpostDead          [33mRUNNING[0m -> [31mFAILURE[0m
[robot_decision-1] [1746718457.830]: BothOutpostAlive          [36mIDLE[0m -> [33mRUNNING[0m
[robot_decision-1] [1746718457.830]: CheckIfHealth             [36mIDLE[0m -> [31mFAILURE[0m
[robot_decision-1] [1746718457.830]: CheckIfHealth             [31mFAILURE[0m -> [36mIDLE[0m
[robot_decision-1] [1746718457.830]: BothOutpostAlive          [33mRUNNING[0m -> [31mFAILURE[0m
[robot_decision-1] [1746718457.830]: OurOutpostDead            [31mFAILURE[0m -> [36mIDLE[0m
[robot_decision-1] [1746718457.830]: EnemyOutpostDead          [31mFAILURE[0m -> [36mIDLE[0m
[robot_decision-1] [1746718457.830]: BothOutpostAlive          [31mFAILURE[0m -> [36mIDLE[0m
[robot_decision-1] [1746718457.830]: BaseStatusLogic           [33mRUNNING[0m -> [31mFAILURE[0m
[robot_decision-1] [1746718457.830]: HealthCheck               [31mFAILURE[0m -> [36mIDLE[0m
[robot_decision-1] [1746718457.830]: BaseStatusLogic           [31mFAILURE[0m -> [36mIDLE[0m
[robot_decision-1] [1746718457.830]: ActionSequence            [33mRUNNING[0m -> [31mFAILURE[0m
[robot_decision-1] [1746718457.830]: Subscribers               [32mSUCCESS[0m -> [36mIDLE[0m
[robot_decision-1] [1746718457.830]: ActionSequence            [31mFAILURE[0m -> [36mIDLE[0m
[robot_decision-1] [1746718457.830]: RootSequence              [33mRUNNING[0m -> [31mFAILURE[0m
[robot_decision-1] [1746718457.830]: RootSequence              [31mFAILURE[0m -> [36mIDLE[0m
[robot_decision-1] [ERROR] [1746718457.830168914] [IfHealth]: [CheckIfHealth] Missing health_value input
[robot_decision-1] [ERROR] [1746718457.830203959] [IfHealth]: [CheckIfHealth] Missing health_value input
[robot_decision-1] [ERROR] [1746718457.830227523] [IfHealth]: [CheckIfHealth] Missing health_value input
[robot_decision-1] [ERROR] [1746718457.830251799] [IfHealth]: [CheckIfHealth] Missing health_value input
[robot_decision-1] [1746718458.030]: RootSequence              [36mIDLE[0m -> [33mRUNNING[0m
[robot_decision-1] [1746718458.030]: Subscribers               [36mIDLE[0m -> [33mRUNNING[0m
[robot_decision-1] [INFO] [1746718458.030481304] [robot_decision]: [IfHealthSub] health value: 500
[robot_decision-1] [INFO] [1746718458.030554912] [robot_decision]: [OurOutpostSub] our outpost health value: 1500
[robot_decision-1] [INFO] [1746718458.030588424] [robot_decision]: [EnemyOutpostSub] enemy outpost health value: 1500
[robot_decision-1] [ERROR] [1746718458.030630543] [IfHealth]: [CheckIfHealth] Missing health_value input
[robot_decision-1] [ERROR] [1746718458.030658435] [IfHealth]: [CheckIfHealth] Missing health_value input
[robot_decision-1] [ERROR] [1746718458.030681448] [IfHealth]: [CheckIfHealth] Missing health_value input
[robot_decision-1] [ERROR] [1746718458.030703930] [IfHealth]: [CheckIfHealth] Missing health_value input
[robot_decision-1] [1746718458.031]: IfHealthSub               [36mIDLE[0m -> [32mSUCCESS[0m
[robot_decision-1] [1746718458.031]: OurOutpostSub             [36mIDLE[0m -> [32mSUCCESS[0m
[robot_decision-1] [1746718458.031]: EnemyOutpostSub           [36mIDLE[0m -> [32mSUCCESS[0m
[robot_decision-1] [1746718458.031]: IfHealthSub               [32mSUCCESS[0m -> [36mIDLE[0m
[robot_decision-1] [1746718458.031]: OurOutpostSub             [32mSUCCESS[0m -> [36mIDLE[0m
[robot_decision-1] [1746718458.031]: EnemyOutpostSub           [32mSUCCESS[0m -> [36mIDLE[0m
[robot_decision-1] [1746718458.031]: Subscribers               [33mRUNNING[0m -> [32mSUCCESS[0m
[robot_decision-1] [1746718458.031]: ActionSequence            [36mIDLE[0m -> [33mRUNNING[0m
[robot_decision-1] [1746718458.031]: HealthCheck               [36mIDLE[0m -> [33mRUNNING[0m
[robot_decision-1] [1746718458.031]: CheckIfHealth             [36mIDLE[0m -> [31mFAILURE[0m
[robot_decision-1] [1746718458.031]: CheckIfHealth             [31mFAILURE[0m -> [36mIDLE[0m
[robot_decision-1] [1746718458.031]: HealthCheck               [33mRUNNING[0m -> [31mFAILURE[0m
[robot_decision-1] [1746718458.031]: BaseStatusLogic           [36mIDLE[0m -> [33mRUNNING[0m
[robot_decision-1] [1746718458.031]: OurOutpostDead            [36mIDLE[0m -> [33mRUNNING[0m
[robot_decision-1] [1746718458.031]: CheckIfHealth             [36mIDLE[0m -> [31mFAILURE[0m
[robot_decision-1] [1746718458.031]: CheckIfHealth             [31mFAILURE[0m -> [36mIDLE[0m
[robot_decision-1] [1746718458.031]: OurOutpostDead            [33mRUNNING[0m -> [31mFAILURE[0m
[robot_decision-1] [1746718458.031]: EnemyOutpostDead          [36mIDLE[0m -> [33mRUNNING[0m
[robot_decision-1] [1746718458.031]: CheckIfHealth             [36mIDLE[0m -> [31mFAILURE[0m
[robot_decision-1] [1746718458.031]: CheckIfHealth             [31mFAILURE[0m -> [36mIDLE[0m
[robot_decision-1] [1746718458.031]: EnemyOutpostDead          [33mRUNNING[0m -> [31mFAILURE[0m
[robot_decision-1] [1746718458.031]: BothOutpostAlive          [36mIDLE[0m -> [33mRUNNING[0m
[robot_decision-1] [1746718458.031]: CheckIfHealth             [36mIDLE[0m -> [31mFAILURE[0m
[robot_decision-1] [1746718458.031]: CheckIfHealth             [31mFAILURE[0m -> [36mIDLE[0m
[robot_decision-1] [1746718458.031]: BothOutpostAlive          [33mRUNNING[0m -> [31mFAILURE[0m
[robot_decision-1] [1746718458.031]: OurOutpostDead            [31mFAILURE[0m -> [36mIDLE[0m
[robot_decision-1] [1746718458.031]: EnemyOutpostDead          [31mFAILURE[0m -> [36mIDLE[0m
[robot_decision-1] [1746718458.031]: BothOutpostAlive          [31mFAILURE[0m -> [36mIDLE[0m
[robot_decision-1] [1746718458.031]: BaseStatusLogic           [33mRUNNING[0m -> [31mFAILURE[0m
[robot_decision-1] [1746718458.031]: HealthCheck               [31mFAILURE[0m -> [36mIDLE[0m
[robot_decision-1] [1746718458.031]: BaseStatusLogic           [31mFAILURE[0m -> [36mIDLE[0m
[robot_decision-1] [1746718458.031]: ActionSequence            [33mRUNNING[0m -> [31mFAILURE[0m
[robot_decision-1] [1746718458.031]: Subscribers               [32mSUCCESS[0m -> [36mIDLE[0m
[robot_decision-1] [1746718458.031]: ActionSequence            [31mFAILURE[0m -> [36mIDLE[0m
[robot_decision-1] [1746718458.031]: RootSequence              [33mRUNNING[0m -> [31mFAILURE[0m
[robot_decision-1] [1746718458.031]: RootSequence              [31mFAILURE[0m -> [36mIDLE[0m
[robot_decision-1] [1746718458.231]: RootSequence              [36mIDLE[0m -> [33mRUNNING[0m
[robot_decision-1] [1746718458.231]: Subscribers               [36mIDLE[0m -> [33mRUNNING[0m
[robot_decision-1] [1746718458.231]: IfHealthSub               [36mIDLE[0m -> [32mSUCCESS[0m
[robot_decision-1] [1746718458.231]: OurOutpostSub             [36mIDLE[0m -> [32mSUCCESS[0m
[robot_decision-1] [1746718458.231]: EnemyOutpostSub           [36mIDLE[0m -> [32mSUCCESS[0m
[robot_decision-1] [1746718458.231]: IfHealthSub               [32mSUCCESS[0m -> [36mIDLE[0m
[robot_decision-1] [1746718458.231]: OurOutpostSub             [32mSUCCESS[0m -> [36mIDLE[0m
[robot_decision-1] [1746718458.231]: EnemyOutpostSub           [32mSUCCESS[0m -> [36mIDLE[0m
[robot_decision-1] [1746718458.231]: Subscribers               [33mRUNNING[0m -> [32mSUCCESS[0m
[robot_decision-1] [1746718458.231]: ActionSequence            [36mIDLE[0m -> [33mRUNNING[0m
[robot_decision-1] [1746718458.231]: HealthCheck               [36mIDLE[0m -> [33mRUNNING[0m
[robot_decision-1] [1746718458.231]: CheckIfHealth             [36mIDLE[0m -> [31mFAILURE[0m
[robot_decision-1] [1746718458.231]: CheckIfHealth             [31mFAILURE[0m -> [36mIDLE[0m
[robot_decision-1] [1746718458.231]: HealthCheck               [33mRUNNING[0m -> [31mFAILURE[0m
[robot_decision-1] [1746718458.231]: BaseStatusLogic           [36mIDLE[0m -> [33mRUNNING[0m
[robot_decision-1] [1746718458.231]: OurOutpostDead            [36mIDLE[0m -> [33mRUNNING[0m
[robot_decision-1] [1746718458.231]: CheckIfHealth             [36mIDLE[0m -> [31mFAILURE[0m
[robot_decision-1] [1746718458.231]: CheckIfHealth             [31mFAILURE[0m -> [36mIDLE[0m
[robot_decision-1] [1746718458.231]: OurOutpostDead            [33mRUNNING[0m -> [31mFAILURE[0m
[robot_decision-1] [1746718458.231]: EnemyOutpostDead          [36mIDLE[0m -> [33mRUNNING[0m
[robot_decision-1] [1746718458.232]: CheckIfHealth             [36mIDLE[0m -> [31mFAILURE[0m
[robot_decision-1] [1746718458.232]: CheckIfHealth             [31mFAILURE[0m -> [36mIDLE[0m
[robot_decision-1] [1746718458.232]: EnemyOutpostDead          [33mRUNNING[0m -> [31mFAILURE[0m
[robot_decision-1] [INFO] [1746718458.231158232] [robot_decision]: [IfHealthSub] health value: 500
[robot_decision-1] [INFO] [1746718458.231321707] [robot_decision]: [OurOutpostSub] our outpost health value: 1500
[robot_decision-1] [INFO] [1746718458.231368054] [robot_decision]: [EnemyOutpostSub] enemy outpost health value: 1500
[robot_decision-1] [ERROR] [1746718458.231433396] [IfHealth]: [CheckIfHealth] Missing health_value input
[robot_decision-1] [ERROR] [1746718458.231466067] [IfHealth]: [CheckIfHealth] Missing health_value input
[robot_decision-1] [ERROR] [1746718458.231495612] [IfHealth]: [CheckIfHealth] Missing health_value input
[robot_decision-1] [1746718458.232]: BothOutpostAlive          [36mIDLE[0m -> [33mRUNNING[0m
[robot_decision-1] [1746718458.232]: CheckIfHealth             [36mIDLE[0m -> [31mFAILURE[0m
[robot_decision-1] [1746718458.232]: CheckIfHealth             [31mFAILURE[0m -> [36mIDLE[0m
[robot_decision-1] [1746718458.232]: BothOutpostAlive          [33mRUNNING[0m -> [31mFAILURE[0m
[robot_decision-1] [1746718458.232]: OurOutpostDead            [31mFAILURE[0m -> [36mIDLE[0m
[robot_decision-1] [1746718458.232]: EnemyOutpostDead          [31mFAILURE[0m -> [36mIDLE[0m
[robot_decision-1] [1746718458.232]: BothOutpostAlive          [31mFAILURE[0m -> [36mIDLE[0m
[robot_decision-1] [1746718458.232]: BaseStatusLogic           [33mRUNNING[0m -> [31mFAILURE[0m
[robot_decision-1] [1746718458.232]: HealthCheck               [31mFAILURE[0m -> [36mIDLE[0m
[robot_decision-1] [1746718458.232]: BaseStatusLogic           [31mFAILURE[0m -> [36mIDLE[0m
[robot_decision-1] [1746718458.232]: ActionSequence            [33mRUNNING[0m -> [31mFAILURE[0m
[robot_decision-1] [1746718458.232]: Subscribers               [32mSUCCESS[0m -> [36mIDLE[0m
[robot_decision-1] [1746718458.232]: ActionSequence            [31mFAILURE[0m -> [36mIDLE[0m
[robot_decision-1] [1746718458.232]: RootSequence              [33mRUNNING[0m -> [31mFAILURE[0m
[robot_decision-1] [1746718458.232]: RootSequence              [31mFAILURE[0m -> [36mIDLE[0m
[robot_decision-1] [ERROR] [1746718458.231526460] [IfHealth]: [CheckIfHealth] Missing health_value input
[robot_decision-1] [1746718458.432]: RootSequence              [36mIDLE[0m -> [33mRUNNING[0m
[robot_decision-1] [1746718458.432]: Subscribers               [36mIDLE[0m -> [33mRUNNING[0m
[robot_decision-1] [INFO] [1746718458.431945405] [robot_decision]: [IfHealthSub] health value: 500
[robot_decision-1] [INFO] [1746718458.432170115] [robot_decision]: [OurOutpostSub] our outpost health value: 1500
[robot_decision-1] [INFO] [1746718458.432249724] [robot_decision]: [EnemyOutpostSub] enemy outpost health value: 1500
[robot_decision-1] [ERROR] [1746718458.432332268] [IfHealth]: [CheckIfHealth] Missing health_value input
[robot_decision-1] [ERROR] [1746718458.432388323] [IfHealth]: [CheckIfHealth] Missing health_value input
[robot_decision-1] [ERROR] [1746718458.432415273] [IfHealth]: [CheckIfHealth] Missing health_value input
[robot_decision-1] [ERROR] [1746718458.432450900] [IfHealth]: [CheckIfHealth] Missing health_value input
[robot_decision-1] [1746718458.432]: IfHealthSub               [36mIDLE[0m -> [32mSUCCESS[0m
[robot_decision-1] [1746718458.432]: OurOutpostSub             [36mIDLE[0m -> [32mSUCCESS[0m
[robot_decision-1] [1746718458.432]: EnemyOutpostSub           [36mIDLE[0m -> [32mSUCCESS[0m
[robot_decision-1] [1746718458.432]: IfHealthSub               [32mSUCCESS[0m -> [36mIDLE[0m
[robot_decision-1] [1746718458.432]: OurOutpostSub             [32mSUCCESS[0m -> [36mIDLE[0m
[robot_decision-1] [1746718458.432]: EnemyOutpostSub           [32mSUCCESS[0m -> [36mIDLE[0m
[robot_decision-1] [1746718458.432]: Subscribers               [33mRUNNING[0m -> [32mSUCCESS[0m
[robot_decision-1] [1746718458.432]: ActionSequence            [36mIDLE[0m -> [33mRUNNING[0m
[robot_decision-1] [1746718458.432]: HealthCheck               [36mIDLE[0m -> [33mRUNNING[0m
[robot_decision-1] [1746718458.432]: CheckIfHealth             [36mIDLE[0m -> [31mFAILURE[0m
[robot_decision-1] [1746718458.432]: CheckIfHealth             [31mFAILURE[0m -> [36mIDLE[0m
[robot_decision-1] [1746718458.432]: HealthCheck               [33mRUNNING[0m -> [31mFAILURE[0m
[robot_decision-1] [1746718458.432]: BaseStatusLogic           [36mIDLE[0m -> [33mRUNNING[0m
[robot_decision-1] [1746718458.432]: OurOutpostDead            [36mIDLE[0m -> [33mRUNNING[0m
[robot_decision-1] [1746718458.432]: CheckIfHealth             [36mIDLE[0m -> [31mFAILURE[0m
[robot_decision-1] [1746718458.432]: CheckIfHealth             [31mFAILURE[0m -> [36mIDLE[0m
[robot_decision-1] [1746718458.432]: OurOutpostDead            [33mRUNNING[0m -> [31mFAILURE[0m
[robot_decision-1] [1746718458.432]: EnemyOutpostDead          [36mIDLE[0m -> [33mRUNNING[0m
[robot_decision-1] [1746718458.432]: CheckIfHealth             [36mIDLE[0m -> [31mFAILURE[0m
[robot_decision-1] [1746718458.432]: CheckIfHealth             [31mFAILURE[0m -> [36mIDLE[0m
[robot_decision-1] [1746718458.432]: EnemyOutpostDead          [33mRUNNING[0m -> [31mFAILURE[0m
[robot_decision-1] [1746718458.432]: BothOutpostAlive          [36mIDLE[0m -> [33mRUNNING[0m
[robot_decision-1] [1746718458.432]: CheckIfHealth             [36mIDLE[0m -> [31mFAILURE[0m
[robot_decision-1] [1746718458.432]: CheckIfHealth             [31mFAILURE[0m -> [36mIDLE[0m
[robot_decision-1] [1746718458.432]: BothOutpostAlive          [33mRUNNING[0m -> [31mFAILURE[0m
[robot_decision-1] [1746718458.432]: OurOutpostDead            [31mFAILURE[0m -> [36mIDLE[0m
[robot_decision-1] [1746718458.432]: EnemyOutpostDead          [31mFAILURE[0m -> [36mIDLE[0m
[robot_decision-1] [1746718458.432]: BothOutpostAlive          [31mFAILURE[0m -> [36mIDLE[0m
[robot_decision-1] [1746718458.432]: BaseStatusLogic           [33mRUNNING[0m -> [31mFAILURE[0m
[robot_decision-1] [1746718458.432]: HealthCheck               [31mFAILURE[0m -> [36mIDLE[0m
[robot_decision-1] [1746718458.432]: BaseStatusLogic           [31mFAILURE[0m -> [36mIDLE[0m
[robot_decision-1] [1746718458.432]: ActionSequence            [33mRUNNING[0m -> [31mFAILURE[0m
[robot_decision-1] [1746718458.432]: Subscribers               [32mSUCCESS[0m -> [36mIDLE[0m
[robot_decision-1] [1746718458.432]: ActionSequence            [31mFAILURE[0m -> [36mIDLE[0m
[robot_decision-1] [1746718458.432]: RootSequence              [33mRUNNING[0m -> [31mFAILURE[0m
[robot_decision-1] [1746718458.432]: RootSequence              [31mFAILURE[0m -> [36mIDLE[0m
[robot_decision-1] [1746718458.633]: RootSequence              [36mIDLE[0m -> [33mRUNNING[0m
[robot_decision-1] [1746718458.633]: Subscribers               [36mIDLE[0m -> [33mRUNNING[0m
[robot_decision-1] [INFO] [1746718458.632928325] [robot_decision]: [IfHealthSub] health value: 500
[robot_decision-1] [INFO] [1746718458.633085719] [robot_decision]: [OurOutpostSub] our outpost health value: 1500
[robot_decision-1] [1746718458.633]: IfHealthSub               [36mIDLE[0m -> [32mSUCCESS[0m
[robot_decision-1] [1746718458.633]: OurOutpostSub             [36mIDLE[0m -> [32mSUCCESS[0m
[robot_decision-1] [1746718458.633]: EnemyOutpostSub           [36mIDLE[0m -> [32mSUCCESS[0m
[robot_decision-1] [1746718458.633]: IfHealthSub               [32mSUCCESS[0m -> [36mIDLE[0m
[robot_decision-1] [1746718458.633]: OurOutpostSub             [32mSUCCESS[0m -> [36mIDLE[0m
[robot_decision-1] [1746718458.633]: EnemyOutpostSub           [32mSUCCESS[0m -> [36mIDLE[0m
[robot_decision-1] [1746718458.633]: Subscribers               [33mRUNNING[0m -> [32mSUCCESS[0m
[robot_decision-1] [1746718458.633]: ActionSequence            [36mIDLE[0m -> [33mRUNNING[0m
[robot_decision-1] [1746718458.633]: HealthCheck               [36mIDLE[0m -> [33mRUNNING[0m
[robot_decision-1] [1746718458.633]: CheckIfHealth             [36mIDLE[0m -> [31mFAILURE[0m
[robot_decision-1] [1746718458.633]: CheckIfHealth             [31mFAILURE[0m -> [36mIDLE[0m
[robot_decision-1] [1746718458.633]: HealthCheck               [33mRUNNING[0m -> [31mFAILURE[0m
[robot_decision-1] [1746718458.633]: BaseStatusLogic           [36mIDLE[0m -> [33mRUNNING[0m
[robot_decision-1] [1746718458.633]: OurOutpostDead            [36mIDLE[0m -> [33mRUNNING[0m
[robot_decision-1] [1746718458.633]: CheckIfHealth             [36mIDLE[0m -> [31mFAILURE[0m
[robot_decision-1] [1746718458.633]: CheckIfHealth             [31mFAILURE[0m -> [36mIDLE[0m
[robot_decision-1] [1746718458.633]: OurOutpostDead            [33mRUNNING[0m -> [31mFAILURE[0m
[robot_decision-1] [1746718458.633]: EnemyOutpostDead          [36mIDLE[0m -> [33mRUNNING[0m
[robot_decision-1] [1746718458.633]: CheckIfHealth             [36mIDLE[0m -> [31mFAILURE[0m
[robot_decision-1] [1746718458.633]: CheckIfHealth             [31mFAILURE[0m -> [36mIDLE[0m
[robot_decision-1] [1746718458.633]: EnemyOutpostDead          [33mRUNNING[0m -> [31mFAILURE[0m
[robot_decision-1] [1746718458.633]: BothOutpostAlive          [36mIDLE[0m -> [33mRUNNING[0m
[robot_decision-1] [1746718458.633]: CheckIfHealth             [36mIDLE[0m -> [31mFAILURE[0m
[robot_decision-1] [1746718458.633]: CheckIfHealth             [31mFAILURE[0m -> [36mIDLE[0m
[robot_decision-1] [1746718458.633]: BothOutpostAlive          [33mRUNNING[0m -> [31mFAILURE[0m
[robot_decision-1] [1746718458.633]: OurOutpostDead            [31mFAILURE[0m -> [36mIDLE[0m
[robot_decision-1] [1746718458.633]: EnemyOutpostDead          [31mFAILURE[0m -> [36mIDLE[0m
[robot_decision-1] [1746718458.633]: BothOutpostAlive          [31mFAILURE[0m -> [36mIDLE[0m
[robot_decision-1] [1746718458.633]: BaseStatusLogic           [33mRUNNING[0m -> [31mFAILURE[0m
[robot_decision-1] [1746718458.633]: HealthCheck               [31mFAILURE[0m -> [36mIDLE[0m
[robot_decision-1] [1746718458.633]: BaseStatusLogic           [31mFAILURE[0m -> [36mIDLE[0m
[robot_decision-1] [1746718458.633]: ActionSequence            [33mRUNNING[0m -> [31mFAILURE[0m
[robot_decision-1] [1746718458.633]: Subscribers               [32mSUCCESS[0m -> [36mIDLE[0m
[robot_decision-1] [1746718458.633]: ActionSequence            [31mFAILURE[0m -> [36mIDLE[0m
[robot_decision-1] [1746718458.633]: RootSequence              [33mRUNNING[0m -> [31mFAILURE[0m
[robot_decision-1] [1746718458.633]: RootSequence              [31mFAILURE[0m -> [36mIDLE[0m
[robot_decision-1] [INFO] [1746718458.633227133] [robot_decision]: [EnemyOutpostSub] enemy outpost health value: 1500
[robot_decision-1] [ERROR] [1746718458.633293367] [IfHealth]: [CheckIfHealth] Missing health_value input
[robot_decision-1] [ERROR] [1746718458.633327170] [IfHealth]: [CheckIfHealth] Missing health_value input
[robot_decision-1] [ERROR] [1746718458.633362165] [IfHealth]: [CheckIfHealth] Missing health_value input
[robot_decision-1] [ERROR] [1746718458.633385148] [IfHealth]: [CheckIfHealth] Missing health_value input
[robot_decision-1] [1746718458.833]: RootSequence              [36mIDLE[0m -> [33mRUNNING[0m
[robot_decision-1] [1746718458.834]: Subscribers               [36mIDLE[0m -> [33mRUNNING[0m
[robot_decision-1] [INFO] [1746718458.833645217] [robot_decision]: [IfHealthSub] health value: 500
[robot_decision-1] [INFO] [1746718458.833732610] [robot_decision]: [OurOutpostSub] our outpost health value: 1500
[robot_decision-1] [INFO] [1746718458.833864807] [robot_decision]: [EnemyOutpostSub] enemy outpost health value: 1500
[robot_decision-1] [ERROR] [1746718458.833920491] [IfHealth]: [CheckIfHealth] Missing health_value input
[robot_decision-1] [ERROR] [1746718458.833951018] [IfHealth]: [CheckIfHealth] Missing health_value input
[robot_decision-1] [ERROR] [1746718458.833975313] [IfHealth]: [CheckIfHealth] Missing health_value input
[robot_decision-1] [ERROR] [1746718458.833999328] [IfHealth]: [CheckIfHealth] Missing health_value input
[robot_decision-1] [1746718458.834]: IfHealthSub               [36mIDLE[0m -> [32mSUCCESS[0m
[robot_decision-1] [1746718458.834]: OurOutpostSub             [36mIDLE[0m -> [32mSUCCESS[0m
[robot_decision-1] [1746718458.834]: EnemyOutpostSub           [36mIDLE[0m -> [32mSUCCESS[0m
[robot_decision-1] [1746718458.834]: IfHealthSub               [32mSUCCESS[0m -> [36mIDLE[0m
[robot_decision-1] [1746718458.834]: OurOutpostSub             [32mSUCCESS[0m -> [36mIDLE[0m
[robot_decision-1] [1746718458.834]: EnemyOutpostSub           [32mSUCCESS[0m -> [36mIDLE[0m
[robot_decision-1] [1746718458.834]: Subscribers               [33mRUNNING[0m -> [32mSUCCESS[0m
[robot_decision-1] [1746718458.834]: ActionSequence            [36mIDLE[0m -> [33mRUNNING[0m
[robot_decision-1] [1746718458.834]: HealthCheck               [36mIDLE[0m -> [33mRUNNING[0m
[robot_decision-1] [1746718458.834]: CheckIfHealth             [36mIDLE[0m -> [31mFAILURE[0m
[robot_decision-1] [1746718458.834]: CheckIfHealth             [31mFAILURE[0m -> [36mIDLE[0m
[robot_decision-1] [1746718458.834]: HealthCheck               [33mRUNNING[0m -> [31mFAILURE[0m
[robot_decision-1] [1746718458.834]: BaseStatusLogic           [36mIDLE[0m -> [33mRUNNING[0m
[robot_decision-1] [1746718458.834]: OurOutpostDead            [36mIDLE[0m -> [33mRUNNING[0m
[robot_decision-1] [1746718458.834]: CheckIfHealth             [36mIDLE[0m -> [31mFAILURE[0m
[robot_decision-1] [1746718458.834]: CheckIfHealth             [31mFAILURE[0m -> [36mIDLE[0m
[robot_decision-1] [1746718458.834]: OurOutpostDead            [33mRUNNING[0m -> [31mFAILURE[0m
[robot_decision-1] [1746718458.834]: EnemyOutpostDead          [36mIDLE[0m -> [33mRUNNING[0m
[robot_decision-1] [1746718458.834]: CheckIfHealth             [36mIDLE[0m -> [31mFAILURE[0m
[robot_decision-1] [1746718458.834]: CheckIfHealth             [31mFAILURE[0m -> [36mIDLE[0m
[robot_decision-1] [1746718458.834]: EnemyOutpostDead          [33mRUNNING[0m -> [31mFAILURE[0m
[robot_decision-1] [1746718458.834]: BothOutpostAlive          [36mIDLE[0m -> [33mRUNNING[0m
[robot_decision-1] [1746718458.834]: CheckIfHealth             [36mIDLE[0m -> [31mFAILURE[0m
[robot_decision-1] [1746718458.834]: CheckIfHealth             [31mFAILURE[0m -> [36mIDLE[0m
[robot_decision-1] [1746718458.834]: BothOutpostAlive          [33mRUNNING[0m -> [31mFAILURE[0m
[robot_decision-1] [1746718458.834]: OurOutpostDead            [31mFAILURE[0m -> [36mIDLE[0m
[robot_decision-1] [1746718458.834]: EnemyOutpostDead          [31mFAILURE[0m -> [36mIDLE[0m
[robot_decision-1] [1746718458.834]: BothOutpostAlive          [31mFAILURE[0m -> [36mIDLE[0m
[robot_decision-1] [1746718458.834]: BaseStatusLogic           [33mRUNNING[0m -> [31mFAILURE[0m
[robot_decision-1] [1746718458.834]: HealthCheck               [31mFAILURE[0m -> [36mIDLE[0m
[robot_decision-1] [1746718458.834]: BaseStatusLogic           [31mFAILURE[0m -> [36mIDLE[0m
[robot_decision-1] [1746718458.834]: ActionSequence            [33mRUNNING[0m -> [31mFAILURE[0m
[robot_decision-1] [1746718458.834]: Subscribers               [32mSUCCESS[0m -> [36mIDLE[0m
[robot_decision-1] [1746718458.834]: ActionSequence            [31mFAILURE[0m -> [36mIDLE[0m
[robot_decision-1] [1746718458.834]: RootSequence              [33mRUNNING[0m -> [31mFAILURE[0m
[robot_decision-1] [1746718458.834]: RootSequence              [31mFAILURE[0m -> [36mIDLE[0m
[robot_decision-1] [1746718459.034]: RootSequence              [36mIDLE[0m -> [33mRUNNING[0m
[robot_decision-1] [1746718459.034]: Subscribers               [36mIDLE[0m -> [33mRUNNING[0m
[robot_decision-1] [INFO] [1746718459.034391874] [robot_decision]: [IfHealthSub] health value: 500
[robot_decision-1] [INFO] [1746718459.034556151] [robot_decision]: [OurOutpostSub] our outpost health value: 1500
[robot_decision-1] [1746718459.035]: IfHealthSub               [36mIDLE[0m -> [32mSUCCESS[0m
[robot_decision-1] [1746718459.035]: OurOutpostSub             [36mIDLE[0m -> [32mSUCCESS[0m
[robot_decision-1] [1746718459.035]: EnemyOutpostSub           [36mIDLE[0m -> [32mSUCCESS[0m
[robot_decision-1] [1746718459.035]: IfHealthSub               [32mSUCCESS[0m -> [36mIDLE[0m
[robot_decision-1] [1746718459.035]: OurOutpostSub             [32mSUCCESS[0m -> [36mIDLE[0m
[robot_decision-1] [1746718459.035]: EnemyOutpostSub           [32mSUCCESS[0m -> [36mIDLE[0m
[robot_decision-1] [1746718459.035]: Subscribers               [33mRUNNING[0m -> [32mSUCCESS[0m
[robot_decision-1] [1746718459.035]: ActionSequence            [36mIDLE[0m -> [33mRUNNING[0m
[robot_decision-1] [1746718459.035]: HealthCheck               [36mIDLE[0m -> [33mRUNNING[0m
[robot_decision-1] [1746718459.035]: CheckIfHealth             [36mIDLE[0m -> [31mFAILURE[0m
[robot_decision-1] [1746718459.035]: CheckIfHealth             [31mFAILURE[0m -> [36mIDLE[0m
[robot_decision-1] [1746718459.035]: HealthCheck               [33mRUNNING[0m -> [31mFAILURE[0m
[robot_decision-1] [1746718459.035]: BaseStatusLogic           [36mIDLE[0m -> [33mRUNNING[0m
[robot_decision-1] [1746718459.035]: OurOutpostDead            [36mIDLE[0m -> [33mRUNNING[0m
[robot_decision-1] [1746718459.035]: CheckIfHealth             [36mIDLE[0m -> [31mFAILURE[0m
[robot_decision-1] [1746718459.035]: CheckIfHealth             [31mFAILURE[0m -> [36mIDLE[0m
[robot_decision-1] [1746718459.035]: OurOutpostDead            [33mRUNNING[0m -> [31mFAILURE[0m
[robot_decision-1] [1746718459.035]: EnemyOutpostDead          [36mIDLE[0m -> [33mRUNNING[0m
[robot_decision-1] [1746718459.035]: CheckIfHealth             [36mIDLE[0m -> [31mFAILURE[0m
[robot_decision-1] [1746718459.035]: CheckIfHealth             [31mFAILURE[0m -> [36mIDLE[0m
[robot_decision-1] [1746718459.035]: EnemyOutpostDead          [33mRUNNING[0m -> [31mFAILURE[0m
[robot_decision-1] [1746718459.035]: BothOutpostAlive          [36mIDLE[0m -> [33mRUNNING[0m
[robot_decision-1] [1746718459.035]: CheckIfHealth             [36mIDLE[0m -> [31mFAILURE[0m
[robot_decision-1] [1746718459.035]: CheckIfHealth             [31mFAILURE[0m -> [36mIDLE[0m
[robot_decision-1] [1746718459.035]: BothOutpostAlive          [33mRUNNING[0m -> [31mFAILURE[0m
[robot_decision-1] [1746718459.035]: OurOutpostDead            [31mFAILURE[0m -> [36mIDLE[0m
[robot_decision-1] [1746718459.035]: EnemyOutpostDead          [31mFAILURE[0m -> [36mIDLE[0m
[robot_decision-1] [1746718459.035]: BothOutpostAlive          [31mFAILURE[0m -> [36mIDLE[0m
[robot_decision-1] [1746718459.035]: BaseStatusLogic           [33mRUNNING[0m -> [31mFAILURE[0m
[robot_decision-1] [1746718459.035]: HealthCheck               [31mFAILURE[0m -> [36mIDLE[0m
[robot_decision-1] [1746718459.035]: BaseStatusLogic           [31mFAILURE[0m -> [36mIDLE[0m
[robot_decision-1] [1746718459.035]: ActionSequence            [33mRUNNING[0m -> [31mFAILURE[0m
[robot_decision-1] [1746718459.035]: Subscribers               [32mSUCCESS[0m -> [36mIDLE[0m
[robot_decision-1] [1746718459.035]: ActionSequence            [31mFAILURE[0m -> [36mIDLE[0m
[robot_decision-1] [1746718459.035]: RootSequence              [33mRUNNING[0m -> [31mFAILURE[0m
[robot_decision-1] [1746718459.035]: RootSequence              [31mFAILURE[0m -> [36mIDLE[0m
[robot_decision-1] [INFO] [1746718459.034610011] [robot_decision]: [EnemyOutpostSub] enemy outpost health value: 1500
[robot_decision-1] [ERROR] [1746718459.034695181] [IfHealth]: [CheckIfHealth] Missing health_value input
[robot_decision-1] [ERROR] [1746718459.034734394] [IfHealth]: [CheckIfHealth] Missing health_value input
[robot_decision-1] [ERROR] [1746718459.034772655] [IfHealth]: [CheckIfHealth] Missing health_value input
[robot_decision-1] [ERROR] [1746718459.034794346] [IfHealth]: [CheckIfHealth] Missing health_value input
[robot_decision-1] [1746718459.235]: RootSequence              [36mIDLE[0m -> [33mRUNNING[0m
[robot_decision-1] [1746718459.235]: Subscribers               [36mIDLE[0m -> [33mRUNNING[0m
[robot_decision-1] [INFO] [1746718459.235053749] [robot_decision]: [IfHealthSub] health value: 500
[robot_decision-1] [INFO] [1746718459.235129671] [robot_decision]: [OurOutpostSub] our outpost health value: 1500
[robot_decision-1] [INFO] [1746718459.235157473] [robot_decision]: [EnemyOutpostSub] enemy outpost health value: 1500
[robot_decision-1] [ERROR] [1746718459.235190014] [IfHealth]: [CheckIfHealth] Missing health_value input
[robot_decision-1] [ERROR] [1746718459.235210141] [IfHealth]: [CheckIfHealth] Missing health_value input
[robot_decision-1] [ERROR] [1746718459.235227313] [IfHealth]: [CheckIfHealth] Missing health_value input
[robot_decision-1] [ERROR] [1746718459.235243293] [IfHealth]: [CheckIfHealth] Missing health_value input
[robot_decision-1] [1746718459.235]: IfHealthSub               [36mIDLE[0m -> [32mSUCCESS[0m
[robot_decision-1] [1746718459.235]: OurOutpostSub             [36mIDLE[0m -> [32mSUCCESS[0m
[robot_decision-1] [1746718459.235]: EnemyOutpostSub           [36mIDLE[0m -> [32mSUCCESS[0m
[robot_decision-1] [1746718459.235]: IfHealthSub               [32mSUCCESS[0m -> [36mIDLE[0m
[robot_decision-1] [1746718459.235]: OurOutpostSub             [32mSUCCESS[0m -> [36mIDLE[0m
[robot_decision-1] [1746718459.235]: EnemyOutpostSub           [32mSUCCESS[0m -> [36mIDLE[0m
[robot_decision-1] [1746718459.235]: Subscribers               [33mRUNNING[0m -> [32mSUCCESS[0m
[robot_decision-1] [1746718459.235]: ActionSequence            [36mIDLE[0m -> [33mRUNNING[0m
[robot_decision-1] [1746718459.235]: HealthCheck               [36mIDLE[0m -> [33mRUNNING[0m
[robot_decision-1] [1746718459.235]: CheckIfHealth             [36mIDLE[0m -> [31mFAILURE[0m
[robot_decision-1] [1746718459.235]: CheckIfHealth             [31mFAILURE[0m -> [36mIDLE[0m
[robot_decision-1] [1746718459.235]: HealthCheck               [33mRUNNING[0m -> [31mFAILURE[0m
[robot_decision-1] [1746718459.235]: BaseStatusLogic           [36mIDLE[0m -> [33mRUNNING[0m
[robot_decision-1] [1746718459.235]: OurOutpostDead            [36mIDLE[0m -> [33mRUNNING[0m
[robot_decision-1] [1746718459.235]: CheckIfHealth             [36mIDLE[0m -> [31mFAILURE[0m
[robot_decision-1] [1746718459.235]: CheckIfHealth             [31mFAILURE[0m -> [36mIDLE[0m
[robot_decision-1] [1746718459.235]: OurOutpostDead            [33mRUNNING[0m -> [31mFAILURE[0m
[robot_decision-1] [1746718459.235]: EnemyOutpostDead          [36mIDLE[0m -> [33mRUNNING[0m
[robot_decision-1] [1746718459.235]: CheckIfHealth             [36mIDLE[0m -> [31mFAILURE[0m
[robot_decision-1] [1746718459.235]: CheckIfHealth             [31mFAILURE[0m -> [36mIDLE[0m
[robot_decision-1] [1746718459.235]: EnemyOutpostDead          [33mRUNNING[0m -> [31mFAILURE[0m
[robot_decision-1] [1746718459.235]: BothOutpostAlive          [36mIDLE[0m -> [33mRUNNING[0m
[robot_decision-1] [1746718459.235]: CheckIfHealth             [36mIDLE[0m -> [31mFAILURE[0m
[robot_decision-1] [1746718459.235]: CheckIfHealth             [31mFAILURE[0m -> [36mIDLE[0m
[robot_decision-1] [1746718459.235]: BothOutpostAlive          [33mRUNNING[0m -> [31mFAILURE[0m
[robot_decision-1] [1746718459.235]: OurOutpostDead            [31mFAILURE[0m -> [36mIDLE[0m
[robot_decision-1] [1746718459.235]: EnemyOutpostDead          [31mFAILURE[0m -> [36mIDLE[0m
[robot_decision-1] [1746718459.235]: BothOutpostAlive          [31mFAILURE[0m -> [36mIDLE[0m
[robot_decision-1] [1746718459.235]: BaseStatusLogic           [33mRUNNING[0m -> [31mFAILURE[0m
[robot_decision-1] [1746718459.235]: HealthCheck               [31mFAILURE[0m -> [36mIDLE[0m
[robot_decision-1] [1746718459.235]: BaseStatusLogic           [31mFAILURE[0m -> [36mIDLE[0m
[robot_decision-1] [1746718459.235]: ActionSequence            [33mRUNNING[0m -> [31mFAILURE[0m
[robot_decision-1] [1746718459.235]: Subscribers               [32mSUCCESS[0m -> [36mIDLE[0m
[robot_decision-1] [1746718459.235]: ActionSequence            [31mFAILURE[0m -> [36mIDLE[0m
[robot_decision-1] [1746718459.235]: RootSequence              [33mRUNNING[0m -> [31mFAILURE[0m
[robot_decision-1] [1746718459.235]: RootSequence              [31mFAILURE[0m -> [36mIDLE[0m
[robot_decision-1] [1746718459.435]: RootSequence              [36mIDLE[0m -> [33mRUNNING[0m
[robot_decision-1] [1746718459.435]: Subscribers               [36mIDLE[0m -> [33mRUNNING[0m
[robot_decision-1] [1746718459.436]: IfHealthSub               [36mIDLE[0m -> [32mSUCCESS[0m
[robot_decision-1] [1746718459.436]: OurOutpostSub             [36mIDLE[0m -> [32mSUCCESS[0m
[robot_decision-1] [1746718459.436]: EnemyOutpostSub           [36mIDLE[0m -> [32mSUCCESS[0m
[robot_decision-1] [1746718459.436]: IfHealthSub               [32mSUCCESS[0m -> [36mIDLE[0m
[robot_decision-1] [1746718459.436]: OurOutpostSub             [32mSUCCESS[0m -> [36mIDLE[0m
[robot_decision-1] [1746718459.436]: EnemyOutpostSub           [32mSUCCESS[0m -> [36mIDLE[0m
[robot_decision-1] [1746718459.436]: Subscribers               [33mRUNNING[0m -> [32mSUCCESS[0m
[robot_decision-1] [1746718459.436]: ActionSequence            [36mIDLE[0m -> [33mRUNNING[0m
[robot_decision-1] [1746718459.436]: HealthCheck               [36mIDLE[0m -> [33mRUNNING[0m
[robot_decision-1] [INFO] [1746718459.435636727] [robot_decision]: [IfHealthSub] health value: 500
[robot_decision-1] [INFO] [1746718459.435794211] [robot_decision]: [OurOutpostSub] our outpost health value: 1500
[robot_decision-1] [INFO] [1746718459.435867448] [robot_decision]: [EnemyOutpostSub] enemy outpost health value: 1500
[robot_decision-1] [ERROR] [1746718459.435948810] [IfHealth]: [CheckIfHealth] Missing health_value input
[robot_decision-1] [1746718459.436]: CheckIfHealth             [36mIDLE[0m -> [31mFAILURE[0m
[robot_decision-1] [1746718459.436]: CheckIfHealth             [31mFAILURE[0m -> [36mIDLE[0m
[robot_decision-1] [1746718459.436]: HealthCheck               [33mRUNNING[0m -> [31mFAILURE[0m
[robot_decision-1] [1746718459.436]: BaseStatusLogic           [36mIDLE[0m -> [33mRUNNING[0m
[robot_decision-1] [1746718459.436]: OurOutpostDead            [36mIDLE[0m -> [33mRUNNING[0m
[robot_decision-1] [1746718459.436]: CheckIfHealth             [36mIDLE[0m -> [31mFAILURE[0m
[robot_decision-1] [1746718459.436]: CheckIfHealth             [31mFAILURE[0m -> [36mIDLE[0m
[robot_decision-1] [1746718459.436]: OurOutpostDead            [33mRUNNING[0m -> [31mFAILURE[0m
[robot_decision-1] [1746718459.436]: EnemyOutpostDead          [36mIDLE[0m -> [33mRUNNING[0m
[robot_decision-1] [1746718459.436]: CheckIfHealth             [36mIDLE[0m -> [31mFAILURE[0m
[robot_decision-1] [1746718459.436]: CheckIfHealth             [31mFAILURE[0m -> [36mIDLE[0m
[robot_decision-1] [1746718459.436]: EnemyOutpostDead          [33mRUNNING[0m -> [31mFAILURE[0m
[robot_decision-1] [1746718459.436]: BothOutpostAlive          [36mIDLE[0m -> [33mRUNNING[0m
[robot_decision-1] [1746718459.436]: CheckIfHealth             [36mIDLE[0m -> [31mFAILURE[0m
[robot_decision-1] [1746718459.436]: CheckIfHealth             [31mFAILURE[0m -> [36mIDLE[0m
[robot_decision-1] [1746718459.436]: BothOutpostAlive          [33mRUNNING[0m -> [31mFAILURE[0m
[robot_decision-1] [1746718459.436]: OurOutpostDead            [31mFAILURE[0m -> [36mIDLE[0m
[robot_decision-1] [1746718459.436]: EnemyOutpostDead          [31mFAILURE[0m -> [36mIDLE[0m
[robot_decision-1] [1746718459.436]: BothOutpostAlive          [31mFAILURE[0m -> [36mIDLE[0m
[robot_decision-1] [1746718459.436]: BaseStatusLogic           [33mRUNNING[0m -> [31mFAILURE[0m
[robot_decision-1] [1746718459.436]: HealthCheck               [31mFAILURE[0m -> [36mIDLE[0m
[robot_decision-1] [1746718459.436]: BaseStatusLogic           [31mFAILURE[0m -> [36mIDLE[0m
[robot_decision-1] [1746718459.436]: ActionSequence            [33mRUNNING[0m -> [31mFAILURE[0m
[robot_decision-1] [1746718459.436]: Subscribers               [32mSUCCESS[0m -> [36mIDLE[0m
[robot_decision-1] [1746718459.436]: ActionSequence            [31mFAILURE[0m -> [36mIDLE[0m
[robot_decision-1] [1746718459.436]: RootSequence              [33mRUNNING[0m -> [31mFAILURE[0m
[robot_decision-1] [1746718459.436]: RootSequence              [31mFAILURE[0m -> [36mIDLE[0m
[robot_decision-1] [ERROR] [1746718459.435999455] [IfHealth]: [CheckIfHealth] Missing health_value input
[robot_decision-1] [ERROR] [1746718459.436032476] [IfHealth]: [CheckIfHealth] Missing health_value input
[robot_decision-1] [ERROR] [1746718459.436062292] [IfHealth]: [CheckIfHealth] Missing health_value input
[robot_decision-1] [1746718459.636]: RootSequence              [36mIDLE[0m -> [33mRUNNING[0m
[robot_decision-1] [1746718459.636]: Subscribers               [36mIDLE[0m -> [33mRUNNING[0m
[robot_decision-1] [INFO] [1746718459.636549501] [robot_decision]: [IfHealthSub] health value: 500
[robot_decision-1] [INFO] [1746718459.636642294] [robot_decision]: [OurOutpostSub] our outpost health value: 1500
[robot_decision-1] [INFO] [1746718459.636680976] [robot_decision]: [EnemyOutpostSub] enemy outpost health value: 1500
[robot_decision-1] [ERROR] [1746718459.636723306] [IfHealth]: [CheckIfHealth] Missing health_value input
[robot_decision-1] [ERROR] [1746718459.636748072] [IfHealth]: [CheckIfHealth] Missing health_value input
[robot_decision-1] [ERROR] [1746718459.636768500] [IfHealth]: [CheckIfHealth] Missing health_value input
[robot_decision-1] [ERROR] [1746718459.636786423] [IfHealth]: [CheckIfHealth] Missing health_value input
[robot_decision-1] [1746718459.637]: IfHealthSub               [36mIDLE[0m -> [32mSUCCESS[0m
[robot_decision-1] [1746718459.637]: OurOutpostSub             [36mIDLE[0m -> [32mSUCCESS[0m
[robot_decision-1] [1746718459.637]: EnemyOutpostSub           [36mIDLE[0m -> [32mSUCCESS[0m
[robot_decision-1] [1746718459.637]: IfHealthSub               [32mSUCCESS[0m -> [36mIDLE[0m
[robot_decision-1] [1746718459.637]: OurOutpostSub             [32mSUCCESS[0m -> [36mIDLE[0m
[robot_decision-1] [1746718459.637]: EnemyOutpostSub           [32mSUCCESS[0m -> [36mIDLE[0m
[robot_decision-1] [1746718459.637]: Subscribers               [33mRUNNING[0m -> [32mSUCCESS[0m
[robot_decision-1] [1746718459.637]: ActionSequence            [36mIDLE[0m -> [33mRUNNING[0m
[robot_decision-1] [1746718459.637]: HealthCheck               [36mIDLE[0m -> [33mRUNNING[0m
[robot_decision-1] [1746718459.637]: CheckIfHealth             [36mIDLE[0m -> [31mFAILURE[0m
[robot_decision-1] [1746718459.637]: CheckIfHealth             [31mFAILURE[0m -> [36mIDLE[0m
[robot_decision-1] [1746718459.637]: HealthCheck               [33mRUNNING[0m -> [31mFAILURE[0m
[robot_decision-1] [1746718459.637]: BaseStatusLogic           [36mIDLE[0m -> [33mRUNNING[0m
[robot_decision-1] [1746718459.637]: OurOutpostDead            [36mIDLE[0m -> [33mRUNNING[0m
[robot_decision-1] [1746718459.637]: CheckIfHealth             [36mIDLE[0m -> [31mFAILURE[0m
[robot_decision-1] [1746718459.637]: CheckIfHealth             [31mFAILURE[0m -> [36mIDLE[0m
[robot_decision-1] [1746718459.637]: OurOutpostDead            [33mRUNNING[0m -> [31mFAILURE[0m
[robot_decision-1] [1746718459.637]: EnemyOutpostDead          [36mIDLE[0m -> [33mRUNNING[0m
[robot_decision-1] [1746718459.637]: CheckIfHealth             [36mIDLE[0m -> [31mFAILURE[0m
[robot_decision-1] [1746718459.637]: CheckIfHealth             [31mFAILURE[0m -> [36mIDLE[0m
[robot_decision-1] [1746718459.637]: EnemyOutpostDead          [33mRUNNING[0m -> [31mFAILURE[0m
[robot_decision-1] [1746718459.637]: BothOutpostAlive          [36mIDLE[0m -> [33mRUNNING[0m
[robot_decision-1] [1746718459.637]: CheckIfHealth             [36mIDLE[0m -> [31mFAILURE[0m
[robot_decision-1] [1746718459.637]: CheckIfHealth             [31mFAILURE[0m -> [36mIDLE[0m
[robot_decision-1] [1746718459.637]: BothOutpostAlive          [33mRUNNING[0m -> [31mFAILURE[0m
[robot_decision-1] [1746718459.637]: OurOutpostDead            [31mFAILURE[0m -> [36mIDLE[0m
[robot_decision-1] [1746718459.637]: EnemyOutpostDead          [31mFAILURE[0m -> [36mIDLE[0m
[robot_decision-1] [1746718459.637]: BothOutpostAlive          [31mFAILURE[0m -> [36mIDLE[0m
[robot_decision-1] [1746718459.637]: BaseStatusLogic           [33mRUNNING[0m -> [31mFAILURE[0m
[robot_decision-1] [1746718459.637]: HealthCheck               [31mFAILURE[0m -> [36mIDLE[0m
[robot_decision-1] [1746718459.637]: BaseStatusLogic           [31mFAILURE[0m -> [36mIDLE[0m
[robot_decision-1] [1746718459.637]: ActionSequence            [33mRUNNING[0m -> [31mFAILURE[0m
[robot_decision-1] [1746718459.637]: Subscribers               [32mSUCCESS[0m -> [36mIDLE[0m
[robot_decision-1] [1746718459.637]: ActionSequence            [31mFAILURE[0m -> [36mIDLE[0m
[robot_decision-1] [1746718459.637]: RootSequence              [33mRUNNING[0m -> [31mFAILURE[0m
[robot_decision-1] [1746718459.637]: RootSequence              [31mFAILURE[0m -> [36mIDLE[0m
[robot_decision-1] [1746718459.837]: RootSequence              [36mIDLE[0m -> [33mRUNNING[0m
[robot_decision-1] [1746718459.837]: Subscribers               [36mIDLE[0m -> [33mRUNNING[0m
[robot_decision-1] [INFO] [1746718459.837244798] [robot_decision]: [IfHealthSub] health value: 500
[robot_decision-1] [INFO] [1746718459.837460782] [robot_decision]: [OurOutpostSub] our outpost health value: 1500
[robot_decision-1] [1746718459.837]: IfHealthSub               [36mIDLE[0m -> [32mSUCCESS[0m
[robot_decision-1] [1746718459.837]: OurOutpostSub             [36mIDLE[0m -> [32mSUCCESS[0m
[robot_decision-1] [1746718459.838]: EnemyOutpostSub           [36mIDLE[0m -> [32mSUCCESS[0m
[robot_decision-1] [1746718459.838]: IfHealthSub               [32mSUCCESS[0m -> [36mIDLE[0m
[robot_decision-1] [1746718459.838]: OurOutpostSub             [32mSUCCESS[0m -> [36mIDLE[0m
[robot_decision-1] [1746718459.838]: EnemyOutpostSub           [32mSUCCESS[0m -> [36mIDLE[0m
[robot_decision-1] [1746718459.838]: Subscribers               [33mRUNNING[0m -> [32mSUCCESS[0m
[robot_decision-1] [1746718459.838]: ActionSequence            [36mIDLE[0m -> [33mRUNNING[0m
[robot_decision-1] [1746718459.838]: HealthCheck               [36mIDLE[0m -> [33mRUNNING[0m
[robot_decision-1] [1746718459.838]: CheckIfHealth             [36mIDLE[0m -> [31mFAILURE[0m
[robot_decision-1] [1746718459.838]: CheckIfHealth             [31mFAILURE[0m -> [36mIDLE[0m
[robot_decision-1] [1746718459.838]: HealthCheck               [33mRUNNING[0m -> [31mFAILURE[0m
[robot_decision-1] [1746718459.838]: BaseStatusLogic           [36mIDLE[0m -> [33mRUNNING[0m
[robot_decision-1] [1746718459.838]: OurOutpostDead            [36mIDLE[0m -> [33mRUNNING[0m
[robot_decision-1] [1746718459.838]: CheckIfHealth             [36mIDLE[0m -> [31mFAILURE[0m
[robot_decision-1] [1746718459.838]: CheckIfHealth             [31mFAILURE[0m -> [36mIDLE[0m
[robot_decision-1] [1746718459.838]: OurOutpostDead            [33mRUNNING[0m -> [31mFAILURE[0m
[robot_decision-1] [1746718459.838]: EnemyOutpostDead          [36mIDLE[0m -> [33mRUNNING[0m
[robot_decision-1] [1746718459.838]: CheckIfHealth             [36mIDLE[0m -> [31mFAILURE[0m
[robot_decision-1] [1746718459.838]: CheckIfHealth             [31mFAILURE[0m -> [36mIDLE[0m
[robot_decision-1] [1746718459.838]: EnemyOutpostDead          [33mRUNNING[0m -> [31mFAILURE[0m
[robot_decision-1] [1746718459.838]: BothOutpostAlive          [36mIDLE[0m -> [33mRUNNING[0m
[robot_decision-1] [1746718459.838]: CheckIfHealth             [36mIDLE[0m -> [31mFAILURE[0m
[robot_decision-1] [1746718459.838]: CheckIfHealth             [31mFAILURE[0m -> [36mIDLE[0m
[robot_decision-1] [1746718459.838]: BothOutpostAlive          [33mRUNNING[0m -> [31mFAILURE[0m
[robot_decision-1] [1746718459.838]: OurOutpostDead            [31mFAILURE[0m -> [36mIDLE[0m
[robot_decision-1] [1746718459.838]: EnemyOutpostDead          [31mFAILURE[0m -> [36mIDLE[0m
[robot_decision-1] [1746718459.838]: BothOutpostAlive          [31mFAILURE[0m -> [36mIDLE[0m
[robot_decision-1] [1746718459.838]: BaseStatusLogic           [33mRUNNING[0m -> [31mFAILURE[0m
[robot_decision-1] [1746718459.838]: HealthCheck               [31mFAILURE[0m -> [36mIDLE[0m
[robot_decision-1] [1746718459.838]: BaseStatusLogic           [31mFAILURE[0m -> [36mIDLE[0m
[robot_decision-1] [1746718459.838]: ActionSequence            [33mRUNNING[0m -> [31mFAILURE[0m
[robot_decision-1] [1746718459.838]: Subscribers               [32mSUCCESS[0m -> [36mIDLE[0m
[robot_decision-1] [1746718459.838]: ActionSequence            [31mFAILURE[0m -> [36mIDLE[0m
[robot_decision-1] [1746718459.838]: RootSequence              [33mRUNNING[0m -> [31mFAILURE[0m
[robot_decision-1] [1746718459.838]: RootSequence              [31mFAILURE[0m -> [36mIDLE[0m
[robot_decision-1] [INFO] [1746718459.837517678] [robot_decision]: [EnemyOutpostSub] enemy outpost health value: 1500
[robot_decision-1] [ERROR] [1746718459.837587679] [IfHealth]: [CheckIfHealth] Missing health_value input
[robot_decision-1] [ERROR] [1746718459.837624458] [IfHealth]: [CheckIfHealth] Missing health_value input
[robot_decision-1] [ERROR] [1746718459.837644956] [IfHealth]: [CheckIfHealth] Missing health_value input
[robot_decision-1] [ERROR] [1746718459.837663651] [IfHealth]: [CheckIfHealth] Missing health_value input
[robot_decision-1] [1746718460.038]: RootSequence              [36mIDLE[0m -> [33mRUNNING[0m
[robot_decision-1] [1746718460.038]: Subscribers               [36mIDLE[0m -> [33mRUNNING[0m
[robot_decision-1] [INFO] [1746718460.038045011] [robot_decision]: [IfHealthSub] health value: 500
[robot_decision-1] [INFO] [1746718460.038220409] [robot_decision]: [OurOutpostSub] our outpost health value: 1500
[robot_decision-1] [1746718460.038]: IfHealthSub               [36mIDLE[0m -> [32mSUCCESS[0m
[robot_decision-1] [1746718460.038]: OurOutpostSub             [36mIDLE[0m -> [32mSUCCESS[0m
[robot_decision-1] [1746718460.038]: EnemyOutpostSub           [36mIDLE[0m -> [32mSUCCESS[0m
[robot_decision-1] [1746718460.038]: IfHealthSub               [32mSUCCESS[0m -> [36mIDLE[0m
[robot_decision-1] [1746718460.038]: OurOutpostSub             [32mSUCCESS[0m -> [36mIDLE[0m
[robot_decision-1] [1746718460.038]: EnemyOutpostSub           [32mSUCCESS[0m -> [36mIDLE[0m
[robot_decision-1] [1746718460.038]: Subscribers               [33mRUNNING[0m -> [32mSUCCESS[0m
[robot_decision-1] [1746718460.038]: ActionSequence            [36mIDLE[0m -> [33mRUNNING[0m
[robot_decision-1] [1746718460.038]: HealthCheck               [36mIDLE[0m -> [33mRUNNING[0m
[robot_decision-1] [1746718460.038]: CheckIfHealth             [36mIDLE[0m -> [31mFAILURE[0m
[robot_decision-1] [1746718460.038]: CheckIfHealth             [31mFAILURE[0m -> [36mIDLE[0m
[robot_decision-1] [1746718460.038]: HealthCheck               [33mRUNNING[0m -> [31mFAILURE[0m
[robot_decision-1] [1746718460.038]: BaseStatusLogic           [36mIDLE[0m -> [33mRUNNING[0m
[robot_decision-1] [1746718460.038]: OurOutpostDead            [36mIDLE[0m -> [33mRUNNING[0m
[robot_decision-1] [1746718460.038]: CheckIfHealth             [36mIDLE[0m -> [31mFAILURE[0m
[robot_decision-1] [1746718460.038]: CheckIfHealth             [31mFAILURE[0m -> [36mIDLE[0m
[robot_decision-1] [1746718460.038]: OurOutpostDead            [33mRUNNING[0m -> [31mFAILURE[0m
[robot_decision-1] [1746718460.038]: EnemyOutpostDead          [36mIDLE[0m -> [33mRUNNING[0m
[robot_decision-1] [1746718460.038]: CheckIfHealth             [36mIDLE[0m -> [31mFAILURE[0m
[robot_decision-1] [1746718460.038]: CheckIfHealth             [31mFAILURE[0m -> [36mIDLE[0m
[robot_decision-1] [1746718460.038]: EnemyOutpostDead          [33mRUNNING[0m -> [31mFAILURE[0m
[robot_decision-1] [1746718460.038]: BothOutpostAlive          [36mIDLE[0m -> [33mRUNNING[0m
[robot_decision-1] [1746718460.038]: CheckIfHealth             [36mIDLE[0m -> [31mFAILURE[0m
[robot_decision-1] [1746718460.038]: CheckIfHealth             [31mFAILURE[0m -> [36mIDLE[0m
[robot_decision-1] [1746718460.038]: BothOutpostAlive          [33mRUNNING[0m -> [31mFAILURE[0m
[robot_decision-1] [1746718460.038]: OurOutpostDead            [31mFAILURE[0m -> [36mIDLE[0m
[robot_decision-1] [1746718460.038]: EnemyOutpostDead          [31mFAILURE[0m -> [36mIDLE[0m
[robot_decision-1] [1746718460.038]: BothOutpostAlive          [31mFAILURE[0m -> [36mIDLE[0m
[robot_decision-1] [1746718460.038]: BaseStatusLogic           [33mRUNNING[0m -> [31mFAILURE[0m
[robot_decision-1] [1746718460.038]: HealthCheck               [31mFAILURE[0m -> [36mIDLE[0m
[robot_decision-1] [1746718460.038]: BaseStatusLogic           [31mFAILURE[0m -> [36mIDLE[0m
[robot_decision-1] [1746718460.038]: ActionSequence            [33mRUNNING[0m -> [31mFAILURE[0m
[robot_decision-1] [1746718460.038]: Subscribers               [32mSUCCESS[0m -> [36mIDLE[0m
[robot_decision-1] [1746718460.038]: ActionSequence            [31mFAILURE[0m -> [36mIDLE[0m
[robot_decision-1] [1746718460.038]: RootSequence              [33mRUNNING[0m -> [31mFAILURE[0m
[robot_decision-1] [1746718460.038]: RootSequence              [31mFAILURE[0m -> [36mIDLE[0m
[robot_decision-1] [INFO] [1746718460.038265513] [robot_decision]: [EnemyOutpostSub] enemy outpost health value: 1500
[robot_decision-1] [ERROR] [1746718460.038315466] [IfHealth]: [CheckIfHealth] Missing health_value input
[robot_decision-1] [ERROR] [1746718460.038344881] [IfHealth]: [CheckIfHealth] Missing health_value input
[robot_decision-1] [ERROR] [1746718460.038363186] [IfHealth]: [CheckIfHealth] Missing health_value input
[robot_decision-1] [ERROR] [1746718460.038447162] [IfHealth]: [CheckIfHealth] Missing health_value input
[robot_decision-1] [1746718460.239]: RootSequence              [36mIDLE[0m -> [33mRUNNING[0m
[robot_decision-1] [1746718460.239]: Subscribers               [36mIDLE[0m -> [33mRUNNING[0m
[robot_decision-1] [INFO] [1746718460.238633855] [robot_decision]: [IfHealthSub] health value: 500
[robot_decision-1] [INFO] [1746718460.238692395] [robot_decision]: [OurOutpostSub] our outpost health value: 1500
[robot_decision-1] [1746718460.239]: IfHealthSub               [36mIDLE[0m -> [32mSUCCESS[0m
[robot_decision-1] [1746718460.239]: OurOutpostSub             [36mIDLE[0m -> [32mSUCCESS[0m
[robot_decision-1] [1746718460.239]: EnemyOutpostSub           [36mIDLE[0m -> [32mSUCCESS[0m
[robot_decision-1] [1746718460.239]: IfHealthSub               [32mSUCCESS[0m -> [36mIDLE[0m
[robot_decision-1] [1746718460.239]: OurOutpostSub             [32mSUCCESS[0m -> [36mIDLE[0m
[robot_decision-1] [1746718460.239]: EnemyOutpostSub           [32mSUCCESS[0m -> [36mIDLE[0m
[robot_decision-1] [1746718460.239]: Subscribers               [33mRUNNING[0m -> [32mSUCCESS[0m
[robot_decision-1] [1746718460.239]: ActionSequence            [36mIDLE[0m -> [33mRUNNING[0m
[robot_decision-1] [1746718460.239]: HealthCheck               [36mIDLE[0m -> [33mRUNNING[0m
[robot_decision-1] [1746718460.239]: CheckIfHealth             [36mIDLE[0m -> [31mFAILURE[0m
[robot_decision-1] [1746718460.239]: CheckIfHealth             [31mFAILURE[0m -> [36mIDLE[0m
[robot_decision-1] [1746718460.239]: HealthCheck               [33mRUNNING[0m -> [31mFAILURE[0m
[robot_decision-1] [1746718460.239]: BaseStatusLogic           [36mIDLE[0m -> [33mRUNNING[0m
[robot_decision-1] [1746718460.239]: OurOutpostDead            [36mIDLE[0m -> [33mRUNNING[0m
[robot_decision-1] [1746718460.239]: CheckIfHealth             [36mIDLE[0m -> [31mFAILURE[0m
[robot_decision-1] [1746718460.239]: CheckIfHealth             [31mFAILURE[0m -> [36mIDLE[0m
[robot_decision-1] [1746718460.239]: OurOutpostDead            [33mRUNNING[0m -> [31mFAILURE[0m
[robot_decision-1] [1746718460.239]: EnemyOutpostDead          [36mIDLE[0m -> [33mRUNNING[0m
[robot_decision-1] [1746718460.239]: CheckIfHealth             [36mIDLE[0m -> [31mFAILURE[0m
[robot_decision-1] [1746718460.239]: CheckIfHealth             [31mFAILURE[0m -> [36mIDLE[0m
[robot_decision-1] [1746718460.239]: EnemyOutpostDead          [33mRUNNING[0m -> [31mFAILURE[0m
[robot_decision-1] [1746718460.239]: BothOutpostAlive          [36mIDLE[0m -> [33mRUNNING[0m
[robot_decision-1] [1746718460.239]: CheckIfHealth             [36mIDLE[0m -> [31mFAILURE[0m
[robot_decision-1] [1746718460.239]: CheckIfHealth             [31mFAILURE[0m -> [36mIDLE[0m
[robot_decision-1] [1746718460.239]: BothOutpostAlive          [33mRUNNING[0m -> [31mFAILURE[0m
[robot_decision-1] [1746718460.239]: OurOutpostDead            [31mFAILURE[0m -> [36mIDLE[0m
[robot_decision-1] [1746718460.239]: EnemyOutpostDead          [31mFAILURE[0m -> [36mIDLE[0m
[robot_decision-1] [1746718460.239]: BothOutpostAlive          [31mFAILURE[0m -> [36mIDLE[0m
[robot_decision-1] [1746718460.239]: BaseStatusLogic           [33mRUNNING[0m -> [31mFAILURE[0m
[robot_decision-1] [1746718460.239]: HealthCheck               [31mFAILURE[0m -> [36mIDLE[0m
[robot_decision-1] [1746718460.239]: BaseStatusLogic           [31mFAILURE[0m -> [36mIDLE[0m
[robot_decision-1] [1746718460.239]: ActionSequence            [33mRUNNING[0m -> [31mFAILURE[0m
[robot_decision-1] [1746718460.239]: Subscribers               [32mSUCCESS[0m -> [36mIDLE[0m
[robot_decision-1] [1746718460.239]: ActionSequence            [31mFAILURE[0m -> [36mIDLE[0m
[robot_decision-1] [1746718460.239]: RootSequence              [33mRUNNING[0m -> [31mFAILURE[0m
[robot_decision-1] [1746718460.239]: RootSequence              [31mFAILURE[0m -> [36mIDLE[0m
[robot_decision-1] [INFO] [1746718460.238710719] [robot_decision]: [EnemyOutpostSub] enemy outpost health value: 1500
[robot_decision-1] [ERROR] [1746718460.238734914] [IfHealth]: [CheckIfHealth] Missing health_value input
[robot_decision-1] [ERROR] [1746718460.238749291] [IfHealth]: [CheckIfHealth] Missing health_value input
[robot_decision-1] [ERROR] [1746718460.238760201] [IfHealth]: [CheckIfHealth] Missing health_value input
[robot_decision-1] [ERROR] [1746718460.238771112] [IfHealth]: [CheckIfHealth] Missing health_value input
[robot_decision-1] [1746718460.439]: RootSequence              [36mIDLE[0m -> [33mRUNNING[0m
[robot_decision-1] [1746718460.439]: Subscribers               [36mIDLE[0m -> [33mRUNNING[0m
[robot_decision-1] [INFO] [1746718460.439211559] [robot_decision]: [IfHealthSub] health value: 500
[robot_decision-1] [INFO] [1746718460.439383620] [robot_decision]: [OurOutpostSub] our outpost health value: 1500
[robot_decision-1] [INFO] [1746718460.439437170] [robot_decision]: [EnemyOutpostSub] enemy outpost health value: 1500
[robot_decision-1] [ERROR] [1746718460.439506871] [IfHealth]: [CheckIfHealth] Missing health_value input
[robot_decision-1] [ERROR] [1746718460.439555301] [IfHealth]: [CheckIfHealth] Missing health_value input
[robot_decision-1] [ERROR] [1746718460.439585658] [IfHealth]: [CheckIfHealth] Missing health_value input
[robot_decision-1] [ERROR] [1746718460.439614361] [IfHealth]: [CheckIfHealth] Missing health_value input
[robot_decision-1] [1746718460.439]: IfHealthSub               [36mIDLE[0m -> [32mSUCCESS[0m
[robot_decision-1] [1746718460.439]: OurOutpostSub             [36mIDLE[0m -> [32mSUCCESS[0m
[robot_decision-1] [1746718460.439]: EnemyOutpostSub           [36mIDLE[0m -> [32mSUCCESS[0m
[robot_decision-1] [1746718460.439]: IfHealthSub               [32mSUCCESS[0m -> [36mIDLE[0m
[robot_decision-1] [1746718460.439]: OurOutpostSub             [32mSUCCESS[0m -> [36mIDLE[0m
[robot_decision-1] [1746718460.439]: EnemyOutpostSub           [32mSUCCESS[0m -> [36mIDLE[0m
[robot_decision-1] [1746718460.439]: Subscribers               [33mRUNNING[0m -> [32mSUCCESS[0m
[robot_decision-1] [1746718460.439]: ActionSequence            [36mIDLE[0m -> [33mRUNNING[0m
[robot_decision-1] [1746718460.439]: HealthCheck               [36mIDLE[0m -> [33mRUNNING[0m
[robot_decision-1] [1746718460.440]: CheckIfHealth             [36mIDLE[0m -> [31mFAILURE[0m
[robot_decision-1] [1746718460.440]: CheckIfHealth             [31mFAILURE[0m -> [36mIDLE[0m
[robot_decision-1] [1746718460.440]: HealthCheck               [33mRUNNING[0m -> [31mFAILURE[0m
[robot_decision-1] [1746718460.440]: BaseStatusLogic           [36mIDLE[0m -> [33mRUNNING[0m
[robot_decision-1] [1746718460.440]: OurOutpostDead            [36mIDLE[0m -> [33mRUNNING[0m
[robot_decision-1] [1746718460.440]: CheckIfHealth             [36mIDLE[0m -> [31mFAILURE[0m
[robot_decision-1] [1746718460.440]: CheckIfHealth             [31mFAILURE[0m -> [36mIDLE[0m
[robot_decision-1] [1746718460.440]: OurOutpostDead            [33mRUNNING[0m -> [31mFAILURE[0m
[robot_decision-1] [1746718460.440]: EnemyOutpostDead          [36mIDLE[0m -> [33mRUNNING[0m
[robot_decision-1] [1746718460.440]: CheckIfHealth             [36mIDLE[0m -> [31mFAILURE[0m
[robot_decision-1] [1746718460.440]: CheckIfHealth             [31mFAILURE[0m -> [36mIDLE[0m
[robot_decision-1] [1746718460.440]: EnemyOutpostDead          [33mRUNNING[0m -> [31mFAILURE[0m
[robot_decision-1] [1746718460.440]: BothOutpostAlive          [36mIDLE[0m -> [33mRUNNING[0m
[robot_decision-1] [1746718460.440]: CheckIfHealth             [36mIDLE[0m -> [31mFAILURE[0m
[robot_decision-1] [1746718460.440]: CheckIfHealth             [31mFAILURE[0m -> [36mIDLE[0m
[robot_decision-1] [1746718460.440]: BothOutpostAlive          [33mRUNNING[0m -> [31mFAILURE[0m
[robot_decision-1] [1746718460.440]: OurOutpostDead            [31mFAILURE[0m -> [36mIDLE[0m
[robot_decision-1] [1746718460.440]: EnemyOutpostDead          [31mFAILURE[0m -> [36mIDLE[0m
[robot_decision-1] [1746718460.440]: BothOutpostAlive          [31mFAILURE[0m -> [36mIDLE[0m
[robot_decision-1] [1746718460.440]: BaseStatusLogic           [33mRUNNING[0m -> [31mFAILURE[0m
[robot_decision-1] [1746718460.440]: HealthCheck               [31mFAILURE[0m -> [36mIDLE[0m
[robot_decision-1] [1746718460.440]: BaseStatusLogic           [31mFAILURE[0m -> [36mIDLE[0m
[robot_decision-1] [1746718460.440]: ActionSequence            [33mRUNNING[0m -> [31mFAILURE[0m
[robot_decision-1] [1746718460.440]: Subscribers               [32mSUCCESS[0m -> [36mIDLE[0m
[robot_decision-1] [1746718460.440]: ActionSequence            [31mFAILURE[0m -> [36mIDLE[0m
[robot_decision-1] [1746718460.440]: RootSequence              [33mRUNNING[0m -> [31mFAILURE[0m
[robot_decision-1] [1746718460.440]: RootSequence              [31mFAILURE[0m -> [36mIDLE[0m
[robot_decision-1] [1746718460.640]: RootSequence              [36mIDLE[0m -> [33mRUNNING[0m
[robot_decision-1] [1746718460.640]: Subscribers               [36mIDLE[0m -> [33mRUNNING[0m
[robot_decision-1] [INFO] [1746718460.640258499] [robot_decision]: [IfHealthSub] health value: 500
[robot_decision-1] [INFO] [1746718460.640608813] [robot_decision]: [OurOutpostSub] our outpost health value: 1500
[robot_decision-1] [INFO] [1746718460.640757591] [robot_decision]: [EnemyOutpostSub] enemy outpost health value: 1500
[robot_decision-1] [ERROR] [1746718460.640827332] [IfHealth]: [CheckIfHealth] Missing health_value input
[robot_decision-1] [ERROR] [1746718460.640864872] [IfHealth]: [CheckIfHealth] Missing health_value input
[robot_decision-1] [ERROR] [1746718460.640912891] [IfHealth]: [CheckIfHealth] Missing health_value input
[robot_decision-1] [ERROR] [1746718460.640959148] [IfHealth]: [CheckIfHealth] Missing health_value input
[robot_decision-1] [1746718460.640]: IfHealthSub               [36mIDLE[0m -> [32mSUCCESS[0m
[robot_decision-1] [1746718460.641]: OurOutpostSub             [36mIDLE[0m -> [32mSUCCESS[0m
[robot_decision-1] [1746718460.641]: EnemyOutpostSub           [36mIDLE[0m -> [32mSUCCESS[0m
[robot_decision-1] [1746718460.641]: IfHealthSub               [32mSUCCESS[0m -> [36mIDLE[0m
[robot_decision-1] [1746718460.641]: OurOutpostSub             [32mSUCCESS[0m -> [36mIDLE[0m
[robot_decision-1] [1746718460.641]: EnemyOutpostSub           [32mSUCCESS[0m -> [36mIDLE[0m
[robot_decision-1] [1746718460.641]: Subscribers               [33mRUNNING[0m -> [32mSUCCESS[0m
[robot_decision-1] [1746718460.641]: ActionSequence            [36mIDLE[0m -> [33mRUNNING[0m
[robot_decision-1] [1746718460.641]: HealthCheck               [36mIDLE[0m -> [33mRUNNING[0m
[robot_decision-1] [1746718460.641]: CheckIfHealth             [36mIDLE[0m -> [31mFAILURE[0m
[robot_decision-1] [1746718460.641]: CheckIfHealth             [31mFAILURE[0m -> [36mIDLE[0m
[robot_decision-1] [1746718460.641]: HealthCheck               [33mRUNNING[0m -> [31mFAILURE[0m
[robot_decision-1] [1746718460.641]: BaseStatusLogic           [36mIDLE[0m -> [33mRUNNING[0m
[robot_decision-1] [1746718460.641]: OurOutpostDead            [36mIDLE[0m -> [33mRUNNING[0m
[robot_decision-1] [1746718460.641]: CheckIfHealth             [36mIDLE[0m -> [31mFAILURE[0m
[robot_decision-1] [1746718460.641]: CheckIfHealth             [31mFAILURE[0m -> [36mIDLE[0m
[robot_decision-1] [1746718460.641]: OurOutpostDead            [33mRUNNING[0m -> [31mFAILURE[0m
[robot_decision-1] [1746718460.641]: EnemyOutpostDead          [36mIDLE[0m -> [33mRUNNING[0m
[robot_decision-1] [1746718460.641]: CheckIfHealth             [36mIDLE[0m -> [31mFAILURE[0m
[robot_decision-1] [1746718460.641]: CheckIfHealth             [31mFAILURE[0m -> [36mIDLE[0m
[robot_decision-1] [1746718460.641]: EnemyOutpostDead          [33mRUNNING[0m -> [31mFAILURE[0m
[robot_decision-1] [1746718460.641]: BothOutpostAlive          [36mIDLE[0m -> [33mRUNNING[0m
[robot_decision-1] [1746718460.641]: CheckIfHealth             [36mIDLE[0m -> [31mFAILURE[0m
[robot_decision-1] [1746718460.641]: CheckIfHealth             [31mFAILURE[0m -> [36mIDLE[0m
[robot_decision-1] [1746718460.641]: BothOutpostAlive          [33mRUNNING[0m -> [31mFAILURE[0m
[robot_decision-1] [1746718460.641]: OurOutpostDead            [31mFAILURE[0m -> [36mIDLE[0m
[robot_decision-1] [1746718460.641]: EnemyOutpostDead          [31mFAILURE[0m -> [36mIDLE[0m
[robot_decision-1] [1746718460.641]: BothOutpostAlive          [31mFAILURE[0m -> [36mIDLE[0m
[robot_decision-1] [1746718460.641]: BaseStatusLogic           [33mRUNNING[0m -> [31mFAILURE[0m
[robot_decision-1] [1746718460.641]: HealthCheck               [31mFAILURE[0m -> [36mIDLE[0m
[robot_decision-1] [1746718460.641]: BaseStatusLogic           [31mFAILURE[0m -> [36mIDLE[0m
[robot_decision-1] [1746718460.641]: ActionSequence            [33mRUNNING[0m -> [31mFAILURE[0m
[robot_decision-1] [1746718460.641]: Subscribers               [32mSUCCESS[0m -> [36mIDLE[0m
[robot_decision-1] [1746718460.641]: ActionSequence            [31mFAILURE[0m -> [36mIDLE[0m
[robot_decision-1] [1746718460.641]: RootSequence              [33mRUNNING[0m -> [31mFAILURE[0m
[robot_decision-1] [1746718460.641]: RootSequence              [31mFAILURE[0m -> [36mIDLE[0m
[robot_decision-1] [1746718460.841]: RootSequence              [36mIDLE[0m -> [33mRUNNING[0m
[robot_decision-1] [1746718460.841]: Subscribers               [36mIDLE[0m -> [33mRUNNING[0m
[robot_decision-1] [INFO] [1746718460.841547441] [robot_decision]: [IfHealthSub] health value: 500
[robot_decision-1] [INFO] [1746718460.841759297] [robot_decision]: [OurOutpostSub] our outpost health value: 1500
[robot_decision-1] [1746718460.842]: IfHealthSub               [36mIDLE[0m -> [32mSUCCESS[0m
[robot_decision-1] [1746718460.842]: OurOutpostSub             [36mIDLE[0m -> [32mSUCCESS[0m
[robot_decision-1] [1746718460.842]: EnemyOutpostSub           [36mIDLE[0m -> [32mSUCCESS[0m
[robot_decision-1] [1746718460.842]: IfHealthSub               [32mSUCCESS[0m -> [36mIDLE[0m
[robot_decision-1] [1746718460.842]: OurOutpostSub             [32mSUCCESS[0m -> [36mIDLE[0m
[robot_decision-1] [1746718460.842]: EnemyOutpostSub           [32mSUCCESS[0m -> [36mIDLE[0m
[robot_decision-1] [1746718460.842]: Subscribers               [33mRUNNING[0m -> [32mSUCCESS[0m
[robot_decision-1] [1746718460.842]: ActionSequence            [36mIDLE[0m -> [33mRUNNING[0m
[robot_decision-1] [1746718460.842]: HealthCheck               [36mIDLE[0m -> [33mRUNNING[0m
[robot_decision-1] [1746718460.842]: CheckIfHealth             [36mIDLE[0m -> [31mFAILURE[0m
[robot_decision-1] [1746718460.842]: CheckIfHealth             [31mFAILURE[0m -> [36mIDLE[0m
[robot_decision-1] [1746718460.842]: HealthCheck               [33mRUNNING[0m -> [31mFAILURE[0m
[robot_decision-1] [1746718460.842]: BaseStatusLogic           [36mIDLE[0m -> [33mRUNNING[0m
[robot_decision-1] [1746718460.842]: OurOutpostDead            [36mIDLE[0m -> [33mRUNNING[0m
[robot_decision-1] [1746718460.842]: CheckIfHealth             [36mIDLE[0m -> [31mFAILURE[0m
[robot_decision-1] [1746718460.842]: CheckIfHealth             [31mFAILURE[0m -> [36mIDLE[0m
[robot_decision-1] [1746718460.842]: OurOutpostDead            [33mRUNNING[0m -> [31mFAILURE[0m
[robot_decision-1] [1746718460.842]: EnemyOutpostDead          [36mIDLE[0m -> [33mRUNNING[0m
[robot_decision-1] [1746718460.842]: CheckIfHealth             [36mIDLE[0m -> [31mFAILURE[0m
[robot_decision-1] [1746718460.842]: CheckIfHealth             [31mFAILURE[0m -> [36mIDLE[0m
[robot_decision-1] [1746718460.842]: EnemyOutpostDead          [33mRUNNING[0m -> [31mFAILURE[0m
[robot_decision-1] [1746718460.842]: BothOutpostAlive          [36mIDLE[0m -> [33mRUNNING[0m
[robot_decision-1] [1746718460.842]: CheckIfHealth             [36mIDLE[0m -> [31mFAILURE[0m
[robot_decision-1] [1746718460.842]: CheckIfHealth             [31mFAILURE[0m -> [36mIDLE[0m
[robot_decision-1] [1746718460.842]: BothOutpostAlive          [33mRUNNING[0m -> [31mFAILURE[0m
[robot_decision-1] [1746718460.842]: OurOutpostDead            [31mFAILURE[0m -> [36mIDLE[0m
[robot_decision-1] [1746718460.842]: EnemyOutpostDead          [31mFAILURE[0m -> [36mIDLE[0m
[robot_decision-1] [1746718460.842]: BothOutpostAlive          [31mFAILURE[0m -> [36mIDLE[0m
[robot_decision-1] [1746718460.842]: BaseStatusLogic           [33mRUNNING[0m -> [31mFAILURE[0m
[robot_decision-1] [1746718460.842]: HealthCheck               [31mFAILURE[0m -> [36mIDLE[0m
[robot_decision-1] [1746718460.842]: BaseStatusLogic           [31mFAILURE[0m -> [36mIDLE[0m
[robot_decision-1] [1746718460.842]: ActionSequence            [33mRUNNING[0m -> [31mFAILURE[0m
[robot_decision-1] [1746718460.842]: Subscribers               [32mSUCCESS[0m -> [36mIDLE[0m
[robot_decision-1] [1746718460.842]: ActionSequence            [31mFAILURE[0m -> [36mIDLE[0m
[robot_decision-1] [1746718460.842]: RootSequence              [33mRUNNING[0m -> [31mFAILURE[0m
[robot_decision-1] [1746718460.842]: RootSequence              [31mFAILURE[0m -> [36mIDLE[0m
[robot_decision-1] [INFO] [1746718460.841840910] [robot_decision]: [EnemyOutpostSub] enemy outpost health value: 1500
[robot_decision-1] [ERROR] [1746718460.841946437] [IfHealth]: [CheckIfHealth] Missing health_value input
[robot_decision-1] [ERROR] [1746718460.841992964] [IfHealth]: [CheckIfHealth] Missing health_value input
[robot_decision-1] [ERROR] [1746718460.842035183] [IfHealth]: [CheckIfHealth] Missing health_value input
[robot_decision-1] [ERROR] [1746718460.842064357] [IfHealth]: [CheckIfHealth] Missing health_value input
[robot_decision-1] [1746718461.042]: RootSequence              [36mIDLE[0m -> [33mRUNNING[0m
[robot_decision-1] [1746718461.042]: Subscribers               [36mIDLE[0m -> [33mRUNNING[0m
[robot_decision-1] [INFO] [1746718461.042398234] [robot_decision]: [IfHealthSub] health value: 500
[robot_decision-1] [INFO] [1746718461.042476260] [robot_decision]: [OurOutpostSub] our outpost health value: 1500
[robot_decision-1] [INFO] [1746718461.042503561] [robot_decision]: [EnemyOutpostSub] enemy outpost health value: 1500
[robot_decision-1] [ERROR] [1746718461.042538897] [IfHealth]: [CheckIfHealth] Missing health_value input
[robot_decision-1] [ERROR] [1746718461.042560728] [IfHealth]: [CheckIfHealth] Missing health_value input
[robot_decision-1] [ERROR] [1746718461.042579202] [IfHealth]: [CheckIfHealth] Missing health_value input
[robot_decision-1] [ERROR] [1746718461.042595252] [IfHealth]: [CheckIfHealth] Missing health_value input
[robot_decision-1] [1746718461.042]: IfHealthSub               [36mIDLE[0m -> [32mSUCCESS[0m
[robot_decision-1] [1746718461.042]: OurOutpostSub             [36mIDLE[0m -> [32mSUCCESS[0m
[robot_decision-1] [1746718461.043]: EnemyOutpostSub           [36mIDLE[0m -> [32mSUCCESS[0m
[robot_decision-1] [1746718461.043]: IfHealthSub               [32mSUCCESS[0m -> [36mIDLE[0m
[robot_decision-1] [1746718461.043]: OurOutpostSub             [32mSUCCESS[0m -> [36mIDLE[0m
[robot_decision-1] [1746718461.043]: EnemyOutpostSub           [32mSUCCESS[0m -> [36mIDLE[0m
[robot_decision-1] [1746718461.043]: Subscribers               [33mRUNNING[0m -> [32mSUCCESS[0m
[robot_decision-1] [1746718461.043]: ActionSequence            [36mIDLE[0m -> [33mRUNNING[0m
[robot_decision-1] [1746718461.043]: HealthCheck               [36mIDLE[0m -> [33mRUNNING[0m
[robot_decision-1] [1746718461.043]: CheckIfHealth             [36mIDLE[0m -> [31mFAILURE[0m
[robot_decision-1] [1746718461.043]: CheckIfHealth             [31mFAILURE[0m -> [36mIDLE[0m
[robot_decision-1] [1746718461.043]: HealthCheck               [33mRUNNING[0m -> [31mFAILURE[0m
[robot_decision-1] [1746718461.043]: BaseStatusLogic           [36mIDLE[0m -> [33mRUNNING[0m
[robot_decision-1] [1746718461.043]: OurOutpostDead            [36mIDLE[0m -> [33mRUNNING[0m
[robot_decision-1] [1746718461.043]: CheckIfHealth             [36mIDLE[0m -> [31mFAILURE[0m
[robot_decision-1] [1746718461.043]: CheckIfHealth             [31mFAILURE[0m -> [36mIDLE[0m
[robot_decision-1] [1746718461.043]: OurOutpostDead            [33mRUNNING[0m -> [31mFAILURE[0m
[robot_decision-1] [1746718461.043]: EnemyOutpostDead          [36mIDLE[0m -> [33mRUNNING[0m
[robot_decision-1] [1746718461.043]: CheckIfHealth             [36mIDLE[0m -> [31mFAILURE[0m
[robot_decision-1] [1746718461.043]: CheckIfHealth             [31mFAILURE[0m -> [36mIDLE[0m
[robot_decision-1] [1746718461.043]: EnemyOutpostDead          [33mRUNNING[0m -> [31mFAILURE[0m
[robot_decision-1] [1746718461.043]: BothOutpostAlive          [36mIDLE[0m -> [33mRUNNING[0m
[robot_decision-1] [1746718461.043]: CheckIfHealth             [36mIDLE[0m -> [31mFAILURE[0m
[robot_decision-1] [1746718461.043]: CheckIfHealth             [31mFAILURE[0m -> [36mIDLE[0m
[robot_decision-1] [1746718461.043]: BothOutpostAlive          [33mRUNNING[0m -> [31mFAILURE[0m
[robot_decision-1] [1746718461.043]: OurOutpostDead            [31mFAILURE[0m -> [36mIDLE[0m
[robot_decision-1] [1746718461.043]: EnemyOutpostDead          [31mFAILURE[0m -> [36mIDLE[0m
[robot_decision-1] [1746718461.043]: BothOutpostAlive          [31mFAILURE[0m -> [36mIDLE[0m
[robot_decision-1] [1746718461.043]: BaseStatusLogic           [33mRUNNING[0m -> [31mFAILURE[0m
[robot_decision-1] [1746718461.043]: HealthCheck               [31mFAILURE[0m -> [36mIDLE[0m
[robot_decision-1] [1746718461.043]: BaseStatusLogic           [31mFAILURE[0m -> [36mIDLE[0m
[robot_decision-1] [1746718461.043]: ActionSequence            [33mRUNNING[0m -> [31mFAILURE[0m
[robot_decision-1] [1746718461.043]: Subscribers               [32mSUCCESS[0m -> [36mIDLE[0m
[robot_decision-1] [1746718461.043]: ActionSequence            [31mFAILURE[0m -> [36mIDLE[0m
[robot_decision-1] [1746718461.043]: RootSequence              [33mRUNNING[0m -> [31mFAILURE[0m
[robot_decision-1] [1746718461.043]: RootSequence              [31mFAILURE[0m -> [36mIDLE[0m
[robot_decision-1] [1746718461.243]: RootSequence              [36mIDLE[0m -> [33mRUNNING[0m
[robot_decision-1] [1746718461.243]: Subscribers               [36mIDLE[0m -> [33mRUNNING[0m
[robot_decision-1] [INFO] [1746718461.243154306] [robot_decision]: [IfHealthSub] health value: 500
[robot_decision-1] [INFO] [1746718461.243318864] [robot_decision]: [OurOutpostSub] our outpost health value: 1500
[robot_decision-1] [1746718461.243]: IfHealthSub               [36mIDLE[0m -> [32mSUCCESS[0m
[robot_decision-1] [1746718461.243]: OurOutpostSub             [36mIDLE[0m -> [32mSUCCESS[0m
[robot_decision-1] [1746718461.243]: EnemyOutpostSub           [36mIDLE[0m -> [32mSUCCESS[0m
[robot_decision-1] [1746718461.243]: IfHealthSub               [32mSUCCESS[0m -> [36mIDLE[0m
[robot_decision-1] [1746718461.243]: OurOutpostSub             [32mSUCCESS[0m -> [36mIDLE[0m
[robot_decision-1] [1746718461.243]: EnemyOutpostSub           [32mSUCCESS[0m -> [36mIDLE[0m
[robot_decision-1] [1746718461.243]: Subscribers               [33mRUNNING[0m -> [32mSUCCESS[0m
[robot_decision-1] [1746718461.243]: ActionSequence            [36mIDLE[0m -> [33mRUNNING[0m
[robot_decision-1] [1746718461.243]: HealthCheck               [36mIDLE[0m -> [33mRUNNING[0m
[robot_decision-1] [1746718461.243]: CheckIfHealth             [36mIDLE[0m -> [31mFAILURE[0m
[robot_decision-1] [1746718461.243]: CheckIfHealth             [31mFAILURE[0m -> [36mIDLE[0m
[robot_decision-1] [1746718461.243]: HealthCheck               [33mRUNNING[0m -> [31mFAILURE[0m
[robot_decision-1] [1746718461.243]: BaseStatusLogic           [36mIDLE[0m -> [33mRUNNING[0m
[robot_decision-1] [1746718461.243]: OurOutpostDead            [36mIDLE[0m -> [33mRUNNING[0m
[robot_decision-1] [1746718461.244]: CheckIfHealth             [36mIDLE[0m -> [31mFAILURE[0m
[robot_decision-1] [1746718461.244]: CheckIfHealth             [31mFAILURE[0m -> [36mIDLE[0m
[robot_decision-1] [1746718461.244]: OurOutpostDead            [33mRUNNING[0m -> [31mFAILURE[0m
[robot_decision-1] [1746718461.244]: EnemyOutpostDead          [36mIDLE[0m -> [33mRUNNING[0m
[robot_decision-1] [1746718461.244]: CheckIfHealth             [36mIDLE[0m -> [31mFAILURE[0m
[robot_decision-1] [1746718461.244]: CheckIfHealth             [31mFAILURE[0m -> [36mIDLE[0m
[robot_decision-1] [1746718461.244]: EnemyOutpostDead          [33mRUNNING[0m -> [31mFAILURE[0m
[robot_decision-1] [1746718461.244]: BothOutpostAlive          [36mIDLE[0m -> [33mRUNNING[0m
[robot_decision-1] [1746718461.244]: CheckIfHealth             [36mIDLE[0m -> [31mFAILURE[0m
[robot_decision-1] [1746718461.244]: CheckIfHealth             [31mFAILURE[0m -> [36mIDLE[0m
[robot_decision-1] [1746718461.244]: BothOutpostAlive          [33mRUNNING[0m -> [31mFAILURE[0m
[robot_decision-1] [1746718461.244]: OurOutpostDead            [31mFAILURE[0m -> [36mIDLE[0m
[robot_decision-1] [1746718461.244]: EnemyOutpostDead          [31mFAILURE[0m -> [36mIDLE[0m
[robot_decision-1] [1746718461.244]: BothOutpostAlive          [31mFAILURE[0m -> [36mIDLE[0m
[robot_decision-1] [1746718461.244]: BaseStatusLogic           [33mRUNNING[0m -> [31mFAILURE[0m
[robot_decision-1] [1746718461.244]: HealthCheck               [31mFAILURE[0m -> [36mIDLE[0m
[robot_decision-1] [1746718461.244]: BaseStatusLogic           [31mFAILURE[0m -> [36mIDLE[0m
[robot_decision-1] [1746718461.244]: ActionSequence            [33mRUNNING[0m -> [31mFAILURE[0m
[robot_decision-1] [1746718461.244]: Subscribers               [32mSUCCESS[0m -> [36mIDLE[0m
[robot_decision-1] [1746718461.244]: ActionSequence            [31mFAILURE[0m -> [36mIDLE[0m
[robot_decision-1] [1746718461.244]: RootSequence              [33mRUNNING[0m -> [31mFAILURE[0m
[robot_decision-1] [1746718461.244]: RootSequence              [31mFAILURE[0m -> [36mIDLE[0m
[robot_decision-1] [INFO] [1746718461.243384787] [robot_decision]: [EnemyOutpostSub] enemy outpost health value: 1500
[robot_decision-1] [ERROR] [1746718461.243464466] [IfHealth]: [CheckIfHealth] Missing health_value input
[robot_decision-1] [ERROR] [1746718461.243498419] [IfHealth]: [CheckIfHealth] Missing health_value input
[robot_decision-1] [ERROR] [1746718461.243528105] [IfHealth]: [CheckIfHealth] Missing health_value input
[robot_decision-1] [ERROR] [1746718461.243552460] [IfHealth]: [CheckIfHealth] Missing health_value input
[robot_decision-1] [1746718461.444]: RootSequence              [36mIDLE[0m -> [33mRUNNING[0m
[robot_decision-1] [1746718461.444]: Subscribers               [36mIDLE[0m -> [33mRUNNING[0m
[robot_decision-1] [INFO] [1746718461.443847642] [robot_decision]: [IfHealthSub] health value: 500
[robot_decision-1] [INFO] [1746718461.443986301] [robot_decision]: [OurOutpostSub] our outpost health value: 1500
[robot_decision-1] [INFO] [1746718461.444031265] [robot_decision]: [EnemyOutpostSub] enemy outpost health value: 1500
[robot_decision-1] [ERROR] [1746718461.444135299] [IfHealth]: [CheckIfHealth] Missing health_value input
[robot_decision-1] [ERROR] [1746718461.444165165] [IfHealth]: [CheckIfHealth] Missing health_value input
[robot_decision-1] [ERROR] [1746718461.444189731] [IfHealth]: [CheckIfHealth] Missing health_value input
[robot_decision-1] [ERROR] [1746718461.444212583] [IfHealth]: [CheckIfHealth] Missing health_value input
[robot_decision-1] [1746718461.444]: IfHealthSub               [36mIDLE[0m -> [32mSUCCESS[0m
[robot_decision-1] [1746718461.444]: OurOutpostSub             [36mIDLE[0m -> [32mSUCCESS[0m
[robot_decision-1] [1746718461.444]: EnemyOutpostSub           [36mIDLE[0m -> [32mSUCCESS[0m
[robot_decision-1] [1746718461.444]: IfHealthSub               [32mSUCCESS[0m -> [36mIDLE[0m
[robot_decision-1] [1746718461.444]: OurOutpostSub             [32mSUCCESS[0m -> [36mIDLE[0m
[robot_decision-1] [1746718461.444]: EnemyOutpostSub           [32mSUCCESS[0m -> [36mIDLE[0m
[robot_decision-1] [1746718461.444]: Subscribers               [33mRUNNING[0m -> [32mSUCCESS[0m
[robot_decision-1] [1746718461.444]: ActionSequence            [36mIDLE[0m -> [33mRUNNING[0m
[robot_decision-1] [1746718461.444]: HealthCheck               [36mIDLE[0m -> [33mRUNNING[0m
[robot_decision-1] [1746718461.444]: CheckIfHealth             [36mIDLE[0m -> [31mFAILURE[0m
[robot_decision-1] [1746718461.444]: CheckIfHealth             [31mFAILURE[0m -> [36mIDLE[0m
[robot_decision-1] [1746718461.444]: HealthCheck               [33mRUNNING[0m -> [31mFAILURE[0m
[robot_decision-1] [1746718461.444]: BaseStatusLogic           [36mIDLE[0m -> [33mRUNNING[0m
[robot_decision-1] [1746718461.444]: OurOutpostDead            [36mIDLE[0m -> [33mRUNNING[0m
[robot_decision-1] [1746718461.444]: CheckIfHealth             [36mIDLE[0m -> [31mFAILURE[0m
[robot_decision-1] [1746718461.444]: CheckIfHealth             [31mFAILURE[0m -> [36mIDLE[0m
[robot_decision-1] [1746718461.444]: OurOutpostDead            [33mRUNNING[0m -> [31mFAILURE[0m
[robot_decision-1] [1746718461.444]: EnemyOutpostDead          [36mIDLE[0m -> [33mRUNNING[0m
[robot_decision-1] [1746718461.444]: CheckIfHealth             [36mIDLE[0m -> [31mFAILURE[0m
[robot_decision-1] [1746718461.444]: CheckIfHealth             [31mFAILURE[0m -> [36mIDLE[0m
[robot_decision-1] [1746718461.444]: EnemyOutpostDead          [33mRUNNING[0m -> [31mFAILURE[0m
[robot_decision-1] [1746718461.444]: BothOutpostAlive          [36mIDLE[0m -> [33mRUNNING[0m
[robot_decision-1] [1746718461.444]: CheckIfHealth             [36mIDLE[0m -> [31mFAILURE[0m
[robot_decision-1] [1746718461.444]: CheckIfHealth             [31mFAILURE[0m -> [36mIDLE[0m
[robot_decision-1] [1746718461.444]: BothOutpostAlive          [33mRUNNING[0m -> [31mFAILURE[0m
[robot_decision-1] [1746718461.444]: OurOutpostDead            [31mFAILURE[0m -> [36mIDLE[0m
[robot_decision-1] [1746718461.444]: EnemyOutpostDead          [31mFAILURE[0m -> [36mIDLE[0m
[robot_decision-1] [1746718461.444]: BothOutpostAlive          [31mFAILURE[0m -> [36mIDLE[0m
[robot_decision-1] [1746718461.444]: BaseStatusLogic           [33mRUNNING[0m -> [31mFAILURE[0m
[robot_decision-1] [1746718461.444]: HealthCheck               [31mFAILURE[0m -> [36mIDLE[0m
[robot_decision-1] [1746718461.444]: BaseStatusLogic           [31mFAILURE[0m -> [36mIDLE[0m
[robot_decision-1] [1746718461.444]: ActionSequence            [33mRUNNING[0m -> [31mFAILURE[0m
[robot_decision-1] [1746718461.444]: Subscribers               [32mSUCCESS[0m -> [36mIDLE[0m
[robot_decision-1] [1746718461.444]: ActionSequence            [31mFAILURE[0m -> [36mIDLE[0m
[robot_decision-1] [1746718461.444]: RootSequence              [33mRUNNING[0m -> [31mFAILURE[0m
[robot_decision-1] [1746718461.444]: RootSequence              [31mFAILURE[0m -> [36mIDLE[0m
[robot_decision-1] [1746718461.644]: RootSequence              [36mIDLE[0m -> [33mRUNNING[0m
[robot_decision-1] [1746718461.644]: Subscribers               [36mIDLE[0m -> [33mRUNNING[0m
[robot_decision-1] [INFO] [1746718461.644622048] [robot_decision]: [IfHealthSub] health value: 500
[robot_decision-1] [INFO] [1746718461.644748013] [robot_decision]: [OurOutpostSub] our outpost health value: 1500
[robot_decision-1] [INFO] [1746718461.644798458] [robot_decision]: [EnemyOutpostSub] enemy outpost health value: 1500
[robot_decision-1] [ERROR] [1746718461.644870412] [IfHealth]: [CheckIfHealth] Missing health_value input
[robot_decision-1] [ERROR] [1746718461.644898074] [IfHealth]: [CheckIfHealth] Missing health_value input
[robot_decision-1] [ERROR] [1746718461.644922459] [IfHealth]: [CheckIfHealth] Missing health_value input
[robot_decision-1] [ERROR] [1746718461.644944160] [IfHealth]: [CheckIfHealth] Missing health_value input
[robot_decision-1] [1746718461.645]: IfHealthSub               [36mIDLE[0m -> [32mSUCCESS[0m
[robot_decision-1] [1746718461.645]: OurOutpostSub             [36mIDLE[0m -> [32mSUCCESS[0m
[robot_decision-1] [1746718461.645]: EnemyOutpostSub           [36mIDLE[0m -> [32mSUCCESS[0m
[robot_decision-1] [1746718461.645]: IfHealthSub               [32mSUCCESS[0m -> [36mIDLE[0m
[robot_decision-1] [1746718461.645]: OurOutpostSub             [32mSUCCESS[0m -> [36mIDLE[0m
[robot_decision-1] [1746718461.645]: EnemyOutpostSub           [32mSUCCESS[0m -> [36mIDLE[0m
[robot_decision-1] [1746718461.645]: Subscribers               [33mRUNNING[0m -> [32mSUCCESS[0m
[robot_decision-1] [1746718461.645]: ActionSequence            [36mIDLE[0m -> [33mRUNNING[0m
[robot_decision-1] [1746718461.645]: HealthCheck               [36mIDLE[0m -> [33mRUNNING[0m
[robot_decision-1] [1746718461.645]: CheckIfHealth             [36mIDLE[0m -> [31mFAILURE[0m
[robot_decision-1] [1746718461.645]: CheckIfHealth             [31mFAILURE[0m -> [36mIDLE[0m
[robot_decision-1] [1746718461.645]: HealthCheck               [33mRUNNING[0m -> [31mFAILURE[0m
[robot_decision-1] [1746718461.645]: BaseStatusLogic           [36mIDLE[0m -> [33mRUNNING[0m
[robot_decision-1] [1746718461.645]: OurOutpostDead            [36mIDLE[0m -> [33mRUNNING[0m
[robot_decision-1] [1746718461.645]: CheckIfHealth             [36mIDLE[0m -> [31mFAILURE[0m
[robot_decision-1] [1746718461.645]: CheckIfHealth             [31mFAILURE[0m -> [36mIDLE[0m
[robot_decision-1] [1746718461.645]: OurOutpostDead            [33mRUNNING[0m -> [31mFAILURE[0m
[robot_decision-1] [1746718461.645]: EnemyOutpostDead          [36mIDLE[0m -> [33mRUNNING[0m
[robot_decision-1] [1746718461.645]: CheckIfHealth             [36mIDLE[0m -> [31mFAILURE[0m
[robot_decision-1] [1746718461.645]: CheckIfHealth             [31mFAILURE[0m -> [36mIDLE[0m
[robot_decision-1] [1746718461.645]: EnemyOutpostDead          [33mRUNNING[0m -> [31mFAILURE[0m
[robot_decision-1] [1746718461.645]: BothOutpostAlive          [36mIDLE[0m -> [33mRUNNING[0m
[robot_decision-1] [1746718461.645]: CheckIfHealth             [36mIDLE[0m -> [31mFAILURE[0m
[robot_decision-1] [1746718461.645]: CheckIfHealth             [31mFAILURE[0m -> [36mIDLE[0m
[robot_decision-1] [1746718461.645]: BothOutpostAlive          [33mRUNNING[0m -> [31mFAILURE[0m
[robot_decision-1] [1746718461.645]: OurOutpostDead            [31mFAILURE[0m -> [36mIDLE[0m
[robot_decision-1] [1746718461.645]: EnemyOutpostDead          [31mFAILURE[0m -> [36mIDLE[0m
[robot_decision-1] [1746718461.645]: BothOutpostAlive          [31mFAILURE[0m -> [36mIDLE[0m
[robot_decision-1] [1746718461.645]: BaseStatusLogic           [33mRUNNING[0m -> [31mFAILURE[0m
[robot_decision-1] [1746718461.645]: HealthCheck               [31mFAILURE[0m -> [36mIDLE[0m
[robot_decision-1] [1746718461.645]: BaseStatusLogic           [31mFAILURE[0m -> [36mIDLE[0m
[robot_decision-1] [1746718461.645]: ActionSequence            [33mRUNNING[0m -> [31mFAILURE[0m
[robot_decision-1] [1746718461.645]: Subscribers               [32mSUCCESS[0m -> [36mIDLE[0m
[robot_decision-1] [1746718461.645]: ActionSequence            [31mFAILURE[0m -> [36mIDLE[0m
[robot_decision-1] [1746718461.645]: RootSequence              [33mRUNNING[0m -> [31mFAILURE[0m
[robot_decision-1] [1746718461.645]: RootSequence              [31mFAILURE[0m -> [36mIDLE[0m
