[INFO] [launch]: All log files can be found below /home/aurora/.ros/log/2025-05-09-19-30-50-522484-aurora-2242050
[INFO] [launch]: Default logging verbosity is set to INFO
[INFO] [robot_decision-1]: process started with pid [2242070]
[robot_decision-1] [WARN] [1746790250.587610332] [rcl.logging_rosout]: Publisher already registered for provided node name. If this is due to multiple nodes with the same name then all logs for that logger name will go out over the existing publisher. As soon as any node with that name is destructed it will unregister the publisher, preventing any further logs for that name from being published on the rosout topic.
[robot_decision-1] [WARN] [1746790250.590605321] [rcl.logging_rosout]: Publisher already registered for provided node name. If this is due to multiple nodes with the same name then all logs for that logger name will go out over the existing publisher. As soon as any node with that name is destructed it will unregister the publisher, preventing any further logs for that name from being published on the rosout topic.
[robot_decision-1] [WARN] [1746790250.592911494] [rcl.logging_rosout]: Publisher already registered for provided node name. If this is due to multiple nodes with the same name then all logs for that logger name will go out over the existing publisher. As soon as any node with that name is destructed it will unregister the publisher, preventing any further logs for that name from being published on the rosout topic.
[robot_decision-1] [WARN] [1746790250.597956352] [rcl.logging_rosout]: Publisher already registered for provided node name. If this is due to multiple nodes with the same name then all logs for that logger name will go out over the existing publisher. As soon as any node with that name is destructed it will unregister the publisher, preventing any further logs for that name from being published on the rosout topic.
[robot_decision-1] [INFO] [1746790250.605717603] [robot_decision]: Node [IfHealthSub] created Subscriber to topic [ifhealth]
[robot_decision-1] [INFO] [1746790250.606069926] [robot_decision]: Node [OurOutpostSub] created Subscriber to topic [our_outpost_health]
[robot_decision-1] [INFO] [1746790250.606352660] [robot_decision]: Node [EnemyOutpostSub] created Subscriber to topic [enemy_outpost_health]
[robot_decision-1] [ERROR] [1746790251.110166219] [robot_decision]: NavigateToPose: Action server with name 'navigate_to_pose' is not reachable.
[robot_decision-1] [INFO] [1746790251.110284948] [robot_decision]: Loading points from: /home/aurora/pnx_decision/install/robot_decision/share/robot_decision/behavior_trees/RMUC_point.yaml
[robot_decision-1] [INFO] [1746790251.110439795] [robot_decision]: Points loaded successfully
[robot_decision-1] [INFO] [1746790251.586920678] [robot_decision]: Loading points from: /home/aurora/pnx_decision/install/robot_decision/share/robot_decision/behavior_trees/RMUC_point.yaml
[robot_decision-1] [INFO] [1746790251.587063362] [robot_decision]: Points loaded successfully
[robot_decision-1] [INFO] [1746790251.587278080] [robot_decision]: Loading points from: /home/aurora/pnx_decision/install/robot_decision/share/robot_decision/behavior_trees/RMUC_point.yaml
[robot_decision-1] [INFO] [1746790251.587371283] [robot_decision]: Points loaded successfully
[robot_decision-1] [INFO] [1746790251.587508738] [robot_decision]: Loading points from: /home/aurora/pnx_decision/install/robot_decision/share/robot_decision/behavior_trees/RMUC_point.yaml
[robot_decision-1] [INFO] [1746790251.587586272] [robot_decision]: Points loaded successfully
[robot_decision-1] [1746790251.588]: ActionSequence            [36mIDLE[0m -> [33mRUNNING[0m
[robot_decision-1] [1746790251.588]: Inverter                  [36mIDLE[0m -> [33mRUNNING[0m
[robot_decision-1] [1746790251.588]: Subscribers               [36mIDLE[0m -> [33mRUNNING[0m
[robot_decision-1] [ERROR] [1746790251.587787975] [robot_decision]: [IfHealthSub] invalid message
[robot_decision-1] [1746790251.588]: IfHealthSub               [36mIDLE[0m -> [31mFAILURE[0m
[robot_decision-1] [1746790251.588]: IfHealthSub               [31mFAILURE[0m -> [36mIDLE[0m
[robot_decision-1] [1746790251.588]: Subscribers               [33mRUNNING[0m -> [31mFAILURE[0m
[robot_decision-1] [1746790251.588]: Subscribers               [31mFAILURE[0m -> [36mIDLE[0m
[robot_decision-1] [1746790251.588]: Inverter                  [33mRUNNING[0m -> [32mSUCCESS[0m
[robot_decision-1] [1746790251.588]: Inverter                  [32mSUCCESS[0m -> [36mIDLE[0m
[robot_decision-1] [1746790251.588]: ActionSequence            [33mRUNNING[0m -> [32mSUCCESS[0m
[robot_decision-1] [1746790251.588]: ActionSequence            [32mSUCCESS[0m -> [36mIDLE[0m
[robot_decision-1] --- status: SUCCESS
[robot_decision-1] 
[robot_decision-1] [1746790251.788]: ActionSequence            [36mIDLE[0m -> [33mRUNNING[0m
[robot_decision-1] [1746790251.788]: Inverter                  [36mIDLE[0m -> [33mRUNNING[0m
[robot_decision-1] [1746790251.788]: Subscribers               [36mIDLE[0m -> [33mRUNNING[0m
[robot_decision-1] [ERROR] [1746790251.788030984] [robot_decision]: [IfHealthSub] invalid message
[robot_decision-1] [1746790251.788]: IfHealthSub               [36mIDLE[0m -> [31mFAILURE[0m
[robot_decision-1] [1746790251.788]: IfHealthSub               [31mFAILURE[0m -> [36mIDLE[0m
[robot_decision-1] [1746790251.788]: Subscribers               [33mRUNNING[0m -> [31mFAILURE[0m
[robot_decision-1] [1746790251.788]: Subscribers               [31mFAILURE[0m -> [36mIDLE[0m
[robot_decision-1] [1746790251.788]: Inverter                  [33mRUNNING[0m -> [32mSUCCESS[0m
[robot_decision-1] [1746790251.788]: Inverter                  [32mSUCCESS[0m -> [36mIDLE[0m
[robot_decision-1] [1746790251.788]: ActionSequence            [33mRUNNING[0m -> [32mSUCCESS[0m
[robot_decision-1] [1746790251.788]: ActionSequence            [32mSUCCESS[0m -> [36mIDLE[0m
[robot_decision-1] [1746790251.988]: ActionSequence            [36mIDLE[0m -> [33mRUNNING[0m
[robot_decision-1] [1746790251.988]: Inverter                  [36mIDLE[0m -> [33mRUNNING[0m
[robot_decision-1] [1746790251.988]: Subscribers               [36mIDLE[0m -> [33mRUNNING[0m
[robot_decision-1] [ERROR] [1746790251.988299120] [robot_decision]: [IfHealthSub] invalid message
[robot_decision-1] [1746790251.988]: IfHealthSub               [36mIDLE[0m -> [31mFAILURE[0m
[robot_decision-1] [1746790251.988]: IfHealthSub               [31mFAILURE[0m -> [36mIDLE[0m
[robot_decision-1] [1746790251.988]: Subscribers               [33mRUNNING[0m -> [31mFAILURE[0m
[robot_decision-1] [1746790251.988]: Subscribers               [31mFAILURE[0m -> [36mIDLE[0m
[robot_decision-1] [1746790251.988]: Inverter                  [33mRUNNING[0m -> [32mSUCCESS[0m
[robot_decision-1] [1746790251.988]: Inverter                  [32mSUCCESS[0m -> [36mIDLE[0m
[robot_decision-1] [1746790251.988]: ActionSequence            [33mRUNNING[0m -> [32mSUCCESS[0m
[robot_decision-1] [1746790251.988]: ActionSequence            [32mSUCCESS[0m -> [36mIDLE[0m
[robot_decision-1] [1746790252.188]: ActionSequence            [36mIDLE[0m -> [33mRUNNING[0m
[robot_decision-1] [1746790252.188]: Inverter                  [36mIDLE[0m -> [33mRUNNING[0m
[robot_decision-1] [1746790252.188]: Subscribers               [36mIDLE[0m -> [33mRUNNING[0m
[robot_decision-1] [ERROR] [1746790252.188527743] [robot_decision]: [IfHealthSub] invalid message
[robot_decision-1] [1746790252.189]: IfHealthSub               [36mIDLE[0m -> [31mFAILURE[0m
[robot_decision-1] [1746790252.189]: IfHealthSub               [31mFAILURE[0m -> [36mIDLE[0m
[robot_decision-1] [1746790252.189]: Subscribers               [33mRUNNING[0m -> [31mFAILURE[0m
[robot_decision-1] [1746790252.189]: Subscribers               [31mFAILURE[0m -> [36mIDLE[0m
[robot_decision-1] [1746790252.189]: Inverter                  [33mRUNNING[0m -> [32mSUCCESS[0m
[robot_decision-1] [1746790252.189]: Inverter                  [32mSUCCESS[0m -> [36mIDLE[0m
[robot_decision-1] [1746790252.189]: ActionSequence            [33mRUNNING[0m -> [32mSUCCESS[0m
[robot_decision-1] [1746790252.189]: ActionSequence            [32mSUCCESS[0m -> [36mIDLE[0m
[robot_decision-1] [1746790252.389]: ActionSequence            [36mIDLE[0m -> [33mRUNNING[0m
[robot_decision-1] [1746790252.389]: Inverter                  [36mIDLE[0m -> [33mRUNNING[0m
[robot_decision-1] [1746790252.389]: Subscribers               [36mIDLE[0m -> [33mRUNNING[0m
[robot_decision-1] [1746790252.389]: IfHealthSub               [36mIDLE[0m -> [31mFAILURE[0m
[robot_decision-1] [1746790252.389]: IfHealthSub               [31mFAILURE[0m -> [36mIDLE[0m
[robot_decision-1] [1746790252.389]: Subscribers               [33mRUNNING[0m -> [31mFAILURE[0m
[robot_decision-1] [1746790252.389]: Subscribers               [31mFAILURE[0m -> [36mIDLE[0m
[robot_decision-1] [1746790252.389]: Inverter                  [33mRUNNING[0m -> [32mSUCCESS[0m
[robot_decision-1] [1746790252.389]: Inverter                  [32mSUCCESS[0m -> [36mIDLE[0m
[robot_decision-1] [1746790252.389]: ActionSequence            [33mRUNNING[0m -> [32mSUCCESS[0m
[robot_decision-1] [1746790252.389]: ActionSequence            [32mSUCCESS[0m -> [36mIDLE[0m
[robot_decision-1] [ERROR] [1746790252.388925169] [robot_decision]: [IfHealthSub] invalid message
[robot_decision-1] [1746790252.589]: ActionSequence            [36mIDLE[0m -> [33mRUNNING[0m
[robot_decision-1] [1746790252.589]: Inverter                  [36mIDLE[0m -> [33mRUNNING[0m
[robot_decision-1] [1746790252.589]: Subscribers               [36mIDLE[0m -> [33mRUNNING[0m
[robot_decision-1] [ERROR] [1746790252.589367217] [robot_decision]: [IfHealthSub] invalid message
[robot_decision-1] [1746790252.589]: IfHealthSub               [36mIDLE[0m -> [31mFAILURE[0m
[robot_decision-1] [1746790252.589]: IfHealthSub               [31mFAILURE[0m -> [36mIDLE[0m
[robot_decision-1] [1746790252.589]: Subscribers               [33mRUNNING[0m -> [31mFAILURE[0m
[robot_decision-1] [1746790252.589]: Subscribers               [31mFAILURE[0m -> [36mIDLE[0m
[robot_decision-1] [1746790252.589]: Inverter                  [33mRUNNING[0m -> [32mSUCCESS[0m
[robot_decision-1] [1746790252.589]: Inverter                  [32mSUCCESS[0m -> [36mIDLE[0m
[robot_decision-1] [1746790252.589]: ActionSequence            [33mRUNNING[0m -> [32mSUCCESS[0m
[robot_decision-1] [1746790252.589]: ActionSequence            [32mSUCCESS[0m -> [36mIDLE[0m
[robot_decision-1] [1746790252.790]: ActionSequence            [36mIDLE[0m -> [33mRUNNING[0m
[robot_decision-1] [1746790252.790]: Inverter                  [36mIDLE[0m -> [33mRUNNING[0m
[robot_decision-1] [1746790252.790]: Subscribers               [36mIDLE[0m -> [33mRUNNING[0m
[robot_decision-1] [ERROR] [1746790252.789617190] [robot_decision]: [IfHealthSub] invalid message
[robot_decision-1] [1746790252.790]: IfHealthSub               [36mIDLE[0m -> [31mFAILURE[0m
[robot_decision-1] [1746790252.790]: IfHealthSub               [31mFAILURE[0m -> [36mIDLE[0m
[robot_decision-1] [1746790252.790]: Subscribers               [33mRUNNING[0m -> [31mFAILURE[0m
[robot_decision-1] [1746790252.790]: Subscribers               [31mFAILURE[0m -> [36mIDLE[0m
[robot_decision-1] [1746790252.790]: Inverter                  [33mRUNNING[0m -> [32mSUCCESS[0m
[robot_decision-1] [1746790252.790]: Inverter                  [32mSUCCESS[0m -> [36mIDLE[0m
[robot_decision-1] [1746790252.790]: ActionSequence            [33mRUNNING[0m -> [32mSUCCESS[0m
[robot_decision-1] [1746790252.790]: ActionSequence            [32mSUCCESS[0m -> [36mIDLE[0m
[robot_decision-1] [1746790252.990]: ActionSequence            [36mIDLE[0m -> [33mRUNNING[0m
[robot_decision-1] [1746790252.990]: Inverter                  [36mIDLE[0m -> [33mRUNNING[0m
[robot_decision-1] [1746790252.990]: Subscribers               [36mIDLE[0m -> [33mRUNNING[0m
[robot_decision-1] [ERROR] [1746790252.989822489] [robot_decision]: [IfHealthSub] invalid message
[robot_decision-1] [1746790252.990]: IfHealthSub               [36mIDLE[0m -> [31mFAILURE[0m
[robot_decision-1] [1746790252.990]: IfHealthSub               [31mFAILURE[0m -> [36mIDLE[0m
[robot_decision-1] [1746790252.990]: Subscribers               [33mRUNNING[0m -> [31mFAILURE[0m
[robot_decision-1] [1746790252.990]: Subscribers               [31mFAILURE[0m -> [36mIDLE[0m
[robot_decision-1] [1746790252.990]: Inverter                  [33mRUNNING[0m -> [32mSUCCESS[0m
[robot_decision-1] [1746790252.990]: Inverter                  [32mSUCCESS[0m -> [36mIDLE[0m
[robot_decision-1] [1746790252.990]: ActionSequence            [33mRUNNING[0m -> [32mSUCCESS[0m
[robot_decision-1] [1746790252.990]: ActionSequence            [32mSUCCESS[0m -> [36mIDLE[0m
[robot_decision-1] [1746790253.190]: ActionSequence            [36mIDLE[0m -> [33mRUNNING[0m
[robot_decision-1] [1746790253.190]: Inverter                  [36mIDLE[0m -> [33mRUNNING[0m
[robot_decision-1] [1746790253.190]: Subscribers               [36mIDLE[0m -> [33mRUNNING[0m
[robot_decision-1] [ERROR] [1746790253.190034472] [robot_decision]: [IfHealthSub] invalid message
[robot_decision-1] [1746790253.190]: IfHealthSub               [36mIDLE[0m -> [31mFAILURE[0m
[robot_decision-1] [1746790253.190]: IfHealthSub               [31mFAILURE[0m -> [36mIDLE[0m
[robot_decision-1] [1746790253.190]: Subscribers               [33mRUNNING[0m -> [31mFAILURE[0m
[robot_decision-1] [1746790253.190]: Subscribers               [31mFAILURE[0m -> [36mIDLE[0m
[robot_decision-1] [1746790253.190]: Inverter                  [33mRUNNING[0m -> [32mSUCCESS[0m
[robot_decision-1] [1746790253.190]: Inverter                  [32mSUCCESS[0m -> [36mIDLE[0m
[robot_decision-1] [1746790253.190]: ActionSequence            [33mRUNNING[0m -> [32mSUCCESS[0m
[robot_decision-1] [1746790253.190]: ActionSequence            [32mSUCCESS[0m -> [36mIDLE[0m
[robot_decision-1] [1746790253.390]: ActionSequence            [36mIDLE[0m -> [33mRUNNING[0m
[robot_decision-1] [1746790253.390]: Inverter                  [36mIDLE[0m -> [33mRUNNING[0m
[robot_decision-1] [1746790253.390]: Subscribers               [36mIDLE[0m -> [33mRUNNING[0m
[robot_decision-1] [ERROR] [1746790253.390278874] [robot_decision]: [IfHealthSub] invalid message
[robot_decision-1] [1746790253.390]: IfHealthSub               [36mIDLE[0m -> [31mFAILURE[0m
[robot_decision-1] [1746790253.390]: IfHealthSub               [31mFAILURE[0m -> [36mIDLE[0m
[robot_decision-1] [1746790253.390]: Subscribers               [33mRUNNING[0m -> [31mFAILURE[0m
[robot_decision-1] [1746790253.390]: Subscribers               [31mFAILURE[0m -> [36mIDLE[0m
[robot_decision-1] [1746790253.390]: Inverter                  [33mRUNNING[0m -> [32mSUCCESS[0m
[robot_decision-1] [1746790253.390]: Inverter                  [32mSUCCESS[0m -> [36mIDLE[0m
[robot_decision-1] [1746790253.390]: ActionSequence            [33mRUNNING[0m -> [32mSUCCESS[0m
[robot_decision-1] [1746790253.390]: ActionSequence            [32mSUCCESS[0m -> [36mIDLE[0m
[robot_decision-1] [1746790253.590]: ActionSequence            [36mIDLE[0m -> [33mRUNNING[0m
[robot_decision-1] [1746790253.590]: Inverter                  [36mIDLE[0m -> [33mRUNNING[0m
[robot_decision-1] [1746790253.590]: Subscribers               [36mIDLE[0m -> [33mRUNNING[0m
[robot_decision-1] [ERROR] [1746790253.590513649] [robot_decision]: [IfHealthSub] invalid message
[robot_decision-1] [1746790253.591]: IfHealthSub               [36mIDLE[0m -> [31mFAILURE[0m
[robot_decision-1] [1746790253.591]: IfHealthSub               [31mFAILURE[0m -> [36mIDLE[0m
[robot_decision-1] [1746790253.591]: Subscribers               [33mRUNNING[0m -> [31mFAILURE[0m
[robot_decision-1] [1746790253.591]: Subscribers               [31mFAILURE[0m -> [36mIDLE[0m
[robot_decision-1] [1746790253.591]: Inverter                  [33mRUNNING[0m -> [32mSUCCESS[0m
[robot_decision-1] [1746790253.591]: Inverter                  [32mSUCCESS[0m -> [36mIDLE[0m
[robot_decision-1] [1746790253.591]: ActionSequence            [33mRUNNING[0m -> [32mSUCCESS[0m
[robot_decision-1] [1746790253.591]: ActionSequence            [32mSUCCESS[0m -> [36mIDLE[0m
[robot_decision-1] [1746790253.791]: ActionSequence            [36mIDLE[0m -> [33mRUNNING[0m
[robot_decision-1] [1746790253.791]: Inverter                  [36mIDLE[0m -> [33mRUNNING[0m
[robot_decision-1] [1746790253.791]: Subscribers               [36mIDLE[0m -> [33mRUNNING[0m
[robot_decision-1] [ERROR] [1746790253.790741961] [robot_decision]: [IfHealthSub] invalid message
[robot_decision-1] [1746790253.791]: IfHealthSub               [36mIDLE[0m -> [31mFAILURE[0m
[robot_decision-1] [1746790253.791]: IfHealthSub               [31mFAILURE[0m -> [36mIDLE[0m
[robot_decision-1] [1746790253.791]: Subscribers               [33mRUNNING[0m -> [31mFAILURE[0m
[robot_decision-1] [1746790253.791]: Subscribers               [31mFAILURE[0m -> [36mIDLE[0m
[robot_decision-1] [1746790253.791]: Inverter                  [33mRUNNING[0m -> [32mSUCCESS[0m
[robot_decision-1] [1746790253.791]: Inverter                  [32mSUCCESS[0m -> [36mIDLE[0m
[robot_decision-1] [1746790253.791]: ActionSequence            [33mRUNNING[0m -> [32mSUCCESS[0m
[robot_decision-1] [1746790253.791]: ActionSequence            [32mSUCCESS[0m -> [36mIDLE[0m
[robot_decision-1] [1746790253.991]: ActionSequence            [36mIDLE[0m -> [33mRUNNING[0m
[robot_decision-1] [1746790253.991]: Inverter                  [36mIDLE[0m -> [33mRUNNING[0m
[robot_decision-1] [1746790253.991]: Subscribers               [36mIDLE[0m -> [33mRUNNING[0m
[robot_decision-1] [INFO] [1746790253.991296278] [robot_decision]: [IfHealthSub] health value: 500
[robot_decision-1] [INFO] [1746790253.991367700] [robot_decision]: [OurOutpostSub] our outpost health value: 1500
[robot_decision-1] [1746790253.991]: IfHealthSub               [36mIDLE[0m -> [32mSUCCESS[0m
[robot_decision-1] [1746790253.991]: OurOutpostSub             [36mIDLE[0m -> [32mSUCCESS[0m
[robot_decision-1] [1746790253.991]: EnemyOutpostSub           [36mIDLE[0m -> [32mSUCCESS[0m
[robot_decision-1] [1746790253.991]: IfHealthSub               [32mSUCCESS[0m -> [36mIDLE[0m
[robot_decision-1] [1746790253.991]: OurOutpostSub             [32mSUCCESS[0m -> [36mIDLE[0m
[robot_decision-1] [1746790253.991]: EnemyOutpostSub           [32mSUCCESS[0m -> [36mIDLE[0m
[robot_decision-1] [1746790253.991]: Subscribers               [33mRUNNING[0m -> [32mSUCCESS[0m
[robot_decision-1] [1746790253.991]: Subscribers               [32mSUCCESS[0m -> [36mIDLE[0m
[robot_decision-1] [1746790253.991]: Inverter                  [33mRUNNING[0m -> [31mFAILURE[0m
[robot_decision-1] [1746790253.991]: HealthCheck               [36mIDLE[0m -> [33mRUNNING[0m
[robot_decision-1] [1746790253.991]: CheckIfHealth             [36mIDLE[0m -> [31mFAILURE[0m
[robot_decision-1] [1746790253.991]: CheckIfHealth             [31mFAILURE[0m -> [36mIDLE[0m
[robot_decision-1] [1746790253.991]: HealthCheck               [33mRUNNING[0m -> [31mFAILURE[0m
[robot_decision-1] [1746790253.991]: BaseStatusLogic           [36mIDLE[0m -> [33mRUNNING[0m
[robot_decision-1] [1746790253.991]: OurOutpostDead            [36mIDLE[0m -> [33mRUNNING[0m
[robot_decision-1] [1746790253.992]: CheckIfHealth             [36mIDLE[0m -> [32mSUCCESS[0m
[robot_decision-1] [1746790253.992]: IsOurOutpostDead          [36mIDLE[0m -> [31mFAILURE[0m
[robot_decision-1] [1746790253.992]: CheckIfHealth             [32mSUCCESS[0m -> [36mIDLE[0m
[robot_decision-1] [1746790253.992]: IsOurOutpostDead          [31mFAILURE[0m -> [36mIDLE[0m
[robot_decision-1] [1746790253.992]: OurOutpostDead            [33mRUNNING[0m -> [31mFAILURE[0m
[robot_decision-1] [1746790253.992]: EnemyOutpostDead          [36mIDLE[0m -> [33mRUNNING[0m
[robot_decision-1] [1746790253.992]: CheckIfHealth             [36mIDLE[0m -> [32mSUCCESS[0m
[robot_decision-1] [1746790253.992]: IsEnemyOutpostDead        [36mIDLE[0m -> [31mFAILURE[0m
[robot_decision-1] [1746790253.992]: CheckIfHealth             [32mSUCCESS[0m -> [36mIDLE[0m
[robot_decision-1] [1746790253.992]: IsEnemyOutpostDead        [31mFAILURE[0m -> [36mIDLE[0m
[robot_decision-1] [1746790253.992]: EnemyOutpostDead          [33mRUNNING[0m -> [31mFAILURE[0m
[robot_decision-1] [1746790253.992]: BothOutpostAlive          [36mIDLE[0m -> [33mRUNNING[0m
[robot_decision-1] [1746790253.992]: CheckIfHealth             [36mIDLE[0m -> [32mSUCCESS[0m
[robot_decision-1] [1746790253.992]: RetryUntilSuccessful      [36mIDLE[0m -> [33mRUNNING[0m
[robot_decision-1] [1746790253.992]: Sequence                  [36mIDLE[0m -> [33mRUNNING[0m
[robot_decision-1] [1746790253.992]: WaitNode                  [36mIDLE[0m -> [33mRUNNING[0m
[robot_decision-1] [1746790253.992]: Inverter                  [31mFAILURE[0m -> [36mIDLE[0m
[robot_decision-1] [1746790253.992]: HealthCheck               [31mFAILURE[0m -> [36mIDLE[0m
[robot_decision-1] [INFO] [1746790253.991445805] [robot_decision]: [EnemyOutpostSub] enemy outpost health value: 1500
[robot_decision-1] [INFO] [1746790253.991500236] [IfHealth]: [CheckIfHealth] amount of blood: 500
[robot_decision-1] [INFO] [1746790253.991508641] [CheckOutposet]: [IsOurOutpostDead] Our outpost health: 1500 (alive)
[robot_decision-1] [INFO] [1746790253.991561209] [IfHealth]: [CheckIfHealth] amount of blood: 500
[robot_decision-1] [INFO] [1746790253.991572029] [CheckEnemyposet]: [IsEnemyOutpostDead] Enemy outpost health: 1500 (alive)
[robot_decision-1] [INFO] [1746790253.991585614] [IfHealth]: [CheckIfHealth] amount of blood: 500
[robot_decision-1] [1746790254.192]: Inverter                  [36mIDLE[0m -> [33mRUNNING[0m
[robot_decision-1] [1746790254.192]: Subscribers               [36mIDLE[0m -> [33mRUNNING[0m
[robot_decision-1] [INFO] [1746790254.191855253] [robot_decision]: [IfHealthSub] health value: 500
[robot_decision-1] [INFO] [1746790254.191935963] [robot_decision]: [OurOutpostSub] our outpost health value: 1500
[robot_decision-1] [INFO] [1746790254.191967611] [robot_decision]: [EnemyOutpostSub] enemy outpost health value: 1500
[robot_decision-1] [1746790254.192]: IfHealthSub               [36mIDLE[0m -> [32mSUCCESS[0m
[robot_decision-1] [1746790254.192]: OurOutpostSub             [36mIDLE[0m -> [32mSUCCESS[0m
[robot_decision-1] [1746790254.192]: EnemyOutpostSub           [36mIDLE[0m -> [32mSUCCESS[0m
[robot_decision-1] [1746790254.192]: IfHealthSub               [32mSUCCESS[0m -> [36mIDLE[0m
[robot_decision-1] [1746790254.192]: OurOutpostSub             [32mSUCCESS[0m -> [36mIDLE[0m
[robot_decision-1] [1746790254.192]: EnemyOutpostSub           [32mSUCCESS[0m -> [36mIDLE[0m
[robot_decision-1] [1746790254.192]: Subscribers               [33mRUNNING[0m -> [32mSUCCESS[0m
[robot_decision-1] [1746790254.192]: Subscribers               [32mSUCCESS[0m -> [36mIDLE[0m
[robot_decision-1] [1746790254.192]: Inverter                  [33mRUNNING[0m -> [31mFAILURE[0m
[robot_decision-1] [1746790254.192]: HealthCheck               [36mIDLE[0m -> [33mRUNNING[0m
[robot_decision-1] [1746790254.192]: CheckIfHealth             [36mIDLE[0m -> [31mFAILURE[0m
[robot_decision-1] [1746790254.192]: CheckIfHealth             [31mFAILURE[0m -> [36mIDLE[0m
[robot_decision-1] [1746790254.192]: HealthCheck               [33mRUNNING[0m -> [31mFAILURE[0m
[robot_decision-1] [1746790254.192]: WaitNode                  [33mRUNNING[0m -> [32mSUCCESS[0m
[robot_decision-1] [1746790254.192]: NavigateToPose            [36mIDLE[0m -> [33mRUNNING[0m
[robot_decision-1] Point key: 1 x:3 y:0.45
[robot_decision-1] [1746790254.192]: Inverter                  [31mFAILURE[0m -> [36mIDLE[0m
[robot_decision-1] [1746790254.192]: HealthCheck               [31mFAILURE[0m -> [36mIDLE[0m
[robot_decision-1] [1746790254.393]: Inverter                  [36mIDLE[0m -> [33mRUNNING[0m
[robot_decision-1] [1746790254.393]: Subscribers               [36mIDLE[0m -> [33mRUNNING[0m
[robot_decision-1] [INFO] [1746790254.392725405] [robot_decision]: [IfHealthSub] health value: 500
[robot_decision-1] [INFO] [1746790254.392775528] [robot_decision]: [OurOutpostSub] our outpost health value: 1500
[robot_decision-1] [1746790254.393]: IfHealthSub               [36mIDLE[0m -> [32mSUCCESS[0m
[robot_decision-1] [1746790254.393]: OurOutpostSub             [36mIDLE[0m -> [32mSUCCESS[0m
[robot_decision-1] [1746790254.393]: EnemyOutpostSub           [36mIDLE[0m -> [32mSUCCESS[0m
[robot_decision-1] [1746790254.393]: IfHealthSub               [32mSUCCESS[0m -> [36mIDLE[0m
[robot_decision-1] [1746790254.393]: OurOutpostSub             [32mSUCCESS[0m -> [36mIDLE[0m
[robot_decision-1] [1746790254.393]: EnemyOutpostSub           [32mSUCCESS[0m -> [36mIDLE[0m
[robot_decision-1] [1746790254.393]: Subscribers               [33mRUNNING[0m -> [32mSUCCESS[0m
[robot_decision-1] [1746790254.393]: Subscribers               [32mSUCCESS[0m -> [36mIDLE[0m
[robot_decision-1] [1746790254.393]: Inverter                  [33mRUNNING[0m -> [31mFAILURE[0m
[robot_decision-1] [1746790254.393]: HealthCheck               [36mIDLE[0m -> [33mRUNNING[0m
[robot_decision-1] [1746790254.393]: CheckIfHealth             [36mIDLE[0m -> [31mFAILURE[0m
[robot_decision-1] [1746790254.393]: CheckIfHealth             [31mFAILURE[0m -> [36mIDLE[0m
[robot_decision-1] [1746790254.393]: HealthCheck               [33mRUNNING[0m -> [31mFAILURE[0m
[robot_decision-1] [1746790254.393]: Inverter                  [31mFAILURE[0m -> [36mIDLE[0m
[robot_decision-1] [1746790254.393]: HealthCheck               [31mFAILURE[0m -> [36mIDLE[0m
[robot_decision-1] [INFO] [1746790254.392792500] [robot_decision]: [EnemyOutpostSub] enemy outpost health value: 1500
[robot_decision-1] [1746790254.593]: Inverter                  [36mIDLE[0m -> [33mRUNNING[0m
[robot_decision-1] [1746790254.593]: Subscribers               [36mIDLE[0m -> [33mRUNNING[0m
[robot_decision-1] [INFO] [1746790254.593186320] [robot_decision]: [IfHealthSub] health value: 500
[robot_decision-1] [INFO] [1746790254.593257822] [robot_decision]: [OurOutpostSub] our outpost health value: 1500
[robot_decision-1] [INFO] [1746790254.593288449] [robot_decision]: [EnemyOutpostSub] enemy outpost health value: 1500
[robot_decision-1] [1746790254.593]: IfHealthSub               [36mIDLE[0m -> [32mSUCCESS[0m
[robot_decision-1] [1746790254.593]: OurOutpostSub             [36mIDLE[0m -> [32mSUCCESS[0m
[robot_decision-1] [1746790254.593]: EnemyOutpostSub           [36mIDLE[0m -> [32mSUCCESS[0m
[robot_decision-1] [1746790254.593]: IfHealthSub               [32mSUCCESS[0m -> [36mIDLE[0m
[robot_decision-1] [1746790254.593]: OurOutpostSub             [32mSUCCESS[0m -> [36mIDLE[0m
[robot_decision-1] [1746790254.593]: EnemyOutpostSub           [32mSUCCESS[0m -> [36mIDLE[0m
[robot_decision-1] [1746790254.593]: Subscribers               [33mRUNNING[0m -> [32mSUCCESS[0m
[robot_decision-1] [1746790254.593]: Subscribers               [32mSUCCESS[0m -> [36mIDLE[0m
[robot_decision-1] [1746790254.593]: Inverter                  [33mRUNNING[0m -> [31mFAILURE[0m
[robot_decision-1] [1746790254.593]: HealthCheck               [36mIDLE[0m -> [33mRUNNING[0m
[robot_decision-1] [1746790254.593]: CheckIfHealth             [36mIDLE[0m -> [31mFAILURE[0m
[robot_decision-1] [1746790254.593]: CheckIfHealth             [31mFAILURE[0m -> [36mIDLE[0m
[robot_decision-1] [1746790254.593]: HealthCheck               [33mRUNNING[0m -> [31mFAILURE[0m
[robot_decision-1] [1746790254.593]: Inverter                  [31mFAILURE[0m -> [36mIDLE[0m
[robot_decision-1] [1746790254.593]: HealthCheck               [31mFAILURE[0m -> [36mIDLE[0m
[robot_decision-1] [1746790254.794]: Inverter                  [36mIDLE[0m -> [33mRUNNING[0m
[robot_decision-1] [1746790254.794]: Subscribers               [36mIDLE[0m -> [33mRUNNING[0m
[robot_decision-1] [INFO] [1746790254.793835021] [robot_decision]: [IfHealthSub] health value: 500
[robot_decision-1] [INFO] [1746790254.794003113] [robot_decision]: [OurOutpostSub] our outpost health value: 1500
[robot_decision-1] [1746790254.794]: IfHealthSub               [36mIDLE[0m -> [32mSUCCESS[0m
[robot_decision-1] [1746790254.794]: OurOutpostSub             [36mIDLE[0m -> [32mSUCCESS[0m
[robot_decision-1] [1746790254.794]: EnemyOutpostSub           [36mIDLE[0m -> [32mSUCCESS[0m
[robot_decision-1] [1746790254.794]: IfHealthSub               [32mSUCCESS[0m -> [36mIDLE[0m
[robot_decision-1] [1746790254.794]: OurOutpostSub             [32mSUCCESS[0m -> [36mIDLE[0m
[robot_decision-1] [1746790254.794]: EnemyOutpostSub           [32mSUCCESS[0m -> [36mIDLE[0m
[robot_decision-1] [1746790254.794]: Subscribers               [33mRUNNING[0m -> [32mSUCCESS[0m
[robot_decision-1] [1746790254.794]: Subscribers               [32mSUCCESS[0m -> [36mIDLE[0m
[robot_decision-1] [1746790254.794]: Inverter                  [33mRUNNING[0m -> [31mFAILURE[0m
[robot_decision-1] [1746790254.794]: HealthCheck               [36mIDLE[0m -> [33mRUNNING[0m
[robot_decision-1] [1746790254.794]: CheckIfHealth             [36mIDLE[0m -> [31mFAILURE[0m
[robot_decision-1] [1746790254.794]: CheckIfHealth             [31mFAILURE[0m -> [36mIDLE[0m
[robot_decision-1] [1746790254.794]: HealthCheck               [33mRUNNING[0m -> [31mFAILURE[0m
[robot_decision-1] [1746790254.794]: Inverter                  [31mFAILURE[0m -> [36mIDLE[0m
[robot_decision-1] [1746790254.794]: HealthCheck               [31mFAILURE[0m -> [36mIDLE[0m
[robot_decision-1] [INFO] [1746790254.794039400] [robot_decision]: [EnemyOutpostSub] enemy outpost health value: 1500
[robot_decision-1] [1746790254.994]: Inverter                  [36mIDLE[0m -> [33mRUNNING[0m
[robot_decision-1] [1746790254.994]: Subscribers               [36mIDLE[0m -> [33mRUNNING[0m
[robot_decision-1] [INFO] [1746790254.994454409] [robot_decision]: [IfHealthSub] health value: 500
[robot_decision-1] [INFO] [1746790254.994515301] [robot_decision]: [OurOutpostSub] our outpost health value: 1500
[robot_decision-1] [INFO] [1746790254.994536681] [robot_decision]: [EnemyOutpostSub] enemy outpost health value: 1500
[robot_decision-1] [1746790254.994]: IfHealthSub               [36mIDLE[0m -> [32mSUCCESS[0m
[robot_decision-1] [1746790254.995]: OurOutpostSub             [36mIDLE[0m -> [32mSUCCESS[0m
[robot_decision-1] [1746790254.995]: EnemyOutpostSub           [36mIDLE[0m -> [32mSUCCESS[0m
[robot_decision-1] [1746790254.995]: IfHealthSub               [32mSUCCESS[0m -> [36mIDLE[0m
[robot_decision-1] [1746790254.995]: OurOutpostSub             [32mSUCCESS[0m -> [36mIDLE[0m
[robot_decision-1] [1746790254.995]: EnemyOutpostSub           [32mSUCCESS[0m -> [36mIDLE[0m
[robot_decision-1] [1746790254.995]: Subscribers               [33mRUNNING[0m -> [32mSUCCESS[0m
[robot_decision-1] [1746790254.995]: Subscribers               [32mSUCCESS[0m -> [36mIDLE[0m
[robot_decision-1] [1746790254.995]: Inverter                  [33mRUNNING[0m -> [31mFAILURE[0m
[robot_decision-1] [1746790254.995]: HealthCheck               [36mIDLE[0m -> [33mRUNNING[0m
[robot_decision-1] [1746790254.995]: CheckIfHealth             [36mIDLE[0m -> [31mFAILURE[0m
[robot_decision-1] [1746790254.995]: CheckIfHealth             [31mFAILURE[0m -> [36mIDLE[0m
[robot_decision-1] [1746790254.995]: HealthCheck               [33mRUNNING[0m -> [31mFAILURE[0m
[robot_decision-1] [1746790254.995]: Inverter                  [31mFAILURE[0m -> [36mIDLE[0m
[robot_decision-1] [1746790254.995]: HealthCheck               [31mFAILURE[0m -> [36mIDLE[0m
[robot_decision-1] [1746790255.195]: Inverter                  [36mIDLE[0m -> [33mRUNNING[0m
[robot_decision-1] [1746790255.195]: Subscribers               [36mIDLE[0m -> [33mRUNNING[0m
[robot_decision-1] [INFO] [1746790255.194882863] [robot_decision]: [IfHealthSub] health value: 500
[robot_decision-1] [INFO] [1746790255.194942263] [robot_decision]: [OurOutpostSub] our outpost health value: 1500
[robot_decision-1] [INFO] [1746790255.194962300] [robot_decision]: [EnemyOutpostSub] enemy outpost health value: 1500
[robot_decision-1] [1746790255.195]: IfHealthSub               [36mIDLE[0m -> [32mSUCCESS[0m
[robot_decision-1] [1746790255.195]: OurOutpostSub             [36mIDLE[0m -> [32mSUCCESS[0m
[robot_decision-1] [1746790255.195]: EnemyOutpostSub           [36mIDLE[0m -> [32mSUCCESS[0m
[robot_decision-1] [1746790255.195]: IfHealthSub               [32mSUCCESS[0m -> [36mIDLE[0m
[robot_decision-1] [1746790255.195]: OurOutpostSub             [32mSUCCESS[0m -> [36mIDLE[0m
[robot_decision-1] [1746790255.195]: EnemyOutpostSub           [32mSUCCESS[0m -> [36mIDLE[0m
[robot_decision-1] [1746790255.195]: Subscribers               [33mRUNNING[0m -> [32mSUCCESS[0m
[robot_decision-1] [1746790255.195]: Subscribers               [32mSUCCESS[0m -> [36mIDLE[0m
[robot_decision-1] [1746790255.195]: Inverter                  [33mRUNNING[0m -> [31mFAILURE[0m
[robot_decision-1] [1746790255.195]: HealthCheck               [36mIDLE[0m -> [33mRUNNING[0m
[robot_decision-1] [1746790255.195]: CheckIfHealth             [36mIDLE[0m -> [31mFAILURE[0m
[robot_decision-1] [1746790255.195]: CheckIfHealth             [31mFAILURE[0m -> [36mIDLE[0m
[robot_decision-1] [1746790255.195]: HealthCheck               [33mRUNNING[0m -> [31mFAILURE[0m
[robot_decision-1] [1746790255.195]: Inverter                  [31mFAILURE[0m -> [36mIDLE[0m
[robot_decision-1] [1746790255.195]: HealthCheck               [31mFAILURE[0m -> [36mIDLE[0m
[robot_decision-1] [1746790255.395]: Inverter                  [36mIDLE[0m -> [33mRUNNING[0m
[robot_decision-1] [1746790255.395]: Subscribers               [36mIDLE[0m -> [33mRUNNING[0m
[robot_decision-1] [INFO] [1746790255.395262085] [robot_decision]: [IfHealthSub] health value: 500
[robot_decision-1] [INFO] [1746790255.395336032] [robot_decision]: [OurOutpostSub] our outpost health value: 1500
[robot_decision-1] [INFO] [1746790255.395390052] [robot_decision]: [EnemyOutpostSub] enemy outpost health value: 1500
[robot_decision-1] [1746790255.395]: IfHealthSub               [36mIDLE[0m -> [32mSUCCESS[0m
[robot_decision-1] [1746790255.395]: OurOutpostSub             [36mIDLE[0m -> [32mSUCCESS[0m
[robot_decision-1] [1746790255.395]: EnemyOutpostSub           [36mIDLE[0m -> [32mSUCCESS[0m
[robot_decision-1] [1746790255.395]: IfHealthSub               [32mSUCCESS[0m -> [36mIDLE[0m
[robot_decision-1] [1746790255.395]: OurOutpostSub             [32mSUCCESS[0m -> [36mIDLE[0m
[robot_decision-1] [1746790255.395]: EnemyOutpostSub           [32mSUCCESS[0m -> [36mIDLE[0m
[robot_decision-1] [1746790255.395]: Subscribers               [33mRUNNING[0m -> [32mSUCCESS[0m
[robot_decision-1] [1746790255.395]: Subscribers               [32mSUCCESS[0m -> [36mIDLE[0m
[robot_decision-1] [1746790255.395]: Inverter                  [33mRUNNING[0m -> [31mFAILURE[0m
[robot_decision-1] [1746790255.395]: HealthCheck               [36mIDLE[0m -> [33mRUNNING[0m
[robot_decision-1] [1746790255.395]: CheckIfHealth             [36mIDLE[0m -> [31mFAILURE[0m
[robot_decision-1] [1746790255.395]: CheckIfHealth             [31mFAILURE[0m -> [36mIDLE[0m
[robot_decision-1] [1746790255.395]: HealthCheck               [33mRUNNING[0m -> [31mFAILURE[0m
[robot_decision-1] [1746790255.396]: Inverter                  [31mFAILURE[0m -> [36mIDLE[0m
[robot_decision-1] [1746790255.396]: HealthCheck               [31mFAILURE[0m -> [36mIDLE[0m
[robot_decision-1] [1746790255.596]: Inverter                  [36mIDLE[0m -> [33mRUNNING[0m
[robot_decision-1] [1746790255.596]: Subscribers               [36mIDLE[0m -> [33mRUNNING[0m
[robot_decision-1] [INFO] [1746790255.595854914] [robot_decision]: [IfHealthSub] health value: 500
[robot_decision-1] [INFO] [1746790255.595901891] [robot_decision]: [OurOutpostSub] our outpost health value: 1500
[robot_decision-1] [INFO] [1746790255.595922159] [robot_decision]: [EnemyOutpostSub] enemy outpost health value: 1500
[robot_decision-1] [1746790255.596]: IfHealthSub               [36mIDLE[0m -> [32mSUCCESS[0m
[robot_decision-1] [1746790255.596]: OurOutpostSub             [36mIDLE[0m -> [32mSUCCESS[0m
[robot_decision-1] [1746790255.596]: EnemyOutpostSub           [36mIDLE[0m -> [32mSUCCESS[0m
[robot_decision-1] [1746790255.596]: IfHealthSub               [32mSUCCESS[0m -> [36mIDLE[0m
[robot_decision-1] [1746790255.596]: OurOutpostSub             [32mSUCCESS[0m -> [36mIDLE[0m
[robot_decision-1] [1746790255.596]: EnemyOutpostSub           [32mSUCCESS[0m -> [36mIDLE[0m
[robot_decision-1] [1746790255.596]: Subscribers               [33mRUNNING[0m -> [32mSUCCESS[0m
[robot_decision-1] [1746790255.596]: Subscribers               [32mSUCCESS[0m -> [36mIDLE[0m
[robot_decision-1] [1746790255.596]: Inverter                  [33mRUNNING[0m -> [31mFAILURE[0m
[robot_decision-1] [1746790255.596]: HealthCheck               [36mIDLE[0m -> [33mRUNNING[0m
[robot_decision-1] [1746790255.596]: CheckIfHealth             [36mIDLE[0m -> [31mFAILURE[0m
[robot_decision-1] [1746790255.596]: CheckIfHealth             [31mFAILURE[0m -> [36mIDLE[0m
[robot_decision-1] [1746790255.596]: HealthCheck               [33mRUNNING[0m -> [31mFAILURE[0m
[robot_decision-1] [1746790255.596]: Inverter                  [31mFAILURE[0m -> [36mIDLE[0m
[robot_decision-1] [1746790255.596]: HealthCheck               [31mFAILURE[0m -> [36mIDLE[0m
[robot_decision-1] [1746790255.796]: Inverter                  [36mIDLE[0m -> [33mRUNNING[0m
[robot_decision-1] [1746790255.796]: Subscribers               [36mIDLE[0m -> [33mRUNNING[0m
[robot_decision-1] [INFO] [1746790255.796412257] [robot_decision]: [IfHealthSub] health value: 500
[robot_decision-1] [INFO] [1746790255.796547928] [robot_decision]: [OurOutpostSub] our outpost health value: 1500
[robot_decision-1] [INFO] [1746790255.796588022] [robot_decision]: [EnemyOutpostSub] enemy outpost health value: 1500
[robot_decision-1] [1746790255.797]: IfHealthSub               [36mIDLE[0m -> [32mSUCCESS[0m
[robot_decision-1] [1746790255.797]: OurOutpostSub             [36mIDLE[0m -> [32mSUCCESS[0m
[robot_decision-1] [1746790255.797]: EnemyOutpostSub           [36mIDLE[0m -> [32mSUCCESS[0m
[robot_decision-1] [1746790255.797]: IfHealthSub               [32mSUCCESS[0m -> [36mIDLE[0m
[robot_decision-1] [1746790255.797]: OurOutpostSub             [32mSUCCESS[0m -> [36mIDLE[0m
[robot_decision-1] [1746790255.797]: EnemyOutpostSub           [32mSUCCESS[0m -> [36mIDLE[0m
[robot_decision-1] [1746790255.797]: Subscribers               [33mRUNNING[0m -> [32mSUCCESS[0m
[robot_decision-1] [1746790255.797]: Subscribers               [32mSUCCESS[0m -> [36mIDLE[0m
[robot_decision-1] [1746790255.797]: Inverter                  [33mRUNNING[0m -> [31mFAILURE[0m
[robot_decision-1] [1746790255.797]: HealthCheck               [36mIDLE[0m -> [33mRUNNING[0m
[robot_decision-1] [1746790255.797]: CheckIfHealth             [36mIDLE[0m -> [31mFAILURE[0m
[robot_decision-1] [1746790255.797]: CheckIfHealth             [31mFAILURE[0m -> [36mIDLE[0m
[robot_decision-1] [1746790255.797]: HealthCheck               [33mRUNNING[0m -> [31mFAILURE[0m
[robot_decision-1] [1746790255.797]: Inverter                  [31mFAILURE[0m -> [36mIDLE[0m
[robot_decision-1] [1746790255.797]: HealthCheck               [31mFAILURE[0m -> [36mIDLE[0m
[robot_decision-1] [1746790255.997]: Inverter                  [36mIDLE[0m -> [33mRUNNING[0m
[robot_decision-1] [1746790255.997]: Subscribers               [36mIDLE[0m -> [33mRUNNING[0m
[robot_decision-1] [INFO] [1746790255.996964580] [robot_decision]: [IfHealthSub] health value: 500
[robot_decision-1] [INFO] [1746790255.997019502] [robot_decision]: [OurOutpostSub] our outpost health value: 1500
[robot_decision-1] [1746790255.997]: IfHealthSub               [36mIDLE[0m -> [32mSUCCESS[0m
[robot_decision-1] [1746790255.997]: OurOutpostSub             [36mIDLE[0m -> [32mSUCCESS[0m
[robot_decision-1] [1746790255.997]: EnemyOutpostSub           [36mIDLE[0m -> [32mSUCCESS[0m
[robot_decision-1] [1746790255.997]: IfHealthSub               [32mSUCCESS[0m -> [36mIDLE[0m
[robot_decision-1] [1746790255.997]: OurOutpostSub             [32mSUCCESS[0m -> [36mIDLE[0m
[robot_decision-1] [1746790255.997]: EnemyOutpostSub           [32mSUCCESS[0m -> [36mIDLE[0m
[robot_decision-1] [1746790255.997]: Subscribers               [33mRUNNING[0m -> [32mSUCCESS[0m
[robot_decision-1] [1746790255.997]: Subscribers               [32mSUCCESS[0m -> [36mIDLE[0m
[robot_decision-1] [1746790255.997]: Inverter                  [33mRUNNING[0m -> [31mFAILURE[0m
[robot_decision-1] [1746790255.997]: HealthCheck               [36mIDLE[0m -> [33mRUNNING[0m
[robot_decision-1] [1746790255.997]: CheckIfHealth             [36mIDLE[0m -> [31mFAILURE[0m
[robot_decision-1] [1746790255.997]: CheckIfHealth             [31mFAILURE[0m -> [36mIDLE[0m
[robot_decision-1] [1746790255.997]: HealthCheck               [33mRUNNING[0m -> [31mFAILURE[0m
[robot_decision-1] [1746790255.997]: Inverter                  [31mFAILURE[0m -> [36mIDLE[0m
[robot_decision-1] [1746790255.997]: HealthCheck               [31mFAILURE[0m -> [36mIDLE[0m
[robot_decision-1] [INFO] [1746790255.997042424] [robot_decision]: [EnemyOutpostSub] enemy outpost health value: 1500
[robot_decision-1] [1746790256.197]: Inverter                  [36mIDLE[0m -> [33mRUNNING[0m
[robot_decision-1] [1746790256.197]: Subscribers               [36mIDLE[0m -> [33mRUNNING[0m
[robot_decision-1] [INFO] [1746790256.197340788] [robot_decision]: [IfHealthSub] health value: 500
[robot_decision-1] [INFO] [1746790256.197398825] [robot_decision]: [OurOutpostSub] our outpost health value: 1500
[robot_decision-1] [INFO] [1746790256.197423791] [robot_decision]: [EnemyOutpostSub] enemy outpost health value: 1500
[robot_decision-1] [1746790256.197]: IfHealthSub               [36mIDLE[0m -> [32mSUCCESS[0m
[robot_decision-1] [1746790256.197]: OurOutpostSub             [36mIDLE[0m -> [32mSUCCESS[0m
[robot_decision-1] [1746790256.197]: EnemyOutpostSub           [36mIDLE[0m -> [32mSUCCESS[0m
[robot_decision-1] [1746790256.197]: IfHealthSub               [32mSUCCESS[0m -> [36mIDLE[0m
[robot_decision-1] [1746790256.197]: OurOutpostSub             [32mSUCCESS[0m -> [36mIDLE[0m
[robot_decision-1] [1746790256.197]: EnemyOutpostSub           [32mSUCCESS[0m -> [36mIDLE[0m
[robot_decision-1] [1746790256.197]: Subscribers               [33mRUNNING[0m -> [32mSUCCESS[0m
[robot_decision-1] [1746790256.197]: Subscribers               [32mSUCCESS[0m -> [36mIDLE[0m
[robot_decision-1] [1746790256.197]: Inverter                  [33mRUNNING[0m -> [31mFAILURE[0m
[robot_decision-1] [1746790256.197]: HealthCheck               [36mIDLE[0m -> [33mRUNNING[0m
[robot_decision-1] [1746790256.197]: CheckIfHealth             [36mIDLE[0m -> [31mFAILURE[0m
[robot_decision-1] [1746790256.197]: CheckIfHealth             [31mFAILURE[0m -> [36mIDLE[0m
[robot_decision-1] [1746790256.197]: HealthCheck               [33mRUNNING[0m -> [31mFAILURE[0m
[robot_decision-1] [1746790256.198]: Inverter                  [31mFAILURE[0m -> [36mIDLE[0m
[robot_decision-1] [1746790256.198]: HealthCheck               [31mFAILURE[0m -> [36mIDLE[0m
[robot_decision-1] [1746790256.398]: Inverter                  [36mIDLE[0m -> [33mRUNNING[0m
[robot_decision-1] [1746790256.398]: Subscribers               [36mIDLE[0m -> [33mRUNNING[0m
[robot_decision-1] [INFO] [1746790256.397828702] [robot_decision]: [IfHealthSub] health value: 500
[robot_decision-1] [INFO] [1746790256.397904763] [robot_decision]: [OurOutpostSub] our outpost health value: 1500
[robot_decision-1] [1746790256.398]: IfHealthSub               [36mIDLE[0m -> [32mSUCCESS[0m
[robot_decision-1] [1746790256.398]: OurOutpostSub             [36mIDLE[0m -> [32mSUCCESS[0m
[robot_decision-1] [1746790256.398]: EnemyOutpostSub           [36mIDLE[0m -> [32mSUCCESS[0m
[robot_decision-1] [1746790256.398]: IfHealthSub               [32mSUCCESS[0m -> [36mIDLE[0m
[robot_decision-1] [1746790256.398]: OurOutpostSub             [32mSUCCESS[0m -> [36mIDLE[0m
[robot_decision-1] [1746790256.398]: EnemyOutpostSub           [32mSUCCESS[0m -> [36mIDLE[0m
[robot_decision-1] [1746790256.398]: Subscribers               [33mRUNNING[0m -> [32mSUCCESS[0m
[robot_decision-1] [1746790256.398]: Subscribers               [32mSUCCESS[0m -> [36mIDLE[0m
[robot_decision-1] [1746790256.398]: Inverter                  [33mRUNNING[0m -> [31mFAILURE[0m
[robot_decision-1] [1746790256.398]: HealthCheck               [36mIDLE[0m -> [33mRUNNING[0m
[robot_decision-1] [1746790256.398]: CheckIfHealth             [36mIDLE[0m -> [31mFAILURE[0m
[robot_decision-1] [1746790256.398]: CheckIfHealth             [31mFAILURE[0m -> [36mIDLE[0m
[robot_decision-1] [1746790256.398]: HealthCheck               [33mRUNNING[0m -> [31mFAILURE[0m
[robot_decision-1] [1746790256.398]: Inverter                  [31mFAILURE[0m -> [36mIDLE[0m
[robot_decision-1] [1746790256.398]: HealthCheck               [31mFAILURE[0m -> [36mIDLE[0m
[robot_decision-1] [INFO] [1746790256.397945899] [robot_decision]: [EnemyOutpostSub] enemy outpost health value: 1500
[robot_decision-1] [1746790256.598]: Inverter                  [36mIDLE[0m -> [33mRUNNING[0m
[robot_decision-1] [1746790256.598]: Subscribers               [36mIDLE[0m -> [33mRUNNING[0m
[robot_decision-1] [INFO] [1746790256.598612505] [robot_decision]: [IfHealthSub] health value: 500
[robot_decision-1] [INFO] [1746790256.598821031] [robot_decision]: [OurOutpostSub] our outpost health value: 1500
[robot_decision-1] [INFO] [1746790256.598876454] [robot_decision]: [EnemyOutpostSub] enemy outpost health value: 1500
[robot_decision-1] [1746790256.599]: IfHealthSub               [36mIDLE[0m -> [32mSUCCESS[0m
[robot_decision-1] [1746790256.599]: OurOutpostSub             [36mIDLE[0m -> [32mSUCCESS[0m
[robot_decision-1] [1746790256.599]: EnemyOutpostSub           [36mIDLE[0m -> [32mSUCCESS[0m
[robot_decision-1] [1746790256.599]: IfHealthSub               [32mSUCCESS[0m -> [36mIDLE[0m
[robot_decision-1] [1746790256.599]: OurOutpostSub             [32mSUCCESS[0m -> [36mIDLE[0m
[robot_decision-1] [1746790256.599]: EnemyOutpostSub           [32mSUCCESS[0m -> [36mIDLE[0m
[robot_decision-1] [1746790256.599]: Subscribers               [33mRUNNING[0m -> [32mSUCCESS[0m
[robot_decision-1] [1746790256.599]: Subscribers               [32mSUCCESS[0m -> [36mIDLE[0m
[robot_decision-1] [1746790256.599]: Inverter                  [33mRUNNING[0m -> [31mFAILURE[0m
[robot_decision-1] [1746790256.599]: HealthCheck               [36mIDLE[0m -> [33mRUNNING[0m
[robot_decision-1] [1746790256.599]: CheckIfHealth             [36mIDLE[0m -> [31mFAILURE[0m
[robot_decision-1] [1746790256.599]: CheckIfHealth             [31mFAILURE[0m -> [36mIDLE[0m
[robot_decision-1] [1746790256.599]: HealthCheck               [33mRUNNING[0m -> [31mFAILURE[0m
[robot_decision-1] [1746790256.599]: Inverter                  [31mFAILURE[0m -> [36mIDLE[0m
[robot_decision-1] [1746790256.599]: HealthCheck               [31mFAILURE[0m -> [36mIDLE[0m
[robot_decision-1] [1746790256.800]: Inverter                  [36mIDLE[0m -> [33mRUNNING[0m
[robot_decision-1] [1746790256.800]: Subscribers               [36mIDLE[0m -> [33mRUNNING[0m
[robot_decision-1] [INFO] [1746790256.799803051] [robot_decision]: [IfHealthSub] health value: 500
[robot_decision-1] [INFO] [1746790256.799928674] [robot_decision]: [OurOutpostSub] our outpost health value: 1500
[robot_decision-1] [1746790256.800]: IfHealthSub               [36mIDLE[0m -> [32mSUCCESS[0m
[robot_decision-1] [1746790256.800]: OurOutpostSub             [36mIDLE[0m -> [32mSUCCESS[0m
[robot_decision-1] [1746790256.800]: EnemyOutpostSub           [36mIDLE[0m -> [32mSUCCESS[0m
[robot_decision-1] [1746790256.800]: IfHealthSub               [32mSUCCESS[0m -> [36mIDLE[0m
[robot_decision-1] [1746790256.800]: OurOutpostSub             [32mSUCCESS[0m -> [36mIDLE[0m
[robot_decision-1] [1746790256.800]: EnemyOutpostSub           [32mSUCCESS[0m -> [36mIDLE[0m
[robot_decision-1] [1746790256.800]: Subscribers               [33mRUNNING[0m -> [32mSUCCESS[0m
[robot_decision-1] [1746790256.800]: Subscribers               [32mSUCCESS[0m -> [36mIDLE[0m
[robot_decision-1] [1746790256.800]: Inverter                  [33mRUNNING[0m -> [31mFAILURE[0m
[robot_decision-1] [1746790256.800]: HealthCheck               [36mIDLE[0m -> [33mRUNNING[0m
[robot_decision-1] [1746790256.800]: CheckIfHealth             [36mIDLE[0m -> [31mFAILURE[0m
[robot_decision-1] [1746790256.800]: CheckIfHealth             [31mFAILURE[0m -> [36mIDLE[0m
[robot_decision-1] [1746790256.800]: HealthCheck               [33mRUNNING[0m -> [31mFAILURE[0m
[robot_decision-1] [1746790256.800]: Inverter                  [31mFAILURE[0m -> [36mIDLE[0m
[robot_decision-1] [1746790256.800]: HealthCheck               [31mFAILURE[0m -> [36mIDLE[0m
[robot_decision-1] [INFO] [1746790256.799959751] [robot_decision]: [EnemyOutpostSub] enemy outpost health value: 1500
[robot_decision-1] [1746790257.000]: Inverter                  [36mIDLE[0m -> [33mRUNNING[0m
[robot_decision-1] [1746790257.000]: Subscribers               [36mIDLE[0m -> [33mRUNNING[0m
[robot_decision-1] [INFO] [1746790257.000391382] [robot_decision]: [IfHealthSub] health value: 500
[robot_decision-1] [INFO] [1746790257.000463225] [robot_decision]: [OurOutpostSub] our outpost health value: 1500
[robot_decision-1] [INFO] [1746790257.000497498] [robot_decision]: [EnemyOutpostSub] enemy outpost health value: 1500
[robot_decision-1] [1746790257.000]: IfHealthSub               [36mIDLE[0m -> [32mSUCCESS[0m
[robot_decision-1] [1746790257.000]: OurOutpostSub             [36mIDLE[0m -> [32mSUCCESS[0m
[robot_decision-1] [1746790257.001]: EnemyOutpostSub           [36mIDLE[0m -> [32mSUCCESS[0m
[robot_decision-1] [1746790257.001]: IfHealthSub               [32mSUCCESS[0m -> [36mIDLE[0m
[robot_decision-1] [1746790257.001]: OurOutpostSub             [32mSUCCESS[0m -> [36mIDLE[0m
[robot_decision-1] [1746790257.001]: EnemyOutpostSub           [32mSUCCESS[0m -> [36mIDLE[0m
[robot_decision-1] [1746790257.001]: Subscribers               [33mRUNNING[0m -> [32mSUCCESS[0m
[robot_decision-1] [1746790257.001]: Subscribers               [32mSUCCESS[0m -> [36mIDLE[0m
[robot_decision-1] [1746790257.001]: Inverter                  [33mRUNNING[0m -> [31mFAILURE[0m
[robot_decision-1] [1746790257.001]: HealthCheck               [36mIDLE[0m -> [33mRUNNING[0m
[robot_decision-1] [1746790257.001]: CheckIfHealth             [36mIDLE[0m -> [31mFAILURE[0m
[robot_decision-1] [1746790257.001]: CheckIfHealth             [31mFAILURE[0m -> [36mIDLE[0m
[robot_decision-1] [1746790257.001]: HealthCheck               [33mRUNNING[0m -> [31mFAILURE[0m
[robot_decision-1] [1746790257.001]: Inverter                  [31mFAILURE[0m -> [36mIDLE[0m
[robot_decision-1] [1746790257.001]: HealthCheck               [31mFAILURE[0m -> [36mIDLE[0m
[robot_decision-1] [1746790257.201]: Inverter                  [36mIDLE[0m -> [33mRUNNING[0m
[robot_decision-1] [1746790257.201]: Subscribers               [36mIDLE[0m -> [33mRUNNING[0m
[robot_decision-1] [INFO] [1746790257.200820407] [robot_decision]: [IfHealthSub] health value: 500
[robot_decision-1] [INFO] [1746790257.200868426] [robot_decision]: [OurOutpostSub] our outpost health value: 1500
[robot_decision-1] [1746790257.201]: IfHealthSub               [36mIDLE[0m -> [32mSUCCESS[0m
[robot_decision-1] [1746790257.201]: OurOutpostSub             [36mIDLE[0m -> [32mSUCCESS[0m
[robot_decision-1] [1746790257.201]: EnemyOutpostSub           [36mIDLE[0m -> [32mSUCCESS[0m
[robot_decision-1] [1746790257.201]: IfHealthSub               [32mSUCCESS[0m -> [36mIDLE[0m
[robot_decision-1] [1746790257.201]: OurOutpostSub             [32mSUCCESS[0m -> [36mIDLE[0m
[robot_decision-1] [1746790257.201]: EnemyOutpostSub           [32mSUCCESS[0m -> [36mIDLE[0m
[robot_decision-1] [1746790257.201]: Subscribers               [33mRUNNING[0m -> [32mSUCCESS[0m
[robot_decision-1] [1746790257.201]: Subscribers               [32mSUCCESS[0m -> [36mIDLE[0m
[robot_decision-1] [1746790257.201]: Inverter                  [33mRUNNING[0m -> [31mFAILURE[0m
[robot_decision-1] [1746790257.201]: HealthCheck               [36mIDLE[0m -> [33mRUNNING[0m
[robot_decision-1] [1746790257.201]: CheckIfHealth             [36mIDLE[0m -> [31mFAILURE[0m
[robot_decision-1] [1746790257.201]: CheckIfHealth             [31mFAILURE[0m -> [36mIDLE[0m
[robot_decision-1] [1746790257.201]: HealthCheck               [33mRUNNING[0m -> [31mFAILURE[0m
[robot_decision-1] [1746790257.201]: Inverter                  [31mFAILURE[0m -> [36mIDLE[0m
[robot_decision-1] [1746790257.201]: HealthCheck               [31mFAILURE[0m -> [36mIDLE[0m
[robot_decision-1] [INFO] [1746790257.200887511] [robot_decision]: [EnemyOutpostSub] enemy outpost health value: 1500
[robot_decision-1] [1746790257.401]: Inverter                  [36mIDLE[0m -> [33mRUNNING[0m
[robot_decision-1] [1746790257.401]: Subscribers               [36mIDLE[0m -> [33mRUNNING[0m
[robot_decision-1] [INFO] [1746790257.401187288] [robot_decision]: [IfHealthSub] health value: 500
[robot_decision-1] [INFO] [1746790257.401233213] [robot_decision]: [OurOutpostSub] our outpost health value: 1500
[robot_decision-1] [INFO] [1746790257.401249794] [robot_decision]: [EnemyOutpostSub] enemy outpost health value: 1500
[robot_decision-1] [1746790257.401]: IfHealthSub               [36mIDLE[0m -> [32mSUCCESS[0m
[robot_decision-1] [1746790257.401]: OurOutpostSub             [36mIDLE[0m -> [32mSUCCESS[0m
[robot_decision-1] [1746790257.401]: EnemyOutpostSub           [36mIDLE[0m -> [32mSUCCESS[0m
[robot_decision-1] [1746790257.401]: IfHealthSub               [32mSUCCESS[0m -> [36mIDLE[0m
[robot_decision-1] [1746790257.401]: OurOutpostSub             [32mSUCCESS[0m -> [36mIDLE[0m
[robot_decision-1] [1746790257.401]: EnemyOutpostSub           [32mSUCCESS[0m -> [36mIDLE[0m
[robot_decision-1] [1746790257.401]: Subscribers               [33mRUNNING[0m -> [32mSUCCESS[0m
[robot_decision-1] [1746790257.401]: Subscribers               [32mSUCCESS[0m -> [36mIDLE[0m
[robot_decision-1] [1746790257.401]: Inverter                  [33mRUNNING[0m -> [31mFAILURE[0m
[robot_decision-1] [1746790257.401]: HealthCheck               [36mIDLE[0m -> [33mRUNNING[0m
[robot_decision-1] [1746790257.401]: CheckIfHealth             [36mIDLE[0m -> [31mFAILURE[0m
[robot_decision-1] [1746790257.401]: CheckIfHealth             [31mFAILURE[0m -> [36mIDLE[0m
[robot_decision-1] [1746790257.401]: HealthCheck               [33mRUNNING[0m -> [31mFAILURE[0m
[robot_decision-1] [1746790257.401]: Inverter                  [31mFAILURE[0m -> [36mIDLE[0m
[robot_decision-1] [1746790257.401]: HealthCheck               [31mFAILURE[0m -> [36mIDLE[0m
[robot_decision-1] [1746790257.601]: Inverter                  [36mIDLE[0m -> [33mRUNNING[0m
[robot_decision-1] [1746790257.601]: Subscribers               [36mIDLE[0m -> [33mRUNNING[0m
[robot_decision-1] [INFO] [1746790257.601553597] [robot_decision]: [IfHealthSub] health value: 500
[robot_decision-1] [INFO] [1746790257.601626412] [robot_decision]: [OurOutpostSub] our outpost health value: 1500
[robot_decision-1] [INFO] [1746790257.601648102] [robot_decision]: [EnemyOutpostSub] enemy outpost health value: 1500
[robot_decision-1] [1746790257.602]: IfHealthSub               [36mIDLE[0m -> [32mSUCCESS[0m
[robot_decision-1] [1746790257.602]: OurOutpostSub             [36mIDLE[0m -> [32mSUCCESS[0m
[robot_decision-1] [1746790257.602]: EnemyOutpostSub           [36mIDLE[0m -> [32mSUCCESS[0m
[robot_decision-1] [1746790257.602]: IfHealthSub               [32mSUCCESS[0m -> [36mIDLE[0m
[robot_decision-1] [1746790257.602]: OurOutpostSub             [32mSUCCESS[0m -> [36mIDLE[0m
[robot_decision-1] [1746790257.602]: EnemyOutpostSub           [32mSUCCESS[0m -> [36mIDLE[0m
[robot_decision-1] [1746790257.602]: Subscribers               [33mRUNNING[0m -> [32mSUCCESS[0m
[robot_decision-1] [1746790257.602]: Subscribers               [32mSUCCESS[0m -> [36mIDLE[0m
[robot_decision-1] [1746790257.602]: Inverter                  [33mRUNNING[0m -> [31mFAILURE[0m
[robot_decision-1] [1746790257.602]: HealthCheck               [36mIDLE[0m -> [33mRUNNING[0m
[robot_decision-1] [1746790257.602]: CheckIfHealth             [36mIDLE[0m -> [31mFAILURE[0m
[robot_decision-1] [1746790257.602]: CheckIfHealth             [31mFAILURE[0m -> [36mIDLE[0m
[robot_decision-1] [1746790257.602]: HealthCheck               [33mRUNNING[0m -> [31mFAILURE[0m
[robot_decision-1] [1746790257.602]: Inverter                  [31mFAILURE[0m -> [36mIDLE[0m
[robot_decision-1] [1746790257.602]: HealthCheck               [31mFAILURE[0m -> [36mIDLE[0m
[robot_decision-1] [1746790257.802]: Inverter                  [36mIDLE[0m -> [33mRUNNING[0m
[robot_decision-1] [1746790257.802]: Subscribers               [36mIDLE[0m -> [33mRUNNING[0m
[robot_decision-1] [INFO] [1746790257.802055788] [robot_decision]: [IfHealthSub] health value: 500
[robot_decision-1] [INFO] [1746790257.802184146] [robot_decision]: [OurOutpostSub] our outpost health value: 1500
[robot_decision-1] [INFO] [1746790257.802225522] [robot_decision]: [EnemyOutpostSub] enemy outpost health value: 1500
[robot_decision-1] [1746790257.802]: IfHealthSub               [36mIDLE[0m -> [32mSUCCESS[0m
[robot_decision-1] [1746790257.802]: OurOutpostSub             [36mIDLE[0m -> [32mSUCCESS[0m
[robot_decision-1] [1746790257.802]: EnemyOutpostSub           [36mIDLE[0m -> [32mSUCCESS[0m
[robot_decision-1] [1746790257.802]: IfHealthSub               [32mSUCCESS[0m -> [36mIDLE[0m
[robot_decision-1] [1746790257.802]: OurOutpostSub             [32mSUCCESS[0m -> [36mIDLE[0m
[robot_decision-1] [1746790257.802]: EnemyOutpostSub           [32mSUCCESS[0m -> [36mIDLE[0m
[robot_decision-1] [1746790257.802]: Subscribers               [33mRUNNING[0m -> [32mSUCCESS[0m
[robot_decision-1] [1746790257.802]: Subscribers               [32mSUCCESS[0m -> [36mIDLE[0m
[robot_decision-1] [1746790257.802]: Inverter                  [33mRUNNING[0m -> [31mFAILURE[0m
[robot_decision-1] [1746790257.802]: HealthCheck               [36mIDLE[0m -> [33mRUNNING[0m
[robot_decision-1] [1746790257.802]: CheckIfHealth             [36mIDLE[0m -> [31mFAILURE[0m
[robot_decision-1] [1746790257.802]: CheckIfHealth             [31mFAILURE[0m -> [36mIDLE[0m
[robot_decision-1] [1746790257.802]: HealthCheck               [33mRUNNING[0m -> [31mFAILURE[0m
[robot_decision-1] [1746790257.802]: Inverter                  [31mFAILURE[0m -> [36mIDLE[0m
[robot_decision-1] [1746790257.802]: HealthCheck               [31mFAILURE[0m -> [36mIDLE[0m
[robot_decision-1] [1746790258.002]: Inverter                  [36mIDLE[0m -> [33mRUNNING[0m
[robot_decision-1] [1746790258.002]: Subscribers               [36mIDLE[0m -> [33mRUNNING[0m
[robot_decision-1] [INFO] [1746790258.002573588] [robot_decision]: [IfHealthSub] health value: 500
[robot_decision-1] [INFO] [1746790258.002625885] [robot_decision]: [OurOutpostSub] our outpost health value: 1500
[robot_decision-1] [INFO] [1746790258.002643788] [robot_decision]: [EnemyOutpostSub] enemy outpost health value: 1500
[robot_decision-1] [1746790258.003]: IfHealthSub               [36mIDLE[0m -> [32mSUCCESS[0m
[robot_decision-1] [1746790258.003]: OurOutpostSub             [36mIDLE[0m -> [32mSUCCESS[0m
[robot_decision-1] [1746790258.003]: EnemyOutpostSub           [36mIDLE[0m -> [32mSUCCESS[0m
[robot_decision-1] [1746790258.003]: IfHealthSub               [32mSUCCESS[0m -> [36mIDLE[0m
[robot_decision-1] [1746790258.003]: OurOutpostSub             [32mSUCCESS[0m -> [36mIDLE[0m
[robot_decision-1] [1746790258.003]: EnemyOutpostSub           [32mSUCCESS[0m -> [36mIDLE[0m
[robot_decision-1] [1746790258.003]: Subscribers               [33mRUNNING[0m -> [32mSUCCESS[0m
[robot_decision-1] [1746790258.003]: Subscribers               [32mSUCCESS[0m -> [36mIDLE[0m
[robot_decision-1] [1746790258.003]: Inverter                  [33mRUNNING[0m -> [31mFAILURE[0m
[robot_decision-1] [1746790258.003]: HealthCheck               [36mIDLE[0m -> [33mRUNNING[0m
[robot_decision-1] [1746790258.003]: CheckIfHealth             [36mIDLE[0m -> [31mFAILURE[0m
[robot_decision-1] [1746790258.003]: CheckIfHealth             [31mFAILURE[0m -> [36mIDLE[0m
[robot_decision-1] [1746790258.003]: HealthCheck               [33mRUNNING[0m -> [31mFAILURE[0m
[robot_decision-1] [1746790258.003]: Inverter                  [31mFAILURE[0m -> [36mIDLE[0m
[robot_decision-1] [1746790258.003]: HealthCheck               [31mFAILURE[0m -> [36mIDLE[0m
[robot_decision-1] [1746790258.203]: Inverter                  [36mIDLE[0m -> [33mRUNNING[0m
[robot_decision-1] [1746790258.203]: Subscribers               [36mIDLE[0m -> [33mRUNNING[0m
[robot_decision-1] [INFO] [1746790258.202974913] [robot_decision]: [IfHealthSub] health value: 500
[robot_decision-1] [INFO] [1746790258.203049771] [robot_decision]: [OurOutpostSub] our outpost health value: 1500
[robot_decision-1] [INFO] [1746790258.203095135] [robot_decision]: [EnemyOutpostSub] enemy outpost health value: 1500
[robot_decision-1] [1746790258.203]: IfHealthSub               [36mIDLE[0m -> [32mSUCCESS[0m
[robot_decision-1] [1746790258.203]: OurOutpostSub             [36mIDLE[0m -> [32mSUCCESS[0m
[robot_decision-1] [1746790258.203]: EnemyOutpostSub           [36mIDLE[0m -> [32mSUCCESS[0m
[robot_decision-1] [1746790258.203]: IfHealthSub               [32mSUCCESS[0m -> [36mIDLE[0m
[robot_decision-1] [1746790258.203]: OurOutpostSub             [32mSUCCESS[0m -> [36mIDLE[0m
[robot_decision-1] [1746790258.203]: EnemyOutpostSub           [32mSUCCESS[0m -> [36mIDLE[0m
[robot_decision-1] [1746790258.203]: Subscribers               [33mRUNNING[0m -> [32mSUCCESS[0m
[robot_decision-1] [1746790258.203]: Subscribers               [32mSUCCESS[0m -> [36mIDLE[0m
[robot_decision-1] [1746790258.203]: Inverter                  [33mRUNNING[0m -> [31mFAILURE[0m
[robot_decision-1] [1746790258.203]: HealthCheck               [36mIDLE[0m -> [33mRUNNING[0m
[robot_decision-1] [1746790258.203]: CheckIfHealth             [36mIDLE[0m -> [31mFAILURE[0m
[robot_decision-1] [1746790258.203]: CheckIfHealth             [31mFAILURE[0m -> [36mIDLE[0m
[robot_decision-1] [1746790258.203]: HealthCheck               [33mRUNNING[0m -> [31mFAILURE[0m
[robot_decision-1] [1746790258.203]: Inverter                  [31mFAILURE[0m -> [36mIDLE[0m
[robot_decision-1] [1746790258.203]: HealthCheck               [31mFAILURE[0m -> [36mIDLE[0m
[robot_decision-1] [1746790258.403]: Inverter                  [36mIDLE[0m -> [33mRUNNING[0m
[robot_decision-1] [1746790258.403]: Subscribers               [36mIDLE[0m -> [33mRUNNING[0m
[robot_decision-1] [INFO] [1746790258.403481683] [robot_decision]: [IfHealthSub] health value: 500
[robot_decision-1] [INFO] [1746790258.403583902] [robot_decision]: [OurOutpostSub] our outpost health value: 1500
[robot_decision-1] [INFO] [1746790258.403620440] [robot_decision]: [EnemyOutpostSub] enemy outpost health value: 1500
[robot_decision-1] [1746790258.404]: IfHealthSub               [36mIDLE[0m -> [32mSUCCESS[0m
[robot_decision-1] [1746790258.404]: OurOutpostSub             [36mIDLE[0m -> [32mSUCCESS[0m
[robot_decision-1] [1746790258.404]: EnemyOutpostSub           [36mIDLE[0m -> [32mSUCCESS[0m
[robot_decision-1] [1746790258.404]: IfHealthSub               [32mSUCCESS[0m -> [36mIDLE[0m
[robot_decision-1] [1746790258.404]: OurOutpostSub             [32mSUCCESS[0m -> [36mIDLE[0m
[robot_decision-1] [1746790258.404]: EnemyOutpostSub           [32mSUCCESS[0m -> [36mIDLE[0m
[robot_decision-1] [1746790258.404]: Subscribers               [33mRUNNING[0m -> [32mSUCCESS[0m
[robot_decision-1] [1746790258.404]: Subscribers               [32mSUCCESS[0m -> [36mIDLE[0m
[robot_decision-1] [1746790258.404]: Inverter                  [33mRUNNING[0m -> [31mFAILURE[0m
[robot_decision-1] [1746790258.404]: HealthCheck               [36mIDLE[0m -> [33mRUNNING[0m
[robot_decision-1] [1746790258.404]: CheckIfHealth             [36mIDLE[0m -> [31mFAILURE[0m
[robot_decision-1] [1746790258.404]: CheckIfHealth             [31mFAILURE[0m -> [36mIDLE[0m
[robot_decision-1] [1746790258.404]: HealthCheck               [33mRUNNING[0m -> [31mFAILURE[0m
[robot_decision-1] [1746790258.404]: Inverter                  [31mFAILURE[0m -> [36mIDLE[0m
[robot_decision-1] [1746790258.404]: HealthCheck               [31mFAILURE[0m -> [36mIDLE[0m
[robot_decision-1] [1746790258.604]: Inverter                  [36mIDLE[0m -> [33mRUNNING[0m
[robot_decision-1] [1746790258.604]: Subscribers               [36mIDLE[0m -> [33mRUNNING[0m
[robot_decision-1] [INFO] [1746790258.604120978] [robot_decision]: [IfHealthSub] health value: 500
[robot_decision-1] [INFO] [1746790258.604192491] [robot_decision]: [OurOutpostSub] our outpost health value: 1500
[robot_decision-1] [1746790258.604]: IfHealthSub               [36mIDLE[0m -> [32mSUCCESS[0m
[robot_decision-1] [1746790258.604]: OurOutpostSub             [36mIDLE[0m -> [32mSUCCESS[0m
[robot_decision-1] [1746790258.604]: EnemyOutpostSub           [36mIDLE[0m -> [32mSUCCESS[0m
[robot_decision-1] [1746790258.604]: IfHealthSub               [32mSUCCESS[0m -> [36mIDLE[0m
[robot_decision-1] [1746790258.604]: OurOutpostSub             [32mSUCCESS[0m -> [36mIDLE[0m
[robot_decision-1] [1746790258.604]: EnemyOutpostSub           [32mSUCCESS[0m -> [36mIDLE[0m
[robot_decision-1] [1746790258.604]: Subscribers               [33mRUNNING[0m -> [32mSUCCESS[0m
[robot_decision-1] [1746790258.604]: Subscribers               [32mSUCCESS[0m -> [36mIDLE[0m
[robot_decision-1] [1746790258.604]: Inverter                  [33mRUNNING[0m -> [31mFAILURE[0m
[robot_decision-1] [1746790258.604]: HealthCheck               [36mIDLE[0m -> [33mRUNNING[0m
[robot_decision-1] [1746790258.604]: CheckIfHealth             [36mIDLE[0m -> [31mFAILURE[0m
[robot_decision-1] [1746790258.604]: CheckIfHealth             [31mFAILURE[0m -> [36mIDLE[0m
[robot_decision-1] [1746790258.604]: HealthCheck               [33mRUNNING[0m -> [31mFAILURE[0m
[robot_decision-1] [1746790258.604]: Inverter                  [31mFAILURE[0m -> [36mIDLE[0m
[robot_decision-1] [1746790258.604]: HealthCheck               [31mFAILURE[0m -> [36mIDLE[0m
[robot_decision-1] [INFO] [1746790258.604219300] [robot_decision]: [EnemyOutpostSub] enemy outpost health value: 1500
[robot_decision-1] [1746790258.804]: Inverter                  [36mIDLE[0m -> [33mRUNNING[0m
[robot_decision-1] [1746790258.805]: Subscribers               [36mIDLE[0m -> [33mRUNNING[0m
[robot_decision-1] [INFO] [1746790258.804629671] [robot_decision]: [IfHealthSub] health value: 500
[robot_decision-1] [INFO] [1746790258.804683261] [robot_decision]: [OurOutpostSub] our outpost health value: 1500
[robot_decision-1] [INFO] [1746790258.804703618] [robot_decision]: [EnemyOutpostSub] enemy outpost health value: 1500
[robot_decision-1] [1746790258.805]: IfHealthSub               [36mIDLE[0m -> [32mSUCCESS[0m
[robot_decision-1] [1746790258.805]: OurOutpostSub             [36mIDLE[0m -> [32mSUCCESS[0m
[robot_decision-1] [1746790258.805]: EnemyOutpostSub           [36mIDLE[0m -> [32mSUCCESS[0m
[robot_decision-1] [1746790258.805]: IfHealthSub               [32mSUCCESS[0m -> [36mIDLE[0m
[robot_decision-1] [1746790258.805]: OurOutpostSub             [32mSUCCESS[0m -> [36mIDLE[0m
[robot_decision-1] [1746790258.805]: EnemyOutpostSub           [32mSUCCESS[0m -> [36mIDLE[0m
[robot_decision-1] [1746790258.805]: Subscribers               [33mRUNNING[0m -> [32mSUCCESS[0m
[robot_decision-1] [1746790258.805]: Subscribers               [32mSUCCESS[0m -> [36mIDLE[0m
[robot_decision-1] [1746790258.805]: Inverter                  [33mRUNNING[0m -> [31mFAILURE[0m
[robot_decision-1] [1746790258.805]: HealthCheck               [36mIDLE[0m -> [33mRUNNING[0m
[robot_decision-1] [1746790258.805]: CheckIfHealth             [36mIDLE[0m -> [31mFAILURE[0m
[robot_decision-1] [1746790258.805]: CheckIfHealth             [31mFAILURE[0m -> [36mIDLE[0m
[robot_decision-1] [1746790258.805]: HealthCheck               [33mRUNNING[0m -> [31mFAILURE[0m
[robot_decision-1] [1746790258.805]: Inverter                  [31mFAILURE[0m -> [36mIDLE[0m
[robot_decision-1] [1746790258.805]: HealthCheck               [31mFAILURE[0m -> [36mIDLE[0m
[robot_decision-1] [1746790259.005]: Inverter                  [36mIDLE[0m -> [33mRUNNING[0m
[robot_decision-1] [1746790259.005]: Subscribers               [36mIDLE[0m -> [33mRUNNING[0m
[robot_decision-1] [INFO] [1746790259.004969171] [robot_decision]: [IfHealthSub] health value: 500
[robot_decision-1] [INFO] [1746790259.005014876] [robot_decision]: [OurOutpostSub] our outpost health value: 1500
[robot_decision-1] [INFO] [1746790259.005033571] [robot_decision]: [EnemyOutpostSub] enemy outpost health value: 1500
[robot_decision-1] [1746790259.005]: IfHealthSub               [36mIDLE[0m -> [32mSUCCESS[0m
[robot_decision-1] [1746790259.005]: OurOutpostSub             [36mIDLE[0m -> [32mSUCCESS[0m
[robot_decision-1] [1746790259.005]: EnemyOutpostSub           [36mIDLE[0m -> [32mSUCCESS[0m
[robot_decision-1] [1746790259.005]: IfHealthSub               [32mSUCCESS[0m -> [36mIDLE[0m
[robot_decision-1] [1746790259.005]: OurOutpostSub             [32mSUCCESS[0m -> [36mIDLE[0m
[robot_decision-1] [1746790259.005]: EnemyOutpostSub           [32mSUCCESS[0m -> [36mIDLE[0m
[robot_decision-1] [1746790259.005]: Subscribers               [33mRUNNING[0m -> [32mSUCCESS[0m
[robot_decision-1] [1746790259.005]: Subscribers               [32mSUCCESS[0m -> [36mIDLE[0m
[robot_decision-1] [1746790259.005]: Inverter                  [33mRUNNING[0m -> [31mFAILURE[0m
[robot_decision-1] [1746790259.005]: HealthCheck               [36mIDLE[0m -> [33mRUNNING[0m
[robot_decision-1] [1746790259.005]: CheckIfHealth             [36mIDLE[0m -> [31mFAILURE[0m
[robot_decision-1] [1746790259.005]: CheckIfHealth             [31mFAILURE[0m -> [36mIDLE[0m
[robot_decision-1] [1746790259.005]: HealthCheck               [33mRUNNING[0m -> [31mFAILURE[0m
[robot_decision-1] [1746790259.005]: Inverter                  [31mFAILURE[0m -> [36mIDLE[0m
[robot_decision-1] [1746790259.005]: HealthCheck               [31mFAILURE[0m -> [36mIDLE[0m
[robot_decision-1] [1746790259.205]: Inverter                  [36mIDLE[0m -> [33mRUNNING[0m
[robot_decision-1] [1746790259.205]: Subscribers               [36mIDLE[0m -> [33mRUNNING[0m
[robot_decision-1] [INFO] [1746790259.205353515] [robot_decision]: [IfHealthSub] health value: 500
[robot_decision-1] [INFO] [1746790259.205412434] [robot_decision]: [OurOutpostSub] our outpost health value: 1500
[robot_decision-1] [1746790259.205]: IfHealthSub               [36mIDLE[0m -> [32mSUCCESS[0m
[robot_decision-1] [1746790259.205]: OurOutpostSub             [36mIDLE[0m -> [32mSUCCESS[0m
[robot_decision-1] [1746790259.205]: EnemyOutpostSub           [36mIDLE[0m -> [32mSUCCESS[0m
[robot_decision-1] [1746790259.205]: IfHealthSub               [32mSUCCESS[0m -> [36mIDLE[0m
[robot_decision-1] [1746790259.205]: OurOutpostSub             [32mSUCCESS[0m -> [36mIDLE[0m
[robot_decision-1] [1746790259.205]: EnemyOutpostSub           [32mSUCCESS[0m -> [36mIDLE[0m
[robot_decision-1] [1746790259.205]: Subscribers               [33mRUNNING[0m -> [32mSUCCESS[0m
[robot_decision-1] [1746790259.205]: Subscribers               [32mSUCCESS[0m -> [36mIDLE[0m
[robot_decision-1] [1746790259.205]: Inverter                  [33mRUNNING[0m -> [31mFAILURE[0m
[robot_decision-1] [1746790259.205]: HealthCheck               [36mIDLE[0m -> [33mRUNNING[0m
[robot_decision-1] [1746790259.205]: CheckIfHealth             [36mIDLE[0m -> [31mFAILURE[0m
[robot_decision-1] [1746790259.205]: CheckIfHealth             [31mFAILURE[0m -> [36mIDLE[0m
[robot_decision-1] [1746790259.205]: HealthCheck               [33mRUNNING[0m -> [31mFAILURE[0m
[robot_decision-1] [1746790259.206]: NavigateToPose            [33mRUNNING[0m -> [31mFAILURE[0m
[robot_decision-1] [1746790259.206]: WaitNode                  [32mSUCCESS[0m -> [36mIDLE[0m
[robot_decision-1] [1746790259.206]: NavigateToPose            [31mFAILURE[0m -> [36mIDLE[0m
[robot_decision-1] [1746790259.206]: Sequence                  [33mRUNNING[0m -> [31mFAILURE[0m
[robot_decision-1] [1746790259.206]: Sequence                  [31mFAILURE[0m -> [36mIDLE[0m
[robot_decision-1] [1746790259.206]: Sequence                  [36mIDLE[0m -> [33mRUNNING[0m
[robot_decision-1] [1746790259.206]: WaitNode                  [36mIDLE[0m -> [33mRUNNING[0m
[robot_decision-1] [1746790259.206]: Inverter                  [31mFAILURE[0m -> [36mIDLE[0m
[robot_decision-1] [1746790259.206]: HealthCheck               [31mFAILURE[0m -> [36mIDLE[0m
[robot_decision-1] [INFO] [1746790259.205434645] [robot_decision]: [EnemyOutpostSub] enemy outpost health value: 1500
[robot_decision-1] [WARN] [1746790259.205499074] [robot_decision]: NavigateToPose failure: SEND_GOAL_TIMEOUT
[robot_decision-1] [1746790259.406]: Inverter                  [36mIDLE[0m -> [33mRUNNING[0m
[robot_decision-1] [1746790259.406]: Subscribers               [36mIDLE[0m -> [33mRUNNING[0m
[robot_decision-1] [INFO] [1746790259.405739902] [robot_decision]: [IfHealthSub] health value: 500
[robot_decision-1] [INFO] [1746790259.405800855] [robot_decision]: [OurOutpostSub] our outpost health value: 1500
[robot_decision-1] [1746790259.406]: IfHealthSub               [36mIDLE[0m -> [32mSUCCESS[0m
[robot_decision-1] [1746790259.406]: OurOutpostSub             [36mIDLE[0m -> [32mSUCCESS[0m
[robot_decision-1] [1746790259.406]: EnemyOutpostSub           [36mIDLE[0m -> [32mSUCCESS[0m
[robot_decision-1] [1746790259.406]: IfHealthSub               [32mSUCCESS[0m -> [36mIDLE[0m
[robot_decision-1] [1746790259.406]: OurOutpostSub             [32mSUCCESS[0m -> [36mIDLE[0m
[robot_decision-1] [1746790259.406]: EnemyOutpostSub           [32mSUCCESS[0m -> [36mIDLE[0m
[robot_decision-1] [1746790259.406]: Subscribers               [33mRUNNING[0m -> [32mSUCCESS[0m
[robot_decision-1] [1746790259.406]: Subscribers               [32mSUCCESS[0m -> [36mIDLE[0m
[robot_decision-1] [1746790259.406]: Inverter                  [33mRUNNING[0m -> [31mFAILURE[0m
[robot_decision-1] [1746790259.406]: HealthCheck               [36mIDLE[0m -> [33mRUNNING[0m
[robot_decision-1] [1746790259.406]: CheckIfHealth             [36mIDLE[0m -> [31mFAILURE[0m
[robot_decision-1] [1746790259.406]: CheckIfHealth             [31mFAILURE[0m -> [36mIDLE[0m
[robot_decision-1] [1746790259.406]: HealthCheck               [33mRUNNING[0m -> [31mFAILURE[0m
[robot_decision-1] [1746790259.406]: WaitNode                  [33mRUNNING[0m -> [32mSUCCESS[0m
[robot_decision-1] [1746790259.406]: NavigateToPose            [36mIDLE[0m -> [33mRUNNING[0m
[robot_decision-1] Point key: 1 x:3 y:0.45
[robot_decision-1] [INFO] [1746790259.405822515] [robot_decision]: [EnemyOutpostSub] enemy outpost health value: 1500
[robot_decision-1] [1746790259.406]: Inverter                  [31mFAILURE[0m -> [36mIDLE[0m
[robot_decision-1] [1746790259.406]: HealthCheck               [31mFAILURE[0m -> [36mIDLE[0m
[robot_decision-1] [1746790259.606]: Inverter                  [36mIDLE[0m -> [33mRUNNING[0m
[robot_decision-1] [1746790259.606]: Subscribers               [36mIDLE[0m -> [33mRUNNING[0m
[robot_decision-1] [INFO] [1746790259.606406708] [robot_decision]: [IfHealthSub] health value: 500
[robot_decision-1] [INFO] [1746790259.606459656] [robot_decision]: [OurOutpostSub] our outpost health value: 1500
[robot_decision-1] [1746790259.606]: IfHealthSub               [36mIDLE[0m -> [32mSUCCESS[0m
[robot_decision-1] [1746790259.606]: OurOutpostSub             [36mIDLE[0m -> [32mSUCCESS[0m
[robot_decision-1] [1746790259.607]: EnemyOutpostSub           [36mIDLE[0m -> [32mSUCCESS[0m
[robot_decision-1] [1746790259.607]: IfHealthSub               [32mSUCCESS[0m -> [36mIDLE[0m
[robot_decision-1] [1746790259.607]: OurOutpostSub             [32mSUCCESS[0m -> [36mIDLE[0m
[robot_decision-1] [1746790259.607]: EnemyOutpostSub           [32mSUCCESS[0m -> [36mIDLE[0m
[robot_decision-1] [1746790259.607]: Subscribers               [33mRUNNING[0m -> [32mSUCCESS[0m
[robot_decision-1] [1746790259.607]: Subscribers               [32mSUCCESS[0m -> [36mIDLE[0m
[robot_decision-1] [1746790259.607]: Inverter                  [33mRUNNING[0m -> [31mFAILURE[0m
[robot_decision-1] [1746790259.607]: HealthCheck               [36mIDLE[0m -> [33mRUNNING[0m
[robot_decision-1] [1746790259.607]: CheckIfHealth             [36mIDLE[0m -> [31mFAILURE[0m
[robot_decision-1] [1746790259.607]: CheckIfHealth             [31mFAILURE[0m -> [36mIDLE[0m
[robot_decision-1] [1746790259.607]: HealthCheck               [33mRUNNING[0m -> [31mFAILURE[0m
[robot_decision-1] [1746790259.607]: Inverter                  [31mFAILURE[0m -> [36mIDLE[0m
[robot_decision-1] [1746790259.607]: HealthCheck               [31mFAILURE[0m -> [36mIDLE[0m
[robot_decision-1] [INFO] [1746790259.606505491] [robot_decision]: [EnemyOutpostSub] enemy outpost health value: 1500
[robot_decision-1] [1746790259.807]: Inverter                  [36mIDLE[0m -> [33mRUNNING[0m
[robot_decision-1] [1746790259.807]: Subscribers               [36mIDLE[0m -> [33mRUNNING[0m
[robot_decision-1] [INFO] [1746790259.806842898] [robot_decision]: [IfHealthSub] health value: 500
[robot_decision-1] [INFO] [1746790259.806920191] [robot_decision]: [OurOutpostSub] our outpost health value: 1500
[robot_decision-1] [INFO] [1746790259.806957610] [robot_decision]: [EnemyOutpostSub] enemy outpost health value: 1500
[robot_decision-1] [1746790259.807]: IfHealthSub               [36mIDLE[0m -> [32mSUCCESS[0m
[robot_decision-1] [1746790259.807]: OurOutpostSub             [36mIDLE[0m -> [32mSUCCESS[0m
[robot_decision-1] [1746790259.807]: EnemyOutpostSub           [36mIDLE[0m -> [32mSUCCESS[0m
[robot_decision-1] [1746790259.807]: IfHealthSub               [32mSUCCESS[0m -> [36mIDLE[0m
[robot_decision-1] [1746790259.807]: OurOutpostSub             [32mSUCCESS[0m -> [36mIDLE[0m
[robot_decision-1] [1746790259.807]: EnemyOutpostSub           [32mSUCCESS[0m -> [36mIDLE[0m
[robot_decision-1] [1746790259.807]: Subscribers               [33mRUNNING[0m -> [32mSUCCESS[0m
[robot_decision-1] [1746790259.807]: Subscribers               [32mSUCCESS[0m -> [36mIDLE[0m
[robot_decision-1] [1746790259.807]: Inverter                  [33mRUNNING[0m -> [31mFAILURE[0m
[robot_decision-1] [1746790259.807]: HealthCheck               [36mIDLE[0m -> [33mRUNNING[0m
[robot_decision-1] [1746790259.807]: CheckIfHealth             [36mIDLE[0m -> [31mFAILURE[0m
[robot_decision-1] [1746790259.807]: CheckIfHealth             [31mFAILURE[0m -> [36mIDLE[0m
[robot_decision-1] [1746790259.807]: HealthCheck               [33mRUNNING[0m -> [31mFAILURE[0m
[robot_decision-1] [1746790259.807]: Inverter                  [31mFAILURE[0m -> [36mIDLE[0m
[robot_decision-1] [1746790259.807]: HealthCheck               [31mFAILURE[0m -> [36mIDLE[0m
[robot_decision-1] [1746790260.007]: Inverter                  [36mIDLE[0m -> [33mRUNNING[0m
[robot_decision-1] [1746790260.007]: Subscribers               [36mIDLE[0m -> [33mRUNNING[0m
[robot_decision-1] [1746790260.008]: IfHealthSub               [36mIDLE[0m -> [32mSUCCESS[0m
[robot_decision-1] [INFO] [1746790260.007394521] [robot_decision]: [IfHealthSub] health value: 500
[robot_decision-1] [INFO] [1746790260.008507614] [robot_decision]: [OurOutpostSub] our outpost health value: 1500
[robot_decision-1] [INFO] [1746790260.008644327] [robot_decision]: [EnemyOutpostSub] enemy outpost health value: 1500
[robot_decision-1] [1746790260.009]: OurOutpostSub             [36mIDLE[0m -> [32mSUCCESS[0m
[robot_decision-1] [1746790260.009]: EnemyOutpostSub           [36mIDLE[0m -> [32mSUCCESS[0m
[robot_decision-1] [1746790260.009]: IfHealthSub               [32mSUCCESS[0m -> [36mIDLE[0m
[robot_decision-1] [1746790260.009]: OurOutpostSub             [32mSUCCESS[0m -> [36mIDLE[0m
[robot_decision-1] [1746790260.009]: EnemyOutpostSub           [32mSUCCESS[0m -> [36mIDLE[0m
[robot_decision-1] [1746790260.009]: Subscribers               [33mRUNNING[0m -> [32mSUCCESS[0m
[robot_decision-1] [1746790260.009]: Subscribers               [32mSUCCESS[0m -> [36mIDLE[0m
[robot_decision-1] [1746790260.009]: Inverter                  [33mRUNNING[0m -> [31mFAILURE[0m
[robot_decision-1] [1746790260.009]: HealthCheck               [36mIDLE[0m -> [33mRUNNING[0m
[robot_decision-1] [1746790260.009]: CheckIfHealth             [36mIDLE[0m -> [31mFAILURE[0m
[robot_decision-1] [1746790260.009]: CheckIfHealth             [31mFAILURE[0m -> [36mIDLE[0m
[robot_decision-1] [1746790260.009]: HealthCheck               [33mRUNNING[0m -> [31mFAILURE[0m
[robot_decision-1] [1746790260.009]: Inverter                  [31mFAILURE[0m -> [36mIDLE[0m
[robot_decision-1] [1746790260.009]: HealthCheck               [31mFAILURE[0m -> [36mIDLE[0m
[robot_decision-1] [1746790260.209]: Inverter                  [36mIDLE[0m -> [33mRUNNING[0m
[robot_decision-1] [1746790260.209]: Subscribers               [36mIDLE[0m -> [33mRUNNING[0m
[robot_decision-1] [INFO] [1746790260.209251784] [robot_decision]: [IfHealthSub] health value: 500
[robot_decision-1] [INFO] [1746790260.209320471] [robot_decision]: [OurOutpostSub] our outpost health value: 1500
[robot_decision-1] [INFO] [1746790260.209348042] [robot_decision]: [EnemyOutpostSub] enemy outpost health value: 1500
[robot_decision-1] [1746790260.209]: IfHealthSub               [36mIDLE[0m -> [32mSUCCESS[0m
[robot_decision-1] [1746790260.209]: OurOutpostSub             [36mIDLE[0m -> [32mSUCCESS[0m
[robot_decision-1] [1746790260.209]: EnemyOutpostSub           [36mIDLE[0m -> [32mSUCCESS[0m
[robot_decision-1] [1746790260.209]: IfHealthSub               [32mSUCCESS[0m -> [36mIDLE[0m
[robot_decision-1] [1746790260.209]: OurOutpostSub             [32mSUCCESS[0m -> [36mIDLE[0m
[robot_decision-1] [1746790260.209]: EnemyOutpostSub           [32mSUCCESS[0m -> [36mIDLE[0m
[robot_decision-1] [1746790260.209]: Subscribers               [33mRUNNING[0m -> [32mSUCCESS[0m
[robot_decision-1] [1746790260.209]: Subscribers               [32mSUCCESS[0m -> [36mIDLE[0m
[robot_decision-1] [1746790260.209]: Inverter                  [33mRUNNING[0m -> [31mFAILURE[0m
[robot_decision-1] [1746790260.209]: HealthCheck               [36mIDLE[0m -> [33mRUNNING[0m
[robot_decision-1] [1746790260.209]: CheckIfHealth             [36mIDLE[0m -> [31mFAILURE[0m
[robot_decision-1] [1746790260.209]: CheckIfHealth             [31mFAILURE[0m -> [36mIDLE[0m
[robot_decision-1] [1746790260.209]: HealthCheck               [33mRUNNING[0m -> [31mFAILURE[0m
[robot_decision-1] [1746790260.209]: Inverter                  [31mFAILURE[0m -> [36mIDLE[0m
[robot_decision-1] [1746790260.209]: HealthCheck               [31mFAILURE[0m -> [36mIDLE[0m
[robot_decision-1] [1746790260.410]: Inverter                  [36mIDLE[0m -> [33mRUNNING[0m
[robot_decision-1] [1746790260.410]: Subscribers               [36mIDLE[0m -> [33mRUNNING[0m
[robot_decision-1] [INFO] [1746790260.409657958] [robot_decision]: [IfHealthSub] health value: 500
[robot_decision-1] [INFO] [1746790260.409712118] [robot_decision]: [OurOutpostSub] our outpost health value: 1500
[robot_decision-1] [1746790260.410]: IfHealthSub               [36mIDLE[0m -> [32mSUCCESS[0m
[robot_decision-1] [1746790260.410]: OurOutpostSub             [36mIDLE[0m -> [32mSUCCESS[0m
[robot_decision-1] [1746790260.410]: EnemyOutpostSub           [36mIDLE[0m -> [32mSUCCESS[0m
[robot_decision-1] [1746790260.410]: IfHealthSub               [32mSUCCESS[0m -> [36mIDLE[0m
[robot_decision-1] [1746790260.410]: OurOutpostSub             [32mSUCCESS[0m -> [36mIDLE[0m
[robot_decision-1] [1746790260.410]: EnemyOutpostSub           [32mSUCCESS[0m -> [36mIDLE[0m
[robot_decision-1] [1746790260.410]: Subscribers               [33mRUNNING[0m -> [32mSUCCESS[0m
[robot_decision-1] [1746790260.410]: Subscribers               [32mSUCCESS[0m -> [36mIDLE[0m
[robot_decision-1] [1746790260.410]: Inverter                  [33mRUNNING[0m -> [31mFAILURE[0m
[robot_decision-1] [1746790260.410]: HealthCheck               [36mIDLE[0m -> [33mRUNNING[0m
[robot_decision-1] [1746790260.410]: CheckIfHealth             [36mIDLE[0m -> [31mFAILURE[0m
[robot_decision-1] [1746790260.410]: CheckIfHealth             [31mFAILURE[0m -> [36mIDLE[0m
[robot_decision-1] [1746790260.410]: HealthCheck               [33mRUNNING[0m -> [31mFAILURE[0m
[robot_decision-1] [1746790260.410]: Inverter                  [31mFAILURE[0m -> [36mIDLE[0m
[robot_decision-1] [1746790260.410]: HealthCheck               [31mFAILURE[0m -> [36mIDLE[0m
[robot_decision-1] [INFO] [1746790260.409748836] [robot_decision]: [EnemyOutpostSub] enemy outpost health value: 1500
[robot_decision-1] [1746790260.610]: Inverter                  [36mIDLE[0m -> [33mRUNNING[0m
[robot_decision-1] [1746790260.610]: Subscribers               [36mIDLE[0m -> [33mRUNNING[0m
[robot_decision-1] [INFO] [1746790260.610072778] [robot_decision]: [IfHealthSub] health value: 500
[robot_decision-1] [INFO] [1746790260.610133651] [robot_decision]: [OurOutpostSub] our outpost health value: 1500
[robot_decision-1] [INFO] [1746790260.610165630] [robot_decision]: [EnemyOutpostSub] enemy outpost health value: 1500
[robot_decision-1] [1746790260.610]: IfHealthSub               [36mIDLE[0m -> [32mSUCCESS[0m
[robot_decision-1] [1746790260.610]: OurOutpostSub             [36mIDLE[0m -> [32mSUCCESS[0m
[robot_decision-1] [1746790260.610]: EnemyOutpostSub           [36mIDLE[0m -> [32mSUCCESS[0m
[robot_decision-1] [1746790260.610]: IfHealthSub               [32mSUCCESS[0m -> [36mIDLE[0m
[robot_decision-1] [1746790260.610]: OurOutpostSub             [32mSUCCESS[0m -> [36mIDLE[0m
[robot_decision-1] [1746790260.610]: EnemyOutpostSub           [32mSUCCESS[0m -> [36mIDLE[0m
[robot_decision-1] [1746790260.610]: Subscribers               [33mRUNNING[0m -> [32mSUCCESS[0m
[robot_decision-1] [1746790260.610]: Subscribers               [32mSUCCESS[0m -> [36mIDLE[0m
[robot_decision-1] [1746790260.610]: Inverter                  [33mRUNNING[0m -> [31mFAILURE[0m
[robot_decision-1] [1746790260.610]: HealthCheck               [36mIDLE[0m -> [33mRUNNING[0m
[robot_decision-1] [1746790260.610]: CheckIfHealth             [36mIDLE[0m -> [31mFAILURE[0m
[robot_decision-1] [1746790260.610]: CheckIfHealth             [31mFAILURE[0m -> [36mIDLE[0m
[robot_decision-1] [1746790260.610]: HealthCheck               [33mRUNNING[0m -> [31mFAILURE[0m
[robot_decision-1] [1746790260.610]: Inverter                  [31mFAILURE[0m -> [36mIDLE[0m
[robot_decision-1] [1746790260.610]: HealthCheck               [31mFAILURE[0m -> [36mIDLE[0m
[robot_decision-1] [1746790260.810]: Inverter                  [36mIDLE[0m -> [33mRUNNING[0m
[robot_decision-1] [1746790260.810]: Subscribers               [36mIDLE[0m -> [33mRUNNING[0m
[robot_decision-1] [INFO] [1746790260.810477209] [robot_decision]: [IfHealthSub] health value: 500
[robot_decision-1] [INFO] [1746790260.810524206] [robot_decision]: [OurOutpostSub] our outpost health value: 1500
[robot_decision-1] [1746790260.811]: IfHealthSub               [36mIDLE[0m -> [32mSUCCESS[0m
[robot_decision-1] [1746790260.811]: OurOutpostSub             [36mIDLE[0m -> [32mSUCCESS[0m
[robot_decision-1] [1746790260.811]: EnemyOutpostSub           [36mIDLE[0m -> [32mSUCCESS[0m
[robot_decision-1] [1746790260.811]: IfHealthSub               [32mSUCCESS[0m -> [36mIDLE[0m
[robot_decision-1] [1746790260.811]: OurOutpostSub             [32mSUCCESS[0m -> [36mIDLE[0m
[robot_decision-1] [1746790260.811]: EnemyOutpostSub           [32mSUCCESS[0m -> [36mIDLE[0m
[robot_decision-1] [1746790260.811]: Subscribers               [33mRUNNING[0m -> [32mSUCCESS[0m
[robot_decision-1] [1746790260.811]: Subscribers               [32mSUCCESS[0m -> [36mIDLE[0m
[robot_decision-1] [1746790260.811]: Inverter                  [33mRUNNING[0m -> [31mFAILURE[0m
[robot_decision-1] [1746790260.811]: HealthCheck               [36mIDLE[0m -> [33mRUNNING[0m
[robot_decision-1] [1746790260.811]: CheckIfHealth             [36mIDLE[0m -> [31mFAILURE[0m
[robot_decision-1] [1746790260.811]: CheckIfHealth             [31mFAILURE[0m -> [36mIDLE[0m
[robot_decision-1] [1746790260.811]: HealthCheck               [33mRUNNING[0m -> [31mFAILURE[0m
[robot_decision-1] [1746790260.811]: Inverter                  [31mFAILURE[0m -> [36mIDLE[0m
[robot_decision-1] [1746790260.811]: HealthCheck               [31mFAILURE[0m -> [36mIDLE[0m
[robot_decision-1] [INFO] [1746790260.810546247] [robot_decision]: [EnemyOutpostSub] enemy outpost health value: 1500
[robot_decision-1] [1746790261.011]: Inverter                  [36mIDLE[0m -> [33mRUNNING[0m
[robot_decision-1] [1746790261.011]: Subscribers               [36mIDLE[0m -> [33mRUNNING[0m
[robot_decision-1] [INFO] [1746790261.010825005] [robot_decision]: [IfHealthSub] health value: 500
[robot_decision-1] [1746790261.011]: IfHealthSub               [36mIDLE[0m -> [32mSUCCESS[0m
[robot_decision-1] [1746790261.011]: OurOutpostSub             [36mIDLE[0m -> [32mSUCCESS[0m
[robot_decision-1] [1746790261.011]: EnemyOutpostSub           [36mIDLE[0m -> [32mSUCCESS[0m
[robot_decision-1] [1746790261.011]: IfHealthSub               [32mSUCCESS[0m -> [36mIDLE[0m
[robot_decision-1] [1746790261.011]: OurOutpostSub             [32mSUCCESS[0m -> [36mIDLE[0m
[robot_decision-1] [1746790261.011]: EnemyOutpostSub           [32mSUCCESS[0m -> [36mIDLE[0m
[robot_decision-1] [1746790261.011]: Subscribers               [33mRUNNING[0m -> [32mSUCCESS[0m
[robot_decision-1] [1746790261.011]: Subscribers               [32mSUCCESS[0m -> [36mIDLE[0m
[robot_decision-1] [1746790261.011]: Inverter                  [33mRUNNING[0m -> [31mFAILURE[0m
[robot_decision-1] [1746790261.011]: HealthCheck               [36mIDLE[0m -> [33mRUNNING[0m
[robot_decision-1] [1746790261.011]: CheckIfHealth             [36mIDLE[0m -> [31mFAILURE[0m
[robot_decision-1] [1746790261.011]: CheckIfHealth             [31mFAILURE[0m -> [36mIDLE[0m
[robot_decision-1] [1746790261.011]: HealthCheck               [33mRUNNING[0m -> [31mFAILURE[0m
[robot_decision-1] [1746790261.011]: Inverter                  [31mFAILURE[0m -> [36mIDLE[0m
[robot_decision-1] [1746790261.011]: HealthCheck               [31mFAILURE[0m -> [36mIDLE[0m
[robot_decision-1] [INFO] [1746790261.010912006] [robot_decision]: [OurOutpostSub] our outpost health value: 1500
[robot_decision-1] [INFO] [1746790261.010945859] [robot_decision]: [EnemyOutpostSub] enemy outpost health value: 1500
[robot_decision-1] [1746790261.211]: Inverter                  [36mIDLE[0m -> [33mRUNNING[0m
[robot_decision-1] [1746790261.211]: Subscribers               [36mIDLE[0m -> [33mRUNNING[0m
[robot_decision-1] [INFO] [1746790261.211197266] [robot_decision]: [IfHealthSub] health value: 500
[robot_decision-1] [INFO] [1746790261.211252048] [robot_decision]: [OurOutpostSub] our outpost health value: 1500
[robot_decision-1] [INFO] [1746790261.211278266] [robot_decision]: [EnemyOutpostSub] enemy outpost health value: 1500
[robot_decision-1] [1746790261.211]: IfHealthSub               [36mIDLE[0m -> [32mSUCCESS[0m
[robot_decision-1] [1746790261.211]: OurOutpostSub             [36mIDLE[0m -> [32mSUCCESS[0m
[robot_decision-1] [1746790261.211]: EnemyOutpostSub           [36mIDLE[0m -> [32mSUCCESS[0m
[robot_decision-1] [1746790261.211]: IfHealthSub               [32mSUCCESS[0m -> [36mIDLE[0m
[robot_decision-1] [1746790261.211]: OurOutpostSub             [32mSUCCESS[0m -> [36mIDLE[0m
[robot_decision-1] [1746790261.211]: EnemyOutpostSub           [32mSUCCESS[0m -> [36mIDLE[0m
[robot_decision-1] [1746790261.211]: Subscribers               [33mRUNNING[0m -> [32mSUCCESS[0m
[robot_decision-1] [1746790261.211]: Subscribers               [32mSUCCESS[0m -> [36mIDLE[0m
[robot_decision-1] [1746790261.211]: Inverter                  [33mRUNNING[0m -> [31mFAILURE[0m
[robot_decision-1] [1746790261.211]: HealthCheck               [36mIDLE[0m -> [33mRUNNING[0m
[robot_decision-1] [1746790261.211]: CheckIfHealth             [36mIDLE[0m -> [31mFAILURE[0m
[robot_decision-1] [1746790261.211]: CheckIfHealth             [31mFAILURE[0m -> [36mIDLE[0m
[robot_decision-1] [1746790261.211]: HealthCheck               [33mRUNNING[0m -> [31mFAILURE[0m
[robot_decision-1] [1746790261.211]: Inverter                  [31mFAILURE[0m -> [36mIDLE[0m
[robot_decision-1] [1746790261.211]: HealthCheck               [31mFAILURE[0m -> [36mIDLE[0m
[robot_decision-1] [1746790261.412]: Inverter                  [36mIDLE[0m -> [33mRUNNING[0m
[robot_decision-1] [1746790261.412]: Subscribers               [36mIDLE[0m -> [33mRUNNING[0m
[robot_decision-1] [INFO] [1746790261.411667249] [robot_decision]: [IfHealthSub] health value: 500
[robot_decision-1] [INFO] [1746790261.411717582] [robot_decision]: [OurOutpostSub] our outpost health value: 1500
[robot_decision-1] [1746790261.412]: IfHealthSub               [36mIDLE[0m -> [32mSUCCESS[0m
[robot_decision-1] [1746790261.412]: OurOutpostSub             [36mIDLE[0m -> [32mSUCCESS[0m
[robot_decision-1] [1746790261.412]: EnemyOutpostSub           [36mIDLE[0m -> [32mSUCCESS[0m
[robot_decision-1] [1746790261.412]: IfHealthSub               [32mSUCCESS[0m -> [36mIDLE[0m
[robot_decision-1] [1746790261.412]: OurOutpostSub             [32mSUCCESS[0m -> [36mIDLE[0m
[robot_decision-1] [1746790261.412]: EnemyOutpostSub           [32mSUCCESS[0m -> [36mIDLE[0m
[robot_decision-1] [1746790261.412]: Subscribers               [33mRUNNING[0m -> [32mSUCCESS[0m
[robot_decision-1] [1746790261.412]: Subscribers               [32mSUCCESS[0m -> [36mIDLE[0m
[robot_decision-1] [1746790261.412]: Inverter                  [33mRUNNING[0m -> [31mFAILURE[0m
[robot_decision-1] [1746790261.412]: HealthCheck               [36mIDLE[0m -> [33mRUNNING[0m
[robot_decision-1] [1746790261.412]: CheckIfHealth             [36mIDLE[0m -> [31mFAILURE[0m
[robot_decision-1] [1746790261.412]: CheckIfHealth             [31mFAILURE[0m -> [36mIDLE[0m
[robot_decision-1] [1746790261.412]: HealthCheck               [33mRUNNING[0m -> [31mFAILURE[0m
[robot_decision-1] [1746790261.412]: Inverter                  [31mFAILURE[0m -> [36mIDLE[0m
[robot_decision-1] [1746790261.412]: HealthCheck               [31mFAILURE[0m -> [36mIDLE[0m
[robot_decision-1] [INFO] [1746790261.411736768] [robot_decision]: [EnemyOutpostSub] enemy outpost health value: 1500
[robot_decision-1] [1746790261.612]: Inverter                  [36mIDLE[0m -> [33mRUNNING[0m
[robot_decision-1] [1746790261.612]: Subscribers               [36mIDLE[0m -> [33mRUNNING[0m
[robot_decision-1] [INFO] [1746790261.612138764] [robot_decision]: [IfHealthSub] health value: 500
[robot_decision-1] [INFO] [1746790261.612245221] [robot_decision]: [OurOutpostSub] our outpost health value: 1500
[robot_decision-1] [INFO] [1746790261.612270668] [robot_decision]: [EnemyOutpostSub] enemy outpost health value: 1500
[robot_decision-1] [1746790261.612]: IfHealthSub               [36mIDLE[0m -> [32mSUCCESS[0m
[robot_decision-1] [1746790261.612]: OurOutpostSub             [36mIDLE[0m -> [32mSUCCESS[0m
[robot_decision-1] [1746790261.612]: EnemyOutpostSub           [36mIDLE[0m -> [32mSUCCESS[0m
[robot_decision-1] [1746790261.612]: IfHealthSub               [32mSUCCESS[0m -> [36mIDLE[0m
[robot_decision-1] [1746790261.612]: OurOutpostSub             [32mSUCCESS[0m -> [36mIDLE[0m
[robot_decision-1] [1746790261.612]: EnemyOutpostSub           [32mSUCCESS[0m -> [36mIDLE[0m
[robot_decision-1] [1746790261.612]: Subscribers               [33mRUNNING[0m -> [32mSUCCESS[0m
[robot_decision-1] [1746790261.612]: Subscribers               [32mSUCCESS[0m -> [36mIDLE[0m
[robot_decision-1] [1746790261.612]: Inverter                  [33mRUNNING[0m -> [31mFAILURE[0m
[robot_decision-1] [1746790261.612]: HealthCheck               [36mIDLE[0m -> [33mRUNNING[0m
[robot_decision-1] [1746790261.612]: CheckIfHealth             [36mIDLE[0m -> [31mFAILURE[0m
[robot_decision-1] [1746790261.612]: CheckIfHealth             [31mFAILURE[0m -> [36mIDLE[0m
[robot_decision-1] [1746790261.612]: HealthCheck               [33mRUNNING[0m -> [31mFAILURE[0m
[robot_decision-1] [1746790261.612]: Inverter                  [31mFAILURE[0m -> [36mIDLE[0m
[robot_decision-1] [1746790261.612]: HealthCheck               [31mFAILURE[0m -> [36mIDLE[0m
[robot_decision-1] [1746790261.813]: Inverter                  [36mIDLE[0m -> [33mRUNNING[0m
[robot_decision-1] [1746790261.813]: Subscribers               [36mIDLE[0m -> [33mRUNNING[0m
[robot_decision-1] [INFO] [1746790261.812650674] [robot_decision]: [IfHealthSub] health value: 500
[robot_decision-1] [INFO] [1746790261.812708822] [robot_decision]: [OurOutpostSub] our outpost health value: 1500
[robot_decision-1] [INFO] [1746790261.812737064] [robot_decision]: [EnemyOutpostSub] enemy outpost health value: 1500
[robot_decision-1] [INFO] [1746790261.812822452] [robot_decision]: Navigation Success!
[robot_decision-1] [ERROR] [1746790261.812876893] [robot_decision]: [IfHealthSub] invalid message
[robot_decision-1] [1746790261.813]: IfHealthSub               [36mIDLE[0m -> [32mSUCCESS[0m
[robot_decision-1] [1746790261.813]: OurOutpostSub             [36mIDLE[0m -> [32mSUCCESS[0m
[robot_decision-1] [1746790261.813]: EnemyOutpostSub           [36mIDLE[0m -> [32mSUCCESS[0m
[robot_decision-1] [1746790261.813]: IfHealthSub               [32mSUCCESS[0m -> [36mIDLE[0m
[robot_decision-1] [1746790261.813]: OurOutpostSub             [32mSUCCESS[0m -> [36mIDLE[0m
[robot_decision-1] [1746790261.813]: EnemyOutpostSub           [32mSUCCESS[0m -> [36mIDLE[0m
[robot_decision-1] [1746790261.813]: Subscribers               [33mRUNNING[0m -> [32mSUCCESS[0m
[robot_decision-1] [1746790261.813]: Subscribers               [32mSUCCESS[0m -> [36mIDLE[0m
[robot_decision-1] [1746790261.813]: Inverter                  [33mRUNNING[0m -> [31mFAILURE[0m
[robot_decision-1] [1746790261.813]: HealthCheck               [36mIDLE[0m -> [33mRUNNING[0m
[robot_decision-1] [1746790261.813]: CheckIfHealth             [36mIDLE[0m -> [31mFAILURE[0m
[robot_decision-1] [1746790261.813]: CheckIfHealth             [31mFAILURE[0m -> [36mIDLE[0m
[robot_decision-1] [1746790261.813]: HealthCheck               [33mRUNNING[0m -> [31mFAILURE[0m
[robot_decision-1] onResultReceived: 4
[robot_decision-1] [1746790261.813]: NavigateToPose            [33mRUNNING[0m -> [32mSUCCESS[0m
[robot_decision-1] [1746790261.813]: WaitNode                  [32mSUCCESS[0m -> [36mIDLE[0m
[robot_decision-1] [1746790261.813]: NavigateToPose            [32mSUCCESS[0m -> [36mIDLE[0m
[robot_decision-1] [1746790261.813]: Sequence                  [33mRUNNING[0m -> [32mSUCCESS[0m
[robot_decision-1] [1746790261.813]: Sequence                  [32mSUCCESS[0m -> [36mIDLE[0m
[robot_decision-1] [1746790261.813]: RetryUntilSuccessful      [33mRUNNING[0m -> [32mSUCCESS[0m
[robot_decision-1] [1746790261.813]: CheckIfHealth             [32mSUCCESS[0m -> [36mIDLE[0m
[robot_decision-1] [1746790261.813]: RetryUntilSuccessful      [32mSUCCESS[0m -> [36mIDLE[0m
[robot_decision-1] [1746790261.813]: BothOutpostAlive          [33mRUNNING[0m -> [32mSUCCESS[0m
[robot_decision-1] [1746790261.813]: OurOutpostDead            [31mFAILURE[0m -> [36mIDLE[0m
[robot_decision-1] [1746790261.813]: EnemyOutpostDead          [31mFAILURE[0m -> [36mIDLE[0m
[robot_decision-1] [1746790261.813]: BothOutpostAlive          [32mSUCCESS[0m -> [36mIDLE[0m
[robot_decision-1] [1746790261.813]: BaseStatusLogic           [33mRUNNING[0m -> [32mSUCCESS[0m
[robot_decision-1] [1746790261.813]: Inverter                  [31mFAILURE[0m -> [36mIDLE[0m
[robot_decision-1] [1746790261.813]: HealthCheck               [31mFAILURE[0m -> [36mIDLE[0m
[robot_decision-1] [1746790261.813]: BaseStatusLogic           [32mSUCCESS[0m -> [36mIDLE[0m
[robot_decision-1] [1746790261.813]: ActionSequence            [33mRUNNING[0m -> [32mSUCCESS[0m
[robot_decision-1] [1746790261.813]: ActionSequence            [32mSUCCESS[0m -> [36mIDLE[0m
[robot_decision-1] [1746790261.813]: ActionSequence            [36mIDLE[0m -> [33mRUNNING[0m
[robot_decision-1] [1746790261.813]: Inverter                  [36mIDLE[0m -> [33mRUNNING[0m
[robot_decision-1] [1746790261.813]: Subscribers               [36mIDLE[0m -> [33mRUNNING[0m
[robot_decision-1] [1746790261.813]: IfHealthSub               [36mIDLE[0m -> [31mFAILURE[0m
[robot_decision-1] [1746790261.813]: IfHealthSub               [31mFAILURE[0m -> [36mIDLE[0m
[robot_decision-1] [1746790261.813]: Subscribers               [33mRUNNING[0m -> [31mFAILURE[0m
[robot_decision-1] [1746790261.813]: Subscribers               [31mFAILURE[0m -> [36mIDLE[0m
[robot_decision-1] [1746790261.813]: Inverter                  [33mRUNNING[0m -> [32mSUCCESS[0m
[robot_decision-1] [1746790261.813]: Inverter                  [32mSUCCESS[0m -> [36mIDLE[0m
[robot_decision-1] [1746790261.813]: ActionSequence            [33mRUNNING[0m -> [32mSUCCESS[0m
[robot_decision-1] [1746790261.813]: ActionSequence            [32mSUCCESS[0m -> [36mIDLE[0m
[robot_decision-1] [1746790262.013]: ActionSequence            [36mIDLE[0m -> [33mRUNNING[0m
[robot_decision-1] [1746790262.013]: Inverter                  [36mIDLE[0m -> [33mRUNNING[0m
[robot_decision-1] [1746790262.013]: Subscribers               [36mIDLE[0m -> [33mRUNNING[0m
[robot_decision-1] [INFO] [1746790262.013232364] [robot_decision]: [IfHealthSub] health value: 500
[robot_decision-1] [INFO] [1746790262.013391779] [robot_decision]: [OurOutpostSub] our outpost health value: 1500
[robot_decision-1] [1746790262.013]: IfHealthSub               [36mIDLE[0m -> [32mSUCCESS[0m
[robot_decision-1] [1746790262.013]: OurOutpostSub             [36mIDLE[0m -> [32mSUCCESS[0m
[robot_decision-1] [1746790262.013]: EnemyOutpostSub           [36mIDLE[0m -> [32mSUCCESS[0m
[robot_decision-1] [1746790262.013]: IfHealthSub               [32mSUCCESS[0m -> [36mIDLE[0m
[robot_decision-1] [1746790262.013]: OurOutpostSub             [32mSUCCESS[0m -> [36mIDLE[0m
[robot_decision-1] [1746790262.013]: EnemyOutpostSub           [32mSUCCESS[0m -> [36mIDLE[0m
[robot_decision-1] [1746790262.013]: Subscribers               [33mRUNNING[0m -> [32mSUCCESS[0m
[robot_decision-1] [1746790262.013]: Subscribers               [32mSUCCESS[0m -> [36mIDLE[0m
[robot_decision-1] [1746790262.013]: Inverter                  [33mRUNNING[0m -> [31mFAILURE[0m
[robot_decision-1] [1746790262.013]: HealthCheck               [36mIDLE[0m -> [33mRUNNING[0m
[robot_decision-1] [1746790262.013]: CheckIfHealth             [36mIDLE[0m -> [31mFAILURE[0m
[robot_decision-1] [1746790262.013]: CheckIfHealth             [31mFAILURE[0m -> [36mIDLE[0m
[robot_decision-1] [1746790262.013]: HealthCheck               [33mRUNNING[0m -> [31mFAILURE[0m
[robot_decision-1] [1746790262.014]: BaseStatusLogic           [36mIDLE[0m -> [33mRUNNING[0m
[robot_decision-1] [1746790262.014]: OurOutpostDead            [36mIDLE[0m -> [33mRUNNING[0m
[robot_decision-1] [1746790262.014]: CheckIfHealth             [36mIDLE[0m -> [32mSUCCESS[0m
[robot_decision-1] [1746790262.014]: IsOurOutpostDead          [36mIDLE[0m -> [31mFAILURE[0m
[robot_decision-1] [1746790262.014]: CheckIfHealth             [32mSUCCESS[0m -> [36mIDLE[0m
[robot_decision-1] [1746790262.014]: IsOurOutpostDead          [31mFAILURE[0m -> [36mIDLE[0m
[robot_decision-1] [1746790262.014]: OurOutpostDead            [33mRUNNING[0m -> [31mFAILURE[0m
[robot_decision-1] [1746790262.014]: EnemyOutpostDead          [36mIDLE[0m -> [33mRUNNING[0m
[robot_decision-1] [1746790262.014]: CheckIfHealth             [36mIDLE[0m -> [32mSUCCESS[0m
[robot_decision-1] [1746790262.014]: IsEnemyOutpostDead        [36mIDLE[0m -> [31mFAILURE[0m
[robot_decision-1] [1746790262.014]: CheckIfHealth             [32mSUCCESS[0m -> [36mIDLE[0m
[robot_decision-1] [1746790262.014]: IsEnemyOutpostDead        [31mFAILURE[0m -> [36mIDLE[0m
[robot_decision-1] [1746790262.014]: EnemyOutpostDead          [33mRUNNING[0m -> [31mFAILURE[0m
[robot_decision-1] [1746790262.014]: BothOutpostAlive          [36mIDLE[0m -> [33mRUNNING[0m
[robot_decision-1] [1746790262.014]: CheckIfHealth             [36mIDLE[0m -> [32mSUCCESS[0m
[robot_decision-1] [1746790262.014]: RetryUntilSuccessful      [36mIDLE[0m -> [33mRUNNING[0m
[robot_decision-1] [1746790262.014]: Sequence                  [36mIDLE[0m -> [33mRUNNING[0m
[robot_decision-1] [1746790262.014]: WaitNode                  [36mIDLE[0m -> [33mRUNNING[0m
[robot_decision-1] [1746790262.014]: Inverter                  [31mFAILURE[0m -> [36mIDLE[0m
[robot_decision-1] [1746790262.014]: HealthCheck               [31mFAILURE[0m -> [36mIDLE[0m
[robot_decision-1] [INFO] [1746790262.013443335] [robot_decision]: [EnemyOutpostSub] enemy outpost health value: 1500
[robot_decision-1] [INFO] [1746790262.013517362] [IfHealth]: [CheckIfHealth] amount of blood: 500
[robot_decision-1] [INFO] [1746790262.013531157] [CheckOutposet]: [IsOurOutpostDead] Our outpost health: 1500 (alive)
[robot_decision-1] [INFO] [1746790262.013558458] [IfHealth]: [CheckIfHealth] amount of blood: 500
[robot_decision-1] [INFO] [1746790262.013573576] [CheckEnemyposet]: [IsEnemyOutpostDead] Enemy outpost health: 1500 (alive)
[robot_decision-1] [INFO] [1746790262.013594214] [IfHealth]: [CheckIfHealth] amount of blood: 500
[robot_decision-1] [1746790262.214]: Inverter                  [36mIDLE[0m -> [33mRUNNING[0m
[robot_decision-1] [1746790262.214]: Subscribers               [36mIDLE[0m -> [33mRUNNING[0m
[robot_decision-1] [INFO] [1746790262.214018092] [robot_decision]: [IfHealthSub] health value: 500
[robot_decision-1] [1746790262.214]: IfHealthSub               [36mIDLE[0m -> [32mSUCCESS[0m
[robot_decision-1] [1746790262.214]: OurOutpostSub             [36mIDLE[0m -> [32mSUCCESS[0m
[robot_decision-1] [1746790262.214]: EnemyOutpostSub           [36mIDLE[0m -> [32mSUCCESS[0m
[robot_decision-1] [1746790262.214]: IfHealthSub               [32mSUCCESS[0m -> [36mIDLE[0m
[robot_decision-1] [1746790262.214]: OurOutpostSub             [32mSUCCESS[0m -> [36mIDLE[0m
[robot_decision-1] [1746790262.214]: EnemyOutpostSub           [32mSUCCESS[0m -> [36mIDLE[0m
[robot_decision-1] [1746790262.214]: Subscribers               [33mRUNNING[0m -> [32mSUCCESS[0m
[robot_decision-1] [1746790262.214]: Subscribers               [32mSUCCESS[0m -> [36mIDLE[0m
[robot_decision-1] [1746790262.214]: Inverter                  [33mRUNNING[0m -> [31mFAILURE[0m
[robot_decision-1] [1746790262.214]: HealthCheck               [36mIDLE[0m -> [33mRUNNING[0m
[robot_decision-1] [1746790262.214]: CheckIfHealth             [36mIDLE[0m -> [31mFAILURE[0m
[robot_decision-1] [1746790262.214]: CheckIfHealth             [31mFAILURE[0m -> [36mIDLE[0m
[robot_decision-1] [1746790262.214]: HealthCheck               [33mRUNNING[0m -> [31mFAILURE[0m
[robot_decision-1] [1746790262.214]: WaitNode                  [33mRUNNING[0m -> [32mSUCCESS[0m
[robot_decision-1] [1746790262.214]: NavigateToPose            [36mIDLE[0m -> [33mRUNNING[0m
[robot_decision-1] Point key: 1 x:3 y:0.45
[robot_decision-1] [INFO] [1746790262.214258958] [robot_decision]: [OurOutpostSub] our outpost health value: 1500
[robot_decision-1] [INFO] [1746790262.214320542] [robot_decision]: [EnemyOutpostSub] enemy outpost health value: 1500
[robot_decision-1] [1746790262.215]: Inverter                  [31mFAILURE[0m -> [36mIDLE[0m
[robot_decision-1] [1746790262.215]: HealthCheck               [31mFAILURE[0m -> [36mIDLE[0m
[robot_decision-1] [1746790262.415]: Inverter                  [36mIDLE[0m -> [33mRUNNING[0m
[robot_decision-1] [1746790262.415]: Subscribers               [36mIDLE[0m -> [33mRUNNING[0m
[robot_decision-1] [INFO] [1746790262.415265775] [robot_decision]: [IfHealthSub] health value: 500
[robot_decision-1] [INFO] [1746790262.415324184] [robot_decision]: [OurOutpostSub] our outpost health value: 1500
[robot_decision-1] [1746790262.415]: IfHealthSub               [36mIDLE[0m -> [32mSUCCESS[0m
[robot_decision-1] [1746790262.415]: OurOutpostSub             [36mIDLE[0m -> [32mSUCCESS[0m
[robot_decision-1] [1746790262.415]: EnemyOutpostSub           [36mIDLE[0m -> [32mSUCCESS[0m
[robot_decision-1] [1746790262.415]: IfHealthSub               [32mSUCCESS[0m -> [36mIDLE[0m
[robot_decision-1] [1746790262.415]: OurOutpostSub             [32mSUCCESS[0m -> [36mIDLE[0m
[robot_decision-1] [1746790262.415]: EnemyOutpostSub           [32mSUCCESS[0m -> [36mIDLE[0m
[robot_decision-1] [1746790262.415]: Subscribers               [33mRUNNING[0m -> [32mSUCCESS[0m
[robot_decision-1] [1746790262.415]: Subscribers               [32mSUCCESS[0m -> [36mIDLE[0m
[robot_decision-1] [1746790262.415]: Inverter                  [33mRUNNING[0m -> [31mFAILURE[0m
[robot_decision-1] [1746790262.415]: HealthCheck               [36mIDLE[0m -> [33mRUNNING[0m
[robot_decision-1] [1746790262.415]: CheckIfHealth             [36mIDLE[0m -> [31mFAILURE[0m
[robot_decision-1] [1746790262.415]: CheckIfHealth             [31mFAILURE[0m -> [36mIDLE[0m
[robot_decision-1] [1746790262.415]: HealthCheck               [33mRUNNING[0m -> [31mFAILURE[0m
[robot_decision-1] [1746790262.415]: Inverter                  [31mFAILURE[0m -> [36mIDLE[0m
[robot_decision-1] [1746790262.415]: HealthCheck               [31mFAILURE[0m -> [36mIDLE[0m
[robot_decision-1] [INFO] [1746790262.415353558] [robot_decision]: [EnemyOutpostSub] enemy outpost health value: 1500
[robot_decision-1] [1746790262.616]: Inverter                  [36mIDLE[0m -> [33mRUNNING[0m
[robot_decision-1] [1746790262.616]: Subscribers               [36mIDLE[0m -> [33mRUNNING[0m
[robot_decision-1] [INFO] [1746790262.615664156] [robot_decision]: [IfHealthSub] health value: 500
[robot_decision-1] [INFO] [1746790262.615719628] [robot_decision]: [OurOutpostSub] our outpost health value: 1500
[robot_decision-1] [INFO] [1746790262.615740988] [robot_decision]: [EnemyOutpostSub] enemy outpost health value: 1500
[robot_decision-1] [1746790262.616]: IfHealthSub               [36mIDLE[0m -> [32mSUCCESS[0m
[robot_decision-1] [1746790262.616]: OurOutpostSub             [36mIDLE[0m -> [32mSUCCESS[0m
[robot_decision-1] [1746790262.616]: EnemyOutpostSub           [36mIDLE[0m -> [32mSUCCESS[0m
[robot_decision-1] [1746790262.616]: IfHealthSub               [32mSUCCESS[0m -> [36mIDLE[0m
[robot_decision-1] [1746790262.616]: OurOutpostSub             [32mSUCCESS[0m -> [36mIDLE[0m
[robot_decision-1] [1746790262.616]: EnemyOutpostSub           [32mSUCCESS[0m -> [36mIDLE[0m
[robot_decision-1] [1746790262.616]: Subscribers               [33mRUNNING[0m -> [32mSUCCESS[0m
[robot_decision-1] [1746790262.616]: Subscribers               [32mSUCCESS[0m -> [36mIDLE[0m
[robot_decision-1] [1746790262.616]: Inverter                  [33mRUNNING[0m -> [31mFAILURE[0m
[robot_decision-1] [1746790262.616]: HealthCheck               [36mIDLE[0m -> [33mRUNNING[0m
[robot_decision-1] [1746790262.616]: CheckIfHealth             [36mIDLE[0m -> [31mFAILURE[0m
[robot_decision-1] [1746790262.616]: CheckIfHealth             [31mFAILURE[0m -> [36mIDLE[0m
[robot_decision-1] [1746790262.616]: HealthCheck               [33mRUNNING[0m -> [31mFAILURE[0m
[robot_decision-1] [1746790262.616]: Inverter                  [31mFAILURE[0m -> [36mIDLE[0m
[robot_decision-1] [1746790262.616]: HealthCheck               [31mFAILURE[0m -> [36mIDLE[0m
[robot_decision-1] [1746790262.816]: Inverter                  [36mIDLE[0m -> [33mRUNNING[0m
[robot_decision-1] [1746790262.816]: Subscribers               [36mIDLE[0m -> [33mRUNNING[0m
[robot_decision-1] [INFO] [1746790262.816100887] [robot_decision]: [IfHealthSub] health value: 500
[robot_decision-1] [INFO] [1746790262.816159626] [robot_decision]: [OurOutpostSub] our outpost health value: 1500
[robot_decision-1] [INFO] [1746790262.816185043] [robot_decision]: [EnemyOutpostSub] enemy outpost health value: 1500
[robot_decision-1] [1746790262.816]: IfHealthSub               [36mIDLE[0m -> [32mSUCCESS[0m
[robot_decision-1] [1746790262.816]: OurOutpostSub             [36mIDLE[0m -> [32mSUCCESS[0m
[robot_decision-1] [1746790262.816]: EnemyOutpostSub           [36mIDLE[0m -> [32mSUCCESS[0m
[robot_decision-1] [1746790262.816]: IfHealthSub               [32mSUCCESS[0m -> [36mIDLE[0m
[robot_decision-1] [1746790262.816]: OurOutpostSub             [32mSUCCESS[0m -> [36mIDLE[0m
[robot_decision-1] [1746790262.816]: EnemyOutpostSub           [32mSUCCESS[0m -> [36mIDLE[0m
[robot_decision-1] [1746790262.816]: Subscribers               [33mRUNNING[0m -> [32mSUCCESS[0m
[robot_decision-1] [1746790262.816]: Subscribers               [32mSUCCESS[0m -> [36mIDLE[0m
[robot_decision-1] [1746790262.816]: Inverter                  [33mRUNNING[0m -> [31mFAILURE[0m
[robot_decision-1] [1746790262.816]: HealthCheck               [36mIDLE[0m -> [33mRUNNING[0m
[robot_decision-1] [1746790262.816]: CheckIfHealth             [36mIDLE[0m -> [31mFAILURE[0m
[robot_decision-1] [1746790262.816]: CheckIfHealth             [31mFAILURE[0m -> [36mIDLE[0m
[robot_decision-1] [1746790262.816]: HealthCheck               [33mRUNNING[0m -> [31mFAILURE[0m
[robot_decision-1] [1746790262.816]: Inverter                  [31mFAILURE[0m -> [36mIDLE[0m
[robot_decision-1] [1746790262.816]: HealthCheck               [31mFAILURE[0m -> [36mIDLE[0m
[robot_decision-1] [1746790263.016]: Inverter                  [36mIDLE[0m -> [33mRUNNING[0m
[robot_decision-1] [1746790263.016]: Subscribers               [36mIDLE[0m -> [33mRUNNING[0m
[robot_decision-1] [INFO] [1746790263.016523291] [robot_decision]: [IfHealthSub] health value: 500
[robot_decision-1] [INFO] [1746790263.016591969] [robot_decision]: [OurOutpostSub] our outpost health value: 1500
[robot_decision-1] [INFO] [1746790263.016615062] [robot_decision]: [EnemyOutpostSub] enemy outpost health value: 1500
[robot_decision-1] [1746790263.017]: IfHealthSub               [36mIDLE[0m -> [32mSUCCESS[0m
[robot_decision-1] [1746790263.017]: OurOutpostSub             [36mIDLE[0m -> [32mSUCCESS[0m
[robot_decision-1] [1746790263.017]: EnemyOutpostSub           [36mIDLE[0m -> [32mSUCCESS[0m
[robot_decision-1] [1746790263.017]: IfHealthSub               [32mSUCCESS[0m -> [36mIDLE[0m
[robot_decision-1] [1746790263.017]: OurOutpostSub             [32mSUCCESS[0m -> [36mIDLE[0m
[robot_decision-1] [1746790263.017]: EnemyOutpostSub           [32mSUCCESS[0m -> [36mIDLE[0m
[robot_decision-1] [1746790263.017]: Subscribers               [33mRUNNING[0m -> [32mSUCCESS[0m
[robot_decision-1] [1746790263.017]: Subscribers               [32mSUCCESS[0m -> [36mIDLE[0m
[robot_decision-1] [1746790263.017]: Inverter                  [33mRUNNING[0m -> [31mFAILURE[0m
[robot_decision-1] [1746790263.017]: HealthCheck               [36mIDLE[0m -> [33mRUNNING[0m
[robot_decision-1] [1746790263.017]: CheckIfHealth             [36mIDLE[0m -> [31mFAILURE[0m
[robot_decision-1] [1746790263.017]: CheckIfHealth             [31mFAILURE[0m -> [36mIDLE[0m
[robot_decision-1] [1746790263.017]: HealthCheck               [33mRUNNING[0m -> [31mFAILURE[0m
[robot_decision-1] [1746790263.017]: Inverter                  [31mFAILURE[0m -> [36mIDLE[0m
[robot_decision-1] [1746790263.017]: HealthCheck               [31mFAILURE[0m -> [36mIDLE[0m
[robot_decision-1] [1746790263.217]: Inverter                  [36mIDLE[0m -> [33mRUNNING[0m
[robot_decision-1] [1746790263.217]: Subscribers               [36mIDLE[0m -> [33mRUNNING[0m
[robot_decision-1] [INFO] [1746790263.216986001] [robot_decision]: [IfHealthSub] health value: 500
[robot_decision-1] [INFO] [1746790263.217043758] [robot_decision]: [OurOutpostSub] our outpost health value: 1500
[robot_decision-1] [INFO] [1746790263.217161396] [robot_decision]: [EnemyOutpostSub] enemy outpost health value: 1500
[robot_decision-1] [INFO] [1746790263.217254709] [robot_decision]: Navigation Success!
[robot_decision-1] [ERROR] [1746790263.217310843] [robot_decision]: [IfHealthSub] invalid message
[robot_decision-1] [1746790263.217]: IfHealthSub               [36mIDLE[0m -> [32mSUCCESS[0m
[robot_decision-1] [1746790263.217]: OurOutpostSub             [36mIDLE[0m -> [32mSUCCESS[0m
[robot_decision-1] [1746790263.217]: EnemyOutpostSub           [36mIDLE[0m -> [32mSUCCESS[0m
[robot_decision-1] [1746790263.217]: IfHealthSub               [32mSUCCESS[0m -> [36mIDLE[0m
[robot_decision-1] [1746790263.217]: OurOutpostSub             [32mSUCCESS[0m -> [36mIDLE[0m
[robot_decision-1] [1746790263.217]: EnemyOutpostSub           [32mSUCCESS[0m -> [36mIDLE[0m
[robot_decision-1] [1746790263.217]: Subscribers               [33mRUNNING[0m -> [32mSUCCESS[0m
[robot_decision-1] [1746790263.217]: Subscribers               [32mSUCCESS[0m -> [36mIDLE[0m
[robot_decision-1] [1746790263.217]: Inverter                  [33mRUNNING[0m -> [31mFAILURE[0m
[robot_decision-1] [1746790263.217]: HealthCheck               [36mIDLE[0m -> [33mRUNNING[0m
[robot_decision-1] [1746790263.217]: CheckIfHealth             [36mIDLE[0m -> [31mFAILURE[0m
[robot_decision-1] [1746790263.217]: CheckIfHealth             [31mFAILURE[0m -> [36mIDLE[0m
[robot_decision-1] [1746790263.217]: HealthCheck               [33mRUNNING[0m -> [31mFAILURE[0m
[robot_decision-1] onResultReceived: 4
[robot_decision-1] [1746790263.217]: NavigateToPose            [33mRUNNING[0m -> [32mSUCCESS[0m
[robot_decision-1] [1746790263.217]: WaitNode                  [32mSUCCESS[0m -> [36mIDLE[0m
[robot_decision-1] [1746790263.217]: NavigateToPose            [32mSUCCESS[0m -> [36mIDLE[0m
[robot_decision-1] [1746790263.217]: Sequence                  [33mRUNNING[0m -> [32mSUCCESS[0m
[robot_decision-1] [1746790263.217]: Sequence                  [32mSUCCESS[0m -> [36mIDLE[0m
[robot_decision-1] [1746790263.217]: RetryUntilSuccessful      [33mRUNNING[0m -> [32mSUCCESS[0m
[robot_decision-1] [1746790263.217]: CheckIfHealth             [32mSUCCESS[0m -> [36mIDLE[0m
[robot_decision-1] [1746790263.217]: RetryUntilSuccessful      [32mSUCCESS[0m -> [36mIDLE[0m
[robot_decision-1] [1746790263.217]: BothOutpostAlive          [33mRUNNING[0m -> [32mSUCCESS[0m
[robot_decision-1] [1746790263.217]: OurOutpostDead            [31mFAILURE[0m -> [36mIDLE[0m
[robot_decision-1] [1746790263.217]: EnemyOutpostDead          [31mFAILURE[0m -> [36mIDLE[0m
[robot_decision-1] [1746790263.217]: BothOutpostAlive          [32mSUCCESS[0m -> [36mIDLE[0m
[robot_decision-1] [1746790263.217]: BaseStatusLogic           [33mRUNNING[0m -> [32mSUCCESS[0m
[robot_decision-1] [1746790263.217]: Inverter                  [31mFAILURE[0m -> [36mIDLE[0m
[robot_decision-1] [1746790263.217]: HealthCheck               [31mFAILURE[0m -> [36mIDLE[0m
[robot_decision-1] [1746790263.217]: BaseStatusLogic           [32mSUCCESS[0m -> [36mIDLE[0m
[robot_decision-1] [1746790263.217]: ActionSequence            [33mRUNNING[0m -> [32mSUCCESS[0m
[robot_decision-1] [1746790263.217]: ActionSequence            [32mSUCCESS[0m -> [36mIDLE[0m
[robot_decision-1] [1746790263.217]: ActionSequence            [36mIDLE[0m -> [33mRUNNING[0m
[robot_decision-1] [1746790263.217]: Inverter                  [36mIDLE[0m -> [33mRUNNING[0m
[robot_decision-1] [1746790263.217]: Subscribers               [36mIDLE[0m -> [33mRUNNING[0m
[robot_decision-1] [1746790263.217]: IfHealthSub               [36mIDLE[0m -> [31mFAILURE[0m
[robot_decision-1] [1746790263.217]: IfHealthSub               [31mFAILURE[0m -> [36mIDLE[0m
[robot_decision-1] [1746790263.217]: Subscribers               [33mRUNNING[0m -> [31mFAILURE[0m
[robot_decision-1] [1746790263.217]: Subscribers               [31mFAILURE[0m -> [36mIDLE[0m
[robot_decision-1] [1746790263.217]: Inverter                  [33mRUNNING[0m -> [32mSUCCESS[0m
[robot_decision-1] [1746790263.217]: Inverter                  [32mSUCCESS[0m -> [36mIDLE[0m
[robot_decision-1] [1746790263.217]: ActionSequence            [33mRUNNING[0m -> [32mSUCCESS[0m
[robot_decision-1] [1746790263.217]: ActionSequence            [32mSUCCESS[0m -> [36mIDLE[0m
[robot_decision-1] [1746790263.417]: ActionSequence            [36mIDLE[0m -> [33mRUNNING[0m
[robot_decision-1] [1746790263.417]: Inverter                  [36mIDLE[0m -> [33mRUNNING[0m
[robot_decision-1] [1746790263.417]: Subscribers               [36mIDLE[0m -> [33mRUNNING[0m
[robot_decision-1] [INFO] [1746790263.417506638] [robot_decision]: [IfHealthSub] health value: 500
[robot_decision-1] [INFO] [1746790263.417562010] [robot_decision]: [OurOutpostSub] our outpost health value: 1500
[robot_decision-1] [INFO] [1746790263.417582869] [robot_decision]: [EnemyOutpostSub] enemy outpost health value: 1500
[robot_decision-1] [INFO] [1746790263.417615650] [IfHealth]: [CheckIfHealth] amount of blood: 500
[robot_decision-1] [INFO] [1746790263.417627201] [CheckOutposet]: [IsOurOutpostDead] Our outpost health: 1500 (alive)
[robot_decision-1] [INFO] [1746790263.417641898] [IfHealth]: [CheckIfHealth] amount of blood: 500
[robot_decision-1] [INFO] [1746790263.417650955] [CheckEnemyposet]: [IsEnemyOutpostDead] Enemy outpost health: 1500 (alive)
[robot_decision-1] [INFO] [1746790263.417666644] [IfHealth]: [CheckIfHealth] amount of blood: 500
[robot_decision-1] [1746790263.418]: IfHealthSub               [36mIDLE[0m -> [32mSUCCESS[0m
[robot_decision-1] [1746790263.418]: OurOutpostSub             [36mIDLE[0m -> [32mSUCCESS[0m
[robot_decision-1] [1746790263.418]: EnemyOutpostSub           [36mIDLE[0m -> [32mSUCCESS[0m
[robot_decision-1] [1746790263.418]: IfHealthSub               [32mSUCCESS[0m -> [36mIDLE[0m
[robot_decision-1] [1746790263.418]: OurOutpostSub             [32mSUCCESS[0m -> [36mIDLE[0m
[robot_decision-1] [1746790263.418]: EnemyOutpostSub           [32mSUCCESS[0m -> [36mIDLE[0m
[robot_decision-1] [1746790263.418]: Subscribers               [33mRUNNING[0m -> [32mSUCCESS[0m
[robot_decision-1] [1746790263.418]: Subscribers               [32mSUCCESS[0m -> [36mIDLE[0m
[robot_decision-1] [1746790263.418]: Inverter                  [33mRUNNING[0m -> [31mFAILURE[0m
[robot_decision-1] [1746790263.418]: HealthCheck               [36mIDLE[0m -> [33mRUNNING[0m
[robot_decision-1] [1746790263.418]: CheckIfHealth             [36mIDLE[0m -> [31mFAILURE[0m
[robot_decision-1] [1746790263.418]: CheckIfHealth             [31mFAILURE[0m -> [36mIDLE[0m
[robot_decision-1] [1746790263.418]: HealthCheck               [33mRUNNING[0m -> [31mFAILURE[0m
[robot_decision-1] [1746790263.418]: BaseStatusLogic           [36mIDLE[0m -> [33mRUNNING[0m
[robot_decision-1] [1746790263.418]: OurOutpostDead            [36mIDLE[0m -> [33mRUNNING[0m
[robot_decision-1] [1746790263.418]: CheckIfHealth             [36mIDLE[0m -> [32mSUCCESS[0m
[robot_decision-1] [1746790263.418]: IsOurOutpostDead          [36mIDLE[0m -> [31mFAILURE[0m
[robot_decision-1] [1746790263.418]: CheckIfHealth             [32mSUCCESS[0m -> [36mIDLE[0m
[robot_decision-1] [1746790263.418]: IsOurOutpostDead          [31mFAILURE[0m -> [36mIDLE[0m
[robot_decision-1] [1746790263.418]: OurOutpostDead            [33mRUNNING[0m -> [31mFAILURE[0m
[robot_decision-1] [1746790263.418]: EnemyOutpostDead          [36mIDLE[0m -> [33mRUNNING[0m
[robot_decision-1] [1746790263.418]: CheckIfHealth             [36mIDLE[0m -> [32mSUCCESS[0m
[robot_decision-1] [1746790263.418]: IsEnemyOutpostDead        [36mIDLE[0m -> [31mFAILURE[0m
[robot_decision-1] [1746790263.418]: CheckIfHealth             [32mSUCCESS[0m -> [36mIDLE[0m
[robot_decision-1] [1746790263.418]: IsEnemyOutpostDead        [31mFAILURE[0m -> [36mIDLE[0m
[robot_decision-1] [1746790263.418]: EnemyOutpostDead          [33mRUNNING[0m -> [31mFAILURE[0m
[robot_decision-1] [1746790263.418]: BothOutpostAlive          [36mIDLE[0m -> [33mRUNNING[0m
[robot_decision-1] [1746790263.418]: CheckIfHealth             [36mIDLE[0m -> [32mSUCCESS[0m
[robot_decision-1] [1746790263.418]: RetryUntilSuccessful      [36mIDLE[0m -> [33mRUNNING[0m
[robot_decision-1] [1746790263.418]: Sequence                  [36mIDLE[0m -> [33mRUNNING[0m
[robot_decision-1] [1746790263.418]: WaitNode                  [36mIDLE[0m -> [33mRUNNING[0m
[robot_decision-1] [1746790263.418]: Inverter                  [31mFAILURE[0m -> [36mIDLE[0m
[robot_decision-1] [1746790263.418]: HealthCheck               [31mFAILURE[0m -> [36mIDLE[0m
[robot_decision-1] [1746790263.618]: Inverter                  [36mIDLE[0m -> [33mRUNNING[0m
[robot_decision-1] [1746790263.618]: Subscribers               [36mIDLE[0m -> [33mRUNNING[0m
[robot_decision-1] [INFO] [1746790263.617929834] [robot_decision]: [IfHealthSub] health value: 500
[robot_decision-1] [INFO] [1746790263.618000114] [robot_decision]: [OurOutpostSub] our outpost health value: 1500
[robot_decision-1] [1746790263.618]: IfHealthSub               [36mIDLE[0m -> [32mSUCCESS[0m
[robot_decision-1] [1746790263.618]: OurOutpostSub             [36mIDLE[0m -> [32mSUCCESS[0m
[robot_decision-1] [1746790263.618]: EnemyOutpostSub           [36mIDLE[0m -> [32mSUCCESS[0m
[robot_decision-1] [1746790263.618]: IfHealthSub               [32mSUCCESS[0m -> [36mIDLE[0m
[robot_decision-1] [1746790263.618]: OurOutpostSub             [32mSUCCESS[0m -> [36mIDLE[0m
[robot_decision-1] [1746790263.618]: EnemyOutpostSub           [32mSUCCESS[0m -> [36mIDLE[0m
[robot_decision-1] [1746790263.618]: Subscribers               [33mRUNNING[0m -> [32mSUCCESS[0m
[robot_decision-1] [1746790263.618]: Subscribers               [32mSUCCESS[0m -> [36mIDLE[0m
[robot_decision-1] [1746790263.618]: Inverter                  [33mRUNNING[0m -> [31mFAILURE[0m
[robot_decision-1] [1746790263.618]: HealthCheck               [36mIDLE[0m -> [33mRUNNING[0m
[robot_decision-1] [1746790263.618]: CheckIfHealth             [36mIDLE[0m -> [31mFAILURE[0m
[robot_decision-1] [1746790263.618]: CheckIfHealth             [31mFAILURE[0m -> [36mIDLE[0m
[robot_decision-1] [1746790263.618]: HealthCheck               [33mRUNNING[0m -> [31mFAILURE[0m
[robot_decision-1] [1746790263.618]: WaitNode                  [33mRUNNING[0m -> [32mSUCCESS[0m
[robot_decision-1] [1746790263.618]: NavigateToPose            [36mIDLE[0m -> [33mRUNNING[0m
[robot_decision-1] Point key: 1 x:3 y:0.45
[robot_decision-1] [INFO] [1746790263.618029268] [robot_decision]: [EnemyOutpostSub] enemy outpost health value: 1500
[robot_decision-1] [1746790263.618]: Inverter                  [31mFAILURE[0m -> [36mIDLE[0m
[robot_decision-1] [1746790263.618]: HealthCheck               [31mFAILURE[0m -> [36mIDLE[0m
[robot_decision-1] [1746790263.819]: Inverter                  [36mIDLE[0m -> [33mRUNNING[0m
[robot_decision-1] [1746790263.819]: Subscribers               [36mIDLE[0m -> [33mRUNNING[0m
[robot_decision-1] [INFO] [1746790263.818680597] [robot_decision]: [IfHealthSub] health value: 500
[robot_decision-1] [INFO] [1746790263.818753633] [robot_decision]: [OurOutpostSub] our outpost health value: 1500
[robot_decision-1] [INFO] [1746790263.818784530] [robot_decision]: [EnemyOutpostSub] enemy outpost health value: 1500
[robot_decision-1] [1746790263.819]: IfHealthSub               [36mIDLE[0m -> [32mSUCCESS[0m
[robot_decision-1] [1746790263.819]: OurOutpostSub             [36mIDLE[0m -> [32mSUCCESS[0m
[robot_decision-1] [1746790263.819]: EnemyOutpostSub           [36mIDLE[0m -> [32mSUCCESS[0m
[robot_decision-1] [1746790263.819]: IfHealthSub               [32mSUCCESS[0m -> [36mIDLE[0m
[robot_decision-1] [1746790263.819]: OurOutpostSub             [32mSUCCESS[0m -> [36mIDLE[0m
[robot_decision-1] [1746790263.819]: EnemyOutpostSub           [32mSUCCESS[0m -> [36mIDLE[0m
[robot_decision-1] [1746790263.819]: Subscribers               [33mRUNNING[0m -> [32mSUCCESS[0m
[robot_decision-1] [1746790263.819]: Subscribers               [32mSUCCESS[0m -> [36mIDLE[0m
[robot_decision-1] [1746790263.819]: Inverter                  [33mRUNNING[0m -> [31mFAILURE[0m
[robot_decision-1] [1746790263.819]: HealthCheck               [36mIDLE[0m -> [33mRUNNING[0m
[robot_decision-1] [1746790263.819]: CheckIfHealth             [36mIDLE[0m -> [31mFAILURE[0m
[robot_decision-1] [1746790263.819]: CheckIfHealth             [31mFAILURE[0m -> [36mIDLE[0m
[robot_decision-1] [1746790263.819]: HealthCheck               [33mRUNNING[0m -> [31mFAILURE[0m
[robot_decision-1] [1746790263.819]: Inverter                  [31mFAILURE[0m -> [36mIDLE[0m
[robot_decision-1] [1746790263.819]: HealthCheck               [31mFAILURE[0m -> [36mIDLE[0m
[robot_decision-1] [1746790264.019]: Inverter                  [36mIDLE[0m -> [33mRUNNING[0m
[robot_decision-1] [1746790264.019]: Subscribers               [36mIDLE[0m -> [33mRUNNING[0m
[robot_decision-1] [INFO] [1746790264.019291321] [robot_decision]: [IfHealthSub] health value: 500
[robot_decision-1] [INFO] [1746790264.019358065] [robot_decision]: [OurOutpostSub] our outpost health value: 1500
[robot_decision-1] [INFO] [1746790264.019385335] [robot_decision]: [EnemyOutpostSub] enemy outpost health value: 1500
[robot_decision-1] [1746790264.019]: IfHealthSub               [36mIDLE[0m -> [32mSUCCESS[0m
[robot_decision-1] [1746790264.019]: OurOutpostSub             [36mIDLE[0m -> [32mSUCCESS[0m
[robot_decision-1] [1746790264.019]: EnemyOutpostSub           [36mIDLE[0m -> [32mSUCCESS[0m
[robot_decision-1] [1746790264.019]: IfHealthSub               [32mSUCCESS[0m -> [36mIDLE[0m
[robot_decision-1] [1746790264.019]: OurOutpostSub             [32mSUCCESS[0m -> [36mIDLE[0m
[robot_decision-1] [1746790264.019]: EnemyOutpostSub           [32mSUCCESS[0m -> [36mIDLE[0m
[robot_decision-1] [1746790264.019]: Subscribers               [33mRUNNING[0m -> [32mSUCCESS[0m
[robot_decision-1] [1746790264.019]: Subscribers               [32mSUCCESS[0m -> [36mIDLE[0m
[robot_decision-1] [1746790264.019]: Inverter                  [33mRUNNING[0m -> [31mFAILURE[0m
[robot_decision-1] [1746790264.019]: HealthCheck               [36mIDLE[0m -> [33mRUNNING[0m
[robot_decision-1] [1746790264.019]: CheckIfHealth             [36mIDLE[0m -> [31mFAILURE[0m
[robot_decision-1] [1746790264.019]: CheckIfHealth             [31mFAILURE[0m -> [36mIDLE[0m
[robot_decision-1] [1746790264.019]: HealthCheck               [33mRUNNING[0m -> [31mFAILURE[0m
[robot_decision-1] [1746790264.019]: Inverter                  [31mFAILURE[0m -> [36mIDLE[0m
[robot_decision-1] [1746790264.019]: HealthCheck               [31mFAILURE[0m -> [36mIDLE[0m
[robot_decision-1] [1746790264.220]: Inverter                  [36mIDLE[0m -> [33mRUNNING[0m
[robot_decision-1] [1746790264.220]: Subscribers               [36mIDLE[0m -> [33mRUNNING[0m
[robot_decision-1] [INFO] [1746790264.219696545] [robot_decision]: [IfHealthSub] health value: 500
[robot_decision-1] [INFO] [1746790264.219750555] [robot_decision]: [OurOutpostSub] our outpost health value: 1500
[robot_decision-1] [INFO] [1746790264.219814503] [robot_decision]: [EnemyOutpostSub] enemy outpost health value: 1500
[robot_decision-1] [1746790264.220]: IfHealthSub               [36mIDLE[0m -> [32mSUCCESS[0m
[robot_decision-1] [1746790264.220]: OurOutpostSub             [36mIDLE[0m -> [32mSUCCESS[0m
[robot_decision-1] [1746790264.220]: EnemyOutpostSub           [36mIDLE[0m -> [32mSUCCESS[0m
[robot_decision-1] [1746790264.220]: IfHealthSub               [32mSUCCESS[0m -> [36mIDLE[0m
[robot_decision-1] [1746790264.220]: OurOutpostSub             [32mSUCCESS[0m -> [36mIDLE[0m
[robot_decision-1] [1746790264.220]: EnemyOutpostSub           [32mSUCCESS[0m -> [36mIDLE[0m
[robot_decision-1] [1746790264.220]: Subscribers               [33mRUNNING[0m -> [32mSUCCESS[0m
[robot_decision-1] [1746790264.220]: Subscribers               [32mSUCCESS[0m -> [36mIDLE[0m
[robot_decision-1] [1746790264.220]: Inverter                  [33mRUNNING[0m -> [31mFAILURE[0m
[robot_decision-1] [1746790264.220]: HealthCheck               [36mIDLE[0m -> [33mRUNNING[0m
[robot_decision-1] [1746790264.220]: CheckIfHealth             [36mIDLE[0m -> [31mFAILURE[0m
[robot_decision-1] [1746790264.220]: CheckIfHealth             [31mFAILURE[0m -> [36mIDLE[0m
[robot_decision-1] [1746790264.220]: HealthCheck               [33mRUNNING[0m -> [31mFAILURE[0m
[robot_decision-1] [1746790264.220]: Inverter                  [31mFAILURE[0m -> [36mIDLE[0m
[robot_decision-1] [1746790264.220]: HealthCheck               [31mFAILURE[0m -> [36mIDLE[0m
[robot_decision-1] [1746790264.420]: Inverter                  [36mIDLE[0m -> [33mRUNNING[0m
[robot_decision-1] [1746790264.420]: Subscribers               [36mIDLE[0m -> [33mRUNNING[0m
[robot_decision-1] [1746790264.420]: IfHealthSub               [36mIDLE[0m -> [32mSUCCESS[0m
[robot_decision-1] [1746790264.420]: OurOutpostSub             [36mIDLE[0m -> [32mSUCCESS[0m
[robot_decision-1] [1746790264.421]: EnemyOutpostSub           [36mIDLE[0m -> [32mSUCCESS[0m
[robot_decision-1] [1746790264.421]: IfHealthSub               [32mSUCCESS[0m -> [36mIDLE[0m
[robot_decision-1] [1746790264.421]: OurOutpostSub             [32mSUCCESS[0m -> [36mIDLE[0m
[robot_decision-1] [1746790264.421]: EnemyOutpostSub           [32mSUCCESS[0m -> [36mIDLE[0m
[robot_decision-1] [1746790264.421]: Subscribers               [33mRUNNING[0m -> [32mSUCCESS[0m
[robot_decision-1] [1746790264.421]: Subscribers               [32mSUCCESS[0m -> [36mIDLE[0m
[robot_decision-1] [1746790264.421]: Inverter                  [33mRUNNING[0m -> [31mFAILURE[0m
[robot_decision-1] [1746790264.421]: HealthCheck               [36mIDLE[0m -> [33mRUNNING[0m
[robot_decision-1] [INFO] [1746790264.420336804] [robot_decision]: [IfHealthSub] health value: 500
[robot_decision-1] [INFO] [1746790264.420458068] [robot_decision]: [OurOutpostSub] our outpost health value: 1500
[robot_decision-1] [INFO] [1746790264.420492722] [robot_decision]: [EnemyOutpostSub] enemy outpost health value: 1500
[robot_decision-1] [1746790264.421]: CheckIfHealth             [36mIDLE[0m -> [31mFAILURE[0m
[robot_decision-1] [1746790264.421]: CheckIfHealth             [31mFAILURE[0m -> [36mIDLE[0m
[robot_decision-1] [1746790264.421]: HealthCheck               [33mRUNNING[0m -> [31mFAILURE[0m
[robot_decision-1] [1746790264.421]: Inverter                  [31mFAILURE[0m -> [36mIDLE[0m
[robot_decision-1] [1746790264.421]: HealthCheck               [31mFAILURE[0m -> [36mIDLE[0m
[robot_decision-1] [1746790264.621]: Inverter                  [36mIDLE[0m -> [33mRUNNING[0m
[robot_decision-1] [1746790264.621]: Subscribers               [36mIDLE[0m -> [33mRUNNING[0m
[robot_decision-1] [INFO] [1746790264.621030111] [robot_decision]: [IfHealthSub] health value: 500
[robot_decision-1] [INFO] [1746790264.621092226] [robot_decision]: [OurOutpostSub] our outpost health value: 1500
[robot_decision-1] [INFO] [1746790264.621116922] [robot_decision]: [EnemyOutpostSub] enemy outpost health value: 1500
[robot_decision-1] [INFO] [1746790264.621221295] [robot_decision]: Navigation Success!
[robot_decision-1] [ERROR] [1746790264.621260828] [robot_decision]: [IfHealthSub] invalid message
[robot_decision-1] [1746790264.621]: IfHealthSub               [36mIDLE[0m -> [32mSUCCESS[0m
[robot_decision-1] [1746790264.621]: OurOutpostSub             [36mIDLE[0m -> [32mSUCCESS[0m
[robot_decision-1] [1746790264.621]: EnemyOutpostSub           [36mIDLE[0m -> [32mSUCCESS[0m
[robot_decision-1] [1746790264.621]: IfHealthSub               [32mSUCCESS[0m -> [36mIDLE[0m
[robot_decision-1] [1746790264.621]: OurOutpostSub             [32mSUCCESS[0m -> [36mIDLE[0m
[robot_decision-1] [1746790264.621]: EnemyOutpostSub           [32mSUCCESS[0m -> [36mIDLE[0m
[robot_decision-1] [1746790264.621]: Subscribers               [33mRUNNING[0m -> [32mSUCCESS[0m
[robot_decision-1] [1746790264.621]: Subscribers               [32mSUCCESS[0m -> [36mIDLE[0m
[robot_decision-1] [1746790264.621]: Inverter                  [33mRUNNING[0m -> [31mFAILURE[0m
[robot_decision-1] [1746790264.621]: HealthCheck               [36mIDLE[0m -> [33mRUNNING[0m
[robot_decision-1] [1746790264.621]: CheckIfHealth             [36mIDLE[0m -> [31mFAILURE[0m
[robot_decision-1] [1746790264.621]: CheckIfHealth             [31mFAILURE[0m -> [36mIDLE[0m
[robot_decision-1] [1746790264.621]: HealthCheck               [33mRUNNING[0m -> [31mFAILURE[0m
[robot_decision-1] onResultReceived: 4
[robot_decision-1] [1746790264.621]: NavigateToPose            [33mRUNNING[0m -> [32mSUCCESS[0m
[robot_decision-1] [1746790264.621]: WaitNode                  [32mSUCCESS[0m -> [36mIDLE[0m
[robot_decision-1] [1746790264.621]: NavigateToPose            [32mSUCCESS[0m -> [36mIDLE[0m
[robot_decision-1] [1746790264.621]: Sequence                  [33mRUNNING[0m -> [32mSUCCESS[0m
[robot_decision-1] [1746790264.621]: Sequence                  [32mSUCCESS[0m -> [36mIDLE[0m
[robot_decision-1] [1746790264.621]: RetryUntilSuccessful      [33mRUNNING[0m -> [32mSUCCESS[0m
[robot_decision-1] [1746790264.621]: CheckIfHealth             [32mSUCCESS[0m -> [36mIDLE[0m
[robot_decision-1] [1746790264.621]: RetryUntilSuccessful      [32mSUCCESS[0m -> [36mIDLE[0m
[robot_decision-1] [1746790264.621]: BothOutpostAlive          [33mRUNNING[0m -> [32mSUCCESS[0m
[robot_decision-1] [1746790264.621]: OurOutpostDead            [31mFAILURE[0m -> [36mIDLE[0m
[robot_decision-1] [1746790264.621]: EnemyOutpostDead          [31mFAILURE[0m -> [36mIDLE[0m
[robot_decision-1] [1746790264.621]: BothOutpostAlive          [32mSUCCESS[0m -> [36mIDLE[0m
[robot_decision-1] [1746790264.621]: BaseStatusLogic           [33mRUNNING[0m -> [32mSUCCESS[0m
[robot_decision-1] [1746790264.621]: Inverter                  [31mFAILURE[0m -> [36mIDLE[0m
[robot_decision-1] [1746790264.621]: HealthCheck               [31mFAILURE[0m -> [36mIDLE[0m
[robot_decision-1] [1746790264.621]: BaseStatusLogic           [32mSUCCESS[0m -> [36mIDLE[0m
[robot_decision-1] [1746790264.621]: ActionSequence            [33mRUNNING[0m -> [32mSUCCESS[0m
[robot_decision-1] [1746790264.621]: ActionSequence            [32mSUCCESS[0m -> [36mIDLE[0m
[robot_decision-1] [1746790264.621]: ActionSequence            [36mIDLE[0m -> [33mRUNNING[0m
[robot_decision-1] [1746790264.621]: Inverter                  [36mIDLE[0m -> [33mRUNNING[0m
[robot_decision-1] [1746790264.621]: Subscribers               [36mIDLE[0m -> [33mRUNNING[0m
[robot_decision-1] [1746790264.621]: IfHealthSub               [36mIDLE[0m -> [31mFAILURE[0m
[robot_decision-1] [1746790264.621]: IfHealthSub               [31mFAILURE[0m -> [36mIDLE[0m
[robot_decision-1] [1746790264.621]: Subscribers               [33mRUNNING[0m -> [31mFAILURE[0m
[robot_decision-1] [1746790264.621]: Subscribers               [31mFAILURE[0m -> [36mIDLE[0m
[robot_decision-1] [1746790264.621]: Inverter                  [33mRUNNING[0m -> [32mSUCCESS[0m
[robot_decision-1] [1746790264.621]: Inverter                  [32mSUCCESS[0m -> [36mIDLE[0m
[robot_decision-1] [1746790264.621]: ActionSequence            [33mRUNNING[0m -> [32mSUCCESS[0m
[robot_decision-1] [1746790264.621]: ActionSequence            [32mSUCCESS[0m -> [36mIDLE[0m
[robot_decision-1] [1746790264.821]: ActionSequence            [36mIDLE[0m -> [33mRUNNING[0m
[robot_decision-1] [1746790264.821]: Inverter                  [36mIDLE[0m -> [33mRUNNING[0m
[robot_decision-1] [1746790264.821]: Subscribers               [36mIDLE[0m -> [33mRUNNING[0m
[robot_decision-1] [INFO] [1746790264.821490697] [robot_decision]: [IfHealthSub] health value: 500
[robot_decision-1] [INFO] [1746790264.821574512] [robot_decision]: [OurOutpostSub] our outpost health value: 1500
[robot_decision-1] [INFO] [1746790264.821601532] [robot_decision]: [EnemyOutpostSub] enemy outpost health value: 1500
[robot_decision-1] [INFO] [1746790264.821674267] [IfHealth]: [CheckIfHealth] amount of blood: 500
[robot_decision-1] [INFO] [1746790264.821685337] [CheckOutposet]: [IsOurOutpostDead] Our outpost health: 1500 (alive)
[robot_decision-1] [INFO] [1746790264.821699463] [IfHealth]: [CheckIfHealth] amount of blood: 500
[robot_decision-1] [INFO] [1746790264.821708550] [CheckEnemyposet]: [IsEnemyOutpostDead] Enemy outpost health: 1500 (alive)
[robot_decision-1] [INFO] [1746790264.821726433] [IfHealth]: [CheckIfHealth] amount of blood: 500
[robot_decision-1] [1746790264.822]: IfHealthSub               [36mIDLE[0m -> [32mSUCCESS[0m
[robot_decision-1] [1746790264.822]: OurOutpostSub             [36mIDLE[0m -> [32mSUCCESS[0m
[robot_decision-1] [1746790264.822]: EnemyOutpostSub           [36mIDLE[0m -> [32mSUCCESS[0m
[robot_decision-1] [1746790264.822]: IfHealthSub               [32mSUCCESS[0m -> [36mIDLE[0m
[robot_decision-1] [1746790264.822]: OurOutpostSub             [32mSUCCESS[0m -> [36mIDLE[0m
[robot_decision-1] [1746790264.822]: EnemyOutpostSub           [32mSUCCESS[0m -> [36mIDLE[0m
[robot_decision-1] [1746790264.822]: Subscribers               [33mRUNNING[0m -> [32mSUCCESS[0m
[robot_decision-1] [1746790264.822]: Subscribers               [32mSUCCESS[0m -> [36mIDLE[0m
[robot_decision-1] [1746790264.822]: Inverter                  [33mRUNNING[0m -> [31mFAILURE[0m
[robot_decision-1] [1746790264.822]: HealthCheck               [36mIDLE[0m -> [33mRUNNING[0m
[robot_decision-1] [1746790264.822]: CheckIfHealth             [36mIDLE[0m -> [31mFAILURE[0m
[robot_decision-1] [1746790264.822]: CheckIfHealth             [31mFAILURE[0m -> [36mIDLE[0m
[robot_decision-1] [1746790264.822]: HealthCheck               [33mRUNNING[0m -> [31mFAILURE[0m
[robot_decision-1] [1746790264.822]: BaseStatusLogic           [36mIDLE[0m -> [33mRUNNING[0m
[robot_decision-1] [1746790264.822]: OurOutpostDead            [36mIDLE[0m -> [33mRUNNING[0m
[robot_decision-1] [1746790264.822]: CheckIfHealth             [36mIDLE[0m -> [32mSUCCESS[0m
[robot_decision-1] [1746790264.822]: IsOurOutpostDead          [36mIDLE[0m -> [31mFAILURE[0m
[robot_decision-1] [1746790264.822]: CheckIfHealth             [32mSUCCESS[0m -> [36mIDLE[0m
[robot_decision-1] [1746790264.822]: IsOurOutpostDead          [31mFAILURE[0m -> [36mIDLE[0m
[robot_decision-1] [1746790264.822]: OurOutpostDead            [33mRUNNING[0m -> [31mFAILURE[0m
[robot_decision-1] [1746790264.822]: EnemyOutpostDead          [36mIDLE[0m -> [33mRUNNING[0m
[robot_decision-1] [1746790264.822]: CheckIfHealth             [36mIDLE[0m -> [32mSUCCESS[0m
[robot_decision-1] [1746790264.822]: IsEnemyOutpostDead        [36mIDLE[0m -> [31mFAILURE[0m
[robot_decision-1] [1746790264.822]: CheckIfHealth             [32mSUCCESS[0m -> [36mIDLE[0m
[robot_decision-1] [1746790264.822]: IsEnemyOutpostDead        [31mFAILURE[0m -> [36mIDLE[0m
[robot_decision-1] [1746790264.822]: EnemyOutpostDead          [33mRUNNING[0m -> [31mFAILURE[0m
[robot_decision-1] [1746790264.822]: BothOutpostAlive          [36mIDLE[0m -> [33mRUNNING[0m
[robot_decision-1] [1746790264.822]: CheckIfHealth             [36mIDLE[0m -> [32mSUCCESS[0m
[robot_decision-1] [1746790264.822]: RetryUntilSuccessful      [36mIDLE[0m -> [33mRUNNING[0m
[robot_decision-1] [1746790264.822]: Sequence                  [36mIDLE[0m -> [33mRUNNING[0m
[robot_decision-1] [1746790264.822]: WaitNode                  [36mIDLE[0m -> [33mRUNNING[0m
[robot_decision-1] [1746790264.822]: Inverter                  [31mFAILURE[0m -> [36mIDLE[0m
[robot_decision-1] [1746790264.822]: HealthCheck               [31mFAILURE[0m -> [36mIDLE[0m
[robot_decision-1] [1746790265.022]: Inverter                  [36mIDLE[0m -> [33mRUNNING[0m
[robot_decision-1] [1746790265.022]: Subscribers               [36mIDLE[0m -> [33mRUNNING[0m
[robot_decision-1] [INFO] [1746790265.021963375] [robot_decision]: [IfHealthSub] health value: 500
[robot_decision-1] [INFO] [1746790265.022021553] [robot_decision]: [OurOutpostSub] our outpost health value: 1500
[robot_decision-1] [INFO] [1746790265.022046088] [robot_decision]: [EnemyOutpostSub] enemy outpost health value: 1500
[robot_decision-1] [1746790265.022]: IfHealthSub               [36mIDLE[0m -> [32mSUCCESS[0m
[robot_decision-1] [1746790265.022]: OurOutpostSub             [36mIDLE[0m -> [32mSUCCESS[0m
[robot_decision-1] [1746790265.022]: EnemyOutpostSub           [36mIDLE[0m -> [32mSUCCESS[0m
[robot_decision-1] [1746790265.022]: IfHealthSub               [32mSUCCESS[0m -> [36mIDLE[0m
[robot_decision-1] [1746790265.022]: OurOutpostSub             [32mSUCCESS[0m -> [36mIDLE[0m
[robot_decision-1] [1746790265.022]: EnemyOutpostSub           [32mSUCCESS[0m -> [36mIDLE[0m
[robot_decision-1] [1746790265.022]: Subscribers               [33mRUNNING[0m -> [32mSUCCESS[0m
[robot_decision-1] [1746790265.022]: Subscribers               [32mSUCCESS[0m -> [36mIDLE[0m
[robot_decision-1] [1746790265.022]: Inverter                  [33mRUNNING[0m -> [31mFAILURE[0m
[robot_decision-1] [1746790265.022]: HealthCheck               [36mIDLE[0m -> [33mRUNNING[0m
[robot_decision-1] [1746790265.022]: CheckIfHealth             [36mIDLE[0m -> [31mFAILURE[0m
[robot_decision-1] [1746790265.022]: CheckIfHealth             [31mFAILURE[0m -> [36mIDLE[0m
[robot_decision-1] [1746790265.022]: HealthCheck               [33mRUNNING[0m -> [31mFAILURE[0m
[robot_decision-1] [1746790265.022]: WaitNode                  [33mRUNNING[0m -> [32mSUCCESS[0m
[robot_decision-1] [1746790265.022]: NavigateToPose            [36mIDLE[0m -> [33mRUNNING[0m
[robot_decision-1] Point key: 1 x:3 y:0.45
[robot_decision-1] [1746790265.022]: Inverter                  [31mFAILURE[0m -> [36mIDLE[0m
[robot_decision-1] [1746790265.022]: HealthCheck               [31mFAILURE[0m -> [36mIDLE[0m
[robot_decision-1] [1746790265.223]: Inverter                  [36mIDLE[0m -> [33mRUNNING[0m
[robot_decision-1] [1746790265.223]: Subscribers               [36mIDLE[0m -> [33mRUNNING[0m
[robot_decision-1] [1746790265.223]: IfHealthSub               [36mIDLE[0m -> [32mSUCCESS[0m
[robot_decision-1] [1746790265.223]: OurOutpostSub             [36mIDLE[0m -> [32mSUCCESS[0m
[robot_decision-1] [INFO] [1746790265.222971676] [robot_decision]: [IfHealthSub] health value: 500
[robot_decision-1] [INFO] [1746790265.223089734] [robot_decision]: [OurOutpostSub] our outpost health value: 1500
[robot_decision-1] [INFO] [1746790265.223202393] [robot_decision]: [EnemyOutpostSub] enemy outpost health value: 1500
[robot_decision-1] [1746790265.223]: EnemyOutpostSub           [36mIDLE[0m -> [32mSUCCESS[0m
[robot_decision-1] [1746790265.223]: IfHealthSub               [32mSUCCESS[0m -> [36mIDLE[0m
[robot_decision-1] [1746790265.223]: OurOutpostSub             [32mSUCCESS[0m -> [36mIDLE[0m
[robot_decision-1] [1746790265.223]: EnemyOutpostSub           [32mSUCCESS[0m -> [36mIDLE[0m
[robot_decision-1] [1746790265.223]: Subscribers               [33mRUNNING[0m -> [32mSUCCESS[0m
[robot_decision-1] [1746790265.223]: Subscribers               [32mSUCCESS[0m -> [36mIDLE[0m
[robot_decision-1] [1746790265.223]: Inverter                  [33mRUNNING[0m -> [31mFAILURE[0m
[robot_decision-1] [1746790265.223]: HealthCheck               [36mIDLE[0m -> [33mRUNNING[0m
[robot_decision-1] [1746790265.223]: CheckIfHealth             [36mIDLE[0m -> [31mFAILURE[0m
[robot_decision-1] [1746790265.223]: CheckIfHealth             [31mFAILURE[0m -> [36mIDLE[0m
[robot_decision-1] [1746790265.223]: HealthCheck               [33mRUNNING[0m -> [31mFAILURE[0m
[robot_decision-1] [1746790265.223]: Inverter                  [31mFAILURE[0m -> [36mIDLE[0m
[robot_decision-1] [1746790265.223]: HealthCheck               [31mFAILURE[0m -> [36mIDLE[0m
[robot_decision-1] [1746790265.424]: Inverter                  [36mIDLE[0m -> [33mRUNNING[0m
[robot_decision-1] [1746790265.424]: Subscribers               [36mIDLE[0m -> [33mRUNNING[0m
[robot_decision-1] [INFO] [1746790265.423812887] [robot_decision]: [IfHealthSub] health value: 500
[robot_decision-1] [1746790265.424]: IfHealthSub               [36mIDLE[0m -> [32mSUCCESS[0m
[robot_decision-1] [1746790265.425]: OurOutpostSub             [36mIDLE[0m -> [32mSUCCESS[0m
[robot_decision-1] [1746790265.425]: EnemyOutpostSub           [36mIDLE[0m -> [32mSUCCESS[0m
[robot_decision-1] [1746790265.425]: IfHealthSub               [32mSUCCESS[0m -> [36mIDLE[0m
[robot_decision-1] [1746790265.425]: OurOutpostSub             [32mSUCCESS[0m -> [36mIDLE[0m
[robot_decision-1] [1746790265.425]: EnemyOutpostSub           [32mSUCCESS[0m -> [36mIDLE[0m
[robot_decision-1] [1746790265.425]: Subscribers               [33mRUNNING[0m -> [32mSUCCESS[0m
[robot_decision-1] [1746790265.425]: Subscribers               [32mSUCCESS[0m -> [36mIDLE[0m
[robot_decision-1] [1746790265.425]: Inverter                  [33mRUNNING[0m -> [31mFAILURE[0m
[robot_decision-1] [1746790265.425]: HealthCheck               [36mIDLE[0m -> [33mRUNNING[0m
[robot_decision-1] [1746790265.425]: CheckIfHealth             [36mIDLE[0m -> [31mFAILURE[0m
[robot_decision-1] [1746790265.425]: CheckIfHealth             [31mFAILURE[0m -> [36mIDLE[0m
[robot_decision-1] [1746790265.425]: HealthCheck               [33mRUNNING[0m -> [31mFAILURE[0m
[robot_decision-1] [INFO] [1746790265.424486415] [robot_decision]: [OurOutpostSub] our outpost health value: 1500
[robot_decision-1] [INFO] [1746790265.424530317] [robot_decision]: [EnemyOutpostSub] enemy outpost health value: 1500
[robot_decision-1] [1746790265.425]: Inverter                  [31mFAILURE[0m -> [36mIDLE[0m
[robot_decision-1] [1746790265.425]: HealthCheck               [31mFAILURE[0m -> [36mIDLE[0m
[robot_decision-1] [1746790265.625]: Inverter                  [36mIDLE[0m -> [33mRUNNING[0m
[robot_decision-1] [1746790265.625]: Subscribers               [36mIDLE[0m -> [33mRUNNING[0m
[robot_decision-1] [INFO] [1746790265.624863336] [robot_decision]: [IfHealthSub] health value: 500
[robot_decision-1] [INFO] [1746790265.624926363] [robot_decision]: [OurOutpostSub] our outpost health value: 1500
[robot_decision-1] [INFO] [1746790265.624958533] [robot_decision]: [EnemyOutpostSub] enemy outpost health value: 1500
[robot_decision-1] [1746790265.625]: IfHealthSub               [36mIDLE[0m -> [32mSUCCESS[0m
[robot_decision-1] [1746790265.625]: OurOutpostSub             [36mIDLE[0m -> [32mSUCCESS[0m
[robot_decision-1] [1746790265.625]: EnemyOutpostSub           [36mIDLE[0m -> [32mSUCCESS[0m
[robot_decision-1] [1746790265.625]: IfHealthSub               [32mSUCCESS[0m -> [36mIDLE[0m
[robot_decision-1] [1746790265.625]: OurOutpostSub             [32mSUCCESS[0m -> [36mIDLE[0m
[robot_decision-1] [1746790265.625]: EnemyOutpostSub           [32mSUCCESS[0m -> [36mIDLE[0m
[robot_decision-1] [1746790265.625]: Subscribers               [33mRUNNING[0m -> [32mSUCCESS[0m
[robot_decision-1] [1746790265.625]: Subscribers               [32mSUCCESS[0m -> [36mIDLE[0m
[robot_decision-1] [1746790265.625]: Inverter                  [33mRUNNING[0m -> [31mFAILURE[0m
[robot_decision-1] [1746790265.625]: HealthCheck               [36mIDLE[0m -> [33mRUNNING[0m
[robot_decision-1] [1746790265.625]: CheckIfHealth             [36mIDLE[0m -> [31mFAILURE[0m
[robot_decision-1] [1746790265.625]: CheckIfHealth             [31mFAILURE[0m -> [36mIDLE[0m
[robot_decision-1] [1746790265.625]: HealthCheck               [33mRUNNING[0m -> [31mFAILURE[0m
[robot_decision-1] [1746790265.625]: Inverter                  [31mFAILURE[0m -> [36mIDLE[0m
[robot_decision-1] [1746790265.625]: HealthCheck               [31mFAILURE[0m -> [36mIDLE[0m
[robot_decision-1] [1746790265.825]: Inverter                  [36mIDLE[0m -> [33mRUNNING[0m
[robot_decision-1] [1746790265.825]: Subscribers               [36mIDLE[0m -> [33mRUNNING[0m
[robot_decision-1] [INFO] [1746790265.825249495] [robot_decision]: [IfHealthSub] health value: 500
[robot_decision-1] [INFO] [1746790265.825303134] [robot_decision]: [OurOutpostSub] our outpost health value: 1500
[robot_decision-1] [INFO] [1746790265.825325826] [robot_decision]: [EnemyOutpostSub] enemy outpost health value: 1500
[robot_decision-1] [1746790265.825]: IfHealthSub               [36mIDLE[0m -> [32mSUCCESS[0m
[robot_decision-1] [1746790265.825]: OurOutpostSub             [36mIDLE[0m -> [32mSUCCESS[0m
[robot_decision-1] [1746790265.825]: EnemyOutpostSub           [36mIDLE[0m -> [32mSUCCESS[0m
[robot_decision-1] [1746790265.825]: IfHealthSub               [32mSUCCESS[0m -> [36mIDLE[0m
[robot_decision-1] [1746790265.825]: OurOutpostSub             [32mSUCCESS[0m -> [36mIDLE[0m
[robot_decision-1] [1746790265.825]: EnemyOutpostSub           [32mSUCCESS[0m -> [36mIDLE[0m
[robot_decision-1] [1746790265.825]: Subscribers               [33mRUNNING[0m -> [32mSUCCESS[0m
[robot_decision-1] [1746790265.825]: Subscribers               [32mSUCCESS[0m -> [36mIDLE[0m
[robot_decision-1] [1746790265.825]: Inverter                  [33mRUNNING[0m -> [31mFAILURE[0m
[robot_decision-1] [1746790265.825]: HealthCheck               [36mIDLE[0m -> [33mRUNNING[0m
[robot_decision-1] [1746790265.825]: CheckIfHealth             [36mIDLE[0m -> [31mFAILURE[0m
[robot_decision-1] [1746790265.825]: CheckIfHealth             [31mFAILURE[0m -> [36mIDLE[0m
[robot_decision-1] [1746790265.825]: HealthCheck               [33mRUNNING[0m -> [31mFAILURE[0m
[robot_decision-1] [1746790265.825]: Inverter                  [31mFAILURE[0m -> [36mIDLE[0m
[robot_decision-1] [1746790265.825]: HealthCheck               [31mFAILURE[0m -> [36mIDLE[0m
[robot_decision-1] [1746790266.026]: Inverter                  [36mIDLE[0m -> [33mRUNNING[0m
[robot_decision-1] [1746790266.026]: Subscribers               [36mIDLE[0m -> [33mRUNNING[0m
[robot_decision-1] [INFO] [1746790266.025706394] [robot_decision]: [IfHealthSub] health value: 500
[robot_decision-1] [INFO] [1746790266.025790289] [robot_decision]: [OurOutpostSub] our outpost health value: 1500
[robot_decision-1] [INFO] [1746790266.025815176] [robot_decision]: [EnemyOutpostSub] enemy outpost health value: 1500
[robot_decision-1] [INFO] [1746790266.025898370] [robot_decision]: Navigation Success!
[robot_decision-1] [ERROR] [1746790266.025969111] [robot_decision]: [IfHealthSub] invalid message
[robot_decision-1] [1746790266.026]: IfHealthSub               [36mIDLE[0m -> [32mSUCCESS[0m
[robot_decision-1] [1746790266.026]: OurOutpostSub             [36mIDLE[0m -> [32mSUCCESS[0m
[robot_decision-1] [1746790266.026]: EnemyOutpostSub           [36mIDLE[0m -> [32mSUCCESS[0m
[robot_decision-1] [1746790266.026]: IfHealthSub               [32mSUCCESS[0m -> [36mIDLE[0m
[robot_decision-1] [1746790266.026]: OurOutpostSub             [32mSUCCESS[0m -> [36mIDLE[0m
[robot_decision-1] [1746790266.026]: EnemyOutpostSub           [32mSUCCESS[0m -> [36mIDLE[0m
[robot_decision-1] [1746790266.026]: Subscribers               [33mRUNNING[0m -> [32mSUCCESS[0m
[robot_decision-1] [1746790266.026]: Subscribers               [32mSUCCESS[0m -> [36mIDLE[0m
[robot_decision-1] [1746790266.026]: Inverter                  [33mRUNNING[0m -> [31mFAILURE[0m
[robot_decision-1] [1746790266.026]: HealthCheck               [36mIDLE[0m -> [33mRUNNING[0m
[robot_decision-1] [1746790266.026]: CheckIfHealth             [36mIDLE[0m -> [31mFAILURE[0m
[robot_decision-1] [1746790266.026]: CheckIfHealth             [31mFAILURE[0m -> [36mIDLE[0m
[robot_decision-1] [1746790266.026]: HealthCheck               [33mRUNNING[0m -> [31mFAILURE[0m
[robot_decision-1] onResultReceived: 4
[robot_decision-1] [1746790266.026]: NavigateToPose            [33mRUNNING[0m -> [32mSUCCESS[0m
[robot_decision-1] [1746790266.026]: WaitNode                  [32mSUCCESS[0m -> [36mIDLE[0m
[robot_decision-1] [1746790266.026]: NavigateToPose            [32mSUCCESS[0m -> [36mIDLE[0m
[robot_decision-1] [1746790266.026]: Sequence                  [33mRUNNING[0m -> [32mSUCCESS[0m
[robot_decision-1] [1746790266.026]: Sequence                  [32mSUCCESS[0m -> [36mIDLE[0m
[robot_decision-1] [1746790266.026]: RetryUntilSuccessful      [33mRUNNING[0m -> [32mSUCCESS[0m
[robot_decision-1] [1746790266.026]: CheckIfHealth             [32mSUCCESS[0m -> [36mIDLE[0m
[robot_decision-1] [1746790266.026]: RetryUntilSuccessful      [32mSUCCESS[0m -> [36mIDLE[0m
[robot_decision-1] [1746790266.026]: BothOutpostAlive          [33mRUNNING[0m -> [32mSUCCESS[0m
[robot_decision-1] [1746790266.026]: OurOutpostDead            [31mFAILURE[0m -> [36mIDLE[0m
[robot_decision-1] [1746790266.026]: EnemyOutpostDead          [31mFAILURE[0m -> [36mIDLE[0m
[robot_decision-1] [1746790266.026]: BothOutpostAlive          [32mSUCCESS[0m -> [36mIDLE[0m
[robot_decision-1] [1746790266.026]: BaseStatusLogic           [33mRUNNING[0m -> [32mSUCCESS[0m
[robot_decision-1] [1746790266.026]: Inverter                  [31mFAILURE[0m -> [36mIDLE[0m
[robot_decision-1] [1746790266.026]: HealthCheck               [31mFAILURE[0m -> [36mIDLE[0m
[robot_decision-1] [1746790266.026]: BaseStatusLogic           [32mSUCCESS[0m -> [36mIDLE[0m
[robot_decision-1] [1746790266.026]: ActionSequence            [33mRUNNING[0m -> [32mSUCCESS[0m
[robot_decision-1] [1746790266.026]: ActionSequence            [32mSUCCESS[0m -> [36mIDLE[0m
[robot_decision-1] [1746790266.026]: ActionSequence            [36mIDLE[0m -> [33mRUNNING[0m
[robot_decision-1] [1746790266.026]: Inverter                  [36mIDLE[0m -> [33mRUNNING[0m
[robot_decision-1] [1746790266.026]: Subscribers               [36mIDLE[0m -> [33mRUNNING[0m
[robot_decision-1] [1746790266.026]: IfHealthSub               [36mIDLE[0m -> [31mFAILURE[0m
[robot_decision-1] [1746790266.026]: IfHealthSub               [31mFAILURE[0m -> [36mIDLE[0m
[robot_decision-1] [1746790266.026]: Subscribers               [33mRUNNING[0m -> [31mFAILURE[0m
[robot_decision-1] [1746790266.026]: Subscribers               [31mFAILURE[0m -> [36mIDLE[0m
[robot_decision-1] [1746790266.026]: Inverter                  [33mRUNNING[0m -> [32mSUCCESS[0m
[robot_decision-1] [1746790266.026]: Inverter                  [32mSUCCESS[0m -> [36mIDLE[0m
[robot_decision-1] [1746790266.026]: ActionSequence            [33mRUNNING[0m -> [32mSUCCESS[0m
[robot_decision-1] [1746790266.026]: ActionSequence            [32mSUCCESS[0m -> [36mIDLE[0m
[robot_decision-1] [1746790266.226]: ActionSequence            [36mIDLE[0m -> [33mRUNNING[0m
[robot_decision-1] [1746790266.226]: Inverter                  [36mIDLE[0m -> [33mRUNNING[0m
[robot_decision-1] [1746790266.226]: Subscribers               [36mIDLE[0m -> [33mRUNNING[0m
[robot_decision-1] [INFO] [1746790266.226161550] [robot_decision]: [IfHealthSub] health value: 500
[robot_decision-1] [INFO] [1746790266.226211333] [robot_decision]: [OurOutpostSub] our outpost health value: 1500
[robot_decision-1] [1746790266.226]: IfHealthSub               [36mIDLE[0m -> [32mSUCCESS[0m
[robot_decision-1] [1746790266.226]: OurOutpostSub             [36mIDLE[0m -> [32mSUCCESS[0m
[robot_decision-1] [1746790266.226]: EnemyOutpostSub           [36mIDLE[0m -> [32mSUCCESS[0m
[robot_decision-1] [1746790266.226]: IfHealthSub               [32mSUCCESS[0m -> [36mIDLE[0m
[robot_decision-1] [1746790266.226]: OurOutpostSub             [32mSUCCESS[0m -> [36mIDLE[0m
[robot_decision-1] [1746790266.226]: EnemyOutpostSub           [32mSUCCESS[0m -> [36mIDLE[0m
[robot_decision-1] [1746790266.226]: Subscribers               [33mRUNNING[0m -> [32mSUCCESS[0m
[robot_decision-1] [1746790266.226]: Subscribers               [32mSUCCESS[0m -> [36mIDLE[0m
[robot_decision-1] [1746790266.226]: Inverter                  [33mRUNNING[0m -> [31mFAILURE[0m
[robot_decision-1] [1746790266.226]: HealthCheck               [36mIDLE[0m -> [33mRUNNING[0m
[robot_decision-1] [1746790266.226]: CheckIfHealth             [36mIDLE[0m -> [31mFAILURE[0m
[robot_decision-1] [1746790266.226]: CheckIfHealth             [31mFAILURE[0m -> [36mIDLE[0m
[robot_decision-1] [1746790266.226]: HealthCheck               [33mRUNNING[0m -> [31mFAILURE[0m
[robot_decision-1] [1746790266.226]: BaseStatusLogic           [36mIDLE[0m -> [33mRUNNING[0m
[robot_decision-1] [1746790266.226]: OurOutpostDead            [36mIDLE[0m -> [33mRUNNING[0m
[robot_decision-1] [1746790266.226]: CheckIfHealth             [36mIDLE[0m -> [32mSUCCESS[0m
[robot_decision-1] [1746790266.226]: IsOurOutpostDead          [36mIDLE[0m -> [31mFAILURE[0m
[robot_decision-1] [1746790266.226]: CheckIfHealth             [32mSUCCESS[0m -> [36mIDLE[0m
[robot_decision-1] [1746790266.226]: IsOurOutpostDead          [31mFAILURE[0m -> [36mIDLE[0m
[robot_decision-1] [1746790266.226]: OurOutpostDead            [33mRUNNING[0m -> [31mFAILURE[0m
[robot_decision-1] [1746790266.226]: EnemyOutpostDead          [36mIDLE[0m -> [33mRUNNING[0m
[robot_decision-1] [1746790266.226]: CheckIfHealth             [36mIDLE[0m -> [32mSUCCESS[0m
[robot_decision-1] [1746790266.226]: IsEnemyOutpostDead        [36mIDLE[0m -> [31mFAILURE[0m
[robot_decision-1] [1746790266.226]: CheckIfHealth             [32mSUCCESS[0m -> [36mIDLE[0m
[robot_decision-1] [1746790266.226]: IsEnemyOutpostDead        [31mFAILURE[0m -> [36mIDLE[0m
[robot_decision-1] [1746790266.226]: EnemyOutpostDead          [33mRUNNING[0m -> [31mFAILURE[0m
[robot_decision-1] [1746790266.226]: BothOutpostAlive          [36mIDLE[0m -> [33mRUNNING[0m
[robot_decision-1] [1746790266.226]: CheckIfHealth             [36mIDLE[0m -> [32mSUCCESS[0m
[robot_decision-1] [1746790266.226]: RetryUntilSuccessful      [36mIDLE[0m -> [33mRUNNING[0m
[robot_decision-1] [1746790266.226]: Sequence                  [36mIDLE[0m -> [33mRUNNING[0m
[robot_decision-1] [1746790266.226]: WaitNode                  [36mIDLE[0m -> [33mRUNNING[0m
[robot_decision-1] [1746790266.226]: Inverter                  [31mFAILURE[0m -> [36mIDLE[0m
[robot_decision-1] [1746790266.226]: HealthCheck               [31mFAILURE[0m -> [36mIDLE[0m
[robot_decision-1] [INFO] [1746790266.226236319] [robot_decision]: [EnemyOutpostSub] enemy outpost health value: 1500
[robot_decision-1] [INFO] [1746790266.226270062] [IfHealth]: [CheckIfHealth] amount of blood: 500
[robot_decision-1] [INFO] [1746790266.226276443] [CheckOutposet]: [IsOurOutpostDead] Our outpost health: 1500 (alive)
[robot_decision-1] [INFO] [1746790266.226286963] [IfHealth]: [CheckIfHealth] amount of blood: 500
[robot_decision-1] [INFO] [1746790266.226292172] [CheckEnemyposet]: [IsEnemyOutpostDead] Enemy outpost health: 1500 (alive)
[robot_decision-1] [INFO] [1746790266.226302171] [IfHealth]: [CheckIfHealth] amount of blood: 500
[robot_decision-1] [1746790266.426]: Inverter                  [36mIDLE[0m -> [33mRUNNING[0m
[robot_decision-1] [1746790266.426]: Subscribers               [36mIDLE[0m -> [33mRUNNING[0m
[robot_decision-1] [INFO] [1746790266.426526139] [robot_decision]: [IfHealthSub] health value: 500
[robot_decision-1] [INFO] [1746790266.426569048] [robot_decision]: [OurOutpostSub] our outpost health value: 1500
[robot_decision-1] [1746790266.427]: IfHealthSub               [36mIDLE[0m -> [32mSUCCESS[0m
[robot_decision-1] [1746790266.427]: OurOutpostSub             [36mIDLE[0m -> [32mSUCCESS[0m
[robot_decision-1] [1746790266.427]: EnemyOutpostSub           [36mIDLE[0m -> [32mSUCCESS[0m
[robot_decision-1] [1746790266.427]: IfHealthSub               [32mSUCCESS[0m -> [36mIDLE[0m
[robot_decision-1] [1746790266.427]: OurOutpostSub             [32mSUCCESS[0m -> [36mIDLE[0m
[robot_decision-1] [1746790266.427]: EnemyOutpostSub           [32mSUCCESS[0m -> [36mIDLE[0m
[robot_decision-1] [1746790266.427]: Subscribers               [33mRUNNING[0m -> [32mSUCCESS[0m
[robot_decision-1] [1746790266.427]: Subscribers               [32mSUCCESS[0m -> [36mIDLE[0m
[robot_decision-1] [1746790266.427]: Inverter                  [33mRUNNING[0m -> [31mFAILURE[0m
[robot_decision-1] [1746790266.427]: HealthCheck               [36mIDLE[0m -> [33mRUNNING[0m
[robot_decision-1] [1746790266.427]: CheckIfHealth             [36mIDLE[0m -> [31mFAILURE[0m
[robot_decision-1] [1746790266.427]: CheckIfHealth             [31mFAILURE[0m -> [36mIDLE[0m
[robot_decision-1] [1746790266.427]: HealthCheck               [33mRUNNING[0m -> [31mFAILURE[0m
[robot_decision-1] [1746790266.427]: WaitNode                  [33mRUNNING[0m -> [32mSUCCESS[0m
[robot_decision-1] [1746790266.427]: NavigateToPose            [36mIDLE[0m -> [33mRUNNING[0m
[robot_decision-1] Point key: 1 x:3 y:0.45
[robot_decision-1] [INFO] [1746790266.426586571] [robot_decision]: [EnemyOutpostSub] enemy outpost health value: 1500
[robot_decision-1] [1746790266.427]: Inverter                  [31mFAILURE[0m -> [36mIDLE[0m
[robot_decision-1] [1746790266.427]: HealthCheck               [31mFAILURE[0m -> [36mIDLE[0m
[robot_decision-1] [1746790266.627]: Inverter                  [36mIDLE[0m -> [33mRUNNING[0m
[robot_decision-1] [1746790266.627]: Subscribers               [36mIDLE[0m -> [33mRUNNING[0m
[robot_decision-1] [INFO] [1746790266.627318700] [robot_decision]: [IfHealthSub] health value: 500
[robot_decision-1] [INFO] [1746790266.627481452] [robot_decision]: [OurOutpostSub] our outpost health value: 1500
[robot_decision-1] [INFO] [1746790266.627526626] [robot_decision]: [EnemyOutpostSub] enemy outpost health value: 1500
[robot_decision-1] [1746790266.627]: IfHealthSub               [36mIDLE[0m -> [32mSUCCESS[0m
[robot_decision-1] [1746790266.627]: OurOutpostSub             [36mIDLE[0m -> [32mSUCCESS[0m
[robot_decision-1] [1746790266.628]: EnemyOutpostSub           [36mIDLE[0m -> [32mSUCCESS[0m
[robot_decision-1] [1746790266.628]: IfHealthSub               [32mSUCCESS[0m -> [36mIDLE[0m
[robot_decision-1] [1746790266.628]: OurOutpostSub             [32mSUCCESS[0m -> [36mIDLE[0m
[robot_decision-1] [1746790266.628]: EnemyOutpostSub           [32mSUCCESS[0m -> [36mIDLE[0m
[robot_decision-1] [1746790266.628]: Subscribers               [33mRUNNING[0m -> [32mSUCCESS[0m
[robot_decision-1] [1746790266.628]: Subscribers               [32mSUCCESS[0m -> [36mIDLE[0m
[robot_decision-1] [1746790266.628]: Inverter                  [33mRUNNING[0m -> [31mFAILURE[0m
[robot_decision-1] [1746790266.628]: HealthCheck               [36mIDLE[0m -> [33mRUNNING[0m
[robot_decision-1] [1746790266.628]: CheckIfHealth             [36mIDLE[0m -> [31mFAILURE[0m
[robot_decision-1] [1746790266.628]: CheckIfHealth             [31mFAILURE[0m -> [36mIDLE[0m
[robot_decision-1] [1746790266.628]: HealthCheck               [33mRUNNING[0m -> [31mFAILURE[0m
[robot_decision-1] [1746790266.628]: Inverter                  [31mFAILURE[0m -> [36mIDLE[0m
[robot_decision-1] [1746790266.628]: HealthCheck               [31mFAILURE[0m -> [36mIDLE[0m
[robot_decision-1] [1746790266.828]: Inverter                  [36mIDLE[0m -> [33mRUNNING[0m
[robot_decision-1] [1746790266.828]: Subscribers               [36mIDLE[0m -> [33mRUNNING[0m
[robot_decision-1] [INFO] [1746790266.828086226] [robot_decision]: [IfHealthSub] health value: 500
[robot_decision-1] [INFO] [1746790266.828197772] [robot_decision]: [OurOutpostSub] our outpost health value: 1500
[robot_decision-1] [INFO] [1746790266.828305191] [robot_decision]: [EnemyOutpostSub] enemy outpost health value: 1500
[robot_decision-1] [1746790266.828]: IfHealthSub               [36mIDLE[0m -> [32mSUCCESS[0m
[robot_decision-1] [1746790266.828]: OurOutpostSub             [36mIDLE[0m -> [32mSUCCESS[0m
[robot_decision-1] [1746790266.828]: EnemyOutpostSub           [36mIDLE[0m -> [32mSUCCESS[0m
[robot_decision-1] [1746790266.828]: IfHealthSub               [32mSUCCESS[0m -> [36mIDLE[0m
[robot_decision-1] [1746790266.828]: OurOutpostSub             [32mSUCCESS[0m -> [36mIDLE[0m
[robot_decision-1] [1746790266.828]: EnemyOutpostSub           [32mSUCCESS[0m -> [36mIDLE[0m
[robot_decision-1] [1746790266.828]: Subscribers               [33mRUNNING[0m -> [32mSUCCESS[0m
[robot_decision-1] [1746790266.828]: Subscribers               [32mSUCCESS[0m -> [36mIDLE[0m
[robot_decision-1] [1746790266.828]: Inverter                  [33mRUNNING[0m -> [31mFAILURE[0m
[robot_decision-1] [1746790266.828]: HealthCheck               [36mIDLE[0m -> [33mRUNNING[0m
[robot_decision-1] [1746790266.828]: CheckIfHealth             [36mIDLE[0m -> [31mFAILURE[0m
[robot_decision-1] [1746790266.828]: CheckIfHealth             [31mFAILURE[0m -> [36mIDLE[0m
[robot_decision-1] [1746790266.828]: HealthCheck               [33mRUNNING[0m -> [31mFAILURE[0m
[robot_decision-1] [1746790266.828]: Inverter                  [31mFAILURE[0m -> [36mIDLE[0m
[robot_decision-1] [1746790266.828]: HealthCheck               [31mFAILURE[0m -> [36mIDLE[0m
[robot_decision-1] [1746790267.029]: Inverter                  [36mIDLE[0m -> [33mRUNNING[0m
[robot_decision-1] [1746790267.029]: Subscribers               [36mIDLE[0m -> [33mRUNNING[0m
[robot_decision-1] [INFO] [1746790267.028668768] [robot_decision]: [IfHealthSub] health value: 500
[robot_decision-1] [INFO] [1746790267.028747915] [robot_decision]: [OurOutpostSub] our outpost health value: 1500
[robot_decision-1] [INFO] [1746790267.028770517] [robot_decision]: [EnemyOutpostSub] enemy outpost health value: 1500
[robot_decision-1] [1746790267.029]: IfHealthSub               [36mIDLE[0m -> [32mSUCCESS[0m
[robot_decision-1] [1746790267.029]: OurOutpostSub             [36mIDLE[0m -> [32mSUCCESS[0m
[robot_decision-1] [1746790267.029]: EnemyOutpostSub           [36mIDLE[0m -> [32mSUCCESS[0m
[robot_decision-1] [1746790267.029]: IfHealthSub               [32mSUCCESS[0m -> [36mIDLE[0m
[robot_decision-1] [1746790267.029]: OurOutpostSub             [32mSUCCESS[0m -> [36mIDLE[0m
[robot_decision-1] [1746790267.029]: EnemyOutpostSub           [32mSUCCESS[0m -> [36mIDLE[0m
[robot_decision-1] [1746790267.029]: Subscribers               [33mRUNNING[0m -> [32mSUCCESS[0m
[robot_decision-1] [1746790267.029]: Subscribers               [32mSUCCESS[0m -> [36mIDLE[0m
[robot_decision-1] [1746790267.029]: Inverter                  [33mRUNNING[0m -> [31mFAILURE[0m
[robot_decision-1] [1746790267.029]: HealthCheck               [36mIDLE[0m -> [33mRUNNING[0m
[robot_decision-1] [1746790267.029]: CheckIfHealth             [36mIDLE[0m -> [31mFAILURE[0m
[robot_decision-1] [1746790267.029]: CheckIfHealth             [31mFAILURE[0m -> [36mIDLE[0m
[robot_decision-1] [1746790267.029]: HealthCheck               [33mRUNNING[0m -> [31mFAILURE[0m
[robot_decision-1] [1746790267.029]: Inverter                  [31mFAILURE[0m -> [36mIDLE[0m
[robot_decision-1] [1746790267.029]: HealthCheck               [31mFAILURE[0m -> [36mIDLE[0m
[robot_decision-1] [1746790267.229]: Inverter                  [36mIDLE[0m -> [33mRUNNING[0m
[robot_decision-1] [1746790267.229]: Subscribers               [36mIDLE[0m -> [33mRUNNING[0m
[robot_decision-1] [INFO] [1746790267.229190278] [robot_decision]: [IfHealthSub] health value: 500
[robot_decision-1] [INFO] [1746790267.229291365] [robot_decision]: [OurOutpostSub] our outpost health value: 1500
[robot_decision-1] [INFO] [1746790267.229329075] [robot_decision]: [EnemyOutpostSub] enemy outpost health value: 1500
[robot_decision-1] [1746790267.229]: IfHealthSub               [36mIDLE[0m -> [32mSUCCESS[0m
[robot_decision-1] [1746790267.229]: OurOutpostSub             [36mIDLE[0m -> [32mSUCCESS[0m
[robot_decision-1] [1746790267.229]: EnemyOutpostSub           [36mIDLE[0m -> [32mSUCCESS[0m
[robot_decision-1] [1746790267.229]: IfHealthSub               [32mSUCCESS[0m -> [36mIDLE[0m
[robot_decision-1] [1746790267.229]: OurOutpostSub             [32mSUCCESS[0m -> [36mIDLE[0m
[robot_decision-1] [1746790267.229]: EnemyOutpostSub           [32mSUCCESS[0m -> [36mIDLE[0m
[robot_decision-1] [1746790267.229]: Subscribers               [33mRUNNING[0m -> [32mSUCCESS[0m
[robot_decision-1] [1746790267.229]: Subscribers               [32mSUCCESS[0m -> [36mIDLE[0m
[robot_decision-1] [1746790267.229]: Inverter                  [33mRUNNING[0m -> [31mFAILURE[0m
[robot_decision-1] [1746790267.229]: HealthCheck               [36mIDLE[0m -> [33mRUNNING[0m
[robot_decision-1] [1746790267.229]: CheckIfHealth             [36mIDLE[0m -> [31mFAILURE[0m
[robot_decision-1] [1746790267.229]: CheckIfHealth             [31mFAILURE[0m -> [36mIDLE[0m
[robot_decision-1] [1746790267.229]: HealthCheck               [33mRUNNING[0m -> [31mFAILURE[0m
[robot_decision-1] [1746790267.230]: Inverter                  [31mFAILURE[0m -> [36mIDLE[0m
[robot_decision-1] [1746790267.230]: HealthCheck               [31mFAILURE[0m -> [36mIDLE[0m
[robot_decision-1] [1746790267.430]: Inverter                  [36mIDLE[0m -> [33mRUNNING[0m
[robot_decision-1] [1746790267.430]: Subscribers               [36mIDLE[0m -> [33mRUNNING[0m
[robot_decision-1] [INFO] [1746790267.430120314] [robot_decision]: [IfHealthSub] health value: 500
[robot_decision-1] [INFO] [1746790267.430198479] [robot_decision]: [OurOutpostSub] our outpost health value: 1500
[robot_decision-1] [INFO] [1746790267.430235007] [robot_decision]: [EnemyOutpostSub] enemy outpost health value: 1500
[robot_decision-1] [INFO] [1746790267.430402507] [robot_decision]: Navigation Success!
[robot_decision-1] [ERROR] [1746790267.430480321] [robot_decision]: [IfHealthSub] invalid message
[robot_decision-1] [1746790267.430]: IfHealthSub               [36mIDLE[0m -> [32mSUCCESS[0m
[robot_decision-1] [1746790267.430]: OurOutpostSub             [36mIDLE[0m -> [32mSUCCESS[0m
[robot_decision-1] [1746790267.430]: EnemyOutpostSub           [36mIDLE[0m -> [32mSUCCESS[0m
[robot_decision-1] [1746790267.430]: IfHealthSub               [32mSUCCESS[0m -> [36mIDLE[0m
[robot_decision-1] [1746790267.430]: OurOutpostSub             [32mSUCCESS[0m -> [36mIDLE[0m
[robot_decision-1] [1746790267.430]: EnemyOutpostSub           [32mSUCCESS[0m -> [36mIDLE[0m
[robot_decision-1] [1746790267.430]: Subscribers               [33mRUNNING[0m -> [32mSUCCESS[0m
[robot_decision-1] [1746790267.430]: Subscribers               [32mSUCCESS[0m -> [36mIDLE[0m
[robot_decision-1] [1746790267.430]: Inverter                  [33mRUNNING[0m -> [31mFAILURE[0m
[robot_decision-1] [1746790267.430]: HealthCheck               [36mIDLE[0m -> [33mRUNNING[0m
[robot_decision-1] [1746790267.430]: CheckIfHealth             [36mIDLE[0m -> [31mFAILURE[0m
[robot_decision-1] [1746790267.430]: CheckIfHealth             [31mFAILURE[0m -> [36mIDLE[0m
[robot_decision-1] [1746790267.430]: HealthCheck               [33mRUNNING[0m -> [31mFAILURE[0m
[robot_decision-1] onResultReceived: 4
[robot_decision-1] [1746790267.430]: NavigateToPose            [33mRUNNING[0m -> [32mSUCCESS[0m
[robot_decision-1] [1746790267.430]: WaitNode                  [32mSUCCESS[0m -> [36mIDLE[0m
[robot_decision-1] [1746790267.430]: NavigateToPose            [32mSUCCESS[0m -> [36mIDLE[0m
[robot_decision-1] [1746790267.430]: Sequence                  [33mRUNNING[0m -> [32mSUCCESS[0m
[robot_decision-1] [1746790267.430]: Sequence                  [32mSUCCESS[0m -> [36mIDLE[0m
[robot_decision-1] [1746790267.430]: RetryUntilSuccessful      [33mRUNNING[0m -> [32mSUCCESS[0m
[robot_decision-1] [1746790267.430]: CheckIfHealth             [32mSUCCESS[0m -> [36mIDLE[0m
[robot_decision-1] [1746790267.430]: RetryUntilSuccessful      [32mSUCCESS[0m -> [36mIDLE[0m
[robot_decision-1] [1746790267.430]: BothOutpostAlive          [33mRUNNING[0m -> [32mSUCCESS[0m
[robot_decision-1] [1746790267.430]: OurOutpostDead            [31mFAILURE[0m -> [36mIDLE[0m
[robot_decision-1] [1746790267.430]: EnemyOutpostDead          [31mFAILURE[0m -> [36mIDLE[0m
[robot_decision-1] [1746790267.430]: BothOutpostAlive          [32mSUCCESS[0m -> [36mIDLE[0m
[robot_decision-1] [1746790267.430]: BaseStatusLogic           [33mRUNNING[0m -> [32mSUCCESS[0m
[robot_decision-1] [1746790267.430]: Inverter                  [31mFAILURE[0m -> [36mIDLE[0m
[robot_decision-1] [1746790267.430]: HealthCheck               [31mFAILURE[0m -> [36mIDLE[0m
[robot_decision-1] [1746790267.430]: BaseStatusLogic           [32mSUCCESS[0m -> [36mIDLE[0m
[robot_decision-1] [1746790267.430]: ActionSequence            [33mRUNNING[0m -> [32mSUCCESS[0m
[robot_decision-1] [1746790267.430]: ActionSequence            [32mSUCCESS[0m -> [36mIDLE[0m
[robot_decision-1] [1746790267.430]: ActionSequence            [36mIDLE[0m -> [33mRUNNING[0m
[robot_decision-1] [1746790267.430]: Inverter                  [36mIDLE[0m -> [33mRUNNING[0m
[robot_decision-1] [1746790267.430]: Subscribers               [36mIDLE[0m -> [33mRUNNING[0m
[robot_decision-1] [1746790267.430]: IfHealthSub               [36mIDLE[0m -> [31mFAILURE[0m
[robot_decision-1] [1746790267.430]: IfHealthSub               [31mFAILURE[0m -> [36mIDLE[0m
[robot_decision-1] [1746790267.430]: Subscribers               [33mRUNNING[0m -> [31mFAILURE[0m
[robot_decision-1] [1746790267.431]: Subscribers               [31mFAILURE[0m -> [36mIDLE[0m
[robot_decision-1] [1746790267.431]: Inverter                  [33mRUNNING[0m -> [32mSUCCESS[0m
[robot_decision-1] [1746790267.431]: Inverter                  [32mSUCCESS[0m -> [36mIDLE[0m
[robot_decision-1] [1746790267.431]: ActionSequence            [33mRUNNING[0m -> [32mSUCCESS[0m
[robot_decision-1] [1746790267.431]: ActionSequence            [32mSUCCESS[0m -> [36mIDLE[0m
[robot_decision-1] [1746790267.631]: ActionSequence            [36mIDLE[0m -> [33mRUNNING[0m
[robot_decision-1] [1746790267.631]: Inverter                  [36mIDLE[0m -> [33mRUNNING[0m
[robot_decision-1] [1746790267.631]: Subscribers               [36mIDLE[0m -> [33mRUNNING[0m
[robot_decision-1] [INFO] [1746790267.630812771] [robot_decision]: [IfHealthSub] health value: 500
[robot_decision-1] [INFO] [1746790267.630932312] [robot_decision]: [OurOutpostSub] our outpost health value: 1500
[robot_decision-1] [1746790267.631]: IfHealthSub               [36mIDLE[0m -> [32mSUCCESS[0m
[robot_decision-1] [1746790267.631]: OurOutpostSub             [36mIDLE[0m -> [32mSUCCESS[0m
[robot_decision-1] [1746790267.631]: EnemyOutpostSub           [36mIDLE[0m -> [32mSUCCESS[0m
[robot_decision-1] [1746790267.631]: IfHealthSub               [32mSUCCESS[0m -> [36mIDLE[0m
[robot_decision-1] [1746790267.631]: OurOutpostSub             [32mSUCCESS[0m -> [36mIDLE[0m
[robot_decision-1] [1746790267.631]: EnemyOutpostSub           [32mSUCCESS[0m -> [36mIDLE[0m
[robot_decision-1] [1746790267.631]: Subscribers               [33mRUNNING[0m -> [32mSUCCESS[0m
[robot_decision-1] [1746790267.631]: Subscribers               [32mSUCCESS[0m -> [36mIDLE[0m
[robot_decision-1] [1746790267.631]: Inverter                  [33mRUNNING[0m -> [31mFAILURE[0m
[robot_decision-1] [1746790267.631]: HealthCheck               [36mIDLE[0m -> [33mRUNNING[0m
[robot_decision-1] [1746790267.631]: CheckIfHealth             [36mIDLE[0m -> [31mFAILURE[0m
[robot_decision-1] [1746790267.631]: CheckIfHealth             [31mFAILURE[0m -> [36mIDLE[0m
[robot_decision-1] [1746790267.631]: HealthCheck               [33mRUNNING[0m -> [31mFAILURE[0m
[robot_decision-1] [1746790267.631]: BaseStatusLogic           [36mIDLE[0m -> [33mRUNNING[0m
[robot_decision-1] [1746790267.631]: OurOutpostDead            [36mIDLE[0m -> [33mRUNNING[0m
[robot_decision-1] [1746790267.631]: CheckIfHealth             [36mIDLE[0m -> [32mSUCCESS[0m
[robot_decision-1] [1746790267.631]: IsOurOutpostDead          [36mIDLE[0m -> [31mFAILURE[0m
[robot_decision-1] [1746790267.631]: CheckIfHealth             [32mSUCCESS[0m -> [36mIDLE[0m
[robot_decision-1] [1746790267.631]: IsOurOutpostDead          [31mFAILURE[0m -> [36mIDLE[0m
[robot_decision-1] [1746790267.631]: OurOutpostDead            [33mRUNNING[0m -> [31mFAILURE[0m
[robot_decision-1] [1746790267.631]: EnemyOutpostDead          [36mIDLE[0m -> [33mRUNNING[0m
[robot_decision-1] [1746790267.631]: CheckIfHealth             [36mIDLE[0m -> [32mSUCCESS[0m
[robot_decision-1] [1746790267.631]: IsEnemyOutpostDead        [36mIDLE[0m -> [31mFAILURE[0m
[robot_decision-1] [1746790267.631]: CheckIfHealth             [32mSUCCESS[0m -> [36mIDLE[0m
[robot_decision-1] [1746790267.631]: IsEnemyOutpostDead        [31mFAILURE[0m -> [36mIDLE[0m
[robot_decision-1] [1746790267.631]: EnemyOutpostDead          [33mRUNNING[0m -> [31mFAILURE[0m
[robot_decision-1] [1746790267.631]: BothOutpostAlive          [36mIDLE[0m -> [33mRUNNING[0m
[robot_decision-1] [1746790267.631]: CheckIfHealth             [36mIDLE[0m -> [32mSUCCESS[0m
[robot_decision-1] [1746790267.631]: RetryUntilSuccessful      [36mIDLE[0m -> [33mRUNNING[0m
[robot_decision-1] [1746790267.631]: Sequence                  [36mIDLE[0m -> [33mRUNNING[0m
[robot_decision-1] [1746790267.631]: WaitNode                  [36mIDLE[0m -> [33mRUNNING[0m
[robot_decision-1] [1746790267.631]: Inverter                  [31mFAILURE[0m -> [36mIDLE[0m
[robot_decision-1] [1746790267.631]: HealthCheck               [31mFAILURE[0m -> [36mIDLE[0m
[robot_decision-1] [INFO] [1746790267.630972506] [robot_decision]: [EnemyOutpostSub] enemy outpost health value: 1500
[robot_decision-1] [INFO] [1746790267.631034852] [IfHealth]: [CheckIfHealth] amount of blood: 500
[robot_decision-1] [INFO] [1746790267.631048457] [CheckOutposet]: [IsOurOutpostDead] Our outpost health: 1500 (alive)
[robot_decision-1] [INFO] [1746790267.631066330] [IfHealth]: [CheckIfHealth] amount of blood: 500
[robot_decision-1] [INFO] [1746790267.631087900] [CheckEnemyposet]: [IsEnemyOutpostDead] Enemy outpost health: 1500 (alive)
[robot_decision-1] [INFO] [1746790267.631111654] [IfHealth]: [CheckIfHealth] amount of blood: 500
[robot_decision-1] [1746790267.831]: Inverter                  [36mIDLE[0m -> [33mRUNNING[0m
[robot_decision-1] [1746790267.831]: Subscribers               [36mIDLE[0m -> [33mRUNNING[0m
[robot_decision-1] [INFO] [1746790267.831394391] [robot_decision]: [IfHealthSub] health value: 500
[robot_decision-1] [INFO] [1746790267.831445516] [robot_decision]: [OurOutpostSub] our outpost health value: 1500
[robot_decision-1] [INFO] [1746790267.831474740] [robot_decision]: [EnemyOutpostSub] enemy outpost health value: 1500
[robot_decision-1] [1746790267.831]: IfHealthSub               [36mIDLE[0m -> [32mSUCCESS[0m
[robot_decision-1] [1746790267.831]: OurOutpostSub             [36mIDLE[0m -> [32mSUCCESS[0m
[robot_decision-1] [1746790267.831]: EnemyOutpostSub           [36mIDLE[0m -> [32mSUCCESS[0m
[robot_decision-1] [1746790267.831]: IfHealthSub               [32mSUCCESS[0m -> [36mIDLE[0m
[robot_decision-1] [1746790267.831]: OurOutpostSub             [32mSUCCESS[0m -> [36mIDLE[0m
[robot_decision-1] [1746790267.831]: EnemyOutpostSub           [32mSUCCESS[0m -> [36mIDLE[0m
[robot_decision-1] [1746790267.832]: Subscribers               [33mRUNNING[0m -> [32mSUCCESS[0m
[robot_decision-1] [1746790267.832]: Subscribers               [32mSUCCESS[0m -> [36mIDLE[0m
[robot_decision-1] [1746790267.832]: Inverter                  [33mRUNNING[0m -> [31mFAILURE[0m
[robot_decision-1] [1746790267.832]: HealthCheck               [36mIDLE[0m -> [33mRUNNING[0m
[robot_decision-1] [1746790267.832]: CheckIfHealth             [36mIDLE[0m -> [31mFAILURE[0m
[robot_decision-1] [1746790267.832]: CheckIfHealth             [31mFAILURE[0m -> [36mIDLE[0m
[robot_decision-1] [1746790267.832]: HealthCheck               [33mRUNNING[0m -> [31mFAILURE[0m
[robot_decision-1] [1746790267.832]: WaitNode                  [33mRUNNING[0m -> [32mSUCCESS[0m
[robot_decision-1] [1746790267.832]: NavigateToPose            [36mIDLE[0m -> [33mRUNNING[0m
[robot_decision-1] Point key: 1 x:3 y:0.45
[robot_decision-1] [1746790267.832]: Inverter                  [31mFAILURE[0m -> [36mIDLE[0m
[robot_decision-1] [1746790267.832]: HealthCheck               [31mFAILURE[0m -> [36mIDLE[0m
[robot_decision-1] [1746790268.032]: Inverter                  [36mIDLE[0m -> [33mRUNNING[0m
[robot_decision-1] [1746790268.032]: Subscribers               [36mIDLE[0m -> [33mRUNNING[0m
[robot_decision-1] [INFO] [1746790268.032112355] [robot_decision]: [IfHealthSub] health value: 500
[robot_decision-1] [INFO] [1746790268.032189909] [robot_decision]: [OurOutpostSub] our outpost health value: 1500
[robot_decision-1] [INFO] [1746790268.032220165] [robot_decision]: [EnemyOutpostSub] enemy outpost health value: 1500
[robot_decision-1] [1746790268.032]: IfHealthSub               [36mIDLE[0m -> [32mSUCCESS[0m
[robot_decision-1] [1746790268.032]: OurOutpostSub             [36mIDLE[0m -> [32mSUCCESS[0m
[robot_decision-1] [1746790268.032]: EnemyOutpostSub           [36mIDLE[0m -> [32mSUCCESS[0m
[robot_decision-1] [1746790268.032]: IfHealthSub               [32mSUCCESS[0m -> [36mIDLE[0m
[robot_decision-1] [1746790268.032]: OurOutpostSub             [32mSUCCESS[0m -> [36mIDLE[0m
[robot_decision-1] [1746790268.032]: EnemyOutpostSub           [32mSUCCESS[0m -> [36mIDLE[0m
[robot_decision-1] [1746790268.032]: Subscribers               [33mRUNNING[0m -> [32mSUCCESS[0m
[robot_decision-1] [1746790268.032]: Subscribers               [32mSUCCESS[0m -> [36mIDLE[0m
[robot_decision-1] [1746790268.032]: Inverter                  [33mRUNNING[0m -> [31mFAILURE[0m
[robot_decision-1] [1746790268.032]: HealthCheck               [36mIDLE[0m -> [33mRUNNING[0m
[robot_decision-1] [1746790268.032]: CheckIfHealth             [36mIDLE[0m -> [31mFAILURE[0m
[robot_decision-1] [1746790268.032]: CheckIfHealth             [31mFAILURE[0m -> [36mIDLE[0m
[robot_decision-1] [1746790268.032]: HealthCheck               [33mRUNNING[0m -> [31mFAILURE[0m
[robot_decision-1] [1746790268.032]: Inverter                  [31mFAILURE[0m -> [36mIDLE[0m
[robot_decision-1] [1746790268.032]: HealthCheck               [31mFAILURE[0m -> [36mIDLE[0m
[robot_decision-1] [1746790268.232]: Inverter                  [36mIDLE[0m -> [33mRUNNING[0m
[robot_decision-1] [1746790268.232]: Subscribers               [36mIDLE[0m -> [33mRUNNING[0m
[robot_decision-1] [INFO] [1746790268.232540352] [robot_decision]: [IfHealthSub] health value: 500
[robot_decision-1] [INFO] [1746790268.232603018] [robot_decision]: [OurOutpostSub] our outpost health value: 1500
[robot_decision-1] [INFO] [1746790268.232632042] [robot_decision]: [EnemyOutpostSub] enemy outpost health value: 1500
[robot_decision-1] [1746790268.233]: IfHealthSub               [36mIDLE[0m -> [32mSUCCESS[0m
[robot_decision-1] [1746790268.233]: OurOutpostSub             [36mIDLE[0m -> [32mSUCCESS[0m
[robot_decision-1] [1746790268.233]: EnemyOutpostSub           [36mIDLE[0m -> [32mSUCCESS[0m
[robot_decision-1] [1746790268.233]: IfHealthSub               [32mSUCCESS[0m -> [36mIDLE[0m
[robot_decision-1] [1746790268.233]: OurOutpostSub             [32mSUCCESS[0m -> [36mIDLE[0m
[robot_decision-1] [1746790268.233]: EnemyOutpostSub           [32mSUCCESS[0m -> [36mIDLE[0m
[robot_decision-1] [1746790268.233]: Subscribers               [33mRUNNING[0m -> [32mSUCCESS[0m
[robot_decision-1] [1746790268.233]: Subscribers               [32mSUCCESS[0m -> [36mIDLE[0m
[robot_decision-1] [1746790268.233]: Inverter                  [33mRUNNING[0m -> [31mFAILURE[0m
[robot_decision-1] [1746790268.233]: HealthCheck               [36mIDLE[0m -> [33mRUNNING[0m
[robot_decision-1] [1746790268.233]: CheckIfHealth             [36mIDLE[0m -> [31mFAILURE[0m
[robot_decision-1] [1746790268.233]: CheckIfHealth             [31mFAILURE[0m -> [36mIDLE[0m
[robot_decision-1] [1746790268.233]: HealthCheck               [33mRUNNING[0m -> [31mFAILURE[0m
[robot_decision-1] [1746790268.233]: Inverter                  [31mFAILURE[0m -> [36mIDLE[0m
[robot_decision-1] [1746790268.233]: HealthCheck               [31mFAILURE[0m -> [36mIDLE[0m
[robot_decision-1] [1746790268.433]: Inverter                  [36mIDLE[0m -> [33mRUNNING[0m
[robot_decision-1] [1746790268.433]: Subscribers               [36mIDLE[0m -> [33mRUNNING[0m
[robot_decision-1] [INFO] [1746790268.433037636] [robot_decision]: [IfHealthSub] health value: 500
[robot_decision-1] [INFO] [1746790268.433134005] [robot_decision]: [OurOutpostSub] our outpost health value: 1500
[robot_decision-1] [INFO] [1746790268.433176654] [robot_decision]: [EnemyOutpostSub] enemy outpost health value: 1500
[robot_decision-1] [1746790268.433]: IfHealthSub               [36mIDLE[0m -> [32mSUCCESS[0m
[robot_decision-1] [1746790268.433]: OurOutpostSub             [36mIDLE[0m -> [32mSUCCESS[0m
[robot_decision-1] [1746790268.433]: EnemyOutpostSub           [36mIDLE[0m -> [32mSUCCESS[0m
[robot_decision-1] [1746790268.433]: IfHealthSub               [32mSUCCESS[0m -> [36mIDLE[0m
[robot_decision-1] [1746790268.433]: OurOutpostSub             [32mSUCCESS[0m -> [36mIDLE[0m
[robot_decision-1] [1746790268.433]: EnemyOutpostSub           [32mSUCCESS[0m -> [36mIDLE[0m
[robot_decision-1] [1746790268.433]: Subscribers               [33mRUNNING[0m -> [32mSUCCESS[0m
[robot_decision-1] [1746790268.433]: Subscribers               [32mSUCCESS[0m -> [36mIDLE[0m
[robot_decision-1] [1746790268.433]: Inverter                  [33mRUNNING[0m -> [31mFAILURE[0m
[robot_decision-1] [1746790268.433]: HealthCheck               [36mIDLE[0m -> [33mRUNNING[0m
[robot_decision-1] [1746790268.433]: CheckIfHealth             [36mIDLE[0m -> [31mFAILURE[0m
[robot_decision-1] [1746790268.433]: CheckIfHealth             [31mFAILURE[0m -> [36mIDLE[0m
[robot_decision-1] [1746790268.433]: HealthCheck               [33mRUNNING[0m -> [31mFAILURE[0m
[robot_decision-1] [1746790268.433]: Inverter                  [31mFAILURE[0m -> [36mIDLE[0m
[robot_decision-1] [1746790268.433]: HealthCheck               [31mFAILURE[0m -> [36mIDLE[0m
[robot_decision-1] [1746790268.633]: Inverter                  [36mIDLE[0m -> [33mRUNNING[0m
[robot_decision-1] [1746790268.633]: Subscribers               [36mIDLE[0m -> [33mRUNNING[0m
[robot_decision-1] [INFO] [1746790268.633502892] [robot_decision]: [IfHealthSub] health value: 500
[robot_decision-1] [INFO] [1746790268.633568644] [robot_decision]: [OurOutpostSub] our outpost health value: 1500
[robot_decision-1] [INFO] [1746790268.633596165] [robot_decision]: [EnemyOutpostSub] enemy outpost health value: 1500
[robot_decision-1] [1746790268.634]: IfHealthSub               [36mIDLE[0m -> [32mSUCCESS[0m
[robot_decision-1] [1746790268.634]: OurOutpostSub             [36mIDLE[0m -> [32mSUCCESS[0m
[robot_decision-1] [1746790268.634]: EnemyOutpostSub           [36mIDLE[0m -> [32mSUCCESS[0m
[robot_decision-1] [1746790268.634]: IfHealthSub               [32mSUCCESS[0m -> [36mIDLE[0m
[robot_decision-1] [1746790268.634]: OurOutpostSub             [32mSUCCESS[0m -> [36mIDLE[0m
[robot_decision-1] [1746790268.634]: EnemyOutpostSub           [32mSUCCESS[0m -> [36mIDLE[0m
[robot_decision-1] [1746790268.634]: Subscribers               [33mRUNNING[0m -> [32mSUCCESS[0m
[robot_decision-1] [1746790268.634]: Subscribers               [32mSUCCESS[0m -> [36mIDLE[0m
[robot_decision-1] [1746790268.634]: Inverter                  [33mRUNNING[0m -> [31mFAILURE[0m
[robot_decision-1] [1746790268.634]: HealthCheck               [36mIDLE[0m -> [33mRUNNING[0m
[robot_decision-1] [1746790268.634]: CheckIfHealth             [36mIDLE[0m -> [31mFAILURE[0m
[robot_decision-1] [1746790268.634]: CheckIfHealth             [31mFAILURE[0m -> [36mIDLE[0m
[robot_decision-1] [1746790268.634]: HealthCheck               [33mRUNNING[0m -> [31mFAILURE[0m
[robot_decision-1] [1746790268.634]: Inverter                  [31mFAILURE[0m -> [36mIDLE[0m
[robot_decision-1] [1746790268.634]: HealthCheck               [31mFAILURE[0m -> [36mIDLE[0m
[robot_decision-1] [1746790268.834]: Inverter                  [36mIDLE[0m -> [33mRUNNING[0m
[robot_decision-1] [1746790268.834]: Subscribers               [36mIDLE[0m -> [33mRUNNING[0m
[robot_decision-1] [INFO] [1746790268.833934716] [robot_decision]: [IfHealthSub] health value: 500
[robot_decision-1] [INFO] [1746790268.834018070] [robot_decision]: [OurOutpostSub] our outpost health value: 1500
[robot_decision-1] [INFO] [1746790268.834039740] [robot_decision]: [EnemyOutpostSub] enemy outpost health value: 1500
[robot_decision-1] [INFO] [1746790268.834143132] [robot_decision]: Navigation Success!
[robot_decision-1] [ERROR] [1746790268.834188947] [robot_decision]: [IfHealthSub] invalid message
[robot_decision-1] [1746790268.834]: IfHealthSub               [36mIDLE[0m -> [32mSUCCESS[0m
[robot_decision-1] [1746790268.834]: OurOutpostSub             [36mIDLE[0m -> [32mSUCCESS[0m
[robot_decision-1] [1746790268.834]: EnemyOutpostSub           [36mIDLE[0m -> [32mSUCCESS[0m
[robot_decision-1] [1746790268.834]: IfHealthSub               [32mSUCCESS[0m -> [36mIDLE[0m
[robot_decision-1] [1746790268.834]: OurOutpostSub             [32mSUCCESS[0m -> [36mIDLE[0m
[robot_decision-1] [1746790268.834]: EnemyOutpostSub           [32mSUCCESS[0m -> [36mIDLE[0m
[robot_decision-1] [1746790268.834]: Subscribers               [33mRUNNING[0m -> [32mSUCCESS[0m
[robot_decision-1] [1746790268.834]: Subscribers               [32mSUCCESS[0m -> [36mIDLE[0m
[robot_decision-1] [1746790268.834]: Inverter                  [33mRUNNING[0m -> [31mFAILURE[0m
[robot_decision-1] [1746790268.834]: HealthCheck               [36mIDLE[0m -> [33mRUNNING[0m
[robot_decision-1] [1746790268.834]: CheckIfHealth             [36mIDLE[0m -> [31mFAILURE[0m
[robot_decision-1] [1746790268.834]: CheckIfHealth             [31mFAILURE[0m -> [36mIDLE[0m
[robot_decision-1] [1746790268.834]: HealthCheck               [33mRUNNING[0m -> [31mFAILURE[0m
[robot_decision-1] onResultReceived: 4
[robot_decision-1] [1746790268.834]: NavigateToPose            [33mRUNNING[0m -> [32mSUCCESS[0m
[robot_decision-1] [1746790268.834]: WaitNode                  [32mSUCCESS[0m -> [36mIDLE[0m
[robot_decision-1] [1746790268.834]: NavigateToPose            [32mSUCCESS[0m -> [36mIDLE[0m
[robot_decision-1] [1746790268.834]: Sequence                  [33mRUNNING[0m -> [32mSUCCESS[0m
[robot_decision-1] [1746790268.834]: Sequence                  [32mSUCCESS[0m -> [36mIDLE[0m
[robot_decision-1] [1746790268.834]: RetryUntilSuccessful      [33mRUNNING[0m -> [32mSUCCESS[0m
[robot_decision-1] [1746790268.834]: CheckIfHealth             [32mSUCCESS[0m -> [36mIDLE[0m
[robot_decision-1] [1746790268.834]: RetryUntilSuccessful      [32mSUCCESS[0m -> [36mIDLE[0m
[robot_decision-1] [1746790268.834]: BothOutpostAlive          [33mRUNNING[0m -> [32mSUCCESS[0m
[robot_decision-1] [1746790268.834]: OurOutpostDead            [31mFAILURE[0m -> [36mIDLE[0m
[robot_decision-1] [1746790268.834]: EnemyOutpostDead          [31mFAILURE[0m -> [36mIDLE[0m
[robot_decision-1] [1746790268.834]: BothOutpostAlive          [32mSUCCESS[0m -> [36mIDLE[0m
[robot_decision-1] [1746790268.834]: BaseStatusLogic           [33mRUNNING[0m -> [32mSUCCESS[0m
[robot_decision-1] [1746790268.834]: Inverter                  [31mFAILURE[0m -> [36mIDLE[0m
[robot_decision-1] [1746790268.834]: HealthCheck               [31mFAILURE[0m -> [36mIDLE[0m
[robot_decision-1] [1746790268.834]: BaseStatusLogic           [32mSUCCESS[0m -> [36mIDLE[0m
[robot_decision-1] [1746790268.834]: ActionSequence            [33mRUNNING[0m -> [32mSUCCESS[0m
[robot_decision-1] [1746790268.834]: ActionSequence            [32mSUCCESS[0m -> [36mIDLE[0m
[robot_decision-1] [1746790268.834]: ActionSequence            [36mIDLE[0m -> [33mRUNNING[0m
[robot_decision-1] [1746790268.834]: Inverter                  [36mIDLE[0m -> [33mRUNNING[0m
[robot_decision-1] [1746790268.834]: Subscribers               [36mIDLE[0m -> [33mRUNNING[0m
[robot_decision-1] [1746790268.834]: IfHealthSub               [36mIDLE[0m -> [31mFAILURE[0m
[robot_decision-1] [1746790268.834]: IfHealthSub               [31mFAILURE[0m -> [36mIDLE[0m
[robot_decision-1] [1746790268.834]: Subscribers               [33mRUNNING[0m -> [31mFAILURE[0m
[robot_decision-1] [1746790268.834]: Subscribers               [31mFAILURE[0m -> [36mIDLE[0m
[robot_decision-1] [1746790268.834]: Inverter                  [33mRUNNING[0m -> [32mSUCCESS[0m
[robot_decision-1] [1746790268.834]: Inverter                  [32mSUCCESS[0m -> [36mIDLE[0m
[robot_decision-1] [1746790268.834]: ActionSequence            [33mRUNNING[0m -> [32mSUCCESS[0m
[robot_decision-1] [1746790268.834]: ActionSequence            [32mSUCCESS[0m -> [36mIDLE[0m
