[INFO] [launch]: All log files can be found below /home/aurora/.ros/log/2025-05-08-17-16-13-332831-aurora-1709121
[INFO] [launch]: Default logging verbosity is set to INFO
[INFO] [robot_decision-1]: process started with pid [1709148]
[robot_decision-1] [WARN] [1746695773.460309459] [rcl.logging_rosout]: Publisher already registered for provided node name. If this is due to multiple nodes with the same name then all logs for that logger name will go out over the existing publisher. As soon as any node with that name is destructed it will unregister the publisher, preventing any further logs for that name from being published on the rosout topic.
[robot_decision-1] [WARN] [1746695773.472239321] [rcl.logging_rosout]: Publisher already registered for provided node name. If this is due to multiple nodes with the same name then all logs for that logger name will go out over the existing publisher. As soon as any node with that name is destructed it will unregister the publisher, preventing any further logs for that name from being published on the rosout topic.
[robot_decision-1] [WARN] [1746695773.484774195] [rcl.logging_rosout]: Publisher already registered for provided node name. If this is due to multiple nodes with the same name then all logs for that logger name will go out over the existing publisher. As soon as any node with that name is destructed it will unregister the publisher, preventing any further logs for that name from being published on the rosout topic.
[robot_decision-1] [WARN] [1746695773.504870910] [rcl.logging_rosout]: Publisher already registered for provided node name. If this is due to multiple nodes with the same name then all logs for that logger name will go out over the existing publisher. As soon as any node with that name is destructed it will unregister the publisher, preventing any further logs for that name from being published on the rosout topic.
[robot_decision-1] [WARN] [1746695773.536200263] [rcl.logging_rosout]: Publisher already registered for provided node name. If this is due to multiple nodes with the same name then all logs for that logger name will go out over the existing publisher. As soon as any node with that name is destructed it will unregister the publisher, preventing any further logs for that name from being published on the rosout topic.
[robot_decision-1] [INFO] [1746695773.586041537] [robot_decision]: Node [CheckIfHealth] created Subscriber to topic [ifhealth]
[robot_decision-1] [INFO] [1746695773.611325945] [robot_decision]: Loading points from: /home/aurora/pnx_decision/install/robot_decision/share/robot_decision/behavior_trees/RMUC_point.yaml
[robot_decision-1] [INFO] [1746695773.611918666] [robot_decision]: Points loaded successfully
[robot_decision-1] [INFO] [1746695773.612533066] [robot_decision]: Loading points from: /home/aurora/pnx_decision/install/robot_decision/share/robot_decision/behavior_trees/RMUC_point.yaml
[robot_decision-1] [INFO] [1746695773.612747104] [robot_decision]: Points loaded successfully
[robot_decision-1] [1746695773.613]: Fallback                  [36mIDLE[0m -> [33mRUNNING[0m
[robot_decision-1] [1746695773.613]: Sequence                  [36mIDLE[0m -> [33mRUNNING[0m
[robot_decision-1] [1746695773.613]: RetryUntilSuccessful      [36mIDLE[0m -> [33mRUNNING[0m
[robot_decision-1] [INFO] [1746695773.613660690] [robot_decision]: [CheckIfHealth] amount of blood: 500
[robot_decision-1] [1746695773.614]: CheckIfHealth             [36mIDLE[0m -> [32mSUCCESS[0m
[robot_decision-1] [1746695773.614]: CheckIfHealth             [32mSUCCESS[0m -> [36mIDLE[0m
[robot_decision-1] [1746695773.614]: RetryUntilSuccessful      [33mRUNNING[0m -> [32mSUCCESS[0m
[robot_decision-1] [1746695773.614]: RetryUntilSuccessful      [36mIDLE[0m -> [33mRUNNING[0m
[robot_decision-1] [1746695773.614]: NavigateToPose            [36mIDLE[0m -> [33mRUNNING[0m
[robot_decision-1] Point key: 1 x:3 y:0.45
[robot_decision-1] [WARN] [1746695778.625589824] [robot_decision]: NavigateToPose failure: SEND_GOAL_TIMEOUT
[robot_decision-1] --- status: RUNNING
[robot_decision-1] 
[robot_decision-1] [1746695778.626]: NavigateToPose            [33mRUNNING[0m -> [31mFAILURE[0m
[robot_decision-1] [1746695778.626]: NavigateToPose            [31mFAILURE[0m -> [36mIDLE[0m
[robot_decision-1] [1746695778.626]: NavigateToPose            [36mIDLE[0m -> [33mRUNNING[0m
[robot_decision-1] Point key: 1 x:3 y:0.45
[robot_decision-1] onResultReceived: 4
[robot_decision-1] [1746695783.436]: NavigateToPose            [33mRUNNING[0m -> [32mSUCCESS[0m
[robot_decision-1] [1746695783.436]: NavigateToPose            [32mSUCCESS[0m -> [36mIDLE[0m
[robot_decision-1] [1746695783.436]: RetryUntilSuccessful      [33mRUNNING[0m -> [32mSUCCESS[0m
[robot_decision-1] [1746695783.436]: WaitNode                  [36mIDLE[0m -> [33mRUNNING[0m
[robot_decision-1] [INFO] [1746695783.435667438] [robot_decision]: Navigation Success!
[robot_decision-1] [1746695784.036]: WaitNode                  [33mRUNNING[0m -> [32mSUCCESS[0m
[robot_decision-1] [1746695784.036]: RetryUntilSuccessful      [32mSUCCESS[0m -> [36mIDLE[0m
[robot_decision-1] [1746695784.036]: RetryUntilSuccessful      [32mSUCCESS[0m -> [36mIDLE[0m
[robot_decision-1] [1746695784.036]: WaitNode                  [32mSUCCESS[0m -> [36mIDLE[0m
[robot_decision-1] [1746695784.036]: Sequence                  [33mRUNNING[0m -> [32mSUCCESS[0m
[robot_decision-1] [1746695784.036]: Sequence                  [32mSUCCESS[0m -> [36mIDLE[0m
[robot_decision-1] [1746695784.036]: Fallback                  [33mRUNNING[0m -> [32mSUCCESS[0m
[robot_decision-1] [1746695784.036]: Fallback                  [32mSUCCESS[0m -> [36mIDLE[0m
[robot_decision-1] [1746695784.236]: Fallback                  [36mIDLE[0m -> [33mRUNNING[0m
[robot_decision-1] [1746695784.237]: Sequence                  [36mIDLE[0m -> [33mRUNNING[0m
[robot_decision-1] [1746695784.237]: RetryUntilSuccessful      [36mIDLE[0m -> [33mRUNNING[0m
[robot_decision-1] [INFO] [1746695784.236755118] [robot_decision]: [CheckIfHealth] amount of blood: 500
[robot_decision-1] [1746695784.237]: CheckIfHealth             [36mIDLE[0m -> [32mSUCCESS[0m
[robot_decision-1] [1746695784.237]: CheckIfHealth             [32mSUCCESS[0m -> [36mIDLE[0m
[robot_decision-1] [1746695784.237]: RetryUntilSuccessful      [33mRUNNING[0m -> [32mSUCCESS[0m
[robot_decision-1] [1746695784.237]: RetryUntilSuccessful      [36mIDLE[0m -> [33mRUNNING[0m
[robot_decision-1] [1746695784.237]: NavigateToPose            [36mIDLE[0m -> [33mRUNNING[0m
[robot_decision-1] Point key: 1 x:3 y:0.45
[robot_decision-1] onResultReceived: 4
[robot_decision-1] [1746695785.239]: NavigateToPose            [33mRUNNING[0m -> [32mSUCCESS[0m
[robot_decision-1] [1746695785.239]: NavigateToPose            [32mSUCCESS[0m -> [36mIDLE[0m
[robot_decision-1] [1746695785.239]: RetryUntilSuccessful      [33mRUNNING[0m -> [32mSUCCESS[0m
[robot_decision-1] [1746695785.239]: WaitNode                  [36mIDLE[0m -> [33mRUNNING[0m
[robot_decision-1] [INFO] [1746695785.239266092] [robot_decision]: Navigation Success!
[robot_decision-1] [1746695785.840]: WaitNode                  [33mRUNNING[0m -> [32mSUCCESS[0m
[robot_decision-1] [1746695785.840]: RetryUntilSuccessful      [32mSUCCESS[0m -> [36mIDLE[0m
[robot_decision-1] [1746695785.840]: RetryUntilSuccessful      [32mSUCCESS[0m -> [36mIDLE[0m
[robot_decision-1] [1746695785.840]: WaitNode                  [32mSUCCESS[0m -> [36mIDLE[0m
[robot_decision-1] [1746695785.840]: Sequence                  [33mRUNNING[0m -> [32mSUCCESS[0m
[robot_decision-1] [1746695785.840]: Sequence                  [32mSUCCESS[0m -> [36mIDLE[0m
[robot_decision-1] [1746695785.840]: Fallback                  [33mRUNNING[0m -> [32mSUCCESS[0m
[robot_decision-1] [1746695785.840]: Fallback                  [32mSUCCESS[0m -> [36mIDLE[0m
[robot_decision-1] [1746695786.040]: Fallback                  [36mIDLE[0m -> [33mRUNNING[0m
[robot_decision-1] [1746695786.040]: Sequence                  [36mIDLE[0m -> [33mRUNNING[0m
[robot_decision-1] [1746695786.040]: RetryUntilSuccessful      [36mIDLE[0m -> [33mRUNNING[0m
[robot_decision-1] [INFO] [1746695786.040376072] [robot_decision]: [CheckIfHealth] amount of blood: 500
[robot_decision-1] [1746695786.040]: CheckIfHealth             [36mIDLE[0m -> [32mSUCCESS[0m
[robot_decision-1] [1746695786.040]: CheckIfHealth             [32mSUCCESS[0m -> [36mIDLE[0m
[robot_decision-1] [1746695786.040]: RetryUntilSuccessful      [33mRUNNING[0m -> [32mSUCCESS[0m
[robot_decision-1] [1746695786.040]: RetryUntilSuccessful      [36mIDLE[0m -> [33mRUNNING[0m
[robot_decision-1] [1746695786.040]: NavigateToPose            [36mIDLE[0m -> [33mRUNNING[0m
[robot_decision-1] Point key: 1 x:3 y:0.45
[robot_decision-1] onResultReceived: 4
[robot_decision-1] [1746695787.043]: NavigateToPose            [33mRUNNING[0m -> [32mSUCCESS[0m
[robot_decision-1] [1746695787.043]: NavigateToPose            [32mSUCCESS[0m -> [36mIDLE[0m
[robot_decision-1] [1746695787.043]: RetryUntilSuccessful      [33mRUNNING[0m -> [32mSUCCESS[0m
[robot_decision-1] [1746695787.043]: WaitNode                  [36mIDLE[0m -> [33mRUNNING[0m
[robot_decision-1] [INFO] [1746695787.043112821] [robot_decision]: Navigation Success!
[robot_decision-1] [1746695787.644]: WaitNode                  [33mRUNNING[0m -> [32mSUCCESS[0m
[robot_decision-1] [1746695787.644]: RetryUntilSuccessful      [32mSUCCESS[0m -> [36mIDLE[0m
[robot_decision-1] [1746695787.644]: RetryUntilSuccessful      [32mSUCCESS[0m -> [36mIDLE[0m
[robot_decision-1] [1746695787.644]: WaitNode                  [32mSUCCESS[0m -> [36mIDLE[0m
[robot_decision-1] [1746695787.644]: Sequence                  [33mRUNNING[0m -> [32mSUCCESS[0m
[robot_decision-1] [1746695787.644]: Sequence                  [32mSUCCESS[0m -> [36mIDLE[0m
[robot_decision-1] [1746695787.644]: Fallback                  [33mRUNNING[0m -> [32mSUCCESS[0m
[robot_decision-1] [1746695787.644]: Fallback                  [32mSUCCESS[0m -> [36mIDLE[0m
[robot_decision-1] [1746695787.844]: Fallback                  [36mIDLE[0m -> [33mRUNNING[0m
[robot_decision-1] [1746695787.844]: Sequence                  [36mIDLE[0m -> [33mRUNNING[0m
[robot_decision-1] [1746695787.844]: RetryUntilSuccessful      [36mIDLE[0m -> [33mRUNNING[0m
[robot_decision-1] [INFO] [1746695787.844296945] [robot_decision]: [CheckIfHealth] amount of blood: 500
[robot_decision-1] [1746695787.844]: CheckIfHealth             [36mIDLE[0m -> [32mSUCCESS[0m
[robot_decision-1] [1746695787.844]: CheckIfHealth             [32mSUCCESS[0m -> [36mIDLE[0m
[robot_decision-1] [1746695787.844]: RetryUntilSuccessful      [33mRUNNING[0m -> [32mSUCCESS[0m
[robot_decision-1] [1746695787.844]: RetryUntilSuccessful      [36mIDLE[0m -> [33mRUNNING[0m
[robot_decision-1] [1746695787.844]: NavigateToPose            [36mIDLE[0m -> [33mRUNNING[0m
[robot_decision-1] Point key: 1 x:3 y:0.45
[robot_decision-1] onResultReceived: 4
[robot_decision-1] [1746695788.848]: NavigateToPose            [33mRUNNING[0m -> [32mSUCCESS[0m
[robot_decision-1] [1746695788.848]: NavigateToPose            [32mSUCCESS[0m -> [36mIDLE[0m
[robot_decision-1] [1746695788.848]: RetryUntilSuccessful      [33mRUNNING[0m -> [32mSUCCESS[0m
[robot_decision-1] [1746695788.848]: WaitNode                  [36mIDLE[0m -> [33mRUNNING[0m
[robot_decision-1] [INFO] [1746695788.847702780] [robot_decision]: Navigation Success!
[robot_decision-1] [1746695789.448]: WaitNode                  [33mRUNNING[0m -> [32mSUCCESS[0m
[robot_decision-1] [1746695789.448]: RetryUntilSuccessful      [32mSUCCESS[0m -> [36mIDLE[0m
[robot_decision-1] [1746695789.448]: RetryUntilSuccessful      [32mSUCCESS[0m -> [36mIDLE[0m
[robot_decision-1] [1746695789.448]: WaitNode                  [32mSUCCESS[0m -> [36mIDLE[0m
[robot_decision-1] [1746695789.448]: Sequence                  [33mRUNNING[0m -> [32mSUCCESS[0m
[robot_decision-1] [1746695789.448]: Sequence                  [32mSUCCESS[0m -> [36mIDLE[0m
[robot_decision-1] [1746695789.448]: Fallback                  [33mRUNNING[0m -> [32mSUCCESS[0m
[robot_decision-1] [1746695789.448]: Fallback                  [32mSUCCESS[0m -> [36mIDLE[0m
[robot_decision-1] [1746695789.648]: Fallback                  [36mIDLE[0m -> [33mRUNNING[0m
[robot_decision-1] [1746695789.649]: Sequence                  [36mIDLE[0m -> [33mRUNNING[0m
[robot_decision-1] [1746695789.649]: RetryUntilSuccessful      [36mIDLE[0m -> [33mRUNNING[0m
[robot_decision-1] [INFO] [1746695789.648879589] [robot_decision]: [CheckIfHealth] amount of blood: 500
[robot_decision-1] [1746695789.649]: CheckIfHealth             [36mIDLE[0m -> [32mSUCCESS[0m
[robot_decision-1] [1746695789.649]: CheckIfHealth             [32mSUCCESS[0m -> [36mIDLE[0m
[robot_decision-1] [1746695789.649]: RetryUntilSuccessful      [33mRUNNING[0m -> [32mSUCCESS[0m
[robot_decision-1] [1746695789.649]: RetryUntilSuccessful      [36mIDLE[0m -> [33mRUNNING[0m
[robot_decision-1] [1746695789.649]: NavigateToPose            [36mIDLE[0m -> [33mRUNNING[0m
[robot_decision-1] Point key: 1 x:3 y:0.45
[robot_decision-1] onResultReceived: 4
[robot_decision-1] [1746695790.652]: NavigateToPose            [33mRUNNING[0m -> [32mSUCCESS[0m
[robot_decision-1] [1746695790.652]: NavigateToPose            [32mSUCCESS[0m -> [36mIDLE[0m
[robot_decision-1] [1746695790.652]: RetryUntilSuccessful      [33mRUNNING[0m -> [32mSUCCESS[0m
[robot_decision-1] [1746695790.653]: WaitNode                  [36mIDLE[0m -> [33mRUNNING[0m
[robot_decision-1] [INFO] [1746695790.652421522] [robot_decision]: Navigation Success!
[robot_decision-1] [1746695791.253]: WaitNode                  [33mRUNNING[0m -> [32mSUCCESS[0m
[robot_decision-1] [1746695791.253]: RetryUntilSuccessful      [32mSUCCESS[0m -> [36mIDLE[0m
[robot_decision-1] [1746695791.253]: RetryUntilSuccessful      [32mSUCCESS[0m -> [36mIDLE[0m
[robot_decision-1] [1746695791.253]: WaitNode                  [32mSUCCESS[0m -> [36mIDLE[0m
[robot_decision-1] [1746695791.253]: Sequence                  [33mRUNNING[0m -> [32mSUCCESS[0m
[robot_decision-1] [1746695791.253]: Sequence                  [32mSUCCESS[0m -> [36mIDLE[0m
[robot_decision-1] [1746695791.253]: Fallback                  [33mRUNNING[0m -> [32mSUCCESS[0m
[robot_decision-1] [1746695791.253]: Fallback                  [32mSUCCESS[0m -> [36mIDLE[0m
[robot_decision-1] [1746695791.453]: Fallback                  [36mIDLE[0m -> [33mRUNNING[0m
[robot_decision-1] [1746695791.453]: Sequence                  [36mIDLE[0m -> [33mRUNNING[0m
[robot_decision-1] [1746695791.453]: RetryUntilSuccessful      [36mIDLE[0m -> [33mRUNNING[0m
[robot_decision-1] [INFO] [1746695791.453383981] [robot_decision]: [CheckIfHealth] amount of blood: 500
[robot_decision-1] [1746695791.453]: CheckIfHealth             [36mIDLE[0m -> [32mSUCCESS[0m
[robot_decision-1] [1746695791.453]: CheckIfHealth             [32mSUCCESS[0m -> [36mIDLE[0m
[robot_decision-1] [1746695791.453]: RetryUntilSuccessful      [33mRUNNING[0m -> [32mSUCCESS[0m
[robot_decision-1] [1746695791.453]: RetryUntilSuccessful      [36mIDLE[0m -> [33mRUNNING[0m
[robot_decision-1] [1746695791.453]: NavigateToPose            [36mIDLE[0m -> [33mRUNNING[0m
[robot_decision-1] Point key: 1 x:3 y:0.45
[robot_decision-1] onResultReceived: 4
[robot_decision-1] [1746695792.456]: NavigateToPose            [33mRUNNING[0m -> [32mSUCCESS[0m
[robot_decision-1] [1746695792.456]: NavigateToPose            [32mSUCCESS[0m -> [36mIDLE[0m
[robot_decision-1] [1746695792.456]: RetryUntilSuccessful      [33mRUNNING[0m -> [32mSUCCESS[0m
[robot_decision-1] [1746695792.456]: WaitNode                  [36mIDLE[0m -> [33mRUNNING[0m
[robot_decision-1] [INFO] [1746695792.455924110] [robot_decision]: Navigation Success!
[robot_decision-1] [1746695793.057]: WaitNode                  [33mRUNNING[0m -> [32mSUCCESS[0m
[robot_decision-1] [1746695793.057]: RetryUntilSuccessful      [32mSUCCESS[0m -> [36mIDLE[0m
[robot_decision-1] [1746695793.057]: RetryUntilSuccessful      [32mSUCCESS[0m -> [36mIDLE[0m
[robot_decision-1] [1746695793.057]: WaitNode                  [32mSUCCESS[0m -> [36mIDLE[0m
[robot_decision-1] [1746695793.057]: Sequence                  [33mRUNNING[0m -> [32mSUCCESS[0m
[robot_decision-1] [1746695793.057]: Sequence                  [32mSUCCESS[0m -> [36mIDLE[0m
[robot_decision-1] [1746695793.057]: Fallback                  [33mRUNNING[0m -> [32mSUCCESS[0m
[robot_decision-1] [1746695793.057]: Fallback                  [32mSUCCESS[0m -> [36mIDLE[0m
[robot_decision-1] [1746695793.257]: Fallback                  [36mIDLE[0m -> [33mRUNNING[0m
[robot_decision-1] [1746695793.257]: Sequence                  [36mIDLE[0m -> [33mRUNNING[0m
[robot_decision-1] [1746695793.257]: RetryUntilSuccessful      [36mIDLE[0m -> [33mRUNNING[0m
[robot_decision-1] [INFO] [1746695793.256871019] [robot_decision]: [CheckIfHealth] amount of blood: 500
[robot_decision-1] [1746695793.257]: CheckIfHealth             [36mIDLE[0m -> [32mSUCCESS[0m
[robot_decision-1] [1746695793.257]: CheckIfHealth             [32mSUCCESS[0m -> [36mIDLE[0m
[robot_decision-1] [1746695793.257]: RetryUntilSuccessful      [33mRUNNING[0m -> [32mSUCCESS[0m
[robot_decision-1] [1746695793.257]: RetryUntilSuccessful      [36mIDLE[0m -> [33mRUNNING[0m
[robot_decision-1] [1746695793.257]: NavigateToPose            [36mIDLE[0m -> [33mRUNNING[0m
[robot_decision-1] Point key: 1 x:3 y:0.45
[robot_decision-1] onResultReceived: 4
[robot_decision-1] [1746695794.260]: NavigateToPose            [33mRUNNING[0m -> [32mSUCCESS[0m
[robot_decision-1] [1746695794.260]: NavigateToPose            [32mSUCCESS[0m -> [36mIDLE[0m
[robot_decision-1] [1746695794.260]: RetryUntilSuccessful      [33mRUNNING[0m -> [32mSUCCESS[0m
[robot_decision-1] [1746695794.260]: WaitNode                  [36mIDLE[0m -> [33mRUNNING[0m
[robot_decision-1] [INFO] [1746695794.259915218] [robot_decision]: Navigation Success!
[robot_decision-1] [1746695794.861]: WaitNode                  [33mRUNNING[0m -> [32mSUCCESS[0m
[robot_decision-1] [1746695794.861]: RetryUntilSuccessful      [32mSUCCESS[0m -> [36mIDLE[0m
[robot_decision-1] [1746695794.861]: RetryUntilSuccessful      [32mSUCCESS[0m -> [36mIDLE[0m
[robot_decision-1] [1746695794.861]: WaitNode                  [32mSUCCESS[0m -> [36mIDLE[0m
[robot_decision-1] [1746695794.861]: Sequence                  [33mRUNNING[0m -> [32mSUCCESS[0m
[robot_decision-1] [1746695794.861]: Sequence                  [32mSUCCESS[0m -> [36mIDLE[0m
[robot_decision-1] [1746695794.861]: Fallback                  [33mRUNNING[0m -> [32mSUCCESS[0m
[robot_decision-1] [1746695794.861]: Fallback                  [32mSUCCESS[0m -> [36mIDLE[0m
[robot_decision-1] [1746695795.061]: Fallback                  [36mIDLE[0m -> [33mRUNNING[0m
[robot_decision-1] [1746695795.061]: Sequence                  [36mIDLE[0m -> [33mRUNNING[0m
[robot_decision-1] [1746695795.061]: RetryUntilSuccessful      [36mIDLE[0m -> [33mRUNNING[0m
[robot_decision-1] [INFO] [1746695795.061264242] [robot_decision]: [CheckIfHealth] amount of blood: 500
[robot_decision-1] [1746695795.061]: CheckIfHealth             [36mIDLE[0m -> [32mSUCCESS[0m
[robot_decision-1] [1746695795.061]: CheckIfHealth             [32mSUCCESS[0m -> [36mIDLE[0m
[robot_decision-1] [1746695795.061]: RetryUntilSuccessful      [33mRUNNING[0m -> [32mSUCCESS[0m
[robot_decision-1] [1746695795.061]: RetryUntilSuccessful      [36mIDLE[0m -> [33mRUNNING[0m
[robot_decision-1] [1746695795.061]: NavigateToPose            [36mIDLE[0m -> [33mRUNNING[0m
[robot_decision-1] Point key: 1 x:3 y:0.45
[robot_decision-1] onResultReceived: 4
[robot_decision-1] [1746695796.065]: NavigateToPose            [33mRUNNING[0m -> [32mSUCCESS[0m
[robot_decision-1] [1746695796.065]: NavigateToPose            [32mSUCCESS[0m -> [36mIDLE[0m
[robot_decision-1] [1746695796.065]: RetryUntilSuccessful      [33mRUNNING[0m -> [32mSUCCESS[0m
[robot_decision-1] [1746695796.065]: WaitNode                  [36mIDLE[0m -> [33mRUNNING[0m
[robot_decision-1] [INFO] [1746695796.065041257] [robot_decision]: Navigation Success!
[robot_decision-1] [1746695796.666]: WaitNode                  [33mRUNNING[0m -> [32mSUCCESS[0m
[robot_decision-1] [1746695796.666]: RetryUntilSuccessful      [32mSUCCESS[0m -> [36mIDLE[0m
[robot_decision-1] [1746695796.666]: RetryUntilSuccessful      [32mSUCCESS[0m -> [36mIDLE[0m
[robot_decision-1] [1746695796.666]: WaitNode                  [32mSUCCESS[0m -> [36mIDLE[0m
[robot_decision-1] [1746695796.666]: Sequence                  [33mRUNNING[0m -> [32mSUCCESS[0m
[robot_decision-1] [1746695796.666]: Sequence                  [32mSUCCESS[0m -> [36mIDLE[0m
[robot_decision-1] [1746695796.666]: Fallback                  [33mRUNNING[0m -> [32mSUCCESS[0m
[robot_decision-1] [1746695796.666]: Fallback                  [32mSUCCESS[0m -> [36mIDLE[0m
[robot_decision-1] [1746695796.866]: Fallback                  [36mIDLE[0m -> [33mRUNNING[0m
[robot_decision-1] [1746695796.866]: Sequence                  [36mIDLE[0m -> [33mRUNNING[0m
[robot_decision-1] [1746695796.866]: RetryUntilSuccessful      [36mIDLE[0m -> [33mRUNNING[0m
[robot_decision-1] [INFO] [1746695796.866376803] [robot_decision]: [CheckIfHealth] amount of blood: 500
[robot_decision-1] [1746695796.866]: CheckIfHealth             [36mIDLE[0m -> [32mSUCCESS[0m
[robot_decision-1] [1746695796.866]: CheckIfHealth             [32mSUCCESS[0m -> [36mIDLE[0m
[robot_decision-1] [1746695796.866]: RetryUntilSuccessful      [33mRUNNING[0m -> [32mSUCCESS[0m
[robot_decision-1] [1746695796.867]: RetryUntilSuccessful      [36mIDLE[0m -> [33mRUNNING[0m
[robot_decision-1] [1746695796.867]: NavigateToPose            [36mIDLE[0m -> [33mRUNNING[0m
[robot_decision-1] Point key: 1 x:3 y:0.45
[robot_decision-1] onResultReceived: 4
[robot_decision-1] [1746695797.870]: NavigateToPose            [33mRUNNING[0m -> [32mSUCCESS[0m
[robot_decision-1] [1746695797.870]: NavigateToPose            [32mSUCCESS[0m -> [36mIDLE[0m
[robot_decision-1] [1746695797.870]: RetryUntilSuccessful      [33mRUNNING[0m -> [32mSUCCESS[0m
[robot_decision-1] [1746695797.870]: WaitNode                  [36mIDLE[0m -> [33mRUNNING[0m
[robot_decision-1] [INFO] [1746695797.869746708] [robot_decision]: Navigation Success!
[robot_decision-1] [1746695798.470]: WaitNode                  [33mRUNNING[0m -> [32mSUCCESS[0m
[robot_decision-1] [1746695798.471]: RetryUntilSuccessful      [32mSUCCESS[0m -> [36mIDLE[0m
[robot_decision-1] [1746695798.471]: RetryUntilSuccessful      [32mSUCCESS[0m -> [36mIDLE[0m
[robot_decision-1] [1746695798.471]: WaitNode                  [32mSUCCESS[0m -> [36mIDLE[0m
[robot_decision-1] [1746695798.471]: Sequence                  [33mRUNNING[0m -> [32mSUCCESS[0m
[robot_decision-1] [1746695798.471]: Sequence                  [32mSUCCESS[0m -> [36mIDLE[0m
[robot_decision-1] [1746695798.471]: Fallback                  [33mRUNNING[0m -> [32mSUCCESS[0m
[robot_decision-1] [1746695798.471]: Fallback                  [32mSUCCESS[0m -> [36mIDLE[0m
[robot_decision-1] [1746695798.671]: Fallback                  [36mIDLE[0m -> [33mRUNNING[0m
[robot_decision-1] [1746695798.671]: Sequence                  [36mIDLE[0m -> [33mRUNNING[0m
[robot_decision-1] [1746695798.671]: RetryUntilSuccessful      [36mIDLE[0m -> [33mRUNNING[0m
[robot_decision-1] [1746695798.671]: CheckIfHealth             [36mIDLE[0m -> [31mFAILURE[0m
[robot_decision-1] [1746695798.671]: CheckIfHealth             [31mFAILURE[0m -> [36mIDLE[0m
[robot_decision-1] [ERROR] [1746695798.671199970] [robot_decision]: [CheckIfHealth] invalid message
[robot_decision-1] [ERROR] [1746695798.671488055] [robot_decision]: [CheckIfHealth] invalid message
[robot_decision-1] [ERROR] [1746695798.671575057] [robot_decision]: [CheckIfHealth] invalid message
[robot_decision-1] [ERROR] [1746695798.671642993] [robot_decision]: [CheckIfHealth] invalid message
[robot_decision-1] [ERROR] [1746695798.671710588] [robot_decision]: [CheckIfHealth] invalid message
[robot_decision-1] [ERROR] [1746695798.671777873] [robot_decision]: [CheckIfHealth] invalid message
[robot_decision-1] [ERROR] [1746695798.671845108] [robot_decision]: [CheckIfHealth] invalid message
[robot_decision-1] [1746695798.671]: CheckIfHealth             [36mIDLE[0m -> [31mFAILURE[0m
[robot_decision-1] [1746695798.671]: CheckIfHealth             [31mFAILURE[0m -> [36mIDLE[0m
[robot_decision-1] [1746695798.672]: CheckIfHealth             [36mIDLE[0m -> [31mFAILURE[0m
[robot_decision-1] [1746695798.672]: CheckIfHealth             [31mFAILURE[0m -> [36mIDLE[0m
[robot_decision-1] [1746695798.672]: CheckIfHealth             [36mIDLE[0m -> [31mFAILURE[0m
[robot_decision-1] [1746695798.672]: CheckIfHealth             [31mFAILURE[0m -> [36mIDLE[0m
[robot_decision-1] [1746695798.672]: CheckIfHealth             [36mIDLE[0m -> [31mFAILURE[0m
[robot_decision-1] [1746695798.672]: CheckIfHealth             [31mFAILURE[0m -> [36mIDLE[0m
[robot_decision-1] [1746695798.672]: CheckIfHealth             [36mIDLE[0m -> [31mFAILURE[0m
[robot_decision-1] [1746695798.672]: CheckIfHealth             [31mFAILURE[0m -> [36mIDLE[0m
[robot_decision-1] [1746695798.672]: CheckIfHealth             [36mIDLE[0m -> [31mFAILURE[0m
[robot_decision-1] [1746695798.672]: CheckIfHealth             [31mFAILURE[0m -> [36mIDLE[0m
[robot_decision-1] [1746695798.672]: CheckIfHealth             [36mIDLE[0m -> [31mFAILURE[0m
[robot_decision-1] [1746695798.672]: CheckIfHealth             [31mFAILURE[0m -> [36mIDLE[0m
[robot_decision-1] [1746695798.672]: CheckIfHealth             [36mIDLE[0m -> [31mFAILURE[0m
[robot_decision-1] [1746695798.672]: CheckIfHealth             [31mFAILURE[0m -> [36mIDLE[0m
[robot_decision-1] [ERROR] [1746695798.671913916] [robot_decision]: [CheckIfHealth] invalid message
[robot_decision-1] [ERROR] [1746695798.671982513] [robot_decision]: [CheckIfHealth] invalid message
[robot_decision-1] [ERROR] [1746695798.672052974] [robot_decision]: [CheckIfHealth] invalid message
[robot_decision-1] [1746695798.672]: CheckIfHealth             [36mIDLE[0m -> [31mFAILURE[0m
[robot_decision-1] [1746695798.672]: CheckIfHealth             [31mFAILURE[0m -> [36mIDLE[0m
[robot_decision-1] [1746695798.672]: CheckIfHealth             [36mIDLE[0m -> [31mFAILURE[0m
[robot_decision-1] [1746695798.672]: CheckIfHealth             [31mFAILURE[0m -> [36mIDLE[0m
[robot_decision-1] [1746695798.672]: CheckIfHealth             [36mIDLE[0m -> [31mFAILURE[0m
[robot_decision-1] [1746695798.672]: CheckIfHealth             [31mFAILURE[0m -> [36mIDLE[0m
[robot_decision-1] [1746695798.672]: CheckIfHealth             [36mIDLE[0m -> [31mFAILURE[0m
[robot_decision-1] [1746695798.672]: CheckIfHealth             [31mFAILURE[0m -> [36mIDLE[0m
[robot_decision-1] [ERROR] [1746695798.672096946] [robot_decision]: [CheckIfHealth] invalid message
[robot_decision-1] [ERROR] [1746695798.672188846] [robot_decision]: [CheckIfHealth] invalid message
[robot_decision-1] [ERROR] [1746695798.672303800] [robot_decision]: [CheckIfHealth] invalid message
[robot_decision-1] [1746695798.672]: CheckIfHealth             [36mIDLE[0m -> [31mFAILURE[0m
[robot_decision-1] [1746695798.672]: CheckIfHealth             [31mFAILURE[0m -> [36mIDLE[0m
[robot_decision-1] [1746695798.672]: CheckIfHealth             [36mIDLE[0m -> [31mFAILURE[0m
[robot_decision-1] [1746695798.672]: CheckIfHealth             [31mFAILURE[0m -> [36mIDLE[0m
[robot_decision-1] [ERROR] [1746695798.672390731] [robot_decision]: [CheckIfHealth] invalid message
[robot_decision-1] [ERROR] [1746695798.672473044] [robot_decision]: [CheckIfHealth] invalid message
[robot_decision-1] [ERROR] [1746695798.672554034] [robot_decision]: [CheckIfHealth] invalid message
[robot_decision-1] [ERROR] [1746695798.672632350] [robot_decision]: [CheckIfHealth] invalid message
[robot_decision-1] [1746695798.672]: CheckIfHealth             [36mIDLE[0m -> [31mFAILURE[0m
[robot_decision-1] [1746695798.672]: CheckIfHealth             [31mFAILURE[0m -> [36mIDLE[0m
[robot_decision-1] [1746695798.673]: CheckIfHealth             [36mIDLE[0m -> [31mFAILURE[0m
[robot_decision-1] [1746695798.673]: CheckIfHealth             [31mFAILURE[0m -> [36mIDLE[0m
[robot_decision-1] [1746695798.673]: CheckIfHealth             [36mIDLE[0m -> [31mFAILURE[0m
[robot_decision-1] [1746695798.673]: CheckIfHealth             [31mFAILURE[0m -> [36mIDLE[0m
[robot_decision-1] [1746695798.673]: CheckIfHealth             [36mIDLE[0m -> [31mFAILURE[0m
[robot_decision-1] [1746695798.673]: CheckIfHealth             [31mFAILURE[0m -> [36mIDLE[0m
[robot_decision-1] [ERROR] [1746695798.672710174] [robot_decision]: [CheckIfHealth] invalid message
[robot_decision-1] [ERROR] [1746695798.672796284] [robot_decision]: [CheckIfHealth] invalid message
[robot_decision-1] [ERROR] [1746695798.672892342] [robot_decision]: [CheckIfHealth] invalid message
[robot_decision-1] [ERROR] [1746695798.672998830] [robot_decision]: [CheckIfHealth] invalid message
[robot_decision-1] [ERROR] [1746695798.673077697] [robot_decision]: [CheckIfHealth] invalid message
[robot_decision-1] [ERROR] [1746695798.673150963] [robot_decision]: [CheckIfHealth] invalid message
[robot_decision-1] [ERROR] [1746695798.673216625] [robot_decision]: [CheckIfHealth] invalid message
[robot_decision-1] [1746695798.673]: CheckIfHealth             [36mIDLE[0m -> [31mFAILURE[0m
[robot_decision-1] [1746695798.673]: CheckIfHealth             [31mFAILURE[0m -> [36mIDLE[0m
[robot_decision-1] [1746695798.673]: CheckIfHealth             [36mIDLE[0m -> [31mFAILURE[0m
[robot_decision-1] [1746695798.673]: CheckIfHealth             [31mFAILURE[0m -> [36mIDLE[0m
[robot_decision-1] [1746695798.673]: CheckIfHealth             [36mIDLE[0m -> [31mFAILURE[0m
[robot_decision-1] [1746695798.673]: CheckIfHealth             [31mFAILURE[0m -> [36mIDLE[0m
[robot_decision-1] [1746695798.673]: CheckIfHealth             [36mIDLE[0m -> [31mFAILURE[0m
[robot_decision-1] [1746695798.673]: CheckIfHealth             [31mFAILURE[0m -> [36mIDLE[0m
[robot_decision-1] [1746695798.673]: CheckIfHealth             [36mIDLE[0m -> [31mFAILURE[0m
[robot_decision-1] [1746695798.673]: CheckIfHealth             [31mFAILURE[0m -> [36mIDLE[0m
[robot_decision-1] [1746695798.673]: CheckIfHealth             [36mIDLE[0m -> [31mFAILURE[0m
[robot_decision-1] [1746695798.673]: CheckIfHealth             [31mFAILURE[0m -> [36mIDLE[0m
[robot_decision-1] [ERROR] [1746695798.673286995] [robot_decision]: [CheckIfHealth] invalid message
[robot_decision-1] [INFO] [1746695798.673392251] [robot_decision]: [CheckIfunHealth] amount of blood: 100
[robot_decision-1] [1746695798.673]: CheckIfHealth             [36mIDLE[0m -> [31mFAILURE[0m
[robot_decision-1] [1746695798.673]: CheckIfHealth             [31mFAILURE[0m -> [36mIDLE[0m
[robot_decision-1] [1746695798.673]: RetryUntilSuccessful      [33mRUNNING[0m -> [31mFAILURE[0m
[robot_decision-1] [1746695798.673]: RetryUntilSuccessful      [31mFAILURE[0m -> [36mIDLE[0m
[robot_decision-1] [1746695798.673]: Sequence                  [33mRUNNING[0m -> [31mFAILURE[0m
[robot_decision-1] [1746695798.673]: Sequence                  [36mIDLE[0m -> [33mRUNNING[0m
[robot_decision-1] [1746695798.673]: RetryUntilSuccessful      [36mIDLE[0m -> [33mRUNNING[0m
[robot_decision-1] [1746695798.673]: CheckIfunHealth           [36mIDLE[0m -> [32mSUCCESS[0m
[robot_decision-1] [1746695798.673]: CheckIfunHealth           [32mSUCCESS[0m -> [36mIDLE[0m
[robot_decision-1] [1746695798.673]: RetryUntilSuccessful      [33mRUNNING[0m -> [32mSUCCESS[0m
[robot_decision-1] [1746695798.673]: RetryUntilSuccessful      [36mIDLE[0m -> [33mRUNNING[0m
[robot_decision-1] [1746695798.673]: NavigateToPose            [36mIDLE[0m -> [33mRUNNING[0m
[robot_decision-1] Point key: 2 x:2 y:0.7
[robot_decision-1] onResultReceived: 4
[robot_decision-1] [1746695802.084]: NavigateToPose            [33mRUNNING[0m -> [32mSUCCESS[0m
[robot_decision-1] [1746695802.084]: NavigateToPose            [32mSUCCESS[0m -> [36mIDLE[0m
[robot_decision-1] [1746695802.084]: RetryUntilSuccessful      [33mRUNNING[0m -> [32mSUCCESS[0m
[robot_decision-1] [1746695802.084]: WaitNode                  [36mIDLE[0m -> [33mRUNNING[0m
[robot_decision-1] [INFO] [1746695802.084133769] [robot_decision]: Navigation Success!
[robot_decision-1] [1746695802.685]: WaitNode                  [33mRUNNING[0m -> [32mSUCCESS[0m
[robot_decision-1] [1746695802.685]: RetryUntilSuccessful      [32mSUCCESS[0m -> [36mIDLE[0m
[robot_decision-1] [1746695802.685]: RetryUntilSuccessful      [32mSUCCESS[0m -> [36mIDLE[0m
[robot_decision-1] [1746695802.685]: WaitNode                  [32mSUCCESS[0m -> [36mIDLE[0m
[robot_decision-1] [1746695802.685]: Sequence                  [33mRUNNING[0m -> [32mSUCCESS[0m
[robot_decision-1] [1746695802.685]: Sequence                  [31mFAILURE[0m -> [36mIDLE[0m
[robot_decision-1] [1746695802.685]: Sequence                  [32mSUCCESS[0m -> [36mIDLE[0m
[robot_decision-1] [1746695802.685]: Fallback                  [33mRUNNING[0m -> [32mSUCCESS[0m
[robot_decision-1] [1746695802.685]: Fallback                  [32mSUCCESS[0m -> [36mIDLE[0m
[robot_decision-1] [1746695802.885]: Fallback                  [36mIDLE[0m -> [33mRUNNING[0m
[robot_decision-1] [1746695802.885]: Sequence                  [36mIDLE[0m -> [33mRUNNING[0m
[robot_decision-1] [1746695802.885]: RetryUntilSuccessful      [36mIDLE[0m -> [33mRUNNING[0m
[robot_decision-1] [1746695802.885]: CheckIfHealth             [36mIDLE[0m -> [31mFAILURE[0m
[robot_decision-1] [1746695802.885]: CheckIfHealth             [31mFAILURE[0m -> [36mIDLE[0m
[robot_decision-1] [1746695802.886]: CheckIfHealth             [36mIDLE[0m -> [31mFAILURE[0m
[robot_decision-1] [1746695802.886]: CheckIfHealth             [31mFAILURE[0m -> [36mIDLE[0m
[robot_decision-1] [1746695802.886]: CheckIfHealth             [36mIDLE[0m -> [31mFAILURE[0m
[robot_decision-1] [1746695802.886]: CheckIfHealth             [31mFAILURE[0m -> [36mIDLE[0m
[robot_decision-1] [1746695802.886]: CheckIfHealth             [36mIDLE[0m -> [31mFAILURE[0m
[robot_decision-1] [1746695802.886]: CheckIfHealth             [31mFAILURE[0m -> [36mIDLE[0m
[robot_decision-1] [1746695802.886]: CheckIfHealth             [36mIDLE[0m -> [31mFAILURE[0m
[robot_decision-1] [1746695802.886]: CheckIfHealth             [31mFAILURE[0m -> [36mIDLE[0m
[robot_decision-1] [1746695802.886]: CheckIfHealth             [36mIDLE[0m -> [31mFAILURE[0m
[robot_decision-1] [1746695802.886]: CheckIfHealth             [31mFAILURE[0m -> [36mIDLE[0m
[robot_decision-1] [1746695802.886]: CheckIfHealth             [36mIDLE[0m -> [31mFAILURE[0m
[robot_decision-1] [1746695802.886]: CheckIfHealth             [31mFAILURE[0m -> [36mIDLE[0m
[robot_decision-1] [1746695802.886]: CheckIfHealth             [36mIDLE[0m -> [31mFAILURE[0m
[robot_decision-1] [1746695802.886]: CheckIfHealth             [31mFAILURE[0m -> [36mIDLE[0m
[robot_decision-1] [1746695802.886]: CheckIfHealth             [36mIDLE[0m -> [31mFAILURE[0m
[robot_decision-1] [1746695802.886]: CheckIfHealth             [31mFAILURE[0m -> [36mIDLE[0m
[robot_decision-1] [1746695802.886]: CheckIfHealth             [36mIDLE[0m -> [31mFAILURE[0m
[robot_decision-1] [1746695802.886]: CheckIfHealth             [31mFAILURE[0m -> [36mIDLE[0m
[robot_decision-1] [1746695802.886]: CheckIfHealth             [36mIDLE[0m -> [31mFAILURE[0m
[robot_decision-1] [1746695802.886]: CheckIfHealth             [31mFAILURE[0m -> [36mIDLE[0m
[robot_decision-1] [1746695802.886]: CheckIfHealth             [36mIDLE[0m -> [31mFAILURE[0m
[robot_decision-1] [1746695802.886]: CheckIfHealth             [31mFAILURE[0m -> [36mIDLE[0m
[robot_decision-1] [ERROR] [1746695802.885451242] [robot_decision]: [CheckIfHealth] invalid message
[robot_decision-1] [ERROR] [1746695802.885642998] [robot_decision]: [CheckIfHealth] invalid message
[robot_decision-1] [ERROR] [1746695802.885804769] [robot_decision]: [CheckIfHealth] invalid message
[robot_decision-1] [ERROR] [1746695802.885887161] [robot_decision]: [CheckIfHealth] invalid message
[robot_decision-1] [ERROR] [1746695802.885962111] [robot_decision]: [CheckIfHealth] invalid message
[robot_decision-1] [ERROR] [1746695802.886124853] [robot_decision]: [CheckIfHealth] invalid message
[robot_decision-1] [ERROR] [1746695802.886214730] [robot_decision]: [CheckIfHealth] invalid message
[robot_decision-1] [ERROR] [1746695802.886294197] [robot_decision]: [CheckIfHealth] invalid message
[robot_decision-1] [ERROR] [1746695802.886370349] [robot_decision]: [CheckIfHealth] invalid message
[robot_decision-1] [ERROR] [1746695802.886448474] [robot_decision]: [CheckIfHealth] invalid message
[robot_decision-1] [ERROR] [1746695802.886525927] [robot_decision]: [CheckIfHealth] invalid message
[robot_decision-1] [ERROR] [1746695802.886605726] [robot_decision]: [CheckIfHealth] invalid message
[robot_decision-1] [ERROR] [1746695802.886683119] [robot_decision]: [CheckIfHealth] invalid message
[robot_decision-1] [1746695802.887]: CheckIfHealth             [36mIDLE[0m -> [31mFAILURE[0m
[robot_decision-1] [1746695802.887]: CheckIfHealth             [31mFAILURE[0m -> [36mIDLE[0m
[robot_decision-1] [1746695802.887]: CheckIfHealth             [36mIDLE[0m -> [31mFAILURE[0m
[robot_decision-1] [1746695802.887]: CheckIfHealth             [31mFAILURE[0m -> [36mIDLE[0m
[robot_decision-1] [1746695802.887]: CheckIfHealth             [36mIDLE[0m -> [31mFAILURE[0m
[robot_decision-1] [1746695802.887]: CheckIfHealth             [31mFAILURE[0m -> [36mIDLE[0m
[robot_decision-1] [1746695802.887]: CheckIfHealth             [36mIDLE[0m -> [31mFAILURE[0m
[robot_decision-1] [1746695802.887]: CheckIfHealth             [31mFAILURE[0m -> [36mIDLE[0m
[robot_decision-1] [1746695802.887]: CheckIfHealth             [36mIDLE[0m -> [31mFAILURE[0m
[robot_decision-1] [1746695802.887]: CheckIfHealth             [31mFAILURE[0m -> [36mIDLE[0m
[robot_decision-1] [ERROR] [1746695802.886764130] [robot_decision]: [CheckIfHealth] invalid message
[robot_decision-1] [ERROR] [1746695802.886876939] [robot_decision]: [CheckIfHealth] invalid message
[robot_decision-1] [ERROR] [1746695802.887005819] [robot_decision]: [CheckIfHealth] invalid message
[robot_decision-1] [ERROR] [1746695802.887099442] [robot_decision]: [CheckIfHealth] invalid message
[robot_decision-1] [ERROR] [1746695802.887183939] [robot_decision]: [CheckIfHealth] invalid message
[robot_decision-1] [ERROR] [1746695802.887264699] [robot_decision]: [CheckIfHealth] invalid message
[robot_decision-1] [ERROR] [1746695802.887340610] [robot_decision]: [CheckIfHealth] invalid message
[robot_decision-1] [ERROR] [1746695802.887427822] [robot_decision]: [CheckIfHealth] invalid message
[robot_decision-1] [ERROR] [1746695802.887518190] [robot_decision]: [CheckIfHealth] invalid message
[robot_decision-1] [1746695802.887]: CheckIfHealth             [36mIDLE[0m -> [31mFAILURE[0m
[robot_decision-1] [1746695802.887]: CheckIfHealth             [31mFAILURE[0m -> [36mIDLE[0m
[robot_decision-1] [1746695802.887]: CheckIfHealth             [36mIDLE[0m -> [31mFAILURE[0m
[robot_decision-1] [1746695802.887]: CheckIfHealth             [31mFAILURE[0m -> [36mIDLE[0m
[robot_decision-1] [1746695802.887]: CheckIfHealth             [36mIDLE[0m -> [31mFAILURE[0m
[robot_decision-1] [1746695802.887]: CheckIfHealth             [31mFAILURE[0m -> [36mIDLE[0m
[robot_decision-1] [1746695802.887]: CheckIfHealth             [36mIDLE[0m -> [31mFAILURE[0m
[robot_decision-1] [1746695802.887]: CheckIfHealth             [31mFAILURE[0m -> [36mIDLE[0m
[robot_decision-1] [1746695802.887]: CheckIfHealth             [36mIDLE[0m -> [31mFAILURE[0m
[robot_decision-1] [1746695802.887]: CheckIfHealth             [31mFAILURE[0m -> [36mIDLE[0m
[robot_decision-1] [1746695802.887]: CheckIfHealth             [36mIDLE[0m -> [31mFAILURE[0m
[robot_decision-1] [1746695802.887]: CheckIfHealth             [31mFAILURE[0m -> [36mIDLE[0m
[robot_decision-1] [1746695802.888]: CheckIfHealth             [36mIDLE[0m -> [31mFAILURE[0m
[robot_decision-1] [1746695802.888]: CheckIfHealth             [31mFAILURE[0m -> [36mIDLE[0m
[robot_decision-1] [ERROR] [1746695802.887593139] [robot_decision]: [CheckIfHealth] invalid message
[robot_decision-1] [1746695802.888]: CheckIfHealth             [36mIDLE[0m -> [31mFAILURE[0m
[robot_decision-1] [1746695802.888]: CheckIfHealth             [31mFAILURE[0m -> [36mIDLE[0m
[robot_decision-1] [ERROR] [1746695802.887669641] [robot_decision]: [CheckIfHealth] invalid message
[robot_decision-1] [INFO] [1746695802.887758967] [robot_decision]: [CheckIfunHealth] amount of blood: 100
[robot_decision-1] [1746695802.888]: CheckIfHealth             [36mIDLE[0m -> [31mFAILURE[0m
[robot_decision-1] [1746695802.888]: CheckIfHealth             [31mFAILURE[0m -> [36mIDLE[0m
[robot_decision-1] [1746695802.888]: RetryUntilSuccessful      [33mRUNNING[0m -> [31mFAILURE[0m
[robot_decision-1] [1746695802.888]: RetryUntilSuccessful      [31mFAILURE[0m -> [36mIDLE[0m
[robot_decision-1] [1746695802.888]: Sequence                  [33mRUNNING[0m -> [31mFAILURE[0m
[robot_decision-1] [1746695802.888]: Sequence                  [36mIDLE[0m -> [33mRUNNING[0m
[robot_decision-1] [1746695802.888]: RetryUntilSuccessful      [36mIDLE[0m -> [33mRUNNING[0m
[robot_decision-1] [1746695802.888]: CheckIfunHealth           [36mIDLE[0m -> [32mSUCCESS[0m
[robot_decision-1] [1746695802.888]: CheckIfunHealth           [32mSUCCESS[0m -> [36mIDLE[0m
[robot_decision-1] [1746695802.888]: RetryUntilSuccessful      [33mRUNNING[0m -> [32mSUCCESS[0m
[robot_decision-1] [1746695802.888]: RetryUntilSuccessful      [36mIDLE[0m -> [33mRUNNING[0m
[robot_decision-1] [1746695802.888]: NavigateToPose            [36mIDLE[0m -> [33mRUNNING[0m
[robot_decision-1] Point key: 2 x:2 y:0.7
[robot_decision-1] onResultReceived: 4
[robot_decision-1] [1746695803.891]: NavigateToPose            [33mRUNNING[0m -> [32mSUCCESS[0m
[robot_decision-1] [1746695803.891]: NavigateToPose            [32mSUCCESS[0m -> [36mIDLE[0m
[robot_decision-1] [1746695803.891]: RetryUntilSuccessful      [33mRUNNING[0m -> [32mSUCCESS[0m
[robot_decision-1] [1746695803.891]: WaitNode                  [36mIDLE[0m -> [33mRUNNING[0m
[robot_decision-1] [INFO] [1746695803.890498522] [robot_decision]: Navigation Success!
[robot_decision-1] [1746695804.491]: WaitNode                  [33mRUNNING[0m -> [32mSUCCESS[0m
[robot_decision-1] [1746695804.491]: RetryUntilSuccessful      [32mSUCCESS[0m -> [36mIDLE[0m
[robot_decision-1] [1746695804.491]: RetryUntilSuccessful      [32mSUCCESS[0m -> [36mIDLE[0m
[robot_decision-1] [1746695804.491]: WaitNode                  [32mSUCCESS[0m -> [36mIDLE[0m
[robot_decision-1] [1746695804.491]: Sequence                  [33mRUNNING[0m -> [32mSUCCESS[0m
[robot_decision-1] [1746695804.491]: Sequence                  [31mFAILURE[0m -> [36mIDLE[0m
[robot_decision-1] [1746695804.491]: Sequence                  [32mSUCCESS[0m -> [36mIDLE[0m
[robot_decision-1] [1746695804.491]: Fallback                  [33mRUNNING[0m -> [32mSUCCESS[0m
[robot_decision-1] [1746695804.491]: Fallback                  [32mSUCCESS[0m -> [36mIDLE[0m
[robot_decision-1] [1746695804.691]: Fallback                  [36mIDLE[0m -> [33mRUNNING[0m
[robot_decision-1] [1746695804.691]: Sequence                  [36mIDLE[0m -> [33mRUNNING[0m
[robot_decision-1] [1746695804.691]: RetryUntilSuccessful      [36mIDLE[0m -> [33mRUNNING[0m
[robot_decision-1] [1746695804.692]: CheckIfHealth             [36mIDLE[0m -> [31mFAILURE[0m
[robot_decision-1] [1746695804.692]: CheckIfHealth             [31mFAILURE[0m -> [36mIDLE[0m
[robot_decision-1] [1746695804.692]: CheckIfHealth             [36mIDLE[0m -> [31mFAILURE[0m
[robot_decision-1] [1746695804.692]: CheckIfHealth             [31mFAILURE[0m -> [36mIDLE[0m
[robot_decision-1] [ERROR] [1746695804.691690932] [robot_decision]: [CheckIfHealth] invalid message
[robot_decision-1] [ERROR] [1746695804.691890662] [robot_decision]: [CheckIfHealth] invalid message
[robot_decision-1] [ERROR] [1746695804.692007730] [robot_decision]: [CheckIfHealth] invalid message
[robot_decision-1] [ERROR] [1746695804.692090764] [robot_decision]: [CheckIfHealth] invalid message
[robot_decision-1] [ERROR] [1746695804.692165833] [robot_decision]: [CheckIfHealth] invalid message
[robot_decision-1] [ERROR] [1746695804.692245401] [robot_decision]: [CheckIfHealth] invalid message
[robot_decision-1] [ERROR] [1746695804.692320570] [robot_decision]: [CheckIfHealth] invalid message
[robot_decision-1] [ERROR] [1746695804.692393025] [robot_decision]: [CheckIfHealth] invalid message
[robot_decision-1] [ERROR] [1746695804.692470839] [robot_decision]: [CheckIfHealth] invalid message
[robot_decision-1] [ERROR] [1746695804.692544797] [robot_decision]: [CheckIfHealth] invalid message
[robot_decision-1] [ERROR] [1746695804.692614195] [robot_decision]: [CheckIfHealth] invalid message
[robot_decision-1] [ERROR] [1746695804.692693903] [robot_decision]: [CheckIfHealth] invalid message
[robot_decision-1] [1746695804.692]: CheckIfHealth             [36mIDLE[0m -> [31mFAILURE[0m
[robot_decision-1] [1746695804.692]: CheckIfHealth             [31mFAILURE[0m -> [36mIDLE[0m
[robot_decision-1] [1746695804.692]: CheckIfHealth             [36mIDLE[0m -> [31mFAILURE[0m
[robot_decision-1] [1746695804.692]: CheckIfHealth             [31mFAILURE[0m -> [36mIDLE[0m
[robot_decision-1] [1746695804.692]: CheckIfHealth             [36mIDLE[0m -> [31mFAILURE[0m
[robot_decision-1] [1746695804.692]: CheckIfHealth             [31mFAILURE[0m -> [36mIDLE[0m
[robot_decision-1] [1746695804.692]: CheckIfHealth             [36mIDLE[0m -> [31mFAILURE[0m
[robot_decision-1] [1746695804.692]: CheckIfHealth             [31mFAILURE[0m -> [36mIDLE[0m
[robot_decision-1] [1746695804.692]: CheckIfHealth             [36mIDLE[0m -> [31mFAILURE[0m
[robot_decision-1] [1746695804.692]: CheckIfHealth             [31mFAILURE[0m -> [36mIDLE[0m
[robot_decision-1] [1746695804.692]: CheckIfHealth             [36mIDLE[0m -> [31mFAILURE[0m
[robot_decision-1] [1746695804.692]: CheckIfHealth             [31mFAILURE[0m -> [36mIDLE[0m
[robot_decision-1] [1746695804.692]: CheckIfHealth             [36mIDLE[0m -> [31mFAILURE[0m
[robot_decision-1] [1746695804.692]: CheckIfHealth             [31mFAILURE[0m -> [36mIDLE[0m
[robot_decision-1] [1746695804.692]: CheckIfHealth             [36mIDLE[0m -> [31mFAILURE[0m
[robot_decision-1] [1746695804.692]: CheckIfHealth             [31mFAILURE[0m -> [36mIDLE[0m
[robot_decision-1] [1746695804.693]: CheckIfHealth             [36mIDLE[0m -> [31mFAILURE[0m
[robot_decision-1] [1746695804.693]: CheckIfHealth             [31mFAILURE[0m -> [36mIDLE[0m
[robot_decision-1] [1746695804.693]: CheckIfHealth             [36mIDLE[0m -> [31mFAILURE[0m
[robot_decision-1] [1746695804.693]: CheckIfHealth             [31mFAILURE[0m -> [36mIDLE[0m
[robot_decision-1] [1746695804.693]: CheckIfHealth             [36mIDLE[0m -> [31mFAILURE[0m
[robot_decision-1] [1746695804.693]: CheckIfHealth             [31mFAILURE[0m -> [36mIDLE[0m
[robot_decision-1] [ERROR] [1746695804.692789020] [robot_decision]: [CheckIfHealth] invalid message
[robot_decision-1] [ERROR] [1746695804.692874899] [robot_decision]: [CheckIfHealth] invalid message
[robot_decision-1] [ERROR] [1746695804.692954718] [robot_decision]: [CheckIfHealth] invalid message
[robot_decision-1] [ERROR] [1746695804.693101500] [robot_decision]: [CheckIfHealth] invalid message
[robot_decision-1] [ERROR] [1746695804.693243724] [robot_decision]: [CheckIfHealth] invalid message
[robot_decision-1] [1746695804.693]: CheckIfHealth             [36mIDLE[0m -> [31mFAILURE[0m
[robot_decision-1] [1746695804.693]: CheckIfHealth             [31mFAILURE[0m -> [36mIDLE[0m
[robot_decision-1] [1746695804.693]: CheckIfHealth             [36mIDLE[0m -> [31mFAILURE[0m
[robot_decision-1] [1746695804.693]: CheckIfHealth             [31mFAILURE[0m -> [36mIDLE[0m
[robot_decision-1] [1746695804.693]: CheckIfHealth             [36mIDLE[0m -> [31mFAILURE[0m
[robot_decision-1] [1746695804.693]: CheckIfHealth             [31mFAILURE[0m -> [36mIDLE[0m
[robot_decision-1] [1746695804.693]: CheckIfHealth             [36mIDLE[0m -> [31mFAILURE[0m
[robot_decision-1] [1746695804.693]: CheckIfHealth             [31mFAILURE[0m -> [36mIDLE[0m
[robot_decision-1] [1746695804.693]: CheckIfHealth             [36mIDLE[0m -> [31mFAILURE[0m
[robot_decision-1] [1746695804.693]: CheckIfHealth             [31mFAILURE[0m -> [36mIDLE[0m
[robot_decision-1] [ERROR] [1746695804.693342588] [robot_decision]: [CheckIfHealth] invalid message
[robot_decision-1] [ERROR] [1746695804.693474072] [robot_decision]: [CheckIfHealth] invalid message
[robot_decision-1] [ERROR] [1746695804.693576151] [robot_decision]: [CheckIfHealth] invalid message
[robot_decision-1] [ERROR] [1746695804.693679964] [robot_decision]: [CheckIfHealth] invalid message
[robot_decision-1] [1746695804.693]: CheckIfHealth             [36mIDLE[0m -> [31mFAILURE[0m
[robot_decision-1] [1746695804.693]: CheckIfHealth             [31mFAILURE[0m -> [36mIDLE[0m
[robot_decision-1] [1746695804.693]: CheckIfHealth             [36mIDLE[0m -> [31mFAILURE[0m
[robot_decision-1] [1746695804.693]: CheckIfHealth             [31mFAILURE[0m -> [36mIDLE[0m
[robot_decision-1] [1746695804.694]: CheckIfHealth             [36mIDLE[0m -> [31mFAILURE[0m
[robot_decision-1] [1746695804.694]: CheckIfHealth             [31mFAILURE[0m -> [36mIDLE[0m
[robot_decision-1] [1746695804.694]: CheckIfHealth             [36mIDLE[0m -> [31mFAILURE[0m
[robot_decision-1] [1746695804.694]: CheckIfHealth             [31mFAILURE[0m -> [36mIDLE[0m
[robot_decision-1] [ERROR] [1746695804.693775912] [robot_decision]: [CheckIfHealth] invalid message
[robot_decision-1] [ERROR] [1746695804.693871269] [robot_decision]: [CheckIfHealth] invalid message
[robot_decision-1] [1746695804.694]: CheckIfHealth             [36mIDLE[0m -> [31mFAILURE[0m
[robot_decision-1] [1746695804.694]: CheckIfHealth             [31mFAILURE[0m -> [36mIDLE[0m
[robot_decision-1] [1746695804.694]: CheckIfHealth             [36mIDLE[0m -> [31mFAILURE[0m
[robot_decision-1] [1746695804.694]: CheckIfHealth             [31mFAILURE[0m -> [36mIDLE[0m
[robot_decision-1] [ERROR] [1746695804.693963130] [robot_decision]: [CheckIfHealth] invalid message
[robot_decision-1] [ERROR] [1746695804.694061452] [robot_decision]: [CheckIfHealth] invalid message
[robot_decision-1] [INFO] [1746695804.694208636] [robot_decision]: [CheckIfunHealth] amount of blood: 100
[robot_decision-1] [1746695804.694]: CheckIfHealth             [36mIDLE[0m -> [31mFAILURE[0m
[robot_decision-1] [1746695804.694]: CheckIfHealth             [31mFAILURE[0m -> [36mIDLE[0m
[robot_decision-1] [1746695804.694]: CheckIfHealth             [36mIDLE[0m -> [31mFAILURE[0m
[robot_decision-1] [1746695804.694]: CheckIfHealth             [31mFAILURE[0m -> [36mIDLE[0m
[robot_decision-1] [1746695804.694]: RetryUntilSuccessful      [33mRUNNING[0m -> [31mFAILURE[0m
[robot_decision-1] [1746695804.694]: RetryUntilSuccessful      [31mFAILURE[0m -> [36mIDLE[0m
[robot_decision-1] [1746695804.694]: Sequence                  [33mRUNNING[0m -> [31mFAILURE[0m
[robot_decision-1] [1746695804.694]: Sequence                  [36mIDLE[0m -> [33mRUNNING[0m
[robot_decision-1] [1746695804.694]: RetryUntilSuccessful      [36mIDLE[0m -> [33mRUNNING[0m
[robot_decision-1] [1746695804.694]: CheckIfunHealth           [36mIDLE[0m -> [32mSUCCESS[0m
[robot_decision-1] [1746695804.694]: CheckIfunHealth           [32mSUCCESS[0m -> [36mIDLE[0m
[robot_decision-1] [1746695804.694]: RetryUntilSuccessful      [33mRUNNING[0m -> [32mSUCCESS[0m
[robot_decision-1] [1746695804.694]: RetryUntilSuccessful      [36mIDLE[0m -> [33mRUNNING[0m
[robot_decision-1] [1746695804.694]: NavigateToPose            [36mIDLE[0m -> [33mRUNNING[0m
[robot_decision-1] Point key: 2 x:2 y:0.7
[robot_decision-1] onResultReceived: 4
[robot_decision-1] [1746695805.698]: NavigateToPose            [33mRUNNING[0m -> [32mSUCCESS[0m
[robot_decision-1] [1746695805.698]: NavigateToPose            [32mSUCCESS[0m -> [36mIDLE[0m
[robot_decision-1] [1746695805.698]: RetryUntilSuccessful      [33mRUNNING[0m -> [32mSUCCESS[0m
[robot_decision-1] [1746695805.698]: WaitNode                  [36mIDLE[0m -> [33mRUNNING[0m
[robot_decision-1] [INFO] [1746695805.697426926] [robot_decision]: Navigation Success!
[robot_decision-1] [1746695806.298]: WaitNode                  [33mRUNNING[0m -> [32mSUCCESS[0m
[robot_decision-1] [1746695806.298]: RetryUntilSuccessful      [32mSUCCESS[0m -> [36mIDLE[0m
[robot_decision-1] [1746695806.298]: RetryUntilSuccessful      [32mSUCCESS[0m -> [36mIDLE[0m
[robot_decision-1] [1746695806.298]: WaitNode                  [32mSUCCESS[0m -> [36mIDLE[0m
[robot_decision-1] [1746695806.298]: Sequence                  [33mRUNNING[0m -> [32mSUCCESS[0m
[robot_decision-1] [1746695806.298]: Sequence                  [31mFAILURE[0m -> [36mIDLE[0m
[robot_decision-1] [1746695806.298]: Sequence                  [32mSUCCESS[0m -> [36mIDLE[0m
[robot_decision-1] [1746695806.298]: Fallback                  [33mRUNNING[0m -> [32mSUCCESS[0m
[robot_decision-1] [1746695806.298]: Fallback                  [32mSUCCESS[0m -> [36mIDLE[0m
[robot_decision-1] [1746695806.498]: Fallback                  [36mIDLE[0m -> [33mRUNNING[0m
[robot_decision-1] [1746695806.498]: Sequence                  [36mIDLE[0m -> [33mRUNNING[0m
[robot_decision-1] [1746695806.498]: RetryUntilSuccessful      [36mIDLE[0m -> [33mRUNNING[0m
[robot_decision-1] [1746695806.499]: CheckIfHealth             [36mIDLE[0m -> [31mFAILURE[0m
[robot_decision-1] [1746695806.499]: CheckIfHealth             [31mFAILURE[0m -> [36mIDLE[0m
[robot_decision-1] [1746695806.499]: CheckIfHealth             [36mIDLE[0m -> [31mFAILURE[0m
[robot_decision-1] [1746695806.499]: CheckIfHealth             [31mFAILURE[0m -> [36mIDLE[0m
[robot_decision-1] [1746695806.499]: CheckIfHealth             [36mIDLE[0m -> [31mFAILURE[0m
[robot_decision-1] [1746695806.499]: CheckIfHealth             [31mFAILURE[0m -> [36mIDLE[0m
[robot_decision-1] [ERROR] [1746695806.498619844] [robot_decision]: [CheckIfHealth] invalid message
[robot_decision-1] [ERROR] [1746695806.498804898] [robot_decision]: [CheckIfHealth] invalid message
[robot_decision-1] [ERROR] [1746695806.498880338] [robot_decision]: [CheckIfHealth] invalid message
[robot_decision-1] [1746695806.499]: CheckIfHealth             [36mIDLE[0m -> [31mFAILURE[0m
[robot_decision-1] [1746695806.499]: CheckIfHealth             [31mFAILURE[0m -> [36mIDLE[0m
[robot_decision-1] [1746695806.499]: CheckIfHealth             [36mIDLE[0m -> [31mFAILURE[0m
[robot_decision-1] [1746695806.499]: CheckIfHealth             [31mFAILURE[0m -> [36mIDLE[0m
[robot_decision-1] [1746695806.499]: CheckIfHealth             [36mIDLE[0m -> [31mFAILURE[0m
[robot_decision-1] [1746695806.499]: CheckIfHealth             [31mFAILURE[0m -> [36mIDLE[0m
[robot_decision-1] [1746695806.499]: CheckIfHealth             [36mIDLE[0m -> [31mFAILURE[0m
[robot_decision-1] [1746695806.499]: CheckIfHealth             [31mFAILURE[0m -> [36mIDLE[0m
[robot_decision-1] [1746695806.499]: CheckIfHealth             [36mIDLE[0m -> [31mFAILURE[0m
[robot_decision-1] [1746695806.499]: CheckIfHealth             [31mFAILURE[0m -> [36mIDLE[0m
[robot_decision-1] [1746695806.499]: CheckIfHealth             [36mIDLE[0m -> [31mFAILURE[0m
[robot_decision-1] [1746695806.499]: CheckIfHealth             [31mFAILURE[0m -> [36mIDLE[0m
[robot_decision-1] [1746695806.499]: CheckIfHealth             [36mIDLE[0m -> [31mFAILURE[0m
[robot_decision-1] [1746695806.499]: CheckIfHealth             [31mFAILURE[0m -> [36mIDLE[0m
[robot_decision-1] [1746695806.499]: CheckIfHealth             [36mIDLE[0m -> [31mFAILURE[0m
[robot_decision-1] [1746695806.499]: CheckIfHealth             [31mFAILURE[0m -> [36mIDLE[0m
[robot_decision-1] [1746695806.500]: CheckIfHealth             [36mIDLE[0m -> [31mFAILURE[0m
[robot_decision-1] [1746695806.500]: CheckIfHealth             [31mFAILURE[0m -> [36mIDLE[0m
[robot_decision-1] [1746695806.500]: CheckIfHealth             [36mIDLE[0m -> [31mFAILURE[0m
[robot_decision-1] [1746695806.500]: CheckIfHealth             [31mFAILURE[0m -> [36mIDLE[0m
[robot_decision-1] [ERROR] [1746695806.498948254] [robot_decision]: [CheckIfHealth] invalid message
[robot_decision-1] [ERROR] [1746695806.499018835] [robot_decision]: [CheckIfHealth] invalid message
[robot_decision-1] [ERROR] [1746695806.499084828] [robot_decision]: [CheckIfHealth] invalid message
[robot_decision-1] [ERROR] [1746695806.499173813] [robot_decision]: [CheckIfHealth] invalid message
[robot_decision-1] [ERROR] [1746695806.499295739] [robot_decision]: [CheckIfHealth] invalid message
[robot_decision-1] [ERROR] [1746695806.499372592] [robot_decision]: [CheckIfHealth] invalid message
[robot_decision-1] [ERROR] [1746695806.499449745] [robot_decision]: [CheckIfHealth] invalid message
[robot_decision-1] [ERROR] [1746695806.499522731] [robot_decision]: [CheckIfHealth] invalid message
[robot_decision-1] [ERROR] [1746695806.499592370] [robot_decision]: [CheckIfHealth] invalid message
[robot_decision-1] [ERROR] [1746695806.499660947] [robot_decision]: [CheckIfHealth] invalid message
[robot_decision-1] [ERROR] [1746695806.499727941] [robot_decision]: [CheckIfHealth] invalid message
[robot_decision-1] [ERROR] [1746695806.499795256] [robot_decision]: [CheckIfHealth] invalid message
[robot_decision-1] [ERROR] [1746695806.499864926] [robot_decision]: [CheckIfHealth] invalid message
[robot_decision-1] [ERROR] [1746695806.499935136] [robot_decision]: [CheckIfHealth] invalid message
[robot_decision-1] [1746695806.500]: CheckIfHealth             [36mIDLE[0m -> [31mFAILURE[0m
[robot_decision-1] [1746695806.500]: CheckIfHealth             [31mFAILURE[0m -> [36mIDLE[0m
[robot_decision-1] [1746695806.500]: CheckIfHealth             [36mIDLE[0m -> [31mFAILURE[0m
[robot_decision-1] [1746695806.500]: CheckIfHealth             [31mFAILURE[0m -> [36mIDLE[0m
[robot_decision-1] [1746695806.500]: CheckIfHealth             [36mIDLE[0m -> [31mFAILURE[0m
[robot_decision-1] [1746695806.500]: CheckIfHealth             [31mFAILURE[0m -> [36mIDLE[0m
[robot_decision-1] [1746695806.500]: CheckIfHealth             [36mIDLE[0m -> [31mFAILURE[0m
[robot_decision-1] [1746695806.500]: CheckIfHealth             [31mFAILURE[0m -> [36mIDLE[0m
[robot_decision-1] [1746695806.500]: CheckIfHealth             [36mIDLE[0m -> [31mFAILURE[0m
[robot_decision-1] [1746695806.500]: CheckIfHealth             [31mFAILURE[0m -> [36mIDLE[0m
[robot_decision-1] [ERROR] [1746695806.500006849] [robot_decision]: [CheckIfHealth] invalid message
[robot_decision-1] [ERROR] [1746695806.500091005] [robot_decision]: [CheckIfHealth] invalid message
[robot_decision-1] [1746695806.500]: CheckIfHealth             [36mIDLE[0m -> [31mFAILURE[0m
[robot_decision-1] [1746695806.500]: CheckIfHealth             [31mFAILURE[0m -> [36mIDLE[0m
[robot_decision-1] [1746695806.500]: CheckIfHealth             [36mIDLE[0m -> [31mFAILURE[0m
[robot_decision-1] [1746695806.500]: CheckIfHealth             [31mFAILURE[0m -> [36mIDLE[0m
[robot_decision-1] [ERROR] [1746695806.500210517] [robot_decision]: [CheckIfHealth] invalid message
[robot_decision-1] [ERROR] [1746695806.500288212] [robot_decision]: [CheckIfHealth] invalid message
[robot_decision-1] [ERROR] [1746695806.500354414] [robot_decision]: [CheckIfHealth] invalid message
[robot_decision-1] [ERROR] [1746695806.500497991] [robot_decision]: [CheckIfHealth] invalid message
[robot_decision-1] [1746695806.500]: CheckIfHealth             [36mIDLE[0m -> [31mFAILURE[0m
[robot_decision-1] [1746695806.500]: CheckIfHealth             [31mFAILURE[0m -> [36mIDLE[0m
[robot_decision-1] [1746695806.500]: CheckIfHealth             [36mIDLE[0m -> [31mFAILURE[0m
[robot_decision-1] [1746695806.500]: CheckIfHealth             [31mFAILURE[0m -> [36mIDLE[0m
[robot_decision-1] [1746695806.500]: CheckIfHealth             [36mIDLE[0m -> [31mFAILURE[0m
[robot_decision-1] [1746695806.500]: CheckIfHealth             [31mFAILURE[0m -> [36mIDLE[0m
[robot_decision-1] [1746695806.501]: CheckIfHealth             [36mIDLE[0m -> [31mFAILURE[0m
[robot_decision-1] [1746695806.501]: CheckIfHealth             [31mFAILURE[0m -> [36mIDLE[0m
[robot_decision-1] [1746695806.501]: CheckIfHealth             [36mIDLE[0m -> [31mFAILURE[0m
[robot_decision-1] [1746695806.501]: CheckIfHealth             [31mFAILURE[0m -> [36mIDLE[0m
[robot_decision-1] [ERROR] [1746695806.500681241] [robot_decision]: [CheckIfHealth] invalid message
[robot_decision-1] [1746695806.501]: CheckIfHealth             [36mIDLE[0m -> [31mFAILURE[0m
[robot_decision-1] [1746695806.501]: CheckIfHealth             [31mFAILURE[0m -> [36mIDLE[0m
[robot_decision-1] [1746695806.501]: RetryUntilSuccessful      [33mRUNNING[0m -> [31mFAILURE[0m
[robot_decision-1] [1746695806.501]: RetryUntilSuccessful      [31mFAILURE[0m -> [36mIDLE[0m
[robot_decision-1] [1746695806.501]: Sequence                  [33mRUNNING[0m -> [31mFAILURE[0m
[robot_decision-1] [1746695806.501]: Sequence                  [36mIDLE[0m -> [33mRUNNING[0m
[robot_decision-1] [1746695806.501]: RetryUntilSuccessful      [36mIDLE[0m -> [33mRUNNING[0m
[robot_decision-1] [1746695806.501]: CheckIfunHealth           [36mIDLE[0m -> [32mSUCCESS[0m
[robot_decision-1] [1746695806.501]: CheckIfunHealth           [32mSUCCESS[0m -> [36mIDLE[0m
[robot_decision-1] [1746695806.501]: RetryUntilSuccessful      [33mRUNNING[0m -> [32mSUCCESS[0m
[robot_decision-1] [1746695806.501]: RetryUntilSuccessful      [36mIDLE[0m -> [33mRUNNING[0m
[robot_decision-1] [1746695806.501]: NavigateToPose            [36mIDLE[0m -> [33mRUNNING[0m
[robot_decision-1] [INFO] [1746695806.500787709] [robot_decision]: [CheckIfunHealth] amount of blood: 100
[robot_decision-1] Point key: 2 x:2 y:0.7
[robot_decision-1] onResultReceived: 4
[robot_decision-1] [1746695807.504]: NavigateToPose            [33mRUNNING[0m -> [32mSUCCESS[0m
[robot_decision-1] [1746695807.504]: NavigateToPose            [32mSUCCESS[0m -> [36mIDLE[0m
[robot_decision-1] [1746695807.504]: RetryUntilSuccessful      [33mRUNNING[0m -> [32mSUCCESS[0m
[robot_decision-1] [1746695807.504]: WaitNode                  [36mIDLE[0m -> [33mRUNNING[0m
[robot_decision-1] [INFO] [1746695807.503451645] [robot_decision]: Navigation Success!
[robot_decision-1] [1746695808.104]: WaitNode                  [33mRUNNING[0m -> [32mSUCCESS[0m
[robot_decision-1] [1746695808.104]: RetryUntilSuccessful      [32mSUCCESS[0m -> [36mIDLE[0m
[robot_decision-1] [1746695808.104]: RetryUntilSuccessful      [32mSUCCESS[0m -> [36mIDLE[0m
[robot_decision-1] [1746695808.104]: WaitNode                  [32mSUCCESS[0m -> [36mIDLE[0m
[robot_decision-1] [1746695808.104]: Sequence                  [33mRUNNING[0m -> [32mSUCCESS[0m
[robot_decision-1] [1746695808.104]: Sequence                  [31mFAILURE[0m -> [36mIDLE[0m
[robot_decision-1] [1746695808.104]: Sequence                  [32mSUCCESS[0m -> [36mIDLE[0m
[robot_decision-1] [1746695808.104]: Fallback                  [33mRUNNING[0m -> [32mSUCCESS[0m
[robot_decision-1] [1746695808.104]: Fallback                  [32mSUCCESS[0m -> [36mIDLE[0m
[robot_decision-1] [1746695808.304]: Fallback                  [36mIDLE[0m -> [33mRUNNING[0m
[robot_decision-1] [1746695808.304]: Sequence                  [36mIDLE[0m -> [33mRUNNING[0m
[robot_decision-1] [1746695808.304]: RetryUntilSuccessful      [36mIDLE[0m -> [33mRUNNING[0m
[robot_decision-1] [1746695808.305]: CheckIfHealth             [36mIDLE[0m -> [31mFAILURE[0m
[robot_decision-1] [1746695808.305]: CheckIfHealth             [31mFAILURE[0m -> [36mIDLE[0m
[robot_decision-1] [1746695808.305]: CheckIfHealth             [36mIDLE[0m -> [31mFAILURE[0m
[robot_decision-1] [1746695808.305]: CheckIfHealth             [31mFAILURE[0m -> [36mIDLE[0m
[robot_decision-1] [ERROR] [1746695808.304572599] [robot_decision]: [CheckIfHealth] invalid message
[robot_decision-1] [ERROR] [1746695808.304725213] [robot_decision]: [CheckIfHealth] invalid message
[robot_decision-1] [ERROR] [1746695808.304803979] [robot_decision]: [CheckIfHealth] invalid message
[robot_decision-1] [ERROR] [1746695808.304873959] [robot_decision]: [CheckIfHealth] invalid message
[robot_decision-1] [ERROR] [1746695808.304949409] [robot_decision]: [CheckIfHealth] invalid message
[robot_decision-1] [ERROR] [1746695808.305020641] [robot_decision]: [CheckIfHealth] invalid message
[robot_decision-1] [ERROR] [1746695808.305137959] [robot_decision]: [CheckIfHealth] invalid message
[robot_decision-1] [ERROR] [1746695808.305214801] [robot_decision]: [CheckIfHealth] invalid message
[robot_decision-1] [ERROR] [1746695808.305291965] [robot_decision]: [CheckIfHealth] invalid message
[robot_decision-1] [ERROR] [1746695808.305363898] [robot_decision]: [CheckIfHealth] invalid message
[robot_decision-1] [ERROR] [1746695808.305444307] [robot_decision]: [CheckIfHealth] invalid message
[robot_decision-1] [1746695808.305]: CheckIfHealth             [36mIDLE[0m -> [31mFAILURE[0m
[robot_decision-1] [1746695808.305]: CheckIfHealth             [31mFAILURE[0m -> [36mIDLE[0m
[robot_decision-1] [1746695808.305]: CheckIfHealth             [36mIDLE[0m -> [31mFAILURE[0m
[robot_decision-1] [1746695808.305]: CheckIfHealth             [31mFAILURE[0m -> [36mIDLE[0m
[robot_decision-1] [1746695808.305]: CheckIfHealth             [36mIDLE[0m -> [31mFAILURE[0m
[robot_decision-1] [1746695808.305]: CheckIfHealth             [31mFAILURE[0m -> [36mIDLE[0m
[robot_decision-1] [1746695808.305]: CheckIfHealth             [36mIDLE[0m -> [31mFAILURE[0m
[robot_decision-1] [1746695808.305]: CheckIfHealth             [31mFAILURE[0m -> [36mIDLE[0m
[robot_decision-1] [1746695808.305]: CheckIfHealth             [36mIDLE[0m -> [31mFAILURE[0m
[robot_decision-1] [1746695808.305]: CheckIfHealth             [31mFAILURE[0m -> [36mIDLE[0m
[robot_decision-1] [1746695808.305]: CheckIfHealth             [36mIDLE[0m -> [31mFAILURE[0m
[robot_decision-1] [1746695808.305]: CheckIfHealth             [31mFAILURE[0m -> [36mIDLE[0m
[robot_decision-1] [1746695808.305]: CheckIfHealth             [36mIDLE[0m -> [31mFAILURE[0m
[robot_decision-1] [1746695808.305]: CheckIfHealth             [31mFAILURE[0m -> [36mIDLE[0m
[robot_decision-1] [1746695808.305]: CheckIfHealth             [36mIDLE[0m -> [31mFAILURE[0m
[robot_decision-1] [1746695808.305]: CheckIfHealth             [31mFAILURE[0m -> [36mIDLE[0m
[robot_decision-1] [1746695808.305]: CheckIfHealth             [36mIDLE[0m -> [31mFAILURE[0m
[robot_decision-1] [1746695808.305]: CheckIfHealth             [31mFAILURE[0m -> [36mIDLE[0m
[robot_decision-1] [1746695808.305]: CheckIfHealth             [36mIDLE[0m -> [31mFAILURE[0m
[robot_decision-1] [1746695808.305]: CheckIfHealth             [31mFAILURE[0m -> [36mIDLE[0m
[robot_decision-1] [1746695808.306]: CheckIfHealth             [36mIDLE[0m -> [31mFAILURE[0m
[robot_decision-1] [1746695808.306]: CheckIfHealth             [31mFAILURE[0m -> [36mIDLE[0m
[robot_decision-1] [ERROR] [1746695808.305526129] [robot_decision]: [CheckIfHealth] invalid message
[robot_decision-1] [ERROR] [1746695808.305657022] [robot_decision]: [CheckIfHealth] invalid message
[robot_decision-1] [1746695808.306]: CheckIfHealth             [36mIDLE[0m -> [31mFAILURE[0m
[robot_decision-1] [1746695808.306]: CheckIfHealth             [31mFAILURE[0m -> [36mIDLE[0m
[robot_decision-1] [1746695808.306]: CheckIfHealth             [36mIDLE[0m -> [31mFAILURE[0m
[robot_decision-1] [1746695808.306]: CheckIfHealth             [31mFAILURE[0m -> [36mIDLE[0m
[robot_decision-1] [ERROR] [1746695808.305975554] [robot_decision]: [CheckIfHealth] invalid message
[robot_decision-1] [ERROR] [1746695808.306240766] [robot_decision]: [CheckIfHealth] invalid message
[robot_decision-1] [1746695808.306]: CheckIfHealth             [36mIDLE[0m -> [31mFAILURE[0m
[robot_decision-1] [1746695808.306]: CheckIfHealth             [31mFAILURE[0m -> [36mIDLE[0m
[robot_decision-1] [1746695808.306]: CheckIfHealth             [36mIDLE[0m -> [31mFAILURE[0m
[robot_decision-1] [1746695808.306]: CheckIfHealth             [31mFAILURE[0m -> [36mIDLE[0m
[robot_decision-1] [ERROR] [1746695808.306377019] [robot_decision]: [CheckIfHealth] invalid message
[robot_decision-1] [ERROR] [1746695808.306460113] [robot_decision]: [CheckIfHealth] invalid message
[robot_decision-1] [ERROR] [1746695808.306609421] [robot_decision]: [CheckIfHealth] invalid message
[robot_decision-1] [ERROR] [1746695808.306697073] [robot_decision]: [CheckIfHealth] invalid message
[robot_decision-1] [ERROR] [1746695808.306774597] [robot_decision]: [CheckIfHealth] invalid message
[robot_decision-1] [1746695808.306]: CheckIfHealth             [36mIDLE[0m -> [31mFAILURE[0m
[robot_decision-1] [1746695808.306]: CheckIfHealth             [31mFAILURE[0m -> [36mIDLE[0m
[robot_decision-1] [1746695808.307]: CheckIfHealth             [36mIDLE[0m -> [31mFAILURE[0m
[robot_decision-1] [1746695808.307]: CheckIfHealth             [31mFAILURE[0m -> [36mIDLE[0m
[robot_decision-1] [1746695808.307]: CheckIfHealth             [36mIDLE[0m -> [31mFAILURE[0m
[robot_decision-1] [1746695808.307]: CheckIfHealth             [31mFAILURE[0m -> [36mIDLE[0m
[robot_decision-1] [1746695808.307]: CheckIfHealth             [36mIDLE[0m -> [31mFAILURE[0m
[robot_decision-1] [1746695808.307]: CheckIfHealth             [31mFAILURE[0m -> [36mIDLE[0m
[robot_decision-1] [1746695808.307]: CheckIfHealth             [36mIDLE[0m -> [31mFAILURE[0m
[robot_decision-1] [1746695808.307]: CheckIfHealth             [31mFAILURE[0m -> [36mIDLE[0m
[robot_decision-1] [ERROR] [1746695808.306849246] [robot_decision]: [CheckIfHealth] invalid message
[robot_decision-1] [1746695808.307]: CheckIfHealth             [36mIDLE[0m -> [31mFAILURE[0m
[robot_decision-1] [1746695808.307]: CheckIfHealth             [31mFAILURE[0m -> [36mIDLE[0m
[robot_decision-1] [1746695808.307]: CheckIfHealth             [36mIDLE[0m -> [31mFAILURE[0m
[robot_decision-1] [1746695808.307]: CheckIfHealth             [31mFAILURE[0m -> [36mIDLE[0m
[robot_decision-1] [ERROR] [1746695808.306918815] [robot_decision]: [CheckIfHealth] invalid message
[robot_decision-1] [ERROR] [1746695808.306986100] [robot_decision]: [CheckIfHealth] invalid message
[robot_decision-1] [ERROR] [1746695808.307074194] [robot_decision]: [CheckIfHealth] invalid message
[robot_decision-1] [1746695808.307]: CheckIfHealth             [36mIDLE[0m -> [31mFAILURE[0m
[robot_decision-1] [1746695808.307]: CheckIfHealth             [31mFAILURE[0m -> [36mIDLE[0m
[robot_decision-1] [1746695808.307]: CheckIfHealth             [36mIDLE[0m -> [31mFAILURE[0m
[robot_decision-1] [1746695808.307]: CheckIfHealth             [31mFAILURE[0m -> [36mIDLE[0m
[robot_decision-1] [1746695808.307]: RetryUntilSuccessful      [33mRUNNING[0m -> [31mFAILURE[0m
[robot_decision-1] [1746695808.307]: RetryUntilSuccessful      [31mFAILURE[0m -> [36mIDLE[0m
[robot_decision-1] [1746695808.307]: Sequence                  [33mRUNNING[0m -> [31mFAILURE[0m
[robot_decision-1] [1746695808.307]: Sequence                  [36mIDLE[0m -> [33mRUNNING[0m
[robot_decision-1] [1746695808.307]: RetryUntilSuccessful      [36mIDLE[0m -> [33mRUNNING[0m
[robot_decision-1] [INFO] [1746695808.307180481] [robot_decision]: [CheckIfunHealth] amount of blood: 100
[robot_decision-1] [1746695808.307]: CheckIfunHealth           [36mIDLE[0m -> [32mSUCCESS[0m
[robot_decision-1] [1746695808.307]: CheckIfunHealth           [32mSUCCESS[0m -> [36mIDLE[0m
[robot_decision-1] [1746695808.307]: RetryUntilSuccessful      [33mRUNNING[0m -> [32mSUCCESS[0m
[robot_decision-1] [1746695808.307]: RetryUntilSuccessful      [36mIDLE[0m -> [33mRUNNING[0m
[robot_decision-1] [1746695808.307]: NavigateToPose            [36mIDLE[0m -> [33mRUNNING[0m
[robot_decision-1] Point key: 2 x:2 y:0.7
[robot_decision-1] onResultReceived: 4
[robot_decision-1] [1746695809.311]: NavigateToPose            [33mRUNNING[0m -> [32mSUCCESS[0m
[robot_decision-1] [1746695809.311]: NavigateToPose            [32mSUCCESS[0m -> [36mIDLE[0m
[robot_decision-1] [1746695809.311]: RetryUntilSuccessful      [33mRUNNING[0m -> [32mSUCCESS[0m
[robot_decision-1] [1746695809.311]: WaitNode                  [36mIDLE[0m -> [33mRUNNING[0m
[robot_decision-1] [INFO] [1746695809.310790509] [robot_decision]: Navigation Success!
[robot_decision-1] [1746695809.911]: WaitNode                  [33mRUNNING[0m -> [32mSUCCESS[0m
[robot_decision-1] [1746695809.911]: RetryUntilSuccessful      [32mSUCCESS[0m -> [36mIDLE[0m
[robot_decision-1] [1746695809.911]: RetryUntilSuccessful      [32mSUCCESS[0m -> [36mIDLE[0m
[robot_decision-1] [1746695809.911]: WaitNode                  [32mSUCCESS[0m -> [36mIDLE[0m
[robot_decision-1] [1746695809.911]: Sequence                  [33mRUNNING[0m -> [32mSUCCESS[0m
[robot_decision-1] [1746695809.911]: Sequence                  [31mFAILURE[0m -> [36mIDLE[0m
[robot_decision-1] [1746695809.911]: Sequence                  [32mSUCCESS[0m -> [36mIDLE[0m
[robot_decision-1] [1746695809.911]: Fallback                  [33mRUNNING[0m -> [32mSUCCESS[0m
[robot_decision-1] [1746695809.911]: Fallback                  [32mSUCCESS[0m -> [36mIDLE[0m
[robot_decision-1] [1746695810.111]: Fallback                  [36mIDLE[0m -> [33mRUNNING[0m
[robot_decision-1] [1746695810.112]: Sequence                  [36mIDLE[0m -> [33mRUNNING[0m
[robot_decision-1] [1746695810.112]: RetryUntilSuccessful      [36mIDLE[0m -> [33mRUNNING[0m
[robot_decision-1] [1746695810.112]: CheckIfHealth             [36mIDLE[0m -> [31mFAILURE[0m
[robot_decision-1] [1746695810.112]: CheckIfHealth             [31mFAILURE[0m -> [36mIDLE[0m
[robot_decision-1] [1746695810.112]: CheckIfHealth             [36mIDLE[0m -> [31mFAILURE[0m
[robot_decision-1] [1746695810.112]: CheckIfHealth             [31mFAILURE[0m -> [36mIDLE[0m
[robot_decision-1] [1746695810.112]: CheckIfHealth             [36mIDLE[0m -> [31mFAILURE[0m
[robot_decision-1] [1746695810.112]: CheckIfHealth             [31mFAILURE[0m -> [36mIDLE[0m
[robot_decision-1] [1746695810.112]: CheckIfHealth             [36mIDLE[0m -> [31mFAILURE[0m
[robot_decision-1] [1746695810.112]: CheckIfHealth             [31mFAILURE[0m -> [36mIDLE[0m
[robot_decision-1] [ERROR] [1746695810.111768847] [robot_decision]: [CheckIfHealth] invalid message
[robot_decision-1] [ERROR] [1746695810.111949272] [robot_decision]: [CheckIfHealth] invalid message
[robot_decision-1] [ERROR] [1746695810.112033629] [robot_decision]: [CheckIfHealth] invalid message
[robot_decision-1] [ERROR] [1746695810.112107646] [robot_decision]: [CheckIfHealth] invalid message
[robot_decision-1] [ERROR] [1746695810.112187194] [robot_decision]: [CheckIfHealth] invalid message
[robot_decision-1] [ERROR] [1746695810.112266070] [robot_decision]: [CheckIfHealth] invalid message
[robot_decision-1] [ERROR] [1746695810.112349154] [robot_decision]: [CheckIfHealth] invalid message
[robot_decision-1] [ERROR] [1746695810.112435515] [robot_decision]: [CheckIfHealth] invalid message
[robot_decision-1] [ERROR] [1746695810.112524139] [robot_decision]: [CheckIfHealth] invalid message
[robot_decision-1] [ERROR] [1746695810.112606312] [robot_decision]: [CheckIfHealth] invalid message
[robot_decision-1] [ERROR] [1746695810.112688865] [robot_decision]: [CheckIfHealth] invalid message
[robot_decision-1] [ERROR] [1746695810.112772220] [robot_decision]: [CheckIfHealth] invalid message
[robot_decision-1] [ERROR] [1746695810.112860363] [robot_decision]: [CheckIfHealth] invalid message
[robot_decision-1] [ERROR] [1746695810.113015942] [robot_decision]: [CheckIfHealth] invalid message
[robot_decision-1] [1746695810.112]: CheckIfHealth             [36mIDLE[0m -> [31mFAILURE[0m
[robot_decision-1] [1746695810.112]: CheckIfHealth             [31mFAILURE[0m -> [36mIDLE[0m
[robot_decision-1] [1746695810.112]: CheckIfHealth             [36mIDLE[0m -> [31mFAILURE[0m
[robot_decision-1] [1746695810.112]: CheckIfHealth             [31mFAILURE[0m -> [36mIDLE[0m
[robot_decision-1] [1746695810.112]: CheckIfHealth             [36mIDLE[0m -> [31mFAILURE[0m
[robot_decision-1] [1746695810.112]: CheckIfHealth             [31mFAILURE[0m -> [36mIDLE[0m
[robot_decision-1] [1746695810.112]: CheckIfHealth             [36mIDLE[0m -> [31mFAILURE[0m
[robot_decision-1] [1746695810.112]: CheckIfHealth             [31mFAILURE[0m -> [36mIDLE[0m
[robot_decision-1] [1746695810.112]: CheckIfHealth             [36mIDLE[0m -> [31mFAILURE[0m
[robot_decision-1] [1746695810.112]: CheckIfHealth             [31mFAILURE[0m -> [36mIDLE[0m
[robot_decision-1] [1746695810.113]: CheckIfHealth             [36mIDLE[0m -> [31mFAILURE[0m
[robot_decision-1] [1746695810.113]: CheckIfHealth             [31mFAILURE[0m -> [36mIDLE[0m
[robot_decision-1] [1746695810.113]: CheckIfHealth             [36mIDLE[0m -> [31mFAILURE[0m
[robot_decision-1] [1746695810.113]: CheckIfHealth             [31mFAILURE[0m -> [36mIDLE[0m
[robot_decision-1] [1746695810.113]: CheckIfHealth             [36mIDLE[0m -> [31mFAILURE[0m
[robot_decision-1] [1746695810.113]: CheckIfHealth             [31mFAILURE[0m -> [36mIDLE[0m
[robot_decision-1] [1746695810.113]: CheckIfHealth             [36mIDLE[0m -> [31mFAILURE[0m
[robot_decision-1] [1746695810.113]: CheckIfHealth             [31mFAILURE[0m -> [36mIDLE[0m
[robot_decision-1] [1746695810.113]: CheckIfHealth             [36mIDLE[0m -> [31mFAILURE[0m
[robot_decision-1] [1746695810.113]: CheckIfHealth             [31mFAILURE[0m -> [36mIDLE[0m
[robot_decision-1] [1746695810.113]: CheckIfHealth             [36mIDLE[0m -> [31mFAILURE[0m
[robot_decision-1] [1746695810.113]: CheckIfHealth             [31mFAILURE[0m -> [36mIDLE[0m
[robot_decision-1] [ERROR] [1746695810.113158557] [robot_decision]: [CheckIfHealth] invalid message
[robot_decision-1] [ERROR] [1746695810.113264133] [robot_decision]: [CheckIfHealth] invalid message
[robot_decision-1] [ERROR] [1746695810.113346536] [robot_decision]: [CheckIfHealth] invalid message
[robot_decision-1] [ERROR] [1746695810.113430151] [robot_decision]: [CheckIfHealth] invalid message
[robot_decision-1] [ERROR] [1746695810.113513456] [robot_decision]: [CheckIfHealth] invalid message
[robot_decision-1] [ERROR] [1746695810.113589487] [robot_decision]: [CheckIfHealth] invalid message
[robot_decision-1] [ERROR] [1746695810.113674224] [robot_decision]: [CheckIfHealth] invalid message
[robot_decision-1] [1746695810.113]: CheckIfHealth             [36mIDLE[0m -> [31mFAILURE[0m
[robot_decision-1] [1746695810.113]: CheckIfHealth             [31mFAILURE[0m -> [36mIDLE[0m
[robot_decision-1] [1746695810.113]: CheckIfHealth             [36mIDLE[0m -> [31mFAILURE[0m
[robot_decision-1] [1746695810.113]: CheckIfHealth             [31mFAILURE[0m -> [36mIDLE[0m
[robot_decision-1] [1746695810.113]: CheckIfHealth             [36mIDLE[0m -> [31mFAILURE[0m
[robot_decision-1] [1746695810.113]: CheckIfHealth             [31mFAILURE[0m -> [36mIDLE[0m
[robot_decision-1] [1746695810.113]: CheckIfHealth             [36mIDLE[0m -> [31mFAILURE[0m
[robot_decision-1] [1746695810.113]: CheckIfHealth             [31mFAILURE[0m -> [36mIDLE[0m
[robot_decision-1] [1746695810.114]: CheckIfHealth             [36mIDLE[0m -> [31mFAILURE[0m
[robot_decision-1] [1746695810.114]: CheckIfHealth             [31mFAILURE[0m -> [36mIDLE[0m
[robot_decision-1] [1746695810.114]: CheckIfHealth             [36mIDLE[0m -> [31mFAILURE[0m
[robot_decision-1] [1746695810.114]: CheckIfHealth             [31mFAILURE[0m -> [36mIDLE[0m
[robot_decision-1] [1746695810.114]: CheckIfHealth             [36mIDLE[0m -> [31mFAILURE[0m
[robot_decision-1] [1746695810.114]: CheckIfHealth             [31mFAILURE[0m -> [36mIDLE[0m
[robot_decision-1] [1746695810.114]: CheckIfHealth             [36mIDLE[0m -> [31mFAILURE[0m
[robot_decision-1] [1746695810.114]: CheckIfHealth             [31mFAILURE[0m -> [36mIDLE[0m
[robot_decision-1] [1746695810.114]: CheckIfHealth             [36mIDLE[0m -> [31mFAILURE[0m
[robot_decision-1] [1746695810.114]: CheckIfHealth             [31mFAILURE[0m -> [36mIDLE[0m
[robot_decision-1] [ERROR] [1746695810.113848488] [robot_decision]: [CheckIfHealth] invalid message
[robot_decision-1] [ERROR] [1746695810.113929739] [robot_decision]: [CheckIfHealth] invalid message
[robot_decision-1] [ERROR] [1746695810.114010238] [robot_decision]: [CheckIfHealth] invalid message
[robot_decision-1] [ERROR] [1746695810.114089936] [robot_decision]: [CheckIfHealth] invalid message
[robot_decision-1] [INFO] [1746695810.114199409] [robot_decision]: [CheckIfunHealth] amount of blood: 100
[robot_decision-1] [1746695810.114]: CheckIfHealth             [36mIDLE[0m -> [31mFAILURE[0m
[robot_decision-1] [1746695810.114]: CheckIfHealth             [31mFAILURE[0m -> [36mIDLE[0m
[robot_decision-1] [1746695810.114]: CheckIfHealth             [36mIDLE[0m -> [31mFAILURE[0m
[robot_decision-1] [1746695810.114]: CheckIfHealth             [31mFAILURE[0m -> [36mIDLE[0m
[robot_decision-1] [1746695810.114]: RetryUntilSuccessful      [33mRUNNING[0m -> [31mFAILURE[0m
[robot_decision-1] [1746695810.114]: RetryUntilSuccessful      [31mFAILURE[0m -> [36mIDLE[0m
[robot_decision-1] [1746695810.114]: Sequence                  [33mRUNNING[0m -> [31mFAILURE[0m
[robot_decision-1] [1746695810.114]: Sequence                  [36mIDLE[0m -> [33mRUNNING[0m
[robot_decision-1] [1746695810.114]: RetryUntilSuccessful      [36mIDLE[0m -> [33mRUNNING[0m
[robot_decision-1] [1746695810.114]: CheckIfunHealth           [36mIDLE[0m -> [32mSUCCESS[0m
[robot_decision-1] [1746695810.114]: CheckIfunHealth           [32mSUCCESS[0m -> [36mIDLE[0m
[robot_decision-1] [1746695810.114]: RetryUntilSuccessful      [33mRUNNING[0m -> [32mSUCCESS[0m
[robot_decision-1] [1746695810.114]: RetryUntilSuccessful      [36mIDLE[0m -> [33mRUNNING[0m
[robot_decision-1] [1746695810.114]: NavigateToPose            [36mIDLE[0m -> [33mRUNNING[0m
[robot_decision-1] Point key: 2 x:2 y:0.7
[robot_decision-1] onResultReceived: 4
[robot_decision-1] [1746695811.117]: NavigateToPose            [33mRUNNING[0m -> [32mSUCCESS[0m
[robot_decision-1] [1746695811.117]: NavigateToPose            [32mSUCCESS[0m -> [36mIDLE[0m
[robot_decision-1] [1746695811.117]: RetryUntilSuccessful      [33mRUNNING[0m -> [32mSUCCESS[0m
[robot_decision-1] [1746695811.117]: WaitNode                  [36mIDLE[0m -> [33mRUNNING[0m
[robot_decision-1] [INFO] [1746695811.117317580] [robot_decision]: Navigation Success!
[robot_decision-1] [1746695811.718]: WaitNode                  [33mRUNNING[0m -> [32mSUCCESS[0m
[robot_decision-1] [1746695811.718]: RetryUntilSuccessful      [32mSUCCESS[0m -> [36mIDLE[0m
[robot_decision-1] [1746695811.718]: RetryUntilSuccessful      [32mSUCCESS[0m -> [36mIDLE[0m
[robot_decision-1] [1746695811.718]: WaitNode                  [32mSUCCESS[0m -> [36mIDLE[0m
[robot_decision-1] [1746695811.718]: Sequence                  [33mRUNNING[0m -> [32mSUCCESS[0m
[robot_decision-1] [1746695811.718]: Sequence                  [31mFAILURE[0m -> [36mIDLE[0m
[robot_decision-1] [1746695811.718]: Sequence                  [32mSUCCESS[0m -> [36mIDLE[0m
[robot_decision-1] [1746695811.718]: Fallback                  [33mRUNNING[0m -> [32mSUCCESS[0m
[robot_decision-1] [1746695811.718]: Fallback                  [32mSUCCESS[0m -> [36mIDLE[0m
[robot_decision-1] [1746695811.918]: Fallback                  [36mIDLE[0m -> [33mRUNNING[0m
[robot_decision-1] [1746695811.919]: Sequence                  [36mIDLE[0m -> [33mRUNNING[0m
[robot_decision-1] [1746695811.919]: RetryUntilSuccessful      [36mIDLE[0m -> [33mRUNNING[0m
[robot_decision-1] [1746695811.919]: CheckIfHealth             [36mIDLE[0m -> [31mFAILURE[0m
[robot_decision-1] [1746695811.919]: CheckIfHealth             [31mFAILURE[0m -> [36mIDLE[0m
[robot_decision-1] [1746695811.919]: CheckIfHealth             [36mIDLE[0m -> [31mFAILURE[0m
[robot_decision-1] [1746695811.919]: CheckIfHealth             [31mFAILURE[0m -> [36mIDLE[0m
[robot_decision-1] [1746695811.919]: CheckIfHealth             [36mIDLE[0m -> [31mFAILURE[0m
[robot_decision-1] [1746695811.919]: CheckIfHealth             [31mFAILURE[0m -> [36mIDLE[0m
[robot_decision-1] [1746695811.919]: CheckIfHealth             [36mIDLE[0m -> [31mFAILURE[0m
[robot_decision-1] [1746695811.919]: CheckIfHealth             [31mFAILURE[0m -> [36mIDLE[0m
[robot_decision-1] [1746695811.919]: CheckIfHealth             [36mIDLE[0m -> [31mFAILURE[0m
[robot_decision-1] [1746695811.919]: CheckIfHealth             [31mFAILURE[0m -> [36mIDLE[0m
[robot_decision-1] [1746695811.919]: CheckIfHealth             [36mIDLE[0m -> [31mFAILURE[0m
[robot_decision-1] [1746695811.919]: CheckIfHealth             [31mFAILURE[0m -> [36mIDLE[0m
[robot_decision-1] [1746695811.919]: CheckIfHealth             [36mIDLE[0m -> [31mFAILURE[0m
[robot_decision-1] [1746695811.919]: CheckIfHealth             [31mFAILURE[0m -> [36mIDLE[0m
[robot_decision-1] [1746695811.919]: CheckIfHealth             [36mIDLE[0m -> [31mFAILURE[0m
[robot_decision-1] [1746695811.919]: CheckIfHealth             [31mFAILURE[0m -> [36mIDLE[0m
[robot_decision-1] [1746695811.919]: CheckIfHealth             [36mIDLE[0m -> [31mFAILURE[0m
[robot_decision-1] [1746695811.919]: CheckIfHealth             [31mFAILURE[0m -> [36mIDLE[0m
[robot_decision-1] [ERROR] [1746695811.918745661] [robot_decision]: [CheckIfHealth] invalid message
[robot_decision-1] [ERROR] [1746695811.918861907] [robot_decision]: [CheckIfHealth] invalid message
[robot_decision-1] [ERROR] [1746695811.918939691] [robot_decision]: [CheckIfHealth] invalid message
[robot_decision-1] [ERROR] [1746695811.919014871] [robot_decision]: [CheckIfHealth] invalid message
[robot_decision-1] [ERROR] [1746695811.919113354] [robot_decision]: [CheckIfHealth] invalid message
[robot_decision-1] [ERROR] [1746695811.919189645] [robot_decision]: [CheckIfHealth] invalid message
[robot_decision-1] [ERROR] [1746695811.919307554] [robot_decision]: [CheckIfHealth] invalid message
[robot_decision-1] [ERROR] [1746695811.919437606] [robot_decision]: [CheckIfHealth] invalid message
[robot_decision-1] [ERROR] [1746695811.919528164] [robot_decision]: [CheckIfHealth] invalid message
[robot_decision-1] [ERROR] [1746695811.919614103] [robot_decision]: [CheckIfHealth] invalid message
[robot_decision-1] [1746695811.920]: CheckIfHealth             [36mIDLE[0m -> [31mFAILURE[0m
[robot_decision-1] [1746695811.920]: CheckIfHealth             [31mFAILURE[0m -> [36mIDLE[0m
[robot_decision-1] [1746695811.920]: CheckIfHealth             [36mIDLE[0m -> [31mFAILURE[0m
[robot_decision-1] [1746695811.920]: CheckIfHealth             [31mFAILURE[0m -> [36mIDLE[0m
[robot_decision-1] [1746695811.920]: CheckIfHealth             [36mIDLE[0m -> [31mFAILURE[0m
[robot_decision-1] [1746695811.920]: CheckIfHealth             [31mFAILURE[0m -> [36mIDLE[0m
[robot_decision-1] [1746695811.920]: CheckIfHealth             [36mIDLE[0m -> [31mFAILURE[0m
[robot_decision-1] [1746695811.920]: CheckIfHealth             [31mFAILURE[0m -> [36mIDLE[0m
[robot_decision-1] [ERROR] [1746695811.919721152] [robot_decision]: [CheckIfHealth] invalid message
[robot_decision-1] [ERROR] [1746695811.919807663] [robot_decision]: [CheckIfHealth] invalid message
[robot_decision-1] [ERROR] [1746695811.919898501] [robot_decision]: [CheckIfHealth] invalid message
[robot_decision-1] [ERROR] [1746695811.920030647] [robot_decision]: [CheckIfHealth] invalid message
[robot_decision-1] [ERROR] [1746695811.920091840] [robot_decision]: [CheckIfHealth] invalid message
[robot_decision-1] [ERROR] [1746695811.920207395] [robot_decision]: [CheckIfHealth] invalid message
[robot_decision-1] [ERROR] [1746695811.920336845] [robot_decision]: [CheckIfHealth] invalid message
[robot_decision-1] [ERROR] [1746695811.920485571] [robot_decision]: [CheckIfHealth] invalid message
[robot_decision-1] [ERROR] [1746695811.920626303] [robot_decision]: [CheckIfHealth] invalid message
[robot_decision-1] [1746695811.920]: CheckIfHealth             [36mIDLE[0m -> [31mFAILURE[0m
[robot_decision-1] [1746695811.920]: CheckIfHealth             [31mFAILURE[0m -> [36mIDLE[0m
[robot_decision-1] [1746695811.920]: CheckIfHealth             [36mIDLE[0m -> [31mFAILURE[0m
[robot_decision-1] [1746695811.920]: CheckIfHealth             [31mFAILURE[0m -> [36mIDLE[0m
[robot_decision-1] [1746695811.920]: CheckIfHealth             [36mIDLE[0m -> [31mFAILURE[0m
[robot_decision-1] [1746695811.920]: CheckIfHealth             [31mFAILURE[0m -> [36mIDLE[0m
[robot_decision-1] [1746695811.920]: CheckIfHealth             [36mIDLE[0m -> [31mFAILURE[0m
[robot_decision-1] [1746695811.920]: CheckIfHealth             [31mFAILURE[0m -> [36mIDLE[0m
[robot_decision-1] [1746695811.920]: CheckIfHealth             [36mIDLE[0m -> [31mFAILURE[0m
[robot_decision-1] [1746695811.920]: CheckIfHealth             [31mFAILURE[0m -> [36mIDLE[0m
[robot_decision-1] [1746695811.921]: CheckIfHealth             [36mIDLE[0m -> [31mFAILURE[0m
[robot_decision-1] [1746695811.921]: CheckIfHealth             [31mFAILURE[0m -> [36mIDLE[0m
[robot_decision-1] [1746695811.921]: CheckIfHealth             [36mIDLE[0m -> [31mFAILURE[0m
[robot_decision-1] [1746695811.921]: CheckIfHealth             [31mFAILURE[0m -> [36mIDLE[0m
[robot_decision-1] [1746695811.921]: CheckIfHealth             [36mIDLE[0m -> [31mFAILURE[0m
[robot_decision-1] [1746695811.921]: CheckIfHealth             [31mFAILURE[0m -> [36mIDLE[0m
[robot_decision-1] [ERROR] [1746695811.920748900] [robot_decision]: [CheckIfHealth] invalid message
[robot_decision-1] [ERROR] [1746695811.920885534] [robot_decision]: [CheckIfHealth] invalid message
[robot_decision-1] [1746695811.921]: CheckIfHealth             [36mIDLE[0m -> [31mFAILURE[0m
[robot_decision-1] [1746695811.921]: CheckIfHealth             [31mFAILURE[0m -> [36mIDLE[0m
[robot_decision-1] [1746695811.921]: CheckIfHealth             [36mIDLE[0m -> [31mFAILURE[0m
[robot_decision-1] [1746695811.921]: CheckIfHealth             [31mFAILURE[0m -> [36mIDLE[0m
[robot_decision-1] [1746695811.921]: CheckIfHealth             [36mIDLE[0m -> [31mFAILURE[0m
[robot_decision-1] [1746695811.921]: CheckIfHealth             [31mFAILURE[0m -> [36mIDLE[0m
[robot_decision-1] [1746695811.921]: CheckIfHealth             [36mIDLE[0m -> [31mFAILURE[0m
[robot_decision-1] [1746695811.921]: CheckIfHealth             [31mFAILURE[0m -> [36mIDLE[0m
[robot_decision-1] [1746695811.921]: CheckIfHealth             [36mIDLE[0m -> [31mFAILURE[0m
[robot_decision-1] [1746695811.921]: CheckIfHealth             [31mFAILURE[0m -> [36mIDLE[0m
[robot_decision-1] [1746695811.921]: RetryUntilSuccessful      [33mRUNNING[0m -> [31mFAILURE[0m
[robot_decision-1] [1746695811.921]: RetryUntilSuccessful      [31mFAILURE[0m -> [36mIDLE[0m
[robot_decision-1] [1746695811.921]: Sequence                  [33mRUNNING[0m -> [31mFAILURE[0m
[robot_decision-1] [1746695811.921]: Sequence                  [36mIDLE[0m -> [33mRUNNING[0m
[robot_decision-1] [1746695811.921]: RetryUntilSuccessful      [36mIDLE[0m -> [33mRUNNING[0m
[robot_decision-1] [1746695811.921]: CheckIfunHealth           [36mIDLE[0m -> [32mSUCCESS[0m
[robot_decision-1] [1746695811.921]: CheckIfunHealth           [32mSUCCESS[0m -> [36mIDLE[0m
[robot_decision-1] [1746695811.921]: RetryUntilSuccessful      [33mRUNNING[0m -> [32mSUCCESS[0m
[robot_decision-1] [1746695811.921]: RetryUntilSuccessful      [36mIDLE[0m -> [33mRUNNING[0m
[robot_decision-1] [1746695811.921]: NavigateToPose            [36mIDLE[0m -> [33mRUNNING[0m
[robot_decision-1] Point key: 2 x:2 y:0.7
[robot_decision-1] [ERROR] [1746695811.920986231] [robot_decision]: [CheckIfHealth] invalid message
[robot_decision-1] [ERROR] [1746695811.921096095] [robot_decision]: [CheckIfHealth] invalid message
[robot_decision-1] [ERROR] [1746695811.921192624] [robot_decision]: [CheckIfHealth] invalid message
[robot_decision-1] [INFO] [1746695811.921325531] [robot_decision]: [CheckIfunHealth] amount of blood: 100
[robot_decision-1] onResultReceived: 4
[robot_decision-1] [1746695812.925]: NavigateToPose            [33mRUNNING[0m -> [32mSUCCESS[0m
[robot_decision-1] [1746695812.925]: NavigateToPose            [32mSUCCESS[0m -> [36mIDLE[0m
[robot_decision-1] [1746695812.925]: RetryUntilSuccessful      [33mRUNNING[0m -> [32mSUCCESS[0m
[robot_decision-1] [1746695812.925]: WaitNode                  [36mIDLE[0m -> [33mRUNNING[0m
[robot_decision-1] [INFO] [1746695812.924611017] [robot_decision]: Navigation Success!
[robot_decision-1] [1746695813.525]: WaitNode                  [33mRUNNING[0m -> [32mSUCCESS[0m
[robot_decision-1] [1746695813.525]: RetryUntilSuccessful      [32mSUCCESS[0m -> [36mIDLE[0m
[robot_decision-1] [1746695813.525]: RetryUntilSuccessful      [32mSUCCESS[0m -> [36mIDLE[0m
[robot_decision-1] [1746695813.525]: WaitNode                  [32mSUCCESS[0m -> [36mIDLE[0m
[robot_decision-1] [1746695813.525]: Sequence                  [33mRUNNING[0m -> [32mSUCCESS[0m
[robot_decision-1] [1746695813.525]: Sequence                  [31mFAILURE[0m -> [36mIDLE[0m
[robot_decision-1] [1746695813.525]: Sequence                  [32mSUCCESS[0m -> [36mIDLE[0m
[robot_decision-1] [1746695813.525]: Fallback                  [33mRUNNING[0m -> [32mSUCCESS[0m
[robot_decision-1] [1746695813.525]: Fallback                  [32mSUCCESS[0m -> [36mIDLE[0m
[robot_decision-1] [1746695813.725]: Fallback                  [36mIDLE[0m -> [33mRUNNING[0m
[robot_decision-1] [1746695813.725]: Sequence                  [36mIDLE[0m -> [33mRUNNING[0m
[robot_decision-1] [1746695813.725]: RetryUntilSuccessful      [36mIDLE[0m -> [33mRUNNING[0m
[robot_decision-1] [1746695813.726]: CheckIfHealth             [36mIDLE[0m -> [31mFAILURE[0m
[robot_decision-1] [1746695813.726]: CheckIfHealth             [31mFAILURE[0m -> [36mIDLE[0m
[robot_decision-1] [1746695813.726]: CheckIfHealth             [36mIDLE[0m -> [31mFAILURE[0m
[robot_decision-1] [1746695813.726]: CheckIfHealth             [31mFAILURE[0m -> [36mIDLE[0m
[robot_decision-1] [1746695813.726]: CheckIfHealth             [36mIDLE[0m -> [31mFAILURE[0m
[robot_decision-1] [1746695813.726]: CheckIfHealth             [31mFAILURE[0m -> [36mIDLE[0m
[robot_decision-1] [1746695813.726]: CheckIfHealth             [36mIDLE[0m -> [31mFAILURE[0m
[robot_decision-1] [1746695813.726]: CheckIfHealth             [31mFAILURE[0m -> [36mIDLE[0m
[robot_decision-1] [1746695813.726]: CheckIfHealth             [36mIDLE[0m -> [31mFAILURE[0m
[robot_decision-1] [1746695813.726]: CheckIfHealth             [31mFAILURE[0m -> [36mIDLE[0m
[robot_decision-1] [1746695813.726]: CheckIfHealth             [36mIDLE[0m -> [31mFAILURE[0m
[robot_decision-1] [1746695813.726]: CheckIfHealth             [31mFAILURE[0m -> [36mIDLE[0m
[robot_decision-1] [ERROR] [1746695813.725581858] [robot_decision]: [CheckIfHealth] invalid message
[robot_decision-1] [ERROR] [1746695813.725753126] [robot_decision]: [CheckIfHealth] invalid message
[robot_decision-1] [ERROR] [1746695813.725856537] [robot_decision]: [CheckIfHealth] invalid message
[robot_decision-1] [ERROR] [1746695813.725955381] [robot_decision]: [CheckIfHealth] invalid message
[robot_decision-1] [ERROR] [1746695813.726051850] [robot_decision]: [CheckIfHealth] invalid message
[robot_decision-1] [ERROR] [1746695813.726165721] [robot_decision]: [CheckIfHealth] invalid message
[robot_decision-1] [1746695813.726]: CheckIfHealth             [36mIDLE[0m -> [31mFAILURE[0m
[robot_decision-1] [1746695813.726]: CheckIfHealth             [31mFAILURE[0m -> [36mIDLE[0m
[robot_decision-1] [1746695813.726]: CheckIfHealth             [36mIDLE[0m -> [31mFAILURE[0m
[robot_decision-1] [1746695813.726]: CheckIfHealth             [31mFAILURE[0m -> [36mIDLE[0m
[robot_decision-1] [ERROR] [1746695813.726264475] [robot_decision]: [CheckIfHealth] invalid message
[robot_decision-1] [ERROR] [1746695813.726365392] [robot_decision]: [CheckIfHealth] invalid message
[robot_decision-1] [ERROR] [1746695813.726478031] [robot_decision]: [CheckIfHealth] invalid message
[robot_decision-1] [ERROR] [1746695813.726624643] [robot_decision]: [CheckIfHealth] invalid message
[robot_decision-1] [ERROR] [1746695813.726732604] [robot_decision]: [CheckIfHealth] invalid message
[robot_decision-1] [ERROR] [1746695813.726835475] [robot_decision]: [CheckIfHealth] invalid message
[robot_decision-1] [1746695813.726]: CheckIfHealth             [36mIDLE[0m -> [31mFAILURE[0m
[robot_decision-1] [1746695813.726]: CheckIfHealth             [31mFAILURE[0m -> [36mIDLE[0m
[robot_decision-1] [1746695813.726]: CheckIfHealth             [36mIDLE[0m -> [31mFAILURE[0m
[robot_decision-1] [1746695813.726]: CheckIfHealth             [31mFAILURE[0m -> [36mIDLE[0m
[robot_decision-1] [1746695813.727]: CheckIfHealth             [36mIDLE[0m -> [31mFAILURE[0m
[robot_decision-1] [1746695813.727]: CheckIfHealth             [31mFAILURE[0m -> [36mIDLE[0m
[robot_decision-1] [1746695813.727]: CheckIfHealth             [36mIDLE[0m -> [31mFAILURE[0m
[robot_decision-1] [1746695813.727]: CheckIfHealth             [31mFAILURE[0m -> [36mIDLE[0m
[robot_decision-1] [1746695813.727]: CheckIfHealth             [36mIDLE[0m -> [31mFAILURE[0m
[robot_decision-1] [1746695813.727]: CheckIfHealth             [31mFAILURE[0m -> [36mIDLE[0m
[robot_decision-1] [1746695813.727]: CheckIfHealth             [36mIDLE[0m -> [31mFAILURE[0m
[robot_decision-1] [1746695813.727]: CheckIfHealth             [31mFAILURE[0m -> [36mIDLE[0m
[robot_decision-1] [ERROR] [1746695813.726923498] [robot_decision]: [CheckIfHealth] invalid message
[robot_decision-1] [ERROR] [1746695813.727015108] [robot_decision]: [CheckIfHealth] invalid message
[robot_decision-1] [1746695813.727]: CheckIfHealth             [36mIDLE[0m -> [31mFAILURE[0m
[robot_decision-1] [1746695813.727]: CheckIfHealth             [31mFAILURE[0m -> [36mIDLE[0m
[robot_decision-1] [1746695813.727]: CheckIfHealth             [36mIDLE[0m -> [31mFAILURE[0m
[robot_decision-1] [1746695813.727]: CheckIfHealth             [31mFAILURE[0m -> [36mIDLE[0m
[robot_decision-1] [1746695813.727]: CheckIfHealth             [36mIDLE[0m -> [31mFAILURE[0m
[robot_decision-1] [1746695813.727]: CheckIfHealth             [31mFAILURE[0m -> [36mIDLE[0m
[robot_decision-1] [1746695813.727]: CheckIfHealth             [36mIDLE[0m -> [31mFAILURE[0m
[robot_decision-1] [1746695813.727]: CheckIfHealth             [31mFAILURE[0m -> [36mIDLE[0m
[robot_decision-1] [1746695813.727]: CheckIfHealth             [36mIDLE[0m -> [31mFAILURE[0m
[robot_decision-1] [1746695813.727]: CheckIfHealth             [31mFAILURE[0m -> [36mIDLE[0m
[robot_decision-1] [ERROR] [1746695813.727171859] [robot_decision]: [CheckIfHealth] invalid message
[robot_decision-1] [ERROR] [1746695813.727294437] [robot_decision]: [CheckIfHealth] invalid message
[robot_decision-1] [ERROR] [1746695813.727425009] [robot_decision]: [CheckIfHealth] invalid message
[robot_decision-1] [ERROR] [1746695813.727586679] [robot_decision]: [CheckIfHealth] invalid message
[robot_decision-1] [1746695813.728]: CheckIfHealth             [36mIDLE[0m -> [31mFAILURE[0m
[robot_decision-1] [1746695813.728]: CheckIfHealth             [31mFAILURE[0m -> [36mIDLE[0m
[robot_decision-1] [ERROR] [1746695813.727707323] [robot_decision]: [CheckIfHealth] invalid message
[robot_decision-1] [ERROR] [1746695813.727888249] [robot_decision]: [CheckIfHealth] invalid message
[robot_decision-1] [1746695813.728]: CheckIfHealth             [36mIDLE[0m -> [31mFAILURE[0m
[robot_decision-1] [1746695813.728]: CheckIfHealth             [31mFAILURE[0m -> [36mIDLE[0m
[robot_decision-1] [1746695813.728]: CheckIfHealth             [36mIDLE[0m -> [31mFAILURE[0m
[robot_decision-1] [1746695813.728]: CheckIfHealth             [31mFAILURE[0m -> [36mIDLE[0m
[robot_decision-1] [ERROR] [1746695813.728036845] [robot_decision]: [CheckIfHealth] invalid message
[robot_decision-1] [ERROR] [1746695813.728235604] [robot_decision]: [CheckIfHealth] invalid message
[robot_decision-1] [1746695813.728]: CheckIfHealth             [36mIDLE[0m -> [31mFAILURE[0m
[robot_decision-1] [1746695813.728]: CheckIfHealth             [31mFAILURE[0m -> [36mIDLE[0m
[robot_decision-1] [1746695813.728]: CheckIfHealth             [36mIDLE[0m -> [31mFAILURE[0m
[robot_decision-1] [1746695813.728]: CheckIfHealth             [31mFAILURE[0m -> [36mIDLE[0m
[robot_decision-1] [ERROR] [1746695813.728435275] [robot_decision]: [CheckIfHealth] invalid message
[robot_decision-1] [ERROR] [1746695813.728541703] [robot_decision]: [CheckIfHealth] invalid message
[robot_decision-1] [INFO] [1746695813.728657528] [robot_decision]: [CheckIfunHealth] amount of blood: 100
[robot_decision-1] [1746695813.728]: CheckIfHealth             [36mIDLE[0m -> [31mFAILURE[0m
[robot_decision-1] [1746695813.728]: CheckIfHealth             [31mFAILURE[0m -> [36mIDLE[0m
[robot_decision-1] [1746695813.729]: CheckIfHealth             [36mIDLE[0m -> [31mFAILURE[0m
[robot_decision-1] [1746695813.729]: CheckIfHealth             [31mFAILURE[0m -> [36mIDLE[0m
[robot_decision-1] [1746695813.729]: RetryUntilSuccessful      [33mRUNNING[0m -> [31mFAILURE[0m
[robot_decision-1] [1746695813.729]: RetryUntilSuccessful      [31mFAILURE[0m -> [36mIDLE[0m
[robot_decision-1] [1746695813.729]: Sequence                  [33mRUNNING[0m -> [31mFAILURE[0m
[robot_decision-1] [1746695813.729]: Sequence                  [36mIDLE[0m -> [33mRUNNING[0m
[robot_decision-1] [1746695813.729]: RetryUntilSuccessful      [36mIDLE[0m -> [33mRUNNING[0m
[robot_decision-1] [1746695813.729]: CheckIfunHealth           [36mIDLE[0m -> [32mSUCCESS[0m
[robot_decision-1] [1746695813.729]: CheckIfunHealth           [32mSUCCESS[0m -> [36mIDLE[0m
[robot_decision-1] [1746695813.729]: RetryUntilSuccessful      [33mRUNNING[0m -> [32mSUCCESS[0m
[robot_decision-1] [1746695813.729]: RetryUntilSuccessful      [36mIDLE[0m -> [33mRUNNING[0m
[robot_decision-1] [1746695813.729]: NavigateToPose            [36mIDLE[0m -> [33mRUNNING[0m
[robot_decision-1] Point key: 2 x:2 y:0.7
[robot_decision-1] onResultReceived: 4
[robot_decision-1] [1746695814.732]: NavigateToPose            [33mRUNNING[0m -> [32mSUCCESS[0m
[robot_decision-1] [1746695814.732]: NavigateToPose            [32mSUCCESS[0m -> [36mIDLE[0m
[robot_decision-1] [1746695814.732]: RetryUntilSuccessful      [33mRUNNING[0m -> [32mSUCCESS[0m
[robot_decision-1] [1746695814.732]: WaitNode                  [36mIDLE[0m -> [33mRUNNING[0m
[robot_decision-1] [INFO] [1746695814.731663211] [robot_decision]: Navigation Success!
[robot_decision-1] [1746695815.332]: WaitNode                  [33mRUNNING[0m -> [32mSUCCESS[0m
[robot_decision-1] [1746695815.332]: RetryUntilSuccessful      [32mSUCCESS[0m -> [36mIDLE[0m
[robot_decision-1] [1746695815.332]: RetryUntilSuccessful      [32mSUCCESS[0m -> [36mIDLE[0m
[robot_decision-1] [1746695815.332]: WaitNode                  [32mSUCCESS[0m -> [36mIDLE[0m
[robot_decision-1] [1746695815.332]: Sequence                  [33mRUNNING[0m -> [32mSUCCESS[0m
[robot_decision-1] [1746695815.332]: Sequence                  [31mFAILURE[0m -> [36mIDLE[0m
[robot_decision-1] [1746695815.332]: Sequence                  [32mSUCCESS[0m -> [36mIDLE[0m
[robot_decision-1] [1746695815.332]: Fallback                  [33mRUNNING[0m -> [32mSUCCESS[0m
[robot_decision-1] [1746695815.332]: Fallback                  [32mSUCCESS[0m -> [36mIDLE[0m
[robot_decision-1] [1746695815.533]: Fallback                  [36mIDLE[0m -> [33mRUNNING[0m
[robot_decision-1] [1746695815.533]: Sequence                  [36mIDLE[0m -> [33mRUNNING[0m
[robot_decision-1] [1746695815.533]: RetryUntilSuccessful      [36mIDLE[0m -> [33mRUNNING[0m
[robot_decision-1] [1746695815.533]: CheckIfHealth             [36mIDLE[0m -> [31mFAILURE[0m
[robot_decision-1] [1746695815.533]: CheckIfHealth             [31mFAILURE[0m -> [36mIDLE[0m
[robot_decision-1] [1746695815.533]: CheckIfHealth             [36mIDLE[0m -> [31mFAILURE[0m
[robot_decision-1] [1746695815.533]: CheckIfHealth             [31mFAILURE[0m -> [36mIDLE[0m
[robot_decision-1] [1746695815.533]: CheckIfHealth             [36mIDLE[0m -> [31mFAILURE[0m
[robot_decision-1] [1746695815.533]: CheckIfHealth             [31mFAILURE[0m -> [36mIDLE[0m
[robot_decision-1] [1746695815.533]: CheckIfHealth             [36mIDLE[0m -> [31mFAILURE[0m
[robot_decision-1] [1746695815.533]: CheckIfHealth             [31mFAILURE[0m -> [36mIDLE[0m
[robot_decision-1] [1746695815.533]: CheckIfHealth             [36mIDLE[0m -> [31mFAILURE[0m
[robot_decision-1] [1746695815.533]: CheckIfHealth             [31mFAILURE[0m -> [36mIDLE[0m
[robot_decision-1] [ERROR] [1746695815.532828531] [robot_decision]: [CheckIfHealth] invalid message
[robot_decision-1] [ERROR] [1746695815.533028001] [robot_decision]: [CheckIfHealth] invalid message
[robot_decision-1] [ERROR] [1746695815.533102019] [robot_decision]: [CheckIfHealth] invalid message
[robot_decision-1] [ERROR] [1746695815.533189180] [robot_decision]: [CheckIfHealth] invalid message
[robot_decision-1] [ERROR] [1746695815.533283856] [robot_decision]: [CheckIfHealth] invalid message
[robot_decision-1] [1746695815.533]: CheckIfHealth             [36mIDLE[0m -> [31mFAILURE[0m
[robot_decision-1] [1746695815.533]: CheckIfHealth             [31mFAILURE[0m -> [36mIDLE[0m
[robot_decision-1] [ERROR] [1746695815.533424928] [robot_decision]: [CheckIfHealth] invalid message
[robot_decision-1] [ERROR] [1746695815.533525164] [robot_decision]: [CheckIfHealth] invalid message
[robot_decision-1] [ERROR] [1746695815.533619780] [robot_decision]: [CheckIfHealth] invalid message
[robot_decision-1] [ERROR] [1746695815.533719244] [robot_decision]: [CheckIfHealth] invalid message
[robot_decision-1] [ERROR] [1746695815.533819801] [robot_decision]: [CheckIfHealth] invalid message
[robot_decision-1] [1746695815.533]: CheckIfHealth             [36mIDLE[0m -> [31mFAILURE[0m
[robot_decision-1] [1746695815.533]: CheckIfHealth             [31mFAILURE[0m -> [36mIDLE[0m
[robot_decision-1] [1746695815.534]: CheckIfHealth             [36mIDLE[0m -> [31mFAILURE[0m
[robot_decision-1] [1746695815.534]: CheckIfHealth             [31mFAILURE[0m -> [36mIDLE[0m
[robot_decision-1] [1746695815.534]: CheckIfHealth             [36mIDLE[0m -> [31mFAILURE[0m
[robot_decision-1] [1746695815.534]: CheckIfHealth             [31mFAILURE[0m -> [36mIDLE[0m
[robot_decision-1] [1746695815.534]: CheckIfHealth             [36mIDLE[0m -> [31mFAILURE[0m
[robot_decision-1] [1746695815.534]: CheckIfHealth             [31mFAILURE[0m -> [36mIDLE[0m
[robot_decision-1] [1746695815.534]: CheckIfHealth             [36mIDLE[0m -> [31mFAILURE[0m
[robot_decision-1] [1746695815.534]: CheckIfHealth             [31mFAILURE[0m -> [36mIDLE[0m
[robot_decision-1] [ERROR] [1746695815.533924055] [robot_decision]: [CheckIfHealth] invalid message
[robot_decision-1] [ERROR] [1746695815.534032175] [robot_decision]: [CheckIfHealth] invalid message
[robot_decision-1] [ERROR] [1746695815.534095172] [robot_decision]: [CheckIfHealth] invalid message
[robot_decision-1] [ERROR] [1746695815.534218541] [robot_decision]: [CheckIfHealth] invalid message
[robot_decision-1] [ERROR] [1746695815.534324037] [robot_decision]: [CheckIfHealth] invalid message
[robot_decision-1] [1746695815.534]: CheckIfHealth             [36mIDLE[0m -> [31mFAILURE[0m
[robot_decision-1] [1746695815.534]: CheckIfHealth             [31mFAILURE[0m -> [36mIDLE[0m
[robot_decision-1] [1746695815.534]: CheckIfHealth             [36mIDLE[0m -> [31mFAILURE[0m
[robot_decision-1] [1746695815.534]: CheckIfHealth             [31mFAILURE[0m -> [36mIDLE[0m
[robot_decision-1] [1746695815.534]: CheckIfHealth             [36mIDLE[0m -> [31mFAILURE[0m
[robot_decision-1] [1746695815.534]: CheckIfHealth             [31mFAILURE[0m -> [36mIDLE[0m
[robot_decision-1] [1746695815.534]: CheckIfHealth             [36mIDLE[0m -> [31mFAILURE[0m
[robot_decision-1] [1746695815.534]: CheckIfHealth             [31mFAILURE[0m -> [36mIDLE[0m
[robot_decision-1] [1746695815.534]: CheckIfHealth             [36mIDLE[0m -> [31mFAILURE[0m
[robot_decision-1] [1746695815.534]: CheckIfHealth             [31mFAILURE[0m -> [36mIDLE[0m
[robot_decision-1] [ERROR] [1746695815.534435574] [robot_decision]: [CheckIfHealth] invalid message
[robot_decision-1] [1746695815.534]: CheckIfHealth             [36mIDLE[0m -> [31mFAILURE[0m
[robot_decision-1] [1746695815.534]: CheckIfHealth             [31mFAILURE[0m -> [36mIDLE[0m
[robot_decision-1] [ERROR] [1746695815.534569292] [robot_decision]: [CheckIfHealth] invalid message
[robot_decision-1] [1746695815.535]: CheckIfHealth             [36mIDLE[0m -> [31mFAILURE[0m
[robot_decision-1] [1746695815.535]: CheckIfHealth             [31mFAILURE[0m -> [36mIDLE[0m
[robot_decision-1] [1746695815.535]: CheckIfHealth             [36mIDLE[0m -> [31mFAILURE[0m
[robot_decision-1] [1746695815.535]: CheckIfHealth             [31mFAILURE[0m -> [36mIDLE[0m
[robot_decision-1] [1746695815.535]: CheckIfHealth             [36mIDLE[0m -> [31mFAILURE[0m
[robot_decision-1] [1746695815.535]: CheckIfHealth             [31mFAILURE[0m -> [36mIDLE[0m
[robot_decision-1] [ERROR] [1746695815.534702520] [robot_decision]: [CheckIfHealth] invalid message
[robot_decision-1] [ERROR] [1746695815.534793619] [robot_decision]: [CheckIfHealth] invalid message
[robot_decision-1] [ERROR] [1746695815.534876403] [robot_decision]: [CheckIfHealth] invalid message
[robot_decision-1] [ERROR] [1746695815.534963735] [robot_decision]: [CheckIfHealth] invalid message
[robot_decision-1] [ERROR] [1746695815.535048432] [robot_decision]: [CheckIfHealth] invalid message
[robot_decision-1] [ERROR] [1746695815.535090680] [robot_decision]: [CheckIfHealth] invalid message
[robot_decision-1] [ERROR] [1746695815.535175327] [robot_decision]: [CheckIfHealth] invalid message
[robot_decision-1] [1746695815.535]: CheckIfHealth             [36mIDLE[0m -> [31mFAILURE[0m
[robot_decision-1] [1746695815.535]: CheckIfHealth             [31mFAILURE[0m -> [36mIDLE[0m
[robot_decision-1] [1746695815.535]: CheckIfHealth             [36mIDLE[0m -> [31mFAILURE[0m
[robot_decision-1] [1746695815.535]: CheckIfHealth             [31mFAILURE[0m -> [36mIDLE[0m
[robot_decision-1] [1746695815.535]: CheckIfHealth             [36mIDLE[0m -> [31mFAILURE[0m
[robot_decision-1] [1746695815.535]: CheckIfHealth             [31mFAILURE[0m -> [36mIDLE[0m
[robot_decision-1] [1746695815.535]: CheckIfHealth             [36mIDLE[0m -> [31mFAILURE[0m
[robot_decision-1] [1746695815.535]: CheckIfHealth             [31mFAILURE[0m -> [36mIDLE[0m
[robot_decision-1] [1746695815.535]: CheckIfHealth             [36mIDLE[0m -> [31mFAILURE[0m
[robot_decision-1] [1746695815.535]: CheckIfHealth             [31mFAILURE[0m -> [36mIDLE[0m
[robot_decision-1] [ERROR] [1746695815.535262279] [robot_decision]: [CheckIfHealth] invalid message
[robot_decision-1] [INFO] [1746695815.535377222] [robot_decision]: [CheckIfunHealth] amount of blood: 100
[robot_decision-1] [1746695815.535]: CheckIfHealth             [36mIDLE[0m -> [31mFAILURE[0m
[robot_decision-1] [1746695815.535]: CheckIfHealth             [31mFAILURE[0m -> [36mIDLE[0m
[robot_decision-1] [1746695815.535]: RetryUntilSuccessful      [33mRUNNING[0m -> [31mFAILURE[0m
[robot_decision-1] [1746695815.535]: RetryUntilSuccessful      [31mFAILURE[0m -> [36mIDLE[0m
[robot_decision-1] [1746695815.535]: Sequence                  [33mRUNNING[0m -> [31mFAILURE[0m
[robot_decision-1] [1746695815.535]: Sequence                  [36mIDLE[0m -> [33mRUNNING[0m
[robot_decision-1] [1746695815.535]: RetryUntilSuccessful      [36mIDLE[0m -> [33mRUNNING[0m
[robot_decision-1] [1746695815.535]: CheckIfunHealth           [36mIDLE[0m -> [32mSUCCESS[0m
[robot_decision-1] [1746695815.535]: CheckIfunHealth           [32mSUCCESS[0m -> [36mIDLE[0m
[robot_decision-1] [1746695815.535]: RetryUntilSuccessful      [33mRUNNING[0m -> [32mSUCCESS[0m
[robot_decision-1] [1746695815.535]: RetryUntilSuccessful      [36mIDLE[0m -> [33mRUNNING[0m
[robot_decision-1] [1746695815.535]: NavigateToPose            [36mIDLE[0m -> [33mRUNNING[0m
[robot_decision-1] Point key: 2 x:2 y:0.7
[robot_decision-1] onResultReceived: 4
[robot_decision-1] [1746695816.539]: NavigateToPose            [33mRUNNING[0m -> [32mSUCCESS[0m
[robot_decision-1] [1746695816.539]: NavigateToPose            [32mSUCCESS[0m -> [36mIDLE[0m
[robot_decision-1] [1746695816.539]: RetryUntilSuccessful      [33mRUNNING[0m -> [32mSUCCESS[0m
[robot_decision-1] [1746695816.539]: WaitNode                  [36mIDLE[0m -> [33mRUNNING[0m
[robot_decision-1] [INFO] [1746695816.538723393] [robot_decision]: Navigation Success!
[robot_decision-1] [1746695817.139]: WaitNode                  [33mRUNNING[0m -> [32mSUCCESS[0m
[robot_decision-1] [1746695817.140]: RetryUntilSuccessful      [32mSUCCESS[0m -> [36mIDLE[0m
[robot_decision-1] [1746695817.140]: RetryUntilSuccessful      [32mSUCCESS[0m -> [36mIDLE[0m
[robot_decision-1] [1746695817.140]: WaitNode                  [32mSUCCESS[0m -> [36mIDLE[0m
[robot_decision-1] [1746695817.140]: Sequence                  [33mRUNNING[0m -> [32mSUCCESS[0m
[robot_decision-1] [1746695817.140]: Sequence                  [31mFAILURE[0m -> [36mIDLE[0m
[robot_decision-1] [1746695817.140]: Sequence                  [32mSUCCESS[0m -> [36mIDLE[0m
[robot_decision-1] [1746695817.140]: Fallback                  [33mRUNNING[0m -> [32mSUCCESS[0m
[robot_decision-1] [1746695817.140]: Fallback                  [32mSUCCESS[0m -> [36mIDLE[0m
[robot_decision-1] [1746695817.340]: Fallback                  [36mIDLE[0m -> [33mRUNNING[0m
[robot_decision-1] [1746695817.340]: Sequence                  [36mIDLE[0m -> [33mRUNNING[0m
[robot_decision-1] [1746695817.340]: RetryUntilSuccessful      [36mIDLE[0m -> [33mRUNNING[0m
[robot_decision-1] [1746695817.340]: CheckIfHealth             [36mIDLE[0m -> [31mFAILURE[0m
[robot_decision-1] [1746695817.340]: CheckIfHealth             [31mFAILURE[0m -> [36mIDLE[0m
[robot_decision-1] [1746695817.340]: CheckIfHealth             [36mIDLE[0m -> [31mFAILURE[0m
[robot_decision-1] [1746695817.340]: CheckIfHealth             [31mFAILURE[0m -> [36mIDLE[0m
[robot_decision-1] [1746695817.340]: CheckIfHealth             [36mIDLE[0m -> [31mFAILURE[0m
[robot_decision-1] [1746695817.340]: CheckIfHealth             [31mFAILURE[0m -> [36mIDLE[0m
[robot_decision-1] [1746695817.340]: CheckIfHealth             [36mIDLE[0m -> [31mFAILURE[0m
[robot_decision-1] [1746695817.340]: CheckIfHealth             [31mFAILURE[0m -> [36mIDLE[0m
[robot_decision-1] [ERROR] [1746695817.339826968] [robot_decision]: [CheckIfHealth] invalid message
[robot_decision-1] [ERROR] [1746695817.339969312] [robot_decision]: [CheckIfHealth] invalid message
[robot_decision-1] [ERROR] [1746695817.340065611] [robot_decision]: [CheckIfHealth] invalid message
[robot_decision-1] [ERROR] [1746695817.340216882] [robot_decision]: [CheckIfHealth] invalid message
[robot_decision-1] [ERROR] [1746695817.340301328] [robot_decision]: [CheckIfHealth] invalid message
[robot_decision-1] [ERROR] [1746695817.340377470] [robot_decision]: [CheckIfHealth] invalid message
[robot_decision-1] [ERROR] [1746695817.340533730] [robot_decision]: [CheckIfHealth] invalid message
[robot_decision-1] [1746695817.340]: CheckIfHealth             [36mIDLE[0m -> [31mFAILURE[0m
[robot_decision-1] [1746695817.340]: CheckIfHealth             [31mFAILURE[0m -> [36mIDLE[0m
[robot_decision-1] [1746695817.340]: CheckIfHealth             [36mIDLE[0m -> [31mFAILURE[0m
[robot_decision-1] [1746695817.340]: CheckIfHealth             [31mFAILURE[0m -> [36mIDLE[0m
[robot_decision-1] [1746695817.340]: CheckIfHealth             [36mIDLE[0m -> [31mFAILURE[0m
[robot_decision-1] [1746695817.340]: CheckIfHealth             [31mFAILURE[0m -> [36mIDLE[0m
[robot_decision-1] [1746695817.341]: CheckIfHealth             [36mIDLE[0m -> [31mFAILURE[0m
[robot_decision-1] [1746695817.341]: CheckIfHealth             [31mFAILURE[0m -> [36mIDLE[0m
[robot_decision-1] [1746695817.341]: CheckIfHealth             [36mIDLE[0m -> [31mFAILURE[0m
[robot_decision-1] [1746695817.341]: CheckIfHealth             [31mFAILURE[0m -> [36mIDLE[0m
[robot_decision-1] [ERROR] [1746695817.340619349] [robot_decision]: [CheckIfHealth] invalid message
[robot_decision-1] [ERROR] [1746695817.340701712] [robot_decision]: [CheckIfHealth] invalid message
[robot_decision-1] [1746695817.341]: CheckIfHealth             [36mIDLE[0m -> [31mFAILURE[0m
[robot_decision-1] [1746695817.341]: CheckIfHealth             [31mFAILURE[0m -> [36mIDLE[0m
[robot_decision-1] [1746695817.341]: CheckIfHealth             [36mIDLE[0m -> [31mFAILURE[0m
[robot_decision-1] [1746695817.341]: CheckIfHealth             [31mFAILURE[0m -> [36mIDLE[0m
[robot_decision-1] [ERROR] [1746695817.340796988] [robot_decision]: [CheckIfHealth] invalid message
[robot_decision-1] [1746695817.341]: CheckIfHealth             [36mIDLE[0m -> [31mFAILURE[0m
[robot_decision-1] [1746695817.341]: CheckIfHealth             [31mFAILURE[0m -> [36mIDLE[0m
[robot_decision-1] [ERROR] [1746695817.340945644] [robot_decision]: [CheckIfHealth] invalid message
[robot_decision-1] [ERROR] [1746695817.341147279] [robot_decision]: [CheckIfHealth] invalid message
[robot_decision-1] [ERROR] [1746695817.341305372] [robot_decision]: [CheckIfHealth] invalid message
[robot_decision-1] [1746695817.341]: CheckIfHealth             [36mIDLE[0m -> [31mFAILURE[0m
[robot_decision-1] [1746695817.341]: CheckIfHealth             [31mFAILURE[0m -> [36mIDLE[0m
[robot_decision-1] [1746695817.341]: CheckIfHealth             [36mIDLE[0m -> [31mFAILURE[0m
[robot_decision-1] [1746695817.341]: CheckIfHealth             [31mFAILURE[0m -> [36mIDLE[0m
[robot_decision-1] [1746695817.341]: CheckIfHealth             [36mIDLE[0m -> [31mFAILURE[0m
[robot_decision-1] [1746695817.341]: CheckIfHealth             [31mFAILURE[0m -> [36mIDLE[0m
[robot_decision-1] [1746695817.341]: CheckIfHealth             [36mIDLE[0m -> [31mFAILURE[0m
[robot_decision-1] [1746695817.341]: CheckIfHealth             [31mFAILURE[0m -> [36mIDLE[0m
[robot_decision-1] [1746695817.342]: CheckIfHealth             [36mIDLE[0m -> [31mFAILURE[0m
[robot_decision-1] [1746695817.342]: CheckIfHealth             [31mFAILURE[0m -> [36mIDLE[0m
[robot_decision-1] [ERROR] [1746695817.341459939] [robot_decision]: [CheckIfHealth] invalid message
[robot_decision-1] [ERROR] [1746695817.341587877] [robot_decision]: [CheckIfHealth] invalid message
[robot_decision-1] [ERROR] [1746695817.341687181] [robot_decision]: [CheckIfHealth] invalid message
[robot_decision-1] [ERROR] [1746695817.341786055] [robot_decision]: [CheckIfHealth] invalid message
[robot_decision-1] [ERROR] [1746695817.341972771] [robot_decision]: [CheckIfHealth] invalid message
[robot_decision-1] [ERROR] [1746695817.342070933] [robot_decision]: [CheckIfHealth] invalid message
[robot_decision-1] [ERROR] [1746695817.342175548] [robot_decision]: [CheckIfHealth] invalid message
[robot_decision-1] [ERROR] [1746695817.342270774] [robot_decision]: [CheckIfHealth] invalid message
[robot_decision-1] [ERROR] [1746695817.342392541] [robot_decision]: [CheckIfHealth] invalid message
[robot_decision-1] [1746695817.342]: CheckIfHealth             [36mIDLE[0m -> [31mFAILURE[0m
[robot_decision-1] [1746695817.342]: CheckIfHealth             [31mFAILURE[0m -> [36mIDLE[0m
[robot_decision-1] [1746695817.342]: CheckIfHealth             [36mIDLE[0m -> [31mFAILURE[0m
[robot_decision-1] [1746695817.342]: CheckIfHealth             [31mFAILURE[0m -> [36mIDLE[0m
[robot_decision-1] [1746695817.342]: CheckIfHealth             [36mIDLE[0m -> [31mFAILURE[0m
[robot_decision-1] [1746695817.342]: CheckIfHealth             [31mFAILURE[0m -> [36mIDLE[0m
[robot_decision-1] [1746695817.342]: CheckIfHealth             [36mIDLE[0m -> [31mFAILURE[0m
[robot_decision-1] [1746695817.342]: CheckIfHealth             [31mFAILURE[0m -> [36mIDLE[0m
[robot_decision-1] [1746695817.342]: CheckIfHealth             [36mIDLE[0m -> [31mFAILURE[0m
[robot_decision-1] [1746695817.342]: CheckIfHealth             [31mFAILURE[0m -> [36mIDLE[0m
[robot_decision-1] [1746695817.342]: CheckIfHealth             [36mIDLE[0m -> [31mFAILURE[0m
[robot_decision-1] [1746695817.342]: CheckIfHealth             [31mFAILURE[0m -> [36mIDLE[0m
[robot_decision-1] [1746695817.342]: CheckIfHealth             [36mIDLE[0m -> [31mFAILURE[0m
[robot_decision-1] [1746695817.342]: CheckIfHealth             [31mFAILURE[0m -> [36mIDLE[0m
[robot_decision-1] [ERROR] [1746695817.342477508] [robot_decision]: [CheckIfHealth] invalid message
[robot_decision-1] [ERROR] [1746695817.342558739] [robot_decision]: [CheckIfHealth] invalid message
[robot_decision-1] [INFO] [1746695817.342659406] [robot_decision]: [CheckIfunHealth] amount of blood: 100
[robot_decision-1] [1746695817.342]: CheckIfHealth             [36mIDLE[0m -> [31mFAILURE[0m
[robot_decision-1] [1746695817.342]: CheckIfHealth             [31mFAILURE[0m -> [36mIDLE[0m
[robot_decision-1] [1746695817.343]: CheckIfHealth             [36mIDLE[0m -> [31mFAILURE[0m
[robot_decision-1] [1746695817.343]: CheckIfHealth             [31mFAILURE[0m -> [36mIDLE[0m
[robot_decision-1] [1746695817.343]: RetryUntilSuccessful      [33mRUNNING[0m -> [31mFAILURE[0m
[robot_decision-1] [1746695817.343]: RetryUntilSuccessful      [31mFAILURE[0m -> [36mIDLE[0m
[robot_decision-1] [1746695817.343]: Sequence                  [33mRUNNING[0m -> [31mFAILURE[0m
[robot_decision-1] [1746695817.343]: Sequence                  [36mIDLE[0m -> [33mRUNNING[0m
[robot_decision-1] [1746695817.343]: RetryUntilSuccessful      [36mIDLE[0m -> [33mRUNNING[0m
[robot_decision-1] [1746695817.343]: CheckIfunHealth           [36mIDLE[0m -> [32mSUCCESS[0m
[robot_decision-1] [1746695817.343]: CheckIfunHealth           [32mSUCCESS[0m -> [36mIDLE[0m
[robot_decision-1] [1746695817.343]: RetryUntilSuccessful      [33mRUNNING[0m -> [32mSUCCESS[0m
[robot_decision-1] [1746695817.343]: RetryUntilSuccessful      [36mIDLE[0m -> [33mRUNNING[0m
[robot_decision-1] [1746695817.343]: NavigateToPose            [36mIDLE[0m -> [33mRUNNING[0m
[robot_decision-1] Point key: 2 x:2 y:0.7
[robot_decision-1] onResultReceived: 4
[robot_decision-1] [1746695818.345]: NavigateToPose            [33mRUNNING[0m -> [32mSUCCESS[0m
[robot_decision-1] [1746695818.345]: NavigateToPose            [32mSUCCESS[0m -> [36mIDLE[0m
[robot_decision-1] [1746695818.345]: RetryUntilSuccessful      [33mRUNNING[0m -> [32mSUCCESS[0m
[robot_decision-1] [1746695818.346]: WaitNode                  [36mIDLE[0m -> [33mRUNNING[0m
[robot_decision-1] [INFO] [1746695818.345352260] [robot_decision]: Navigation Success!
[robot_decision-1] [1746695818.946]: WaitNode                  [33mRUNNING[0m -> [32mSUCCESS[0m
[robot_decision-1] [1746695818.946]: RetryUntilSuccessful      [32mSUCCESS[0m -> [36mIDLE[0m
[robot_decision-1] [1746695818.946]: RetryUntilSuccessful      [32mSUCCESS[0m -> [36mIDLE[0m
[robot_decision-1] [1746695818.946]: WaitNode                  [32mSUCCESS[0m -> [36mIDLE[0m
[robot_decision-1] [1746695818.946]: Sequence                  [33mRUNNING[0m -> [32mSUCCESS[0m
[robot_decision-1] [1746695818.946]: Sequence                  [31mFAILURE[0m -> [36mIDLE[0m
[robot_decision-1] [1746695818.946]: Sequence                  [32mSUCCESS[0m -> [36mIDLE[0m
[robot_decision-1] [1746695818.946]: Fallback                  [33mRUNNING[0m -> [32mSUCCESS[0m
[robot_decision-1] [1746695818.946]: Fallback                  [32mSUCCESS[0m -> [36mIDLE[0m
[robot_decision-1] [1746695819.146]: Fallback                  [36mIDLE[0m -> [33mRUNNING[0m
[robot_decision-1] [1746695819.147]: Sequence                  [36mIDLE[0m -> [33mRUNNING[0m
[robot_decision-1] [1746695819.147]: RetryUntilSuccessful      [36mIDLE[0m -> [33mRUNNING[0m
[robot_decision-1] [1746695819.147]: CheckIfHealth             [36mIDLE[0m -> [31mFAILURE[0m
[robot_decision-1] [1746695819.147]: CheckIfHealth             [31mFAILURE[0m -> [36mIDLE[0m
[robot_decision-1] [1746695819.147]: CheckIfHealth             [36mIDLE[0m -> [31mFAILURE[0m
[robot_decision-1] [1746695819.147]: CheckIfHealth             [31mFAILURE[0m -> [36mIDLE[0m
[robot_decision-1] [1746695819.147]: CheckIfHealth             [36mIDLE[0m -> [31mFAILURE[0m
[robot_decision-1] [1746695819.147]: CheckIfHealth             [31mFAILURE[0m -> [36mIDLE[0m
[robot_decision-1] [1746695819.148]: CheckIfHealth             [36mIDLE[0m -> [31mFAILURE[0m
[robot_decision-1] [1746695819.148]: CheckIfHealth             [31mFAILURE[0m -> [36mIDLE[0m
[robot_decision-1] [1746695819.148]: CheckIfHealth             [36mIDLE[0m -> [31mFAILURE[0m
[robot_decision-1] [1746695819.148]: CheckIfHealth             [31mFAILURE[0m -> [36mIDLE[0m
[robot_decision-1] [1746695819.148]: CheckIfHealth             [36mIDLE[0m -> [31mFAILURE[0m
[robot_decision-1] [1746695819.148]: CheckIfHealth             [31mFAILURE[0m -> [36mIDLE[0m
[robot_decision-1] [ERROR] [1746695819.147204113] [robot_decision]: [CheckIfHealth] invalid message
[robot_decision-1] [ERROR] [1746695819.147403172] [robot_decision]: [CheckIfHealth] invalid message
[robot_decision-1] [ERROR] [1746695819.147498670] [robot_decision]: [CheckIfHealth] invalid message
[robot_decision-1] [ERROR] [1746695819.147590360] [robot_decision]: [CheckIfHealth] invalid message
[robot_decision-1] [ERROR] [1746695819.147700304] [robot_decision]: [CheckIfHealth] invalid message
[robot_decision-1] [ERROR] [1746695819.147847958] [robot_decision]: [CheckIfHealth] invalid message
[robot_decision-1] [ERROR] [1746695819.147943555] [robot_decision]: [CheckIfHealth] invalid message
[robot_decision-1] [ERROR] [1746695819.148034103] [robot_decision]: [CheckIfHealth] invalid message
[robot_decision-1] [ERROR] [1746695819.148093874] [robot_decision]: [CheckIfHealth] invalid message
[robot_decision-1] [ERROR] [1746695819.148180245] [robot_decision]: [CheckIfHealth] invalid message
[robot_decision-1] [ERROR] [1746695819.148267356] [robot_decision]: [CheckIfHealth] invalid message
[robot_decision-1] [ERROR] [1746695819.148352114] [robot_decision]: [CheckIfHealth] invalid message
[robot_decision-1] [ERROR] [1746695819.148431171] [robot_decision]: [CheckIfHealth] invalid message
[robot_decision-1] [1746695819.148]: CheckIfHealth             [36mIDLE[0m -> [31mFAILURE[0m
[robot_decision-1] [1746695819.148]: CheckIfHealth             [31mFAILURE[0m -> [36mIDLE[0m
[robot_decision-1] [1746695819.148]: CheckIfHealth             [36mIDLE[0m -> [31mFAILURE[0m
[robot_decision-1] [1746695819.148]: CheckIfHealth             [31mFAILURE[0m -> [36mIDLE[0m
[robot_decision-1] [1746695819.148]: CheckIfHealth             [36mIDLE[0m -> [31mFAILURE[0m
[robot_decision-1] [1746695819.148]: CheckIfHealth             [31mFAILURE[0m -> [36mIDLE[0m
[robot_decision-1] [1746695819.148]: CheckIfHealth             [36mIDLE[0m -> [31mFAILURE[0m
[robot_decision-1] [1746695819.148]: CheckIfHealth             [31mFAILURE[0m -> [36mIDLE[0m
[robot_decision-1] [1746695819.148]: CheckIfHealth             [36mIDLE[0m -> [31mFAILURE[0m
[robot_decision-1] [1746695819.148]: CheckIfHealth             [31mFAILURE[0m -> [36mIDLE[0m
[robot_decision-1] [1746695819.148]: CheckIfHealth             [36mIDLE[0m -> [31mFAILURE[0m
[robot_decision-1] [1746695819.148]: CheckIfHealth             [31mFAILURE[0m -> [36mIDLE[0m
[robot_decision-1] [1746695819.148]: CheckIfHealth             [36mIDLE[0m -> [31mFAILURE[0m
[robot_decision-1] [1746695819.148]: CheckIfHealth             [31mFAILURE[0m -> [36mIDLE[0m
[robot_decision-1] [1746695819.148]: CheckIfHealth             [36mIDLE[0m -> [31mFAILURE[0m
[robot_decision-1] [1746695819.148]: CheckIfHealth             [31mFAILURE[0m -> [36mIDLE[0m
[robot_decision-1] [ERROR] [1746695819.148515317] [robot_decision]: [CheckIfHealth] invalid message
[robot_decision-1] [ERROR] [1746695819.148598912] [robot_decision]: [CheckIfHealth] invalid message
[robot_decision-1] [ERROR] [1746695819.148673791] [robot_decision]: [CheckIfHealth] invalid message
[robot_decision-1] [1746695819.149]: CheckIfHealth             [36mIDLE[0m -> [31mFAILURE[0m
[robot_decision-1] [1746695819.149]: CheckIfHealth             [31mFAILURE[0m -> [36mIDLE[0m
[robot_decision-1] [1746695819.149]: CheckIfHealth             [36mIDLE[0m -> [31mFAILURE[0m
[robot_decision-1] [1746695819.149]: CheckIfHealth             [31mFAILURE[0m -> [36mIDLE[0m
[robot_decision-1] [1746695819.149]: CheckIfHealth             [36mIDLE[0m -> [31mFAILURE[0m
[robot_decision-1] [1746695819.149]: CheckIfHealth             [31mFAILURE[0m -> [36mIDLE[0m
[robot_decision-1] [ERROR] [1746695819.148766172] [robot_decision]: [CheckIfHealth] invalid message
[robot_decision-1] [1746695819.149]: CheckIfHealth             [36mIDLE[0m -> [31mFAILURE[0m
[robot_decision-1] [1746695819.149]: CheckIfHealth             [31mFAILURE[0m -> [36mIDLE[0m
[robot_decision-1] [ERROR] [1746695819.148849778] [robot_decision]: [CheckIfHealth] invalid message
[robot_decision-1] [ERROR] [1746695819.148932561] [robot_decision]: [CheckIfHealth] invalid message
[robot_decision-1] [ERROR] [1746695819.149010656] [robot_decision]: [CheckIfHealth] invalid message
[robot_decision-1] [ERROR] [1746695819.149096656] [robot_decision]: [CheckIfHealth] invalid message
[robot_decision-1] [1746695819.149]: CheckIfHealth             [36mIDLE[0m -> [31mFAILURE[0m
[robot_decision-1] [1746695819.149]: CheckIfHealth             [31mFAILURE[0m -> [36mIDLE[0m
[robot_decision-1] [1746695819.149]: CheckIfHealth             [36mIDLE[0m -> [31mFAILURE[0m
[robot_decision-1] [1746695819.149]: CheckIfHealth             [31mFAILURE[0m -> [36mIDLE[0m
[robot_decision-1] [1746695819.149]: CheckIfHealth             [36mIDLE[0m -> [31mFAILURE[0m
[robot_decision-1] [1746695819.149]: CheckIfHealth             [31mFAILURE[0m -> [36mIDLE[0m
[robot_decision-1] [1746695819.149]: CheckIfHealth             [36mIDLE[0m -> [31mFAILURE[0m
[robot_decision-1] [1746695819.149]: CheckIfHealth             [31mFAILURE[0m -> [36mIDLE[0m
[robot_decision-1] [ERROR] [1746695819.149190731] [robot_decision]: [CheckIfHealth] invalid message
[robot_decision-1] [ERROR] [1746695819.149319039] [robot_decision]: [CheckIfHealth] invalid message
[robot_decision-1] [ERROR] [1746695819.149433421] [robot_decision]: [CheckIfHealth] invalid message
[robot_decision-1] [ERROR] [1746695819.149569153] [robot_decision]: [CheckIfHealth] invalid message
[robot_decision-1] [INFO] [1746695819.149735772] [robot_decision]: [CheckIfunHealth] amount of blood: 100
[robot_decision-1] [1746695819.149]: CheckIfHealth             [36mIDLE[0m -> [31mFAILURE[0m
[robot_decision-1] [1746695819.149]: CheckIfHealth             [31mFAILURE[0m -> [36mIDLE[0m
[robot_decision-1] [1746695819.149]: CheckIfHealth             [36mIDLE[0m -> [31mFAILURE[0m
[robot_decision-1] [1746695819.149]: CheckIfHealth             [31mFAILURE[0m -> [36mIDLE[0m
[robot_decision-1] [1746695819.149]: CheckIfHealth             [36mIDLE[0m -> [31mFAILURE[0m
[robot_decision-1] [1746695819.149]: CheckIfHealth             [31mFAILURE[0m -> [36mIDLE[0m
[robot_decision-1] [1746695819.150]: CheckIfHealth             [36mIDLE[0m -> [31mFAILURE[0m
[robot_decision-1] [1746695819.150]: CheckIfHealth             [31mFAILURE[0m -> [36mIDLE[0m
[robot_decision-1] [1746695819.150]: RetryUntilSuccessful      [33mRUNNING[0m -> [31mFAILURE[0m
[robot_decision-1] [1746695819.150]: RetryUntilSuccessful      [31mFAILURE[0m -> [36mIDLE[0m
[robot_decision-1] [1746695819.150]: Sequence                  [33mRUNNING[0m -> [31mFAILURE[0m
[robot_decision-1] [1746695819.150]: Sequence                  [36mIDLE[0m -> [33mRUNNING[0m
[robot_decision-1] [1746695819.150]: RetryUntilSuccessful      [36mIDLE[0m -> [33mRUNNING[0m
[robot_decision-1] [1746695819.150]: CheckIfunHealth           [36mIDLE[0m -> [32mSUCCESS[0m
[robot_decision-1] [1746695819.150]: CheckIfunHealth           [32mSUCCESS[0m -> [36mIDLE[0m
[robot_decision-1] [1746695819.150]: RetryUntilSuccessful      [33mRUNNING[0m -> [32mSUCCESS[0m
[robot_decision-1] [1746695819.150]: RetryUntilSuccessful      [36mIDLE[0m -> [33mRUNNING[0m
[robot_decision-1] [1746695819.150]: NavigateToPose            [36mIDLE[0m -> [33mRUNNING[0m
[robot_decision-1] Point key: 2 x:2 y:0.7
[robot_decision-1] onResultReceived: 4
[robot_decision-1] [1746695820.154]: NavigateToPose            [33mRUNNING[0m -> [32mSUCCESS[0m
[robot_decision-1] [1746695820.154]: NavigateToPose            [32mSUCCESS[0m -> [36mIDLE[0m
[robot_decision-1] [1746695820.154]: RetryUntilSuccessful      [33mRUNNING[0m -> [32mSUCCESS[0m
[robot_decision-1] [1746695820.154]: WaitNode                  [36mIDLE[0m -> [33mRUNNING[0m
[robot_decision-1] [INFO] [1746695820.153659537] [robot_decision]: Navigation Success!
[robot_decision-1] [1746695820.754]: WaitNode                  [33mRUNNING[0m -> [32mSUCCESS[0m
[robot_decision-1] [1746695820.754]: RetryUntilSuccessful      [32mSUCCESS[0m -> [36mIDLE[0m
[robot_decision-1] [1746695820.754]: RetryUntilSuccessful      [32mSUCCESS[0m -> [36mIDLE[0m
[robot_decision-1] [1746695820.754]: WaitNode                  [32mSUCCESS[0m -> [36mIDLE[0m
[robot_decision-1] [1746695820.754]: Sequence                  [33mRUNNING[0m -> [32mSUCCESS[0m
[robot_decision-1] [1746695820.754]: Sequence                  [31mFAILURE[0m -> [36mIDLE[0m
[robot_decision-1] [1746695820.754]: Sequence                  [32mSUCCESS[0m -> [36mIDLE[0m
[robot_decision-1] [1746695820.754]: Fallback                  [33mRUNNING[0m -> [32mSUCCESS[0m
[robot_decision-1] [1746695820.754]: Fallback                  [32mSUCCESS[0m -> [36mIDLE[0m
[robot_decision-1] [1746695820.955]: Fallback                  [36mIDLE[0m -> [33mRUNNING[0m
[robot_decision-1] [1746695820.955]: Sequence                  [36mIDLE[0m -> [33mRUNNING[0m
[robot_decision-1] [1746695820.955]: RetryUntilSuccessful      [36mIDLE[0m -> [33mRUNNING[0m
[robot_decision-1] [1746695820.955]: CheckIfHealth             [36mIDLE[0m -> [31mFAILURE[0m
[robot_decision-1] [1746695820.955]: CheckIfHealth             [31mFAILURE[0m -> [36mIDLE[0m
[robot_decision-1] [1746695820.955]: CheckIfHealth             [36mIDLE[0m -> [31mFAILURE[0m
[robot_decision-1] [1746695820.955]: CheckIfHealth             [31mFAILURE[0m -> [36mIDLE[0m
[robot_decision-1] [1746695820.955]: CheckIfHealth             [36mIDLE[0m -> [31mFAILURE[0m
[robot_decision-1] [1746695820.955]: CheckIfHealth             [31mFAILURE[0m -> [36mIDLE[0m
[robot_decision-1] [1746695820.955]: CheckIfHealth             [36mIDLE[0m -> [31mFAILURE[0m
[robot_decision-1] [1746695820.955]: CheckIfHealth             [31mFAILURE[0m -> [36mIDLE[0m
[robot_decision-1] [1746695820.955]: CheckIfHealth             [36mIDLE[0m -> [31mFAILURE[0m
[robot_decision-1] [ERROR] [1746695820.954658745] [robot_decision]: [CheckIfHealth] invalid message
[robot_decision-1] [ERROR] [1746695820.954774631] [robot_decision]: [CheckIfHealth] invalid message
[robot_decision-1] [ERROR] [1746695820.954890466] [robot_decision]: [CheckIfHealth] invalid message
[robot_decision-1] [ERROR] [1746695820.954967338] [robot_decision]: [CheckIfHealth] invalid message
[robot_decision-1] [1746695820.955]: CheckIfHealth             [31mFAILURE[0m -> [36mIDLE[0m
[robot_decision-1] [ERROR] [1746695820.955049200] [robot_decision]: [CheckIfHealth] invalid message
[robot_decision-1] [ERROR] [1746695820.955097289] [robot_decision]: [CheckIfHealth] invalid message
[robot_decision-1] [ERROR] [1746695820.955178180] [robot_decision]: [CheckIfHealth] invalid message
[robot_decision-1] [1746695820.955]: CheckIfHealth             [36mIDLE[0m -> [31mFAILURE[0m
[robot_decision-1] [1746695820.955]: CheckIfHealth             [31mFAILURE[0m -> [36mIDLE[0m
[robot_decision-1] [1746695820.955]: CheckIfHealth             [36mIDLE[0m -> [31mFAILURE[0m
[robot_decision-1] [1746695820.955]: CheckIfHealth             [31mFAILURE[0m -> [36mIDLE[0m
[robot_decision-1] [1746695820.955]: CheckIfHealth             [36mIDLE[0m -> [31mFAILURE[0m
[robot_decision-1] [1746695820.955]: CheckIfHealth             [31mFAILURE[0m -> [36mIDLE[0m
[robot_decision-1] [1746695820.955]: CheckIfHealth             [36mIDLE[0m -> [31mFAILURE[0m
[robot_decision-1] [1746695820.955]: CheckIfHealth             [31mFAILURE[0m -> [36mIDLE[0m
[robot_decision-1] [ERROR] [1746695820.955421221] [robot_decision]: [CheckIfHealth] invalid message
[robot_decision-1] [1746695820.955]: CheckIfHealth             [36mIDLE[0m -> [31mFAILURE[0m
[robot_decision-1] [1746695820.955]: CheckIfHealth             [31mFAILURE[0m -> [36mIDLE[0m
[robot_decision-1] [1746695820.956]: CheckIfHealth             [36mIDLE[0m -> [31mFAILURE[0m
[robot_decision-1] [1746695820.956]: CheckIfHealth             [31mFAILURE[0m -> [36mIDLE[0m
[robot_decision-1] [1746695820.956]: CheckIfHealth             [36mIDLE[0m -> [31mFAILURE[0m
[robot_decision-1] [1746695820.956]: CheckIfHealth             [31mFAILURE[0m -> [36mIDLE[0m
[robot_decision-1] [ERROR] [1746695820.955530223] [robot_decision]: [CheckIfHealth] invalid message
[robot_decision-1] [ERROR] [1746695820.955607447] [robot_decision]: [CheckIfHealth] invalid message
[robot_decision-1] [ERROR] [1746695820.955683969] [robot_decision]: [CheckIfHealth] invalid message
[robot_decision-1] [ERROR] [1746695820.955755682] [robot_decision]: [CheckIfHealth] invalid message
[robot_decision-1] [1746695820.956]: CheckIfHealth             [36mIDLE[0m -> [31mFAILURE[0m
[robot_decision-1] [1746695820.956]: CheckIfHealth             [31mFAILURE[0m -> [36mIDLE[0m
[robot_decision-1] [1746695820.956]: CheckIfHealth             [36mIDLE[0m -> [31mFAILURE[0m
[robot_decision-1] [1746695820.956]: CheckIfHealth             [31mFAILURE[0m -> [36mIDLE[0m
[robot_decision-1] [ERROR] [1746695820.955828718] [robot_decision]: [CheckIfHealth] invalid message
[robot_decision-1] [ERROR] [1746695820.955901172] [robot_decision]: [CheckIfHealth] invalid message
[robot_decision-1] [1746695820.956]: CheckIfHealth             [36mIDLE[0m -> [31mFAILURE[0m
[robot_decision-1] [1746695820.956]: CheckIfHealth             [31mFAILURE[0m -> [36mIDLE[0m
[robot_decision-1] [1746695820.956]: CheckIfHealth             [36mIDLE[0m -> [31mFAILURE[0m
[robot_decision-1] [1746695820.956]: CheckIfHealth             [31mFAILURE[0m -> [36mIDLE[0m
[robot_decision-1] [ERROR] [1746695820.955999495] [robot_decision]: [CheckIfHealth] invalid message
[robot_decision-1] [ERROR] [1746695820.956073783] [robot_decision]: [CheckIfHealth] invalid message
[robot_decision-1] [ERROR] [1746695820.956156055] [robot_decision]: [CheckIfHealth] invalid message
[robot_decision-1] [ERROR] [1746695820.956270358] [robot_decision]: [CheckIfHealth] invalid message
[robot_decision-1] [ERROR] [1746695820.956355876] [robot_decision]: [CheckIfHealth] invalid message
[robot_decision-1] [ERROR] [1746695820.956429723] [robot_decision]: [CheckIfHealth] invalid message
[robot_decision-1] [1746695820.956]: CheckIfHealth             [36mIDLE[0m -> [31mFAILURE[0m
[robot_decision-1] [1746695820.956]: CheckIfHealth             [31mFAILURE[0m -> [36mIDLE[0m
[robot_decision-1] [1746695820.956]: CheckIfHealth             [36mIDLE[0m -> [31mFAILURE[0m
[robot_decision-1] [1746695820.956]: CheckIfHealth             [31mFAILURE[0m -> [36mIDLE[0m
[robot_decision-1] [1746695820.956]: CheckIfHealth             [36mIDLE[0m -> [31mFAILURE[0m
[robot_decision-1] [1746695820.956]: CheckIfHealth             [31mFAILURE[0m -> [36mIDLE[0m
[robot_decision-1] [1746695820.956]: CheckIfHealth             [36mIDLE[0m -> [31mFAILURE[0m
[robot_decision-1] [1746695820.956]: CheckIfHealth             [31mFAILURE[0m -> [36mIDLE[0m
[robot_decision-1] [1746695820.956]: CheckIfHealth             [36mIDLE[0m -> [31mFAILURE[0m
[robot_decision-1] [1746695820.956]: CheckIfHealth             [31mFAILURE[0m -> [36mIDLE[0m
[robot_decision-1] [1746695820.956]: CheckIfHealth             [36mIDLE[0m -> [31mFAILURE[0m
[robot_decision-1] [1746695820.956]: CheckIfHealth             [31mFAILURE[0m -> [36mIDLE[0m
[robot_decision-1] [ERROR] [1746695820.956501487] [robot_decision]: [CheckIfHealth] invalid message
[robot_decision-1] [ERROR] [1746695820.956574733] [robot_decision]: [CheckIfHealth] invalid message
[robot_decision-1] [ERROR] [1746695820.956645865] [robot_decision]: [CheckIfHealth] invalid message
[robot_decision-1] [1746695820.957]: CheckIfHealth             [36mIDLE[0m -> [31mFAILURE[0m
[robot_decision-1] [1746695820.957]: CheckIfHealth             [31mFAILURE[0m -> [36mIDLE[0m
[robot_decision-1] [1746695820.957]: CheckIfHealth             [36mIDLE[0m -> [31mFAILURE[0m
[robot_decision-1] [1746695820.957]: CheckIfHealth             [31mFAILURE[0m -> [36mIDLE[0m
[robot_decision-1] [1746695820.957]: CheckIfHealth             [36mIDLE[0m -> [31mFAILURE[0m
[robot_decision-1] [1746695820.957]: CheckIfHealth             [31mFAILURE[0m -> [36mIDLE[0m
[robot_decision-1] [ERROR] [1746695820.956721325] [robot_decision]: [CheckIfHealth] invalid message
[robot_decision-1] [INFO] [1746695820.956808206] [robot_decision]: [CheckIfunHealth] amount of blood: 100
[robot_decision-1] [1746695820.957]: CheckIfHealth             [36mIDLE[0m -> [31mFAILURE[0m
[robot_decision-1] [1746695820.957]: CheckIfHealth             [31mFAILURE[0m -> [36mIDLE[0m
[robot_decision-1] [1746695820.957]: RetryUntilSuccessful      [33mRUNNING[0m -> [31mFAILURE[0m
[robot_decision-1] [1746695820.957]: RetryUntilSuccessful      [31mFAILURE[0m -> [36mIDLE[0m
[robot_decision-1] [1746695820.957]: Sequence                  [33mRUNNING[0m -> [31mFAILURE[0m
[robot_decision-1] [1746695820.957]: Sequence                  [36mIDLE[0m -> [33mRUNNING[0m
[robot_decision-1] [1746695820.957]: RetryUntilSuccessful      [36mIDLE[0m -> [33mRUNNING[0m
[robot_decision-1] [1746695820.957]: CheckIfunHealth           [36mIDLE[0m -> [32mSUCCESS[0m
[robot_decision-1] [1746695820.957]: CheckIfunHealth           [32mSUCCESS[0m -> [36mIDLE[0m
[robot_decision-1] [1746695820.957]: RetryUntilSuccessful      [33mRUNNING[0m -> [32mSUCCESS[0m
[robot_decision-1] [1746695820.957]: RetryUntilSuccessful      [36mIDLE[0m -> [33mRUNNING[0m
[robot_decision-1] [1746695820.957]: NavigateToPose            [36mIDLE[0m -> [33mRUNNING[0m
[robot_decision-1] Point key: 2 x:2 y:0.7
[robot_decision-1] onResultReceived: 4
[robot_decision-1] [1746695821.960]: NavigateToPose            [33mRUNNING[0m -> [32mSUCCESS[0m
[robot_decision-1] [1746695821.960]: NavigateToPose            [32mSUCCESS[0m -> [36mIDLE[0m
[robot_decision-1] [1746695821.960]: RetryUntilSuccessful      [33mRUNNING[0m -> [32mSUCCESS[0m
[robot_decision-1] [1746695821.960]: WaitNode                  [36mIDLE[0m -> [33mRUNNING[0m
[robot_decision-1] [INFO] [1746695821.959462099] [robot_decision]: Navigation Success!
[robot_decision-1] [1746695822.560]: WaitNode                  [33mRUNNING[0m -> [32mSUCCESS[0m
[robot_decision-1] [1746695822.560]: RetryUntilSuccessful      [32mSUCCESS[0m -> [36mIDLE[0m
[robot_decision-1] [1746695822.560]: RetryUntilSuccessful      [32mSUCCESS[0m -> [36mIDLE[0m
[robot_decision-1] [1746695822.560]: WaitNode                  [32mSUCCESS[0m -> [36mIDLE[0m
[robot_decision-1] [1746695822.560]: Sequence                  [33mRUNNING[0m -> [32mSUCCESS[0m
[robot_decision-1] [1746695822.560]: Sequence                  [31mFAILURE[0m -> [36mIDLE[0m
[robot_decision-1] [1746695822.560]: Sequence                  [32mSUCCESS[0m -> [36mIDLE[0m
[robot_decision-1] [1746695822.560]: Fallback                  [33mRUNNING[0m -> [32mSUCCESS[0m
[robot_decision-1] [1746695822.560]: Fallback                  [32mSUCCESS[0m -> [36mIDLE[0m
[robot_decision-1] [1746695822.760]: Fallback                  [36mIDLE[0m -> [33mRUNNING[0m
[robot_decision-1] [1746695822.760]: Sequence                  [36mIDLE[0m -> [33mRUNNING[0m
[robot_decision-1] [1746695822.760]: RetryUntilSuccessful      [36mIDLE[0m -> [33mRUNNING[0m
[robot_decision-1] [1746695822.760]: CheckIfHealth             [36mIDLE[0m -> [31mFAILURE[0m
[robot_decision-1] [1746695822.760]: CheckIfHealth             [31mFAILURE[0m -> [36mIDLE[0m
[robot_decision-1] [1746695822.760]: CheckIfHealth             [36mIDLE[0m -> [31mFAILURE[0m
[robot_decision-1] [1746695822.760]: CheckIfHealth             [31mFAILURE[0m -> [36mIDLE[0m
[robot_decision-1] [1746695822.760]: CheckIfHealth             [36mIDLE[0m -> [31mFAILURE[0m
[robot_decision-1] [1746695822.760]: CheckIfHealth             [31mFAILURE[0m -> [36mIDLE[0m
[robot_decision-1] [1746695822.761]: CheckIfHealth             [36mIDLE[0m -> [31mFAILURE[0m
[robot_decision-1] [1746695822.761]: CheckIfHealth             [31mFAILURE[0m -> [36mIDLE[0m
[robot_decision-1] [1746695822.761]: CheckIfHealth             [36mIDLE[0m -> [31mFAILURE[0m
[robot_decision-1] [1746695822.761]: CheckIfHealth             [31mFAILURE[0m -> [36mIDLE[0m
[robot_decision-1] [ERROR] [1746695822.760362512] [robot_decision]: [CheckIfHealth] invalid message
[robot_decision-1] [ERROR] [1746695822.760472566] [robot_decision]: [CheckIfHealth] invalid message
[robot_decision-1] [ERROR] [1746695822.760546924] [robot_decision]: [CheckIfHealth] invalid message
[robot_decision-1] [ERROR] [1746695822.760616764] [robot_decision]: [CheckIfHealth] invalid message
[robot_decision-1] [ERROR] [1746695822.760687225] [robot_decision]: [CheckIfHealth] invalid message
[robot_decision-1] [1746695822.761]: CheckIfHealth             [36mIDLE[0m -> [31mFAILURE[0m
[robot_decision-1] [1746695822.761]: CheckIfHealth             [31mFAILURE[0m -> [36mIDLE[0m
[robot_decision-1] [ERROR] [1746695822.760759048] [robot_decision]: [CheckIfHealth] invalid message
[robot_decision-1] [ERROR] [1746695822.760881996] [robot_decision]: [CheckIfHealth] invalid message
[robot_decision-1] [ERROR] [1746695822.760980620] [robot_decision]: [CheckIfHealth] invalid message
[robot_decision-1] [ERROR] [1746695822.761123996] [robot_decision]: [CheckIfHealth] invalid message
[robot_decision-1] [ERROR] [1746695822.761243447] [robot_decision]: [CheckIfHealth] invalid message
[robot_decision-1] [ERROR] [1746695822.761319398] [robot_decision]: [CheckIfHealth] invalid message
[robot_decision-1] [1746695822.761]: CheckIfHealth             [36mIDLE[0m -> [31mFAILURE[0m
[robot_decision-1] [1746695822.761]: CheckIfHealth             [31mFAILURE[0m -> [36mIDLE[0m
[robot_decision-1] [1746695822.761]: CheckIfHealth             [36mIDLE[0m -> [31mFAILURE[0m
[robot_decision-1] [1746695822.761]: CheckIfHealth             [31mFAILURE[0m -> [36mIDLE[0m
[robot_decision-1] [1746695822.761]: CheckIfHealth             [36mIDLE[0m -> [31mFAILURE[0m
[robot_decision-1] [1746695822.761]: CheckIfHealth             [31mFAILURE[0m -> [36mIDLE[0m
[robot_decision-1] [1746695822.761]: CheckIfHealth             [36mIDLE[0m -> [31mFAILURE[0m
[robot_decision-1] [1746695822.761]: CheckIfHealth             [31mFAILURE[0m -> [36mIDLE[0m
[robot_decision-1] [1746695822.761]: CheckIfHealth             [36mIDLE[0m -> [31mFAILURE[0m
[robot_decision-1] [1746695822.761]: CheckIfHealth             [31mFAILURE[0m -> [36mIDLE[0m
[robot_decision-1] [1746695822.761]: CheckIfHealth             [36mIDLE[0m -> [31mFAILURE[0m
[robot_decision-1] [1746695822.761]: CheckIfHealth             [31mFAILURE[0m -> [36mIDLE[0m
[robot_decision-1] [ERROR] [1746695822.761390390] [robot_decision]: [CheckIfHealth] invalid message
[robot_decision-1] [ERROR] [1746695822.761462735] [robot_decision]: [CheckIfHealth] invalid message
[robot_decision-1] [ERROR] [1746695822.761550477] [robot_decision]: [CheckIfHealth] invalid message
[robot_decision-1] [ERROR] [1746695822.761649862] [robot_decision]: [CheckIfHealth] invalid message
[robot_decision-1] [1746695822.761]: CheckIfHealth             [36mIDLE[0m -> [31mFAILURE[0m
[robot_decision-1] [1746695822.761]: CheckIfHealth             [31mFAILURE[0m -> [36mIDLE[0m
[robot_decision-1] [1746695822.761]: CheckIfHealth             [36mIDLE[0m -> [31mFAILURE[0m
[robot_decision-1] [1746695822.761]: CheckIfHealth             [31mFAILURE[0m -> [36mIDLE[0m
[robot_decision-1] [1746695822.762]: CheckIfHealth             [36mIDLE[0m -> [31mFAILURE[0m
[robot_decision-1] [1746695822.762]: CheckIfHealth             [31mFAILURE[0m -> [36mIDLE[0m
[robot_decision-1] [1746695822.762]: CheckIfHealth             [36mIDLE[0m -> [31mFAILURE[0m
[robot_decision-1] [1746695822.762]: CheckIfHealth             [31mFAILURE[0m -> [36mIDLE[0m
[robot_decision-1] [ERROR] [1746695822.761723328] [robot_decision]: [CheckIfHealth] invalid message
[robot_decision-1] [ERROR] [1746695822.761793438] [robot_decision]: [CheckIfHealth] invalid message
[robot_decision-1] [1746695822.762]: CheckIfHealth             [36mIDLE[0m -> [31mFAILURE[0m
[robot_decision-1] [1746695822.762]: CheckIfHealth             [31mFAILURE[0m -> [36mIDLE[0m
[robot_decision-1] [1746695822.762]: CheckIfHealth             [36mIDLE[0m -> [31mFAILURE[0m
[robot_decision-1] [1746695822.762]: CheckIfHealth             [31mFAILURE[0m -> [36mIDLE[0m
[robot_decision-1] [ERROR] [1746695822.761863218] [robot_decision]: [CheckIfHealth] invalid message
[robot_decision-1] [1746695822.762]: CheckIfHealth             [36mIDLE[0m -> [31mFAILURE[0m
[robot_decision-1] [1746695822.762]: CheckIfHealth             [31mFAILURE[0m -> [36mIDLE[0m
[robot_decision-1] [ERROR] [1746695822.761941323] [robot_decision]: [CheckIfHealth] invalid message
[robot_decision-1] [1746695822.762]: CheckIfHealth             [36mIDLE[0m -> [31mFAILURE[0m
[robot_decision-1] [1746695822.762]: CheckIfHealth             [31mFAILURE[0m -> [36mIDLE[0m
[robot_decision-1] [ERROR] [1746695822.762023986] [robot_decision]: [CheckIfHealth] invalid message
[robot_decision-1] [1746695822.762]: CheckIfHealth             [36mIDLE[0m -> [31mFAILURE[0m
[robot_decision-1] [1746695822.762]: CheckIfHealth             [31mFAILURE[0m -> [36mIDLE[0m
[robot_decision-1] [1746695822.762]: CheckIfHealth             [36mIDLE[0m -> [31mFAILURE[0m
[robot_decision-1] [1746695822.762]: CheckIfHealth             [31mFAILURE[0m -> [36mIDLE[0m
[robot_decision-1] [1746695822.762]: CheckIfHealth             [36mIDLE[0m -> [31mFAILURE[0m
[robot_decision-1] [1746695822.762]: CheckIfHealth             [31mFAILURE[0m -> [36mIDLE[0m
[robot_decision-1] [ERROR] [1746695822.762100979] [robot_decision]: [CheckIfHealth] invalid message
[robot_decision-1] [ERROR] [1746695822.762180677] [robot_decision]: [CheckIfHealth] invalid message
[robot_decision-1] [ERROR] [1746695822.762258933] [robot_decision]: [CheckIfHealth] invalid message
[robot_decision-1] [1746695822.762]: CheckIfHealth             [36mIDLE[0m -> [31mFAILURE[0m
[robot_decision-1] [1746695822.762]: CheckIfHealth             [31mFAILURE[0m -> [36mIDLE[0m
[robot_decision-1] [ERROR] [1746695822.762331487] [robot_decision]: [CheckIfHealth] invalid message
[robot_decision-1] [ERROR] [1746695822.762403922] [robot_decision]: [CheckIfHealth] invalid message
[robot_decision-1] [INFO] [1746695822.762504839] [robot_decision]: [CheckIfunHealth] amount of blood: 100
[robot_decision-1] [1746695822.762]: CheckIfHealth             [36mIDLE[0m -> [31mFAILURE[0m
[robot_decision-1] [1746695822.762]: CheckIfHealth             [31mFAILURE[0m -> [36mIDLE[0m
[robot_decision-1] [1746695822.762]: CheckIfHealth             [36mIDLE[0m -> [31mFAILURE[0m
[robot_decision-1] [1746695822.762]: CheckIfHealth             [31mFAILURE[0m -> [36mIDLE[0m
[robot_decision-1] [1746695822.762]: RetryUntilSuccessful      [33mRUNNING[0m -> [31mFAILURE[0m
[robot_decision-1] [1746695822.762]: RetryUntilSuccessful      [31mFAILURE[0m -> [36mIDLE[0m
[robot_decision-1] [1746695822.762]: Sequence                  [33mRUNNING[0m -> [31mFAILURE[0m
[robot_decision-1] [1746695822.762]: Sequence                  [36mIDLE[0m -> [33mRUNNING[0m
[robot_decision-1] [1746695822.762]: RetryUntilSuccessful      [36mIDLE[0m -> [33mRUNNING[0m
[robot_decision-1] [1746695822.763]: CheckIfunHealth           [36mIDLE[0m -> [32mSUCCESS[0m
[robot_decision-1] [1746695822.763]: CheckIfunHealth           [32mSUCCESS[0m -> [36mIDLE[0m
[robot_decision-1] [1746695822.763]: RetryUntilSuccessful      [33mRUNNING[0m -> [32mSUCCESS[0m
[robot_decision-1] [1746695822.763]: RetryUntilSuccessful      [36mIDLE[0m -> [33mRUNNING[0m
[robot_decision-1] [1746695822.763]: NavigateToPose            [36mIDLE[0m -> [33mRUNNING[0m
[robot_decision-1] Point key: 2 x:2 y:0.7
[robot_decision-1] onResultReceived: 4
[robot_decision-1] [1746695823.765]: NavigateToPose            [33mRUNNING[0m -> [32mSUCCESS[0m
[robot_decision-1] [1746695823.765]: NavigateToPose            [32mSUCCESS[0m -> [36mIDLE[0m
[robot_decision-1] [1746695823.765]: RetryUntilSuccessful      [33mRUNNING[0m -> [32mSUCCESS[0m
[robot_decision-1] [1746695823.765]: WaitNode                  [36mIDLE[0m -> [33mRUNNING[0m
[robot_decision-1] [INFO] [1746695823.765062770] [robot_decision]: Navigation Success!
[robot_decision-1] [1746695824.366]: WaitNode                  [33mRUNNING[0m -> [32mSUCCESS[0m
[robot_decision-1] [1746695824.366]: RetryUntilSuccessful      [32mSUCCESS[0m -> [36mIDLE[0m
[robot_decision-1] [1746695824.366]: RetryUntilSuccessful      [32mSUCCESS[0m -> [36mIDLE[0m
[robot_decision-1] [1746695824.366]: WaitNode                  [32mSUCCESS[0m -> [36mIDLE[0m
[robot_decision-1] [1746695824.366]: Sequence                  [33mRUNNING[0m -> [32mSUCCESS[0m
[robot_decision-1] [1746695824.366]: Sequence                  [31mFAILURE[0m -> [36mIDLE[0m
[robot_decision-1] [1746695824.366]: Sequence                  [32mSUCCESS[0m -> [36mIDLE[0m
[robot_decision-1] [1746695824.366]: Fallback                  [33mRUNNING[0m -> [32mSUCCESS[0m
[robot_decision-1] [1746695824.366]: Fallback                  [32mSUCCESS[0m -> [36mIDLE[0m
[robot_decision-1] [1746695824.566]: Fallback                  [36mIDLE[0m -> [33mRUNNING[0m
[robot_decision-1] [1746695824.566]: Sequence                  [36mIDLE[0m -> [33mRUNNING[0m
[robot_decision-1] [1746695824.566]: RetryUntilSuccessful      [36mIDLE[0m -> [33mRUNNING[0m
[robot_decision-1] [1746695824.566]: CheckIfHealth             [36mIDLE[0m -> [31mFAILURE[0m
[robot_decision-1] [1746695824.566]: CheckIfHealth             [31mFAILURE[0m -> [36mIDLE[0m
[robot_decision-1] [1746695824.566]: CheckIfHealth             [36mIDLE[0m -> [31mFAILURE[0m
[robot_decision-1] [1746695824.566]: CheckIfHealth             [31mFAILURE[0m -> [36mIDLE[0m
[robot_decision-1] [1746695824.567]: CheckIfHealth             [36mIDLE[0m -> [31mFAILURE[0m
[robot_decision-1] [1746695824.567]: CheckIfHealth             [31mFAILURE[0m -> [36mIDLE[0m
[robot_decision-1] [1746695824.567]: CheckIfHealth             [36mIDLE[0m -> [31mFAILURE[0m
[robot_decision-1] [1746695824.567]: CheckIfHealth             [31mFAILURE[0m -> [36mIDLE[0m
[robot_decision-1] [1746695824.567]: CheckIfHealth             [36mIDLE[0m -> [31mFAILURE[0m
[robot_decision-1] [1746695824.567]: CheckIfHealth             [31mFAILURE[0m -> [36mIDLE[0m
[robot_decision-1] [1746695824.567]: CheckIfHealth             [36mIDLE[0m -> [31mFAILURE[0m
[robot_decision-1] [1746695824.567]: CheckIfHealth             [31mFAILURE[0m -> [36mIDLE[0m
[robot_decision-1] [1746695824.567]: CheckIfHealth             [36mIDLE[0m -> [31mFAILURE[0m
[robot_decision-1] [1746695824.567]: CheckIfHealth             [31mFAILURE[0m -> [36mIDLE[0m
[robot_decision-1] [1746695824.567]: CheckIfHealth             [36mIDLE[0m -> [31mFAILURE[0m
[robot_decision-1] [1746695824.567]: CheckIfHealth             [31mFAILURE[0m -> [36mIDLE[0m
[robot_decision-1] [1746695824.567]: CheckIfHealth             [36mIDLE[0m -> [31mFAILURE[0m
[robot_decision-1] [1746695824.567]: CheckIfHealth             [31mFAILURE[0m -> [36mIDLE[0m
[robot_decision-1] [ERROR] [1746695824.566298384] [robot_decision]: [CheckIfHealth] invalid message
[robot_decision-1] [ERROR] [1746695824.566506581] [robot_decision]: [CheckIfHealth] invalid message
[robot_decision-1] [ERROR] [1746695824.566599814] [robot_decision]: [CheckIfHealth] invalid message
[robot_decision-1] [ERROR] [1746695824.566681546] [robot_decision]: [CheckIfHealth] invalid message
[robot_decision-1] [ERROR] [1746695824.566767325] [robot_decision]: [CheckIfHealth] invalid message
[robot_decision-1] [ERROR] [1746695824.566853244] [robot_decision]: [CheckIfHealth] invalid message
[robot_decision-1] [ERROR] [1746695824.566941458] [robot_decision]: [CheckIfHealth] invalid message
[robot_decision-1] [ERROR] [1746695824.567028921] [robot_decision]: [CheckIfHealth] invalid message
[robot_decision-1] [ERROR] [1746695824.567106565] [robot_decision]: [CheckIfHealth] invalid message
[robot_decision-1] [1746695824.567]: CheckIfHealth             [36mIDLE[0m -> [31mFAILURE[0m
[robot_decision-1] [1746695824.567]: CheckIfHealth             [31mFAILURE[0m -> [36mIDLE[0m
[robot_decision-1] [1746695824.567]: CheckIfHealth             [36mIDLE[0m -> [31mFAILURE[0m
[robot_decision-1] [1746695824.567]: CheckIfHealth             [31mFAILURE[0m -> [36mIDLE[0m
[robot_decision-1] [1746695824.567]: CheckIfHealth             [36mIDLE[0m -> [31mFAILURE[0m
[robot_decision-1] [1746695824.567]: CheckIfHealth             [31mFAILURE[0m -> [36mIDLE[0m
[robot_decision-1] [ERROR] [1746695824.567193125] [robot_decision]: [CheckIfHealth] invalid message
[robot_decision-1] [ERROR] [1746695824.567285246] [robot_decision]: [CheckIfHealth] invalid message
[robot_decision-1] [ERROR] [1746695824.567388428] [robot_decision]: [CheckIfHealth] invalid message
[robot_decision-1] [ERROR] [1746695824.567543476] [robot_decision]: [CheckIfHealth] invalid message
[robot_decision-1] [ERROR] [1746695824.567631269] [robot_decision]: [CheckIfHealth] invalid message
[robot_decision-1] [ERROR] [1746695824.567711127] [robot_decision]: [CheckIfHealth] invalid message
[robot_decision-1] [1746695824.567]: CheckIfHealth             [36mIDLE[0m -> [31mFAILURE[0m
[robot_decision-1] [1746695824.567]: CheckIfHealth             [31mFAILURE[0m -> [36mIDLE[0m
[robot_decision-1] [1746695824.568]: CheckIfHealth             [36mIDLE[0m -> [31mFAILURE[0m
[robot_decision-1] [1746695824.568]: CheckIfHealth             [31mFAILURE[0m -> [36mIDLE[0m
[robot_decision-1] [1746695824.568]: CheckIfHealth             [36mIDLE[0m -> [31mFAILURE[0m
[robot_decision-1] [1746695824.568]: CheckIfHealth             [31mFAILURE[0m -> [36mIDLE[0m
[robot_decision-1] [1746695824.568]: CheckIfHealth             [36mIDLE[0m -> [31mFAILURE[0m
[robot_decision-1] [1746695824.568]: CheckIfHealth             [31mFAILURE[0m -> [36mIDLE[0m
[robot_decision-1] [ERROR] [1746695824.567791546] [robot_decision]: [CheckIfHealth] invalid message
[robot_decision-1] [1746695824.568]: CheckIfHealth             [36mIDLE[0m -> [31mFAILURE[0m
[robot_decision-1] [1746695824.568]: CheckIfHealth             [31mFAILURE[0m -> [36mIDLE[0m
[robot_decision-1] [1746695824.568]: CheckIfHealth             [36mIDLE[0m -> [31mFAILURE[0m
[robot_decision-1] [1746695824.568]: CheckIfHealth             [31mFAILURE[0m -> [36mIDLE[0m
[robot_decision-1] [1746695824.568]: CheckIfHealth             [36mIDLE[0m -> [31mFAILURE[0m
[robot_decision-1] [1746695824.568]: CheckIfHealth             [31mFAILURE[0m -> [36mIDLE[0m
[robot_decision-1] [ERROR] [1746695824.567881954] [robot_decision]: [CheckIfHealth] invalid message
[robot_decision-1] [ERROR] [1746695824.567962003] [robot_decision]: [CheckIfHealth] invalid message
[robot_decision-1] [ERROR] [1746695824.568063521] [robot_decision]: [CheckIfHealth] invalid message
[robot_decision-1] [1746695824.568]: CheckIfHealth             [36mIDLE[0m -> [31mFAILURE[0m
[robot_decision-1] [1746695824.568]: CheckIfHealth             [31mFAILURE[0m -> [36mIDLE[0m
[robot_decision-1] [ERROR] [1746695824.568162775] [robot_decision]: [CheckIfHealth] invalid message
[robot_decision-1] [1746695824.568]: CheckIfHealth             [36mIDLE[0m -> [31mFAILURE[0m
[robot_decision-1] [1746695824.568]: CheckIfHealth             [31mFAILURE[0m -> [36mIDLE[0m
[robot_decision-1] [ERROR] [1746695824.568241271] [robot_decision]: [CheckIfHealth] invalid message
[robot_decision-1] [1746695824.568]: CheckIfHealth             [36mIDLE[0m -> [31mFAILURE[0m
[robot_decision-1] [1746695824.568]: CheckIfHealth             [31mFAILURE[0m -> [36mIDLE[0m
[robot_decision-1] [1746695824.568]: CheckIfHealth             [36mIDLE[0m -> [31mFAILURE[0m
[robot_decision-1] [1746695824.568]: CheckIfHealth             [31mFAILURE[0m -> [36mIDLE[0m
[robot_decision-1] [1746695824.568]: CheckIfHealth             [36mIDLE[0m -> [31mFAILURE[0m
[robot_decision-1] [1746695824.568]: CheckIfHealth             [31mFAILURE[0m -> [36mIDLE[0m
[robot_decision-1] [ERROR] [1746695824.568322582] [robot_decision]: [CheckIfHealth] invalid message
[robot_decision-1] [ERROR] [1746695824.568397671] [robot_decision]: [CheckIfHealth] invalid message
[robot_decision-1] [ERROR] [1746695824.568477179] [robot_decision]: [CheckIfHealth] invalid message
[robot_decision-1] [ERROR] [1746695824.568553330] [robot_decision]: [CheckIfHealth] invalid message
[robot_decision-1] [1746695824.568]: CheckIfHealth             [36mIDLE[0m -> [31mFAILURE[0m
[robot_decision-1] [1746695824.568]: CheckIfHealth             [31mFAILURE[0m -> [36mIDLE[0m
[robot_decision-1] [1746695824.569]: CheckIfHealth             [36mIDLE[0m -> [31mFAILURE[0m
[robot_decision-1] [1746695824.569]: CheckIfHealth             [31mFAILURE[0m -> [36mIDLE[0m
[robot_decision-1] [1746695824.569]: RetryUntilSuccessful      [33mRUNNING[0m -> [31mFAILURE[0m
[robot_decision-1] [1746695824.569]: RetryUntilSuccessful      [31mFAILURE[0m -> [36mIDLE[0m
[robot_decision-1] [1746695824.569]: Sequence                  [33mRUNNING[0m -> [31mFAILURE[0m
[robot_decision-1] [1746695824.569]: Sequence                  [36mIDLE[0m -> [33mRUNNING[0m
[robot_decision-1] [1746695824.569]: RetryUntilSuccessful      [36mIDLE[0m -> [33mRUNNING[0m
[robot_decision-1] [INFO] [1746695824.568652374] [robot_decision]: [CheckIfunHealth] amount of blood: 100
[robot_decision-1] [1746695824.569]: CheckIfunHealth           [36mIDLE[0m -> [32mSUCCESS[0m
[robot_decision-1] [1746695824.569]: CheckIfunHealth           [32mSUCCESS[0m -> [36mIDLE[0m
[robot_decision-1] [1746695824.569]: RetryUntilSuccessful      [33mRUNNING[0m -> [32mSUCCESS[0m
[robot_decision-1] [1746695824.569]: RetryUntilSuccessful      [36mIDLE[0m -> [33mRUNNING[0m
[robot_decision-1] [1746695824.569]: NavigateToPose            [36mIDLE[0m -> [33mRUNNING[0m
[robot_decision-1] Point key: 2 x:2 y:0.7
[robot_decision-1] onResultReceived: 4
[robot_decision-1] [1746695825.572]: NavigateToPose            [33mRUNNING[0m -> [32mSUCCESS[0m
[robot_decision-1] [1746695825.572]: NavigateToPose            [32mSUCCESS[0m -> [36mIDLE[0m
[robot_decision-1] [1746695825.572]: RetryUntilSuccessful      [33mRUNNING[0m -> [32mSUCCESS[0m
[robot_decision-1] [1746695825.572]: WaitNode                  [36mIDLE[0m -> [33mRUNNING[0m
[robot_decision-1] [INFO] [1746695825.571751566] [robot_decision]: Navigation Success!
[robot_decision-1] [1746695826.172]: WaitNode                  [33mRUNNING[0m -> [32mSUCCESS[0m
[robot_decision-1] [1746695826.172]: RetryUntilSuccessful      [32mSUCCESS[0m -> [36mIDLE[0m
[robot_decision-1] [1746695826.172]: RetryUntilSuccessful      [32mSUCCESS[0m -> [36mIDLE[0m
[robot_decision-1] [1746695826.172]: WaitNode                  [32mSUCCESS[0m -> [36mIDLE[0m
[robot_decision-1] [1746695826.172]: Sequence                  [33mRUNNING[0m -> [32mSUCCESS[0m
[robot_decision-1] [1746695826.172]: Sequence                  [31mFAILURE[0m -> [36mIDLE[0m
[robot_decision-1] [1746695826.172]: Sequence                  [32mSUCCESS[0m -> [36mIDLE[0m
[robot_decision-1] [1746695826.172]: Fallback                  [33mRUNNING[0m -> [32mSUCCESS[0m
[robot_decision-1] [1746695826.172]: Fallback                  [32mSUCCESS[0m -> [36mIDLE[0m
[robot_decision-1] [1746695826.372]: Fallback                  [36mIDLE[0m -> [33mRUNNING[0m
[robot_decision-1] [1746695826.373]: Sequence                  [36mIDLE[0m -> [33mRUNNING[0m
[robot_decision-1] [1746695826.373]: RetryUntilSuccessful      [36mIDLE[0m -> [33mRUNNING[0m
[robot_decision-1] [1746695826.373]: CheckIfHealth             [36mIDLE[0m -> [31mFAILURE[0m
[robot_decision-1] [1746695826.373]: CheckIfHealth             [31mFAILURE[0m -> [36mIDLE[0m
[robot_decision-1] [1746695826.373]: CheckIfHealth             [36mIDLE[0m -> [31mFAILURE[0m
[robot_decision-1] [1746695826.373]: CheckIfHealth             [31mFAILURE[0m -> [36mIDLE[0m
[robot_decision-1] [ERROR] [1746695826.372869591] [robot_decision]: [CheckIfHealth] invalid message
[robot_decision-1] [ERROR] [1746695826.373025581] [robot_decision]: [CheckIfHealth] invalid message
[robot_decision-1] [ERROR] [1746695826.373096022] [robot_decision]: [CheckIfHealth] invalid message
[robot_decision-1] [ERROR] [1746695826.373186059] [robot_decision]: [CheckIfHealth] invalid message
[robot_decision-1] [ERROR] [1746695826.373318174] [robot_decision]: [CheckIfHealth] invalid message
[robot_decision-1] [ERROR] [1746695826.373402861] [robot_decision]: [CheckIfHealth] invalid message
[robot_decision-1] [ERROR] [1746695826.373482319] [robot_decision]: [CheckIfHealth] invalid message
[robot_decision-1] [ERROR] [1746695826.373556486] [robot_decision]: [CheckIfHealth] invalid message
[robot_decision-1] [ERROR] [1746695826.373631486] [robot_decision]: [CheckIfHealth] invalid message
[robot_decision-1] [ERROR] [1746695826.373705693] [robot_decision]: [CheckIfHealth] invalid message
[robot_decision-1] [ERROR] [1746695826.373799047] [robot_decision]: [CheckIfHealth] invalid message
[robot_decision-1] [1746695826.373]: CheckIfHealth             [36mIDLE[0m -> [31mFAILURE[0m
[robot_decision-1] [1746695826.373]: CheckIfHealth             [31mFAILURE[0m -> [36mIDLE[0m
[robot_decision-1] [1746695826.373]: CheckIfHealth             [36mIDLE[0m -> [31mFAILURE[0m
[robot_decision-1] [1746695826.373]: CheckIfHealth             [31mFAILURE[0m -> [36mIDLE[0m
[robot_decision-1] [1746695826.373]: CheckIfHealth             [36mIDLE[0m -> [31mFAILURE[0m
[robot_decision-1] [1746695826.373]: CheckIfHealth             [31mFAILURE[0m -> [36mIDLE[0m
[robot_decision-1] [1746695826.373]: CheckIfHealth             [36mIDLE[0m -> [31mFAILURE[0m
[robot_decision-1] [1746695826.373]: CheckIfHealth             [31mFAILURE[0m -> [36mIDLE[0m
[robot_decision-1] [1746695826.373]: CheckIfHealth             [36mIDLE[0m -> [31mFAILURE[0m
[robot_decision-1] [1746695826.373]: CheckIfHealth             [31mFAILURE[0m -> [36mIDLE[0m
[robot_decision-1] [1746695826.373]: CheckIfHealth             [36mIDLE[0m -> [31mFAILURE[0m
[robot_decision-1] [1746695826.373]: CheckIfHealth             [31mFAILURE[0m -> [36mIDLE[0m
[robot_decision-1] [1746695826.374]: CheckIfHealth             [36mIDLE[0m -> [31mFAILURE[0m
[robot_decision-1] [1746695826.374]: CheckIfHealth             [31mFAILURE[0m -> [36mIDLE[0m
[robot_decision-1] [1746695826.374]: CheckIfHealth             [36mIDLE[0m -> [31mFAILURE[0m
[robot_decision-1] [1746695826.374]: CheckIfHealth             [31mFAILURE[0m -> [36mIDLE[0m
[robot_decision-1] [1746695826.374]: CheckIfHealth             [36mIDLE[0m -> [31mFAILURE[0m
[robot_decision-1] [1746695826.374]: CheckIfHealth             [31mFAILURE[0m -> [36mIDLE[0m
[robot_decision-1] [1746695826.374]: CheckIfHealth             [36mIDLE[0m -> [31mFAILURE[0m
[robot_decision-1] [1746695826.374]: CheckIfHealth             [31mFAILURE[0m -> [36mIDLE[0m
[robot_decision-1] [ERROR] [1746695826.373924459] [robot_decision]: [CheckIfHealth] invalid message
[robot_decision-1] [ERROR] [1746695826.374007504] [robot_decision]: [CheckIfHealth] invalid message
[robot_decision-1] [ERROR] [1746695826.374080629] [robot_decision]: [CheckIfHealth] invalid message
[robot_decision-1] [ERROR] [1746695826.374155028] [robot_decision]: [CheckIfHealth] invalid message
[robot_decision-1] [ERROR] [1746695826.374224296] [robot_decision]: [CheckIfHealth] invalid message
[robot_decision-1] [1746695826.374]: CheckIfHealth             [36mIDLE[0m -> [31mFAILURE[0m
[robot_decision-1] [1746695826.374]: CheckIfHealth             [31mFAILURE[0m -> [36mIDLE[0m
[robot_decision-1] [1746695826.374]: CheckIfHealth             [36mIDLE[0m -> [31mFAILURE[0m
[robot_decision-1] [1746695826.374]: CheckIfHealth             [31mFAILURE[0m -> [36mIDLE[0m
[robot_decision-1] [1746695826.374]: CheckIfHealth             [36mIDLE[0m -> [31mFAILURE[0m
[robot_decision-1] [1746695826.374]: CheckIfHealth             [31mFAILURE[0m -> [36mIDLE[0m
[robot_decision-1] [1746695826.374]: CheckIfHealth             [36mIDLE[0m -> [31mFAILURE[0m
[robot_decision-1] [1746695826.374]: CheckIfHealth             [31mFAILURE[0m -> [36mIDLE[0m
[robot_decision-1] [1746695826.374]: CheckIfHealth             [36mIDLE[0m -> [31mFAILURE[0m
[robot_decision-1] [1746695826.374]: CheckIfHealth             [31mFAILURE[0m -> [36mIDLE[0m
[robot_decision-1] [ERROR] [1746695826.374291280] [robot_decision]: [CheckIfHealth] invalid message
[robot_decision-1] [1746695826.374]: CheckIfHealth             [36mIDLE[0m -> [31mFAILURE[0m
[robot_decision-1] [1746695826.374]: CheckIfHealth             [31mFAILURE[0m -> [36mIDLE[0m
[robot_decision-1] [ERROR] [1746695826.374358345] [robot_decision]: [CheckIfHealth] invalid message
[robot_decision-1] [ERROR] [1746695826.374429106] [robot_decision]: [CheckIfHealth] invalid message
[robot_decision-1] [ERROR] [1746695826.374504727] [robot_decision]: [CheckIfHealth] invalid message
[robot_decision-1] [ERROR] [1746695826.374574777] [robot_decision]: [CheckIfHealth] invalid message
[robot_decision-1] [1746695826.374]: CheckIfHealth             [36mIDLE[0m -> [31mFAILURE[0m
[robot_decision-1] [1746695826.374]: CheckIfHealth             [31mFAILURE[0m -> [36mIDLE[0m
[robot_decision-1] [1746695826.374]: CheckIfHealth             [36mIDLE[0m -> [31mFAILURE[0m
[robot_decision-1] [1746695826.374]: CheckIfHealth             [31mFAILURE[0m -> [36mIDLE[0m
[robot_decision-1] [1746695826.375]: CheckIfHealth             [36mIDLE[0m -> [31mFAILURE[0m
[robot_decision-1] [1746695826.375]: CheckIfHealth             [31mFAILURE[0m -> [36mIDLE[0m
[robot_decision-1] [1746695826.375]: CheckIfHealth             [36mIDLE[0m -> [31mFAILURE[0m
[robot_decision-1] [1746695826.375]: CheckIfHealth             [31mFAILURE[0m -> [36mIDLE[0m
[robot_decision-1] [ERROR] [1746695826.374642993] [robot_decision]: [CheckIfHealth] invalid message
[robot_decision-1] [1746695826.375]: CheckIfHealth             [36mIDLE[0m -> [31mFAILURE[0m
[robot_decision-1] [1746695826.375]: CheckIfHealth             [31mFAILURE[0m -> [36mIDLE[0m
[robot_decision-1] [1746695826.375]: CheckIfHealth             [36mIDLE[0m -> [31mFAILURE[0m
[robot_decision-1] [1746695826.375]: CheckIfHealth             [31mFAILURE[0m -> [36mIDLE[0m
[robot_decision-1] [1746695826.375]: CheckIfHealth             [36mIDLE[0m -> [31mFAILURE[0m
[robot_decision-1] [1746695826.375]: CheckIfHealth             [31mFAILURE[0m -> [36mIDLE[0m
[robot_decision-1] [1746695826.375]: CheckIfHealth             [36mIDLE[0m -> [31mFAILURE[0m
[robot_decision-1] [1746695826.375]: CheckIfHealth             [31mFAILURE[0m -> [36mIDLE[0m
[robot_decision-1] [1746695826.375]: RetryUntilSuccessful      [33mRUNNING[0m -> [31mFAILURE[0m
[robot_decision-1] [1746695826.375]: RetryUntilSuccessful      [31mFAILURE[0m -> [36mIDLE[0m
[robot_decision-1] [1746695826.375]: Sequence                  [33mRUNNING[0m -> [31mFAILURE[0m
[robot_decision-1] [1746695826.375]: Sequence                  [36mIDLE[0m -> [33mRUNNING[0m
[robot_decision-1] [1746695826.375]: RetryUntilSuccessful      [36mIDLE[0m -> [33mRUNNING[0m
[robot_decision-1] [1746695826.375]: CheckIfunHealth           [36mIDLE[0m -> [32mSUCCESS[0m
[robot_decision-1] [1746695826.375]: CheckIfunHealth           [32mSUCCESS[0m -> [36mIDLE[0m
[robot_decision-1] [1746695826.375]: RetryUntilSuccessful      [33mRUNNING[0m -> [32mSUCCESS[0m
[robot_decision-1] [1746695826.375]: RetryUntilSuccessful      [36mIDLE[0m -> [33mRUNNING[0m
[robot_decision-1] [1746695826.375]: NavigateToPose            [36mIDLE[0m -> [33mRUNNING[0m
[robot_decision-1] [ERROR] [1746695826.374717592] [robot_decision]: [CheckIfHealth] invalid message
[robot_decision-1] [ERROR] [1746695826.374806276] [robot_decision]: [CheckIfHealth] invalid message
[robot_decision-1] [ERROR] [1746695826.374915058] [robot_decision]: [CheckIfHealth] invalid message
[robot_decision-1] [INFO] [1746695826.375014082] [robot_decision]: [CheckIfunHealth] amount of blood: 100
[robot_decision-1] Point key: 2 x:2 y:0.7
[robot_decision-1] onResultReceived: 4
[robot_decision-1] [1746695827.379]: NavigateToPose            [33mRUNNING[0m -> [32mSUCCESS[0m
[robot_decision-1] [1746695827.379]: NavigateToPose            [32mSUCCESS[0m -> [36mIDLE[0m
[robot_decision-1] [1746695827.379]: RetryUntilSuccessful      [33mRUNNING[0m -> [32mSUCCESS[0m
[robot_decision-1] [1746695827.379]: WaitNode                  [36mIDLE[0m -> [33mRUNNING[0m
[robot_decision-1] [INFO] [1746695827.378448633] [robot_decision]: Navigation Success!
[robot_decision-1] [1746695827.979]: WaitNode                  [33mRUNNING[0m -> [32mSUCCESS[0m
[robot_decision-1] [1746695827.979]: RetryUntilSuccessful      [32mSUCCESS[0m -> [36mIDLE[0m
[robot_decision-1] [1746695827.979]: RetryUntilSuccessful      [32mSUCCESS[0m -> [36mIDLE[0m
[robot_decision-1] [1746695827.979]: WaitNode                  [32mSUCCESS[0m -> [36mIDLE[0m
[robot_decision-1] [1746695827.979]: Sequence                  [33mRUNNING[0m -> [32mSUCCESS[0m
[robot_decision-1] [1746695827.979]: Sequence                  [31mFAILURE[0m -> [36mIDLE[0m
[robot_decision-1] [1746695827.979]: Sequence                  [32mSUCCESS[0m -> [36mIDLE[0m
[robot_decision-1] [1746695827.979]: Fallback                  [33mRUNNING[0m -> [32mSUCCESS[0m
[robot_decision-1] [1746695827.979]: Fallback                  [32mSUCCESS[0m -> [36mIDLE[0m
[robot_decision-1] [1746695828.179]: Fallback                  [36mIDLE[0m -> [33mRUNNING[0m
[robot_decision-1] [1746695828.179]: Sequence                  [36mIDLE[0m -> [33mRUNNING[0m
[robot_decision-1] [1746695828.179]: RetryUntilSuccessful      [36mIDLE[0m -> [33mRUNNING[0m
[robot_decision-1] [1746695828.180]: CheckIfHealth             [36mIDLE[0m -> [31mFAILURE[0m
[robot_decision-1] [1746695828.180]: CheckIfHealth             [31mFAILURE[0m -> [36mIDLE[0m
[robot_decision-1] [1746695828.180]: CheckIfHealth             [36mIDLE[0m -> [31mFAILURE[0m
[robot_decision-1] [1746695828.180]: CheckIfHealth             [31mFAILURE[0m -> [36mIDLE[0m
[robot_decision-1] [1746695828.180]: CheckIfHealth             [36mIDLE[0m -> [31mFAILURE[0m
[robot_decision-1] [1746695828.180]: CheckIfHealth             [31mFAILURE[0m -> [36mIDLE[0m
[robot_decision-1] [1746695828.180]: CheckIfHealth             [36mIDLE[0m -> [31mFAILURE[0m
[robot_decision-1] [1746695828.180]: CheckIfHealth             [31mFAILURE[0m -> [36mIDLE[0m
[robot_decision-1] [1746695828.180]: CheckIfHealth             [36mIDLE[0m -> [31mFAILURE[0m
[robot_decision-1] [1746695828.180]: CheckIfHealth             [31mFAILURE[0m -> [36mIDLE[0m
[robot_decision-1] [1746695828.180]: CheckIfHealth             [36mIDLE[0m -> [31mFAILURE[0m
[robot_decision-1] [1746695828.180]: CheckIfHealth             [31mFAILURE[0m -> [36mIDLE[0m
[robot_decision-1] [1746695828.180]: CheckIfHealth             [36mIDLE[0m -> [31mFAILURE[0m
[robot_decision-1] [1746695828.180]: CheckIfHealth             [31mFAILURE[0m -> [36mIDLE[0m
[robot_decision-1] [1746695828.180]: CheckIfHealth             [36mIDLE[0m -> [31mFAILURE[0m
[robot_decision-1] [1746695828.180]: CheckIfHealth             [31mFAILURE[0m -> [36mIDLE[0m
[robot_decision-1] [1746695828.180]: CheckIfHealth             [36mIDLE[0m -> [31mFAILURE[0m
[robot_decision-1] [1746695828.180]: CheckIfHealth             [31mFAILURE[0m -> [36mIDLE[0m
[robot_decision-1] [ERROR] [1746695828.179699213] [robot_decision]: [CheckIfHealth] invalid message
[robot_decision-1] [ERROR] [1746695828.179905746] [robot_decision]: [CheckIfHealth] invalid message
[robot_decision-1] [ERROR] [1746695828.179990654] [robot_decision]: [CheckIfHealth] invalid message
[robot_decision-1] [ERROR] [1746695828.180065713] [robot_decision]: [CheckIfHealth] invalid message
[robot_decision-1] [ERROR] [1746695828.180172321] [robot_decision]: [CheckIfHealth] invalid message
[robot_decision-1] [ERROR] [1746695828.180357936] [robot_decision]: [CheckIfHealth] invalid message
[robot_decision-1] [ERROR] [1746695828.180456970] [robot_decision]: [CheckIfHealth] invalid message
[robot_decision-1] [1746695828.181]: CheckIfHealth             [36mIDLE[0m -> [31mFAILURE[0m
[robot_decision-1] [1746695828.181]: CheckIfHealth             [31mFAILURE[0m -> [36mIDLE[0m
[robot_decision-1] [ERROR] [1746695828.180540765] [robot_decision]: [CheckIfHealth] invalid message
[robot_decision-1] [ERROR] [1746695828.180619872] [robot_decision]: [CheckIfHealth] invalid message
[robot_decision-1] [1746695828.181]: CheckIfHealth             [36mIDLE[0m -> [31mFAILURE[0m
[robot_decision-1] [1746695828.181]: CheckIfHealth             [31mFAILURE[0m -> [36mIDLE[0m
[robot_decision-1] [1746695828.181]: CheckIfHealth             [36mIDLE[0m -> [31mFAILURE[0m
[robot_decision-1] [1746695828.181]: CheckIfHealth             [31mFAILURE[0m -> [36mIDLE[0m
[robot_decision-1] [1746695828.181]: CheckIfHealth             [36mIDLE[0m -> [31mFAILURE[0m
[robot_decision-1] [1746695828.181]: CheckIfHealth             [31mFAILURE[0m -> [36mIDLE[0m
[robot_decision-1] [1746695828.181]: CheckIfHealth             [36mIDLE[0m -> [31mFAILURE[0m
[robot_decision-1] [1746695828.181]: CheckIfHealth             [31mFAILURE[0m -> [36mIDLE[0m
[robot_decision-1] [1746695828.181]: CheckIfHealth             [36mIDLE[0m -> [31mFAILURE[0m
[robot_decision-1] [1746695828.181]: CheckIfHealth             [31mFAILURE[0m -> [36mIDLE[0m
[robot_decision-1] [ERROR] [1746695828.180758409] [robot_decision]: [CheckIfHealth] invalid message
[robot_decision-1] [ERROR] [1746695828.180838668] [robot_decision]: [CheckIfHealth] invalid message
[robot_decision-1] [ERROR] [1746695828.180917014] [robot_decision]: [CheckIfHealth] invalid message
[robot_decision-1] [ERROR] [1746695828.180994688] [robot_decision]: [CheckIfHealth] invalid message
[robot_decision-1] [ERROR] [1746695828.181099733] [robot_decision]: [CheckIfHealth] invalid message
[robot_decision-1] [1746695828.181]: CheckIfHealth             [36mIDLE[0m -> [31mFAILURE[0m
[robot_decision-1] [1746695828.181]: CheckIfHealth             [31mFAILURE[0m -> [36mIDLE[0m
[robot_decision-1] [1746695828.181]: CheckIfHealth             [36mIDLE[0m -> [31mFAILURE[0m
[robot_decision-1] [1746695828.181]: CheckIfHealth             [31mFAILURE[0m -> [36mIDLE[0m
[robot_decision-1] [1746695828.181]: CheckIfHealth             [36mIDLE[0m -> [31mFAILURE[0m
[robot_decision-1] [1746695828.181]: CheckIfHealth             [31mFAILURE[0m -> [36mIDLE[0m
[robot_decision-1] [1746695828.182]: CheckIfHealth             [36mIDLE[0m -> [31mFAILURE[0m
[robot_decision-1] [1746695828.182]: CheckIfHealth             [31mFAILURE[0m -> [36mIDLE[0m
[robot_decision-1] [1746695828.182]: CheckIfHealth             [36mIDLE[0m -> [31mFAILURE[0m
[robot_decision-1] [1746695828.182]: CheckIfHealth             [31mFAILURE[0m -> [36mIDLE[0m
[robot_decision-1] [1746695828.182]: CheckIfHealth             [36mIDLE[0m -> [31mFAILURE[0m
[robot_decision-1] [1746695828.182]: CheckIfHealth             [31mFAILURE[0m -> [36mIDLE[0m
[robot_decision-1] [1746695828.182]: CheckIfHealth             [36mIDLE[0m -> [31mFAILURE[0m
[robot_decision-1] [1746695828.182]: CheckIfHealth             [31mFAILURE[0m -> [36mIDLE[0m
[robot_decision-1] [ERROR] [1746695828.181188658] [robot_decision]: [CheckIfHealth] invalid message
[robot_decision-1] [ERROR] [1746695828.181287361] [robot_decision]: [CheckIfHealth] invalid message
[robot_decision-1] [ERROR] [1746695828.181465622] [robot_decision]: [CheckIfHealth] invalid message
[robot_decision-1] [ERROR] [1746695828.181610331] [robot_decision]: [CheckIfHealth] invalid message
[robot_decision-1] [ERROR] [1746695828.181705628] [robot_decision]: [CheckIfHealth] invalid message
[robot_decision-1] [ERROR] [1746695828.181787099] [robot_decision]: [CheckIfHealth] invalid message
[robot_decision-1] [ERROR] [1746695828.181863821] [robot_decision]: [CheckIfHealth] invalid message
[robot_decision-1] [ERROR] [1746695828.181944702] [robot_decision]: [CheckIfHealth] invalid message
[robot_decision-1] [ERROR] [1746695828.182019019] [robot_decision]: [CheckIfHealth] invalid message
[robot_decision-1] [ERROR] [1746695828.182094720] [robot_decision]: [CheckIfHealth] invalid message
[robot_decision-1] [INFO] [1746695828.182200266] [robot_decision]: [CheckIfunHealth] amount of blood: 100
[robot_decision-1] [1746695828.182]: CheckIfHealth             [36mIDLE[0m -> [31mFAILURE[0m
[robot_decision-1] [1746695828.182]: CheckIfHealth             [31mFAILURE[0m -> [36mIDLE[0m
[robot_decision-1] [1746695828.182]: CheckIfHealth             [36mIDLE[0m -> [31mFAILURE[0m
[robot_decision-1] [1746695828.182]: CheckIfHealth             [31mFAILURE[0m -> [36mIDLE[0m
[robot_decision-1] [1746695828.182]: CheckIfHealth             [36mIDLE[0m -> [31mFAILURE[0m
[robot_decision-1] [1746695828.182]: CheckIfHealth             [31mFAILURE[0m -> [36mIDLE[0m
[robot_decision-1] [1746695828.182]: CheckIfHealth             [36mIDLE[0m -> [31mFAILURE[0m
[robot_decision-1] [1746695828.182]: CheckIfHealth             [31mFAILURE[0m -> [36mIDLE[0m
[robot_decision-1] [1746695828.182]: RetryUntilSuccessful      [33mRUNNING[0m -> [31mFAILURE[0m
[robot_decision-1] [1746695828.182]: RetryUntilSuccessful      [31mFAILURE[0m -> [36mIDLE[0m
[robot_decision-1] [1746695828.182]: Sequence                  [33mRUNNING[0m -> [31mFAILURE[0m
[robot_decision-1] [1746695828.182]: Sequence                  [36mIDLE[0m -> [33mRUNNING[0m
[robot_decision-1] [1746695828.182]: RetryUntilSuccessful      [36mIDLE[0m -> [33mRUNNING[0m
[robot_decision-1] [1746695828.182]: CheckIfunHealth           [36mIDLE[0m -> [32mSUCCESS[0m
[robot_decision-1] [1746695828.182]: CheckIfunHealth           [32mSUCCESS[0m -> [36mIDLE[0m
[robot_decision-1] [1746695828.182]: RetryUntilSuccessful      [33mRUNNING[0m -> [32mSUCCESS[0m
[robot_decision-1] [1746695828.182]: RetryUntilSuccessful      [36mIDLE[0m -> [33mRUNNING[0m
[robot_decision-1] [1746695828.182]: NavigateToPose            [36mIDLE[0m -> [33mRUNNING[0m
[robot_decision-1] Point key: 2 x:2 y:0.7
[robot_decision-1] onResultReceived: 4
[robot_decision-1] [1746695829.187]: NavigateToPose            [33mRUNNING[0m -> [32mSUCCESS[0m
[robot_decision-1] [1746695829.187]: NavigateToPose            [32mSUCCESS[0m -> [36mIDLE[0m
[robot_decision-1] [1746695829.187]: RetryUntilSuccessful      [33mRUNNING[0m -> [32mSUCCESS[0m
[robot_decision-1] [1746695829.187]: WaitNode                  [36mIDLE[0m -> [33mRUNNING[0m
[robot_decision-1] [INFO] [1746695829.186999365] [robot_decision]: Navigation Success!
[robot_decision-1] [1746695829.788]: WaitNode                  [33mRUNNING[0m -> [32mSUCCESS[0m
[robot_decision-1] [1746695829.788]: RetryUntilSuccessful      [32mSUCCESS[0m -> [36mIDLE[0m
[robot_decision-1] [1746695829.788]: RetryUntilSuccessful      [32mSUCCESS[0m -> [36mIDLE[0m
[robot_decision-1] [1746695829.788]: WaitNode                  [32mSUCCESS[0m -> [36mIDLE[0m
[robot_decision-1] [1746695829.788]: Sequence                  [33mRUNNING[0m -> [32mSUCCESS[0m
[robot_decision-1] [1746695829.788]: Sequence                  [31mFAILURE[0m -> [36mIDLE[0m
[robot_decision-1] [1746695829.788]: Sequence                  [32mSUCCESS[0m -> [36mIDLE[0m
[robot_decision-1] [1746695829.788]: Fallback                  [33mRUNNING[0m -> [32mSUCCESS[0m
[robot_decision-1] [1746695829.788]: Fallback                  [32mSUCCESS[0m -> [36mIDLE[0m
[robot_decision-1] [1746695829.988]: Fallback                  [36mIDLE[0m -> [33mRUNNING[0m
[robot_decision-1] [1746695829.988]: Sequence                  [36mIDLE[0m -> [33mRUNNING[0m
[robot_decision-1] [1746695829.988]: RetryUntilSuccessful      [36mIDLE[0m -> [33mRUNNING[0m
[robot_decision-1] [INFO] [1746695829.988252159] [robot_decision]: [CheckIfHealth] amount of blood: 500
[robot_decision-1] [1746695829.988]: CheckIfHealth             [36mIDLE[0m -> [32mSUCCESS[0m
[robot_decision-1] [1746695829.988]: CheckIfHealth             [32mSUCCESS[0m -> [36mIDLE[0m
[robot_decision-1] [1746695829.988]: RetryUntilSuccessful      [33mRUNNING[0m -> [32mSUCCESS[0m
[robot_decision-1] [1746695829.988]: RetryUntilSuccessful      [36mIDLE[0m -> [33mRUNNING[0m
[robot_decision-1] [1746695829.988]: NavigateToPose            [36mIDLE[0m -> [33mRUNNING[0m
[robot_decision-1] Point key: 1 x:3 y:0.45
[robot_decision-1] onResultReceived: 4
[robot_decision-1] [1746695833.196]: NavigateToPose            [33mRUNNING[0m -> [32mSUCCESS[0m
[robot_decision-1] [1746695833.196]: NavigateToPose            [32mSUCCESS[0m -> [36mIDLE[0m
[robot_decision-1] [1746695833.196]: RetryUntilSuccessful      [33mRUNNING[0m -> [32mSUCCESS[0m
[robot_decision-1] [1746695833.196]: WaitNode                  [36mIDLE[0m -> [33mRUNNING[0m
[robot_decision-1] [INFO] [1746695833.196028023] [robot_decision]: Navigation Success!
[robot_decision-1] [1746695833.797]: WaitNode                  [33mRUNNING[0m -> [32mSUCCESS[0m
[robot_decision-1] [1746695833.797]: RetryUntilSuccessful      [32mSUCCESS[0m -> [36mIDLE[0m
[robot_decision-1] [1746695833.797]: RetryUntilSuccessful      [32mSUCCESS[0m -> [36mIDLE[0m
[robot_decision-1] [1746695833.797]: WaitNode                  [32mSUCCESS[0m -> [36mIDLE[0m
[robot_decision-1] [1746695833.797]: Sequence                  [33mRUNNING[0m -> [32mSUCCESS[0m
[robot_decision-1] [1746695833.797]: Sequence                  [32mSUCCESS[0m -> [36mIDLE[0m
[robot_decision-1] [1746695833.797]: Fallback                  [33mRUNNING[0m -> [32mSUCCESS[0m
[robot_decision-1] [1746695833.797]: Fallback                  [32mSUCCESS[0m -> [36mIDLE[0m
[robot_decision-1] [1746695833.997]: Fallback                  [36mIDLE[0m -> [33mRUNNING[0m
[robot_decision-1] [1746695833.997]: Sequence                  [36mIDLE[0m -> [33mRUNNING[0m
[robot_decision-1] [1746695833.997]: RetryUntilSuccessful      [36mIDLE[0m -> [33mRUNNING[0m
[robot_decision-1] [INFO] [1746695833.997012915] [robot_decision]: [CheckIfHealth] amount of blood: 500
[robot_decision-1] [1746695833.997]: CheckIfHealth             [36mIDLE[0m -> [32mSUCCESS[0m
[robot_decision-1] [1746695833.997]: CheckIfHealth             [32mSUCCESS[0m -> [36mIDLE[0m
[robot_decision-1] [1746695833.997]: RetryUntilSuccessful      [33mRUNNING[0m -> [32mSUCCESS[0m
[robot_decision-1] [1746695833.997]: RetryUntilSuccessful      [36mIDLE[0m -> [33mRUNNING[0m
[robot_decision-1] [1746695833.997]: NavigateToPose            [36mIDLE[0m -> [33mRUNNING[0m
[robot_decision-1] Point key: 1 x:3 y:0.45
[robot_decision-1] onResultReceived: 4
[robot_decision-1] [1746695835.000]: NavigateToPose            [33mRUNNING[0m -> [32mSUCCESS[0m
[robot_decision-1] [1746695835.000]: NavigateToPose            [32mSUCCESS[0m -> [36mIDLE[0m
[robot_decision-1] [1746695835.000]: RetryUntilSuccessful      [33mRUNNING[0m -> [32mSUCCESS[0m
[robot_decision-1] [1746695835.000]: WaitNode                  [36mIDLE[0m -> [33mRUNNING[0m
[robot_decision-1] [INFO] [1746695835.000043858] [robot_decision]: Navigation Success!
[robot_decision-1] [1746695835.601]: WaitNode                  [33mRUNNING[0m -> [32mSUCCESS[0m
[robot_decision-1] [1746695835.601]: RetryUntilSuccessful      [32mSUCCESS[0m -> [36mIDLE[0m
[robot_decision-1] [1746695835.601]: RetryUntilSuccessful      [32mSUCCESS[0m -> [36mIDLE[0m
[robot_decision-1] [1746695835.601]: WaitNode                  [32mSUCCESS[0m -> [36mIDLE[0m
[robot_decision-1] [1746695835.601]: Sequence                  [33mRUNNING[0m -> [32mSUCCESS[0m
[robot_decision-1] [1746695835.601]: Sequence                  [32mSUCCESS[0m -> [36mIDLE[0m
[robot_decision-1] [1746695835.601]: Fallback                  [33mRUNNING[0m -> [32mSUCCESS[0m
[robot_decision-1] [1746695835.601]: Fallback                  [32mSUCCESS[0m -> [36mIDLE[0m
[robot_decision-1] [1746695835.801]: Fallback                  [36mIDLE[0m -> [33mRUNNING[0m
[robot_decision-1] [1746695835.801]: Sequence                  [36mIDLE[0m -> [33mRUNNING[0m
[robot_decision-1] [1746695835.801]: RetryUntilSuccessful      [36mIDLE[0m -> [33mRUNNING[0m
[robot_decision-1] [INFO] [1746695835.801528836] [robot_decision]: [CheckIfHealth] amount of blood: 500
[robot_decision-1] [1746695835.802]: CheckIfHealth             [36mIDLE[0m -> [32mSUCCESS[0m
[robot_decision-1] [1746695835.802]: CheckIfHealth             [32mSUCCESS[0m -> [36mIDLE[0m
[robot_decision-1] [1746695835.802]: RetryUntilSuccessful      [33mRUNNING[0m -> [32mSUCCESS[0m
[robot_decision-1] [1746695835.802]: RetryUntilSuccessful      [36mIDLE[0m -> [33mRUNNING[0m
[robot_decision-1] [1746695835.802]: NavigateToPose            [36mIDLE[0m -> [33mRUNNING[0m
[robot_decision-1] Point key: 1 x:3 y:0.45
[robot_decision-1] onResultReceived: 4
[robot_decision-1] [1746695836.805]: NavigateToPose            [33mRUNNING[0m -> [32mSUCCESS[0m
[robot_decision-1] [1746695836.805]: NavigateToPose            [32mSUCCESS[0m -> [36mIDLE[0m
[robot_decision-1] [1746695836.805]: RetryUntilSuccessful      [33mRUNNING[0m -> [32mSUCCESS[0m
[robot_decision-1] [1746695836.805]: WaitNode                  [36mIDLE[0m -> [33mRUNNING[0m
[robot_decision-1] [INFO] [1746695836.804460241] [robot_decision]: Navigation Success!
[robot_decision-1] [1746695837.405]: WaitNode                  [33mRUNNING[0m -> [32mSUCCESS[0m
[robot_decision-1] [1746695837.405]: RetryUntilSuccessful      [32mSUCCESS[0m -> [36mIDLE[0m
[robot_decision-1] [1746695837.405]: RetryUntilSuccessful      [32mSUCCESS[0m -> [36mIDLE[0m
[robot_decision-1] [1746695837.405]: WaitNode                  [32mSUCCESS[0m -> [36mIDLE[0m
[robot_decision-1] [1746695837.405]: Sequence                  [33mRUNNING[0m -> [32mSUCCESS[0m
[robot_decision-1] [1746695837.405]: Sequence                  [32mSUCCESS[0m -> [36mIDLE[0m
[robot_decision-1] [1746695837.405]: Fallback                  [33mRUNNING[0m -> [32mSUCCESS[0m
[robot_decision-1] [1746695837.405]: Fallback                  [32mSUCCESS[0m -> [36mIDLE[0m
[robot_decision-1] [1746695837.605]: Fallback                  [36mIDLE[0m -> [33mRUNNING[0m
[robot_decision-1] [1746695837.605]: Sequence                  [36mIDLE[0m -> [33mRUNNING[0m
[robot_decision-1] [1746695837.605]: RetryUntilSuccessful      [36mIDLE[0m -> [33mRUNNING[0m
[robot_decision-1] [INFO] [1746695837.605754234] [robot_decision]: [CheckIfHealth] amount of blood: 500
[robot_decision-1] [1746695837.606]: CheckIfHealth             [36mIDLE[0m -> [32mSUCCESS[0m
[robot_decision-1] [1746695837.606]: CheckIfHealth             [32mSUCCESS[0m -> [36mIDLE[0m
[robot_decision-1] [1746695837.606]: RetryUntilSuccessful      [33mRUNNING[0m -> [32mSUCCESS[0m
[robot_decision-1] [1746695837.606]: RetryUntilSuccessful      [36mIDLE[0m -> [33mRUNNING[0m
[robot_decision-1] [1746695837.606]: NavigateToPose            [36mIDLE[0m -> [33mRUNNING[0m
[robot_decision-1] Point key: 1 x:3 y:0.45
[robot_decision-1] onResultReceived: 4
[robot_decision-1] [1746695838.609]: NavigateToPose            [33mRUNNING[0m -> [32mSUCCESS[0m
[robot_decision-1] [1746695838.609]: NavigateToPose            [32mSUCCESS[0m -> [36mIDLE[0m
[robot_decision-1] [1746695838.610]: RetryUntilSuccessful      [33mRUNNING[0m -> [32mSUCCESS[0m
[robot_decision-1] [1746695838.610]: WaitNode                  [36mIDLE[0m -> [33mRUNNING[0m
[robot_decision-1] [INFO] [1746695838.609269488] [robot_decision]: Navigation Success!
[robot_decision-1] [1746695839.210]: WaitNode                  [33mRUNNING[0m -> [32mSUCCESS[0m
[robot_decision-1] [1746695839.210]: RetryUntilSuccessful      [32mSUCCESS[0m -> [36mIDLE[0m
[robot_decision-1] [1746695839.210]: RetryUntilSuccessful      [32mSUCCESS[0m -> [36mIDLE[0m
[robot_decision-1] [1746695839.210]: WaitNode                  [32mSUCCESS[0m -> [36mIDLE[0m
[robot_decision-1] [1746695839.210]: Sequence                  [33mRUNNING[0m -> [32mSUCCESS[0m
[robot_decision-1] [1746695839.210]: Sequence                  [32mSUCCESS[0m -> [36mIDLE[0m
[robot_decision-1] [1746695839.210]: Fallback                  [33mRUNNING[0m -> [32mSUCCESS[0m
[robot_decision-1] [1746695839.210]: Fallback                  [32mSUCCESS[0m -> [36mIDLE[0m
[robot_decision-1] [1746695839.410]: Fallback                  [36mIDLE[0m -> [33mRUNNING[0m
[robot_decision-1] [1746695839.410]: Sequence                  [36mIDLE[0m -> [33mRUNNING[0m
[robot_decision-1] [1746695839.410]: RetryUntilSuccessful      [36mIDLE[0m -> [33mRUNNING[0m
[robot_decision-1] [1746695839.411]: CheckIfHealth             [36mIDLE[0m -> [32mSUCCESS[0m
[robot_decision-1] [1746695839.411]: CheckIfHealth             [32mSUCCESS[0m -> [36mIDLE[0m
[robot_decision-1] [1746695839.411]: RetryUntilSuccessful      [33mRUNNING[0m -> [32mSUCCESS[0m
[robot_decision-1] [1746695839.411]: RetryUntilSuccessful      [36mIDLE[0m -> [33mRUNNING[0m
[robot_decision-1] [1746695839.411]: NavigateToPose            [36mIDLE[0m -> [33mRUNNING[0m
[robot_decision-1] Point key: 1 x:3 y:0.45
[robot_decision-1] [INFO] [1746695839.410751911] [robot_decision]: [CheckIfHealth] amount of blood: 500
[robot_decision-1] onResultReceived: 4
[robot_decision-1] [1746695840.415]: NavigateToPose            [33mRUNNING[0m -> [32mSUCCESS[0m
[robot_decision-1] [1746695840.415]: NavigateToPose            [32mSUCCESS[0m -> [36mIDLE[0m
[robot_decision-1] [1746695840.415]: RetryUntilSuccessful      [33mRUNNING[0m -> [32mSUCCESS[0m
[robot_decision-1] [1746695840.415]: WaitNode                  [36mIDLE[0m -> [33mRUNNING[0m
[robot_decision-1] [INFO] [1746695840.414885870] [robot_decision]: Navigation Success!
[robot_decision-1] [1746695841.015]: WaitNode                  [33mRUNNING[0m -> [32mSUCCESS[0m
[robot_decision-1] [1746695841.015]: RetryUntilSuccessful      [32mSUCCESS[0m -> [36mIDLE[0m
[robot_decision-1] [1746695841.015]: RetryUntilSuccessful      [32mSUCCESS[0m -> [36mIDLE[0m
[robot_decision-1] [1746695841.015]: WaitNode                  [32mSUCCESS[0m -> [36mIDLE[0m
[robot_decision-1] [1746695841.015]: Sequence                  [33mRUNNING[0m -> [32mSUCCESS[0m
[robot_decision-1] [1746695841.015]: Sequence                  [32mSUCCESS[0m -> [36mIDLE[0m
[robot_decision-1] [1746695841.015]: Fallback                  [33mRUNNING[0m -> [32mSUCCESS[0m
[robot_decision-1] [1746695841.015]: Fallback                  [32mSUCCESS[0m -> [36mIDLE[0m
[robot_decision-1] [1746695841.216]: Fallback                  [36mIDLE[0m -> [33mRUNNING[0m
[robot_decision-1] [1746695841.216]: Sequence                  [36mIDLE[0m -> [33mRUNNING[0m
[robot_decision-1] [1746695841.216]: RetryUntilSuccessful      [36mIDLE[0m -> [33mRUNNING[0m
[robot_decision-1] [INFO] [1746695841.216003254] [robot_decision]: [CheckIfHealth] amount of blood: 500
[robot_decision-1] [1746695841.216]: CheckIfHealth             [36mIDLE[0m -> [32mSUCCESS[0m
[robot_decision-1] [1746695841.216]: CheckIfHealth             [32mSUCCESS[0m -> [36mIDLE[0m
[robot_decision-1] [1746695841.216]: RetryUntilSuccessful      [33mRUNNING[0m -> [32mSUCCESS[0m
[robot_decision-1] [1746695841.216]: RetryUntilSuccessful      [36mIDLE[0m -> [33mRUNNING[0m
[robot_decision-1] [1746695841.216]: NavigateToPose            [36mIDLE[0m -> [33mRUNNING[0m
[robot_decision-1] Point key: 1 x:3 y:0.45
[robot_decision-1] onResultReceived: 4
[robot_decision-1] [1746695842.219]: NavigateToPose            [33mRUNNING[0m -> [32mSUCCESS[0m
[robot_decision-1] [1746695842.219]: NavigateToPose            [32mSUCCESS[0m -> [36mIDLE[0m
[robot_decision-1] [1746695842.219]: RetryUntilSuccessful      [33mRUNNING[0m -> [32mSUCCESS[0m
[robot_decision-1] [1746695842.219]: WaitNode                  [36mIDLE[0m -> [33mRUNNING[0m
[robot_decision-1] [INFO] [1746695842.219074207] [robot_decision]: Navigation Success!
[robot_decision-1] [1746695842.820]: WaitNode                  [33mRUNNING[0m -> [32mSUCCESS[0m
[robot_decision-1] [1746695842.820]: RetryUntilSuccessful      [32mSUCCESS[0m -> [36mIDLE[0m
[robot_decision-1] [1746695842.820]: RetryUntilSuccessful      [32mSUCCESS[0m -> [36mIDLE[0m
[robot_decision-1] [1746695842.820]: WaitNode                  [32mSUCCESS[0m -> [36mIDLE[0m
[robot_decision-1] [1746695842.820]: Sequence                  [33mRUNNING[0m -> [32mSUCCESS[0m
[robot_decision-1] [1746695842.820]: Sequence                  [32mSUCCESS[0m -> [36mIDLE[0m
[robot_decision-1] [1746695842.820]: Fallback                  [33mRUNNING[0m -> [32mSUCCESS[0m
[robot_decision-1] [1746695842.820]: Fallback                  [32mSUCCESS[0m -> [36mIDLE[0m
[robot_decision-1] [1746695843.020]: Fallback                  [36mIDLE[0m -> [33mRUNNING[0m
[robot_decision-1] [1746695843.020]: Sequence                  [36mIDLE[0m -> [33mRUNNING[0m
[robot_decision-1] [1746695843.020]: RetryUntilSuccessful      [36mIDLE[0m -> [33mRUNNING[0m
[robot_decision-1] [INFO] [1746695843.020400418] [robot_decision]: [CheckIfHealth] amount of blood: 500
[robot_decision-1] [1746695843.021]: CheckIfHealth             [36mIDLE[0m -> [32mSUCCESS[0m
[robot_decision-1] [1746695843.021]: CheckIfHealth             [32mSUCCESS[0m -> [36mIDLE[0m
[robot_decision-1] [1746695843.021]: RetryUntilSuccessful      [33mRUNNING[0m -> [32mSUCCESS[0m
[robot_decision-1] [1746695843.021]: RetryUntilSuccessful      [36mIDLE[0m -> [33mRUNNING[0m
[robot_decision-1] [1746695843.021]: NavigateToPose            [36mIDLE[0m -> [33mRUNNING[0m
[robot_decision-1] Point key: 1 x:3 y:0.45
[robot_decision-1] onResultReceived: 4
[robot_decision-1] [1746695844.023]: NavigateToPose            [33mRUNNING[0m -> [32mSUCCESS[0m
[robot_decision-1] [1746695844.023]: NavigateToPose            [32mSUCCESS[0m -> [36mIDLE[0m
[robot_decision-1] [1746695844.023]: RetryUntilSuccessful      [33mRUNNING[0m -> [32mSUCCESS[0m
[robot_decision-1] [1746695844.023]: WaitNode                  [36mIDLE[0m -> [33mRUNNING[0m
[robot_decision-1] [INFO] [1746695844.023197269] [robot_decision]: Navigation Success!
[robot_decision-1] [1746695844.624]: WaitNode                  [33mRUNNING[0m -> [32mSUCCESS[0m
[robot_decision-1] [1746695844.624]: RetryUntilSuccessful      [32mSUCCESS[0m -> [36mIDLE[0m
[robot_decision-1] [1746695844.624]: RetryUntilSuccessful      [32mSUCCESS[0m -> [36mIDLE[0m
[robot_decision-1] [1746695844.624]: WaitNode                  [32mSUCCESS[0m -> [36mIDLE[0m
[robot_decision-1] [1746695844.624]: Sequence                  [33mRUNNING[0m -> [32mSUCCESS[0m
[robot_decision-1] [1746695844.624]: Sequence                  [32mSUCCESS[0m -> [36mIDLE[0m
[robot_decision-1] [1746695844.624]: Fallback                  [33mRUNNING[0m -> [32mSUCCESS[0m
[robot_decision-1] [1746695844.624]: Fallback                  [32mSUCCESS[0m -> [36mIDLE[0m
[robot_decision-1] [1746695844.824]: Fallback                  [36mIDLE[0m -> [33mRUNNING[0m
[robot_decision-1] [1746695844.824]: Sequence                  [36mIDLE[0m -> [33mRUNNING[0m
[robot_decision-1] [1746695844.824]: RetryUntilSuccessful      [36mIDLE[0m -> [33mRUNNING[0m
[robot_decision-1] [INFO] [1746695844.824175833] [robot_decision]: [CheckIfHealth] amount of blood: 500
[robot_decision-1] [1746695844.824]: CheckIfHealth             [36mIDLE[0m -> [32mSUCCESS[0m
[robot_decision-1] [1746695844.824]: CheckIfHealth             [32mSUCCESS[0m -> [36mIDLE[0m
[robot_decision-1] [1746695844.824]: RetryUntilSuccessful      [33mRUNNING[0m -> [32mSUCCESS[0m
[robot_decision-1] [1746695844.824]: RetryUntilSuccessful      [36mIDLE[0m -> [33mRUNNING[0m
[robot_decision-1] [1746695844.824]: NavigateToPose            [36mIDLE[0m -> [33mRUNNING[0m
[robot_decision-1] Point key: 1 x:3 y:0.45
[robot_decision-1] onResultReceived: 4
[robot_decision-1] [INFO] [1746695845.826525279] [robot_decision]: Navigation Success!
[robot_decision-1] [1746695845.827]: NavigateToPose            [33mRUNNING[0m -> [32mSUCCESS[0m
[robot_decision-1] [1746695845.827]: NavigateToPose            [32mSUCCESS[0m -> [36mIDLE[0m
[robot_decision-1] [1746695845.827]: RetryUntilSuccessful      [33mRUNNING[0m -> [32mSUCCESS[0m
[robot_decision-1] [1746695845.827]: WaitNode                  [36mIDLE[0m -> [33mRUNNING[0m
[robot_decision-1] [1746695846.427]: WaitNode                  [33mRUNNING[0m -> [32mSUCCESS[0m
[robot_decision-1] [1746695846.427]: RetryUntilSuccessful      [32mSUCCESS[0m -> [36mIDLE[0m
[robot_decision-1] [1746695846.427]: RetryUntilSuccessful      [32mSUCCESS[0m -> [36mIDLE[0m
[robot_decision-1] [1746695846.427]: WaitNode                  [32mSUCCESS[0m -> [36mIDLE[0m
[robot_decision-1] [1746695846.427]: Sequence                  [33mRUNNING[0m -> [32mSUCCESS[0m
[robot_decision-1] [1746695846.427]: Sequence                  [32mSUCCESS[0m -> [36mIDLE[0m
[robot_decision-1] [1746695846.427]: Fallback                  [33mRUNNING[0m -> [32mSUCCESS[0m
[robot_decision-1] [1746695846.427]: Fallback                  [32mSUCCESS[0m -> [36mIDLE[0m
[robot_decision-1] [1746695846.628]: Fallback                  [36mIDLE[0m -> [33mRUNNING[0m
[robot_decision-1] [1746695846.628]: Sequence                  [36mIDLE[0m -> [33mRUNNING[0m
[robot_decision-1] [1746695846.628]: RetryUntilSuccessful      [36mIDLE[0m -> [33mRUNNING[0m
[robot_decision-1] [INFO] [1746695846.627755840] [robot_decision]: [CheckIfHealth] amount of blood: 500
[robot_decision-1] [1746695846.628]: CheckIfHealth             [36mIDLE[0m -> [32mSUCCESS[0m
[robot_decision-1] [1746695846.628]: CheckIfHealth             [32mSUCCESS[0m -> [36mIDLE[0m
[robot_decision-1] [1746695846.628]: RetryUntilSuccessful      [33mRUNNING[0m -> [32mSUCCESS[0m
[robot_decision-1] [1746695846.628]: RetryUntilSuccessful      [36mIDLE[0m -> [33mRUNNING[0m
[robot_decision-1] [1746695846.628]: NavigateToPose            [36mIDLE[0m -> [33mRUNNING[0m
[robot_decision-1] Point key: 1 x:3 y:0.45
[robot_decision-1] onResultReceived: 4
[robot_decision-1] [1746695847.631]: NavigateToPose            [33mRUNNING[0m -> [32mSUCCESS[0m
[robot_decision-1] [1746695847.631]: NavigateToPose            [32mSUCCESS[0m -> [36mIDLE[0m
[robot_decision-1] [1746695847.631]: RetryUntilSuccessful      [33mRUNNING[0m -> [32mSUCCESS[0m
[robot_decision-1] [1746695847.631]: WaitNode                  [36mIDLE[0m -> [33mRUNNING[0m
[robot_decision-1] [INFO] [1746695847.631138552] [robot_decision]: Navigation Success!
[robot_decision-1] [1746695848.232]: WaitNode                  [33mRUNNING[0m -> [32mSUCCESS[0m
[robot_decision-1] [1746695848.232]: RetryUntilSuccessful      [32mSUCCESS[0m -> [36mIDLE[0m
[robot_decision-1] [1746695848.232]: RetryUntilSuccessful      [32mSUCCESS[0m -> [36mIDLE[0m
[robot_decision-1] [1746695848.232]: WaitNode                  [32mSUCCESS[0m -> [36mIDLE[0m
[robot_decision-1] [1746695848.232]: Sequence                  [33mRUNNING[0m -> [32mSUCCESS[0m
[robot_decision-1] [1746695848.232]: Sequence                  [32mSUCCESS[0m -> [36mIDLE[0m
[robot_decision-1] [1746695848.232]: Fallback                  [33mRUNNING[0m -> [32mSUCCESS[0m
[robot_decision-1] [1746695848.232]: Fallback                  [32mSUCCESS[0m -> [36mIDLE[0m
[robot_decision-1] [1746695848.432]: Fallback                  [36mIDLE[0m -> [33mRUNNING[0m
[robot_decision-1] [1746695848.432]: Sequence                  [36mIDLE[0m -> [33mRUNNING[0m
[robot_decision-1] [1746695848.432]: RetryUntilSuccessful      [36mIDLE[0m -> [33mRUNNING[0m
[robot_decision-1] [INFO] [1746695848.432206210] [robot_decision]: [CheckIfHealth] amount of blood: 500
[robot_decision-1] [1746695848.432]: CheckIfHealth             [36mIDLE[0m -> [32mSUCCESS[0m
[robot_decision-1] [1746695848.432]: CheckIfHealth             [32mSUCCESS[0m -> [36mIDLE[0m
[robot_decision-1] [1746695848.432]: RetryUntilSuccessful      [33mRUNNING[0m -> [32mSUCCESS[0m
[robot_decision-1] [1746695848.432]: RetryUntilSuccessful      [36mIDLE[0m -> [33mRUNNING[0m
[robot_decision-1] [1746695848.432]: NavigateToPose            [36mIDLE[0m -> [33mRUNNING[0m
[robot_decision-1] Point key: 1 x:3 y:0.45
[robot_decision-1] onResultReceived: 4
[robot_decision-1] [1746695849.436]: NavigateToPose            [33mRUNNING[0m -> [32mSUCCESS[0m
[robot_decision-1] [1746695849.436]: NavigateToPose            [32mSUCCESS[0m -> [36mIDLE[0m
[robot_decision-1] [1746695849.436]: RetryUntilSuccessful      [33mRUNNING[0m -> [32mSUCCESS[0m
[robot_decision-1] [1746695849.436]: WaitNode                  [36mIDLE[0m -> [33mRUNNING[0m
[robot_decision-1] [INFO] [1746695849.435815459] [robot_decision]: Navigation Success!
[robot_decision-1] [1746695850.037]: WaitNode                  [33mRUNNING[0m -> [32mSUCCESS[0m
[robot_decision-1] [1746695850.037]: RetryUntilSuccessful      [32mSUCCESS[0m -> [36mIDLE[0m
[robot_decision-1] [1746695850.037]: RetryUntilSuccessful      [32mSUCCESS[0m -> [36mIDLE[0m
[robot_decision-1] [1746695850.037]: WaitNode                  [32mSUCCESS[0m -> [36mIDLE[0m
[robot_decision-1] [1746695850.037]: Sequence                  [33mRUNNING[0m -> [32mSUCCESS[0m
[robot_decision-1] [1746695850.037]: Sequence                  [32mSUCCESS[0m -> [36mIDLE[0m
[robot_decision-1] [1746695850.037]: Fallback                  [33mRUNNING[0m -> [32mSUCCESS[0m
[robot_decision-1] [1746695850.037]: Fallback                  [32mSUCCESS[0m -> [36mIDLE[0m
[robot_decision-1] [1746695850.237]: Fallback                  [36mIDLE[0m -> [33mRUNNING[0m
[robot_decision-1] [1746695850.237]: Sequence                  [36mIDLE[0m -> [33mRUNNING[0m
[robot_decision-1] [1746695850.237]: RetryUntilSuccessful      [36mIDLE[0m -> [33mRUNNING[0m
[robot_decision-1] [INFO] [1746695850.237362557] [robot_decision]: [CheckIfHealth] amount of blood: 500
[robot_decision-1] [1746695850.237]: CheckIfHealth             [36mIDLE[0m -> [32mSUCCESS[0m
[robot_decision-1] [1746695850.237]: CheckIfHealth             [32mSUCCESS[0m -> [36mIDLE[0m
[robot_decision-1] [1746695850.237]: RetryUntilSuccessful      [33mRUNNING[0m -> [32mSUCCESS[0m
[robot_decision-1] [1746695850.237]: RetryUntilSuccessful      [36mIDLE[0m -> [33mRUNNING[0m
[robot_decision-1] [1746695850.237]: NavigateToPose            [36mIDLE[0m -> [33mRUNNING[0m
[robot_decision-1] Point key: 1 x:3 y:0.45
[robot_decision-1] onResultReceived: 4
[robot_decision-1] [1746695851.240]: NavigateToPose            [33mRUNNING[0m -> [32mSUCCESS[0m
[robot_decision-1] [1746695851.240]: NavigateToPose            [32mSUCCESS[0m -> [36mIDLE[0m
[robot_decision-1] [1746695851.240]: RetryUntilSuccessful      [33mRUNNING[0m -> [32mSUCCESS[0m
[robot_decision-1] [1746695851.240]: WaitNode                  [36mIDLE[0m -> [33mRUNNING[0m
[robot_decision-1] [INFO] [1746695851.239861972] [robot_decision]: Navigation Success!
[robot_decision-1] [1746695851.841]: WaitNode                  [33mRUNNING[0m -> [32mSUCCESS[0m
[robot_decision-1] [1746695851.841]: RetryUntilSuccessful      [32mSUCCESS[0m -> [36mIDLE[0m
[robot_decision-1] [1746695851.841]: RetryUntilSuccessful      [32mSUCCESS[0m -> [36mIDLE[0m
[robot_decision-1] [1746695851.841]: WaitNode                  [32mSUCCESS[0m -> [36mIDLE[0m
[robot_decision-1] [1746695851.841]: Sequence                  [33mRUNNING[0m -> [32mSUCCESS[0m
[robot_decision-1] [1746695851.841]: Sequence                  [32mSUCCESS[0m -> [36mIDLE[0m
[robot_decision-1] [1746695851.841]: Fallback                  [33mRUNNING[0m -> [32mSUCCESS[0m
[robot_decision-1] [1746695851.841]: Fallback                  [32mSUCCESS[0m -> [36mIDLE[0m
[robot_decision-1] [1746695852.041]: Fallback                  [36mIDLE[0m -> [33mRUNNING[0m
[robot_decision-1] [1746695852.041]: Sequence                  [36mIDLE[0m -> [33mRUNNING[0m
[robot_decision-1] [1746695852.041]: RetryUntilSuccessful      [36mIDLE[0m -> [33mRUNNING[0m
[robot_decision-1] [INFO] [1746695852.041036768] [robot_decision]: [CheckIfHealth] amount of blood: 500
[robot_decision-1] [1746695852.041]: CheckIfHealth             [36mIDLE[0m -> [32mSUCCESS[0m
[robot_decision-1] [1746695852.041]: CheckIfHealth             [32mSUCCESS[0m -> [36mIDLE[0m
[robot_decision-1] [1746695852.041]: RetryUntilSuccessful      [33mRUNNING[0m -> [32mSUCCESS[0m
[robot_decision-1] [1746695852.041]: RetryUntilSuccessful      [36mIDLE[0m -> [33mRUNNING[0m
[robot_decision-1] [1746695852.041]: NavigateToPose            [36mIDLE[0m -> [33mRUNNING[0m
[robot_decision-1] Point key: 1 x:3 y:0.45
[robot_decision-1] onResultReceived: 4
[robot_decision-1] [1746695853.045]: NavigateToPose            [33mRUNNING[0m -> [32mSUCCESS[0m
[robot_decision-1] [1746695853.045]: NavigateToPose            [32mSUCCESS[0m -> [36mIDLE[0m
[robot_decision-1] [1746695853.045]: RetryUntilSuccessful      [33mRUNNING[0m -> [32mSUCCESS[0m
[robot_decision-1] [1746695853.045]: WaitNode                  [36mIDLE[0m -> [33mRUNNING[0m
[robot_decision-1] [INFO] [1746695853.044978257] [robot_decision]: Navigation Success!
[robot_decision-1] [1746695853.646]: WaitNode                  [33mRUNNING[0m -> [32mSUCCESS[0m
[robot_decision-1] [1746695853.646]: RetryUntilSuccessful      [32mSUCCESS[0m -> [36mIDLE[0m
[robot_decision-1] [1746695853.646]: RetryUntilSuccessful      [32mSUCCESS[0m -> [36mIDLE[0m
[robot_decision-1] [1746695853.646]: WaitNode                  [32mSUCCESS[0m -> [36mIDLE[0m
[robot_decision-1] [1746695853.646]: Sequence                  [33mRUNNING[0m -> [32mSUCCESS[0m
[robot_decision-1] [1746695853.646]: Sequence                  [32mSUCCESS[0m -> [36mIDLE[0m
[robot_decision-1] [1746695853.646]: Fallback                  [33mRUNNING[0m -> [32mSUCCESS[0m
[robot_decision-1] [1746695853.646]: Fallback                  [32mSUCCESS[0m -> [36mIDLE[0m
[robot_decision-1] [1746695853.846]: Fallback                  [36mIDLE[0m -> [33mRUNNING[0m
[robot_decision-1] [1746695853.846]: Sequence                  [36mIDLE[0m -> [33mRUNNING[0m
[robot_decision-1] [1746695853.846]: RetryUntilSuccessful      [36mIDLE[0m -> [33mRUNNING[0m
[robot_decision-1] [INFO] [1746695853.846240024] [robot_decision]: [CheckIfHealth] amount of blood: 500
[robot_decision-1] [1746695853.846]: CheckIfHealth             [36mIDLE[0m -> [32mSUCCESS[0m
[robot_decision-1] [1746695853.846]: CheckIfHealth             [32mSUCCESS[0m -> [36mIDLE[0m
[robot_decision-1] [1746695853.846]: RetryUntilSuccessful      [33mRUNNING[0m -> [32mSUCCESS[0m
[robot_decision-1] [1746695853.846]: RetryUntilSuccessful      [36mIDLE[0m -> [33mRUNNING[0m
[robot_decision-1] [1746695853.846]: NavigateToPose            [36mIDLE[0m -> [33mRUNNING[0m
[robot_decision-1] Point key: 1 x:3 y:0.45
[robot_decision-1] onResultReceived: 4
[robot_decision-1] [1746695854.849]: NavigateToPose            [33mRUNNING[0m -> [32mSUCCESS[0m
[robot_decision-1] [1746695854.849]: NavigateToPose            [32mSUCCESS[0m -> [36mIDLE[0m
[robot_decision-1] [1746695854.849]: RetryUntilSuccessful      [33mRUNNING[0m -> [32mSUCCESS[0m
[robot_decision-1] [1746695854.850]: WaitNode                  [36mIDLE[0m -> [33mRUNNING[0m
[robot_decision-1] [INFO] [1746695854.849278162] [robot_decision]: Navigation Success!
[robot_decision-1] [1746695855.450]: WaitNode                  [33mRUNNING[0m -> [32mSUCCESS[0m
[robot_decision-1] [1746695855.450]: RetryUntilSuccessful      [32mSUCCESS[0m -> [36mIDLE[0m
[robot_decision-1] [1746695855.450]: RetryUntilSuccessful      [32mSUCCESS[0m -> [36mIDLE[0m
[robot_decision-1] [1746695855.450]: WaitNode                  [32mSUCCESS[0m -> [36mIDLE[0m
[robot_decision-1] [1746695855.450]: Sequence                  [33mRUNNING[0m -> [32mSUCCESS[0m
[robot_decision-1] [1746695855.450]: Sequence                  [32mSUCCESS[0m -> [36mIDLE[0m
[robot_decision-1] [1746695855.450]: Fallback                  [33mRUNNING[0m -> [32mSUCCESS[0m
[robot_decision-1] [1746695855.450]: Fallback                  [32mSUCCESS[0m -> [36mIDLE[0m
[robot_decision-1] [1746695855.650]: Fallback                  [36mIDLE[0m -> [33mRUNNING[0m
[robot_decision-1] [1746695855.650]: Sequence                  [36mIDLE[0m -> [33mRUNNING[0m
[robot_decision-1] [1746695855.650]: RetryUntilSuccessful      [36mIDLE[0m -> [33mRUNNING[0m
[robot_decision-1] [INFO] [1746695855.650446996] [robot_decision]: [CheckIfHealth] amount of blood: 500
[robot_decision-1] [1746695855.651]: CheckIfHealth             [36mIDLE[0m -> [32mSUCCESS[0m
[robot_decision-1] [1746695855.651]: CheckIfHealth             [32mSUCCESS[0m -> [36mIDLE[0m
[robot_decision-1] [1746695855.651]: RetryUntilSuccessful      [33mRUNNING[0m -> [32mSUCCESS[0m
[robot_decision-1] [1746695855.651]: RetryUntilSuccessful      [36mIDLE[0m -> [33mRUNNING[0m
[robot_decision-1] [1746695855.651]: NavigateToPose            [36mIDLE[0m -> [33mRUNNING[0m
[robot_decision-1] Point key: 1 x:3 y:0.45
[robot_decision-1] onResultReceived: 4
[robot_decision-1] [1746695856.654]: NavigateToPose            [33mRUNNING[0m -> [32mSUCCESS[0m
[robot_decision-1] [1746695856.654]: NavigateToPose            [32mSUCCESS[0m -> [36mIDLE[0m
[robot_decision-1] [1746695856.654]: RetryUntilSuccessful      [33mRUNNING[0m -> [32mSUCCESS[0m
[robot_decision-1] [1746695856.654]: WaitNode                  [36mIDLE[0m -> [33mRUNNING[0m
[robot_decision-1] [INFO] [1746695856.653749783] [robot_decision]: Navigation Success!
[robot_decision-1] [1746695857.254]: WaitNode                  [33mRUNNING[0m -> [32mSUCCESS[0m
[robot_decision-1] [1746695857.254]: RetryUntilSuccessful      [32mSUCCESS[0m -> [36mIDLE[0m
[robot_decision-1] [1746695857.254]: RetryUntilSuccessful      [32mSUCCESS[0m -> [36mIDLE[0m
[robot_decision-1] [1746695857.254]: WaitNode                  [32mSUCCESS[0m -> [36mIDLE[0m
[robot_decision-1] [1746695857.254]: Sequence                  [33mRUNNING[0m -> [32mSUCCESS[0m
[robot_decision-1] [1746695857.254]: Sequence                  [32mSUCCESS[0m -> [36mIDLE[0m
[robot_decision-1] [1746695857.254]: Fallback                  [33mRUNNING[0m -> [32mSUCCESS[0m
[robot_decision-1] [1746695857.254]: Fallback                  [32mSUCCESS[0m -> [36mIDLE[0m
[robot_decision-1] [1746695857.454]: Fallback                  [36mIDLE[0m -> [33mRUNNING[0m
[robot_decision-1] [1746695857.455]: Sequence                  [36mIDLE[0m -> [33mRUNNING[0m
[robot_decision-1] [1746695857.455]: RetryUntilSuccessful      [36mIDLE[0m -> [33mRUNNING[0m
[robot_decision-1] [INFO] [1746695857.454912214] [robot_decision]: [CheckIfHealth] amount of blood: 500
[robot_decision-1] [1746695857.455]: CheckIfHealth             [36mIDLE[0m -> [32mSUCCESS[0m
[robot_decision-1] [1746695857.455]: CheckIfHealth             [32mSUCCESS[0m -> [36mIDLE[0m
[robot_decision-1] [1746695857.455]: RetryUntilSuccessful      [33mRUNNING[0m -> [32mSUCCESS[0m
[robot_decision-1] [1746695857.455]: RetryUntilSuccessful      [36mIDLE[0m -> [33mRUNNING[0m
[robot_decision-1] [1746695857.455]: NavigateToPose            [36mIDLE[0m -> [33mRUNNING[0m
[robot_decision-1] Point key: 1 x:3 y:0.45
[robot_decision-1] onResultReceived: 4
[robot_decision-1] [1746695858.458]: NavigateToPose            [33mRUNNING[0m -> [32mSUCCESS[0m
[robot_decision-1] [1746695858.458]: NavigateToPose            [32mSUCCESS[0m -> [36mIDLE[0m
[robot_decision-1] [1746695858.458]: RetryUntilSuccessful      [33mRUNNING[0m -> [32mSUCCESS[0m
[robot_decision-1] [1746695858.458]: WaitNode                  [36mIDLE[0m -> [33mRUNNING[0m
[robot_decision-1] [INFO] [1746695858.457934477] [robot_decision]: Navigation Success!
[robot_decision-1] [1746695859.058]: WaitNode                  [33mRUNNING[0m -> [32mSUCCESS[0m
[robot_decision-1] [1746695859.059]: RetryUntilSuccessful      [32mSUCCESS[0m -> [36mIDLE[0m
[robot_decision-1] [1746695859.059]: RetryUntilSuccessful      [32mSUCCESS[0m -> [36mIDLE[0m
[robot_decision-1] [1746695859.059]: WaitNode                  [32mSUCCESS[0m -> [36mIDLE[0m
[robot_decision-1] [1746695859.059]: Sequence                  [33mRUNNING[0m -> [32mSUCCESS[0m
[robot_decision-1] [1746695859.059]: Sequence                  [32mSUCCESS[0m -> [36mIDLE[0m
[robot_decision-1] [1746695859.059]: Fallback                  [33mRUNNING[0m -> [32mSUCCESS[0m
[robot_decision-1] [1746695859.059]: Fallback                  [32mSUCCESS[0m -> [36mIDLE[0m
[robot_decision-1] [1746695859.259]: Fallback                  [36mIDLE[0m -> [33mRUNNING[0m
[robot_decision-1] [1746695859.259]: Sequence                  [36mIDLE[0m -> [33mRUNNING[0m
[robot_decision-1] [1746695859.259]: RetryUntilSuccessful      [36mIDLE[0m -> [33mRUNNING[0m
[robot_decision-1] [INFO] [1746695859.258742230] [robot_decision]: [CheckIfHealth] amount of blood: 500
[robot_decision-1] [1746695859.259]: CheckIfHealth             [36mIDLE[0m -> [32mSUCCESS[0m
[robot_decision-1] [1746695859.259]: CheckIfHealth             [32mSUCCESS[0m -> [36mIDLE[0m
[robot_decision-1] [1746695859.259]: RetryUntilSuccessful      [33mRUNNING[0m -> [32mSUCCESS[0m
[robot_decision-1] [1746695859.259]: RetryUntilSuccessful      [36mIDLE[0m -> [33mRUNNING[0m
[robot_decision-1] [1746695859.259]: NavigateToPose            [36mIDLE[0m -> [33mRUNNING[0m
[robot_decision-1] Point key: 1 x:3 y:0.45
[robot_decision-1] onResultReceived: 4
[robot_decision-1] [1746695860.262]: NavigateToPose            [33mRUNNING[0m -> [32mSUCCESS[0m
[robot_decision-1] [1746695860.262]: NavigateToPose            [32mSUCCESS[0m -> [36mIDLE[0m
[robot_decision-1] [1746695860.262]: RetryUntilSuccessful      [33mRUNNING[0m -> [32mSUCCESS[0m
[robot_decision-1] [1746695860.262]: WaitNode                  [36mIDLE[0m -> [33mRUNNING[0m
[robot_decision-1] [INFO] [1746695860.261511681] [robot_decision]: Navigation Success!
[robot_decision-1] [1746695860.862]: WaitNode                  [33mRUNNING[0m -> [32mSUCCESS[0m
[robot_decision-1] [1746695860.862]: RetryUntilSuccessful      [32mSUCCESS[0m -> [36mIDLE[0m
[robot_decision-1] [1746695860.862]: RetryUntilSuccessful      [32mSUCCESS[0m -> [36mIDLE[0m
[robot_decision-1] [1746695860.862]: WaitNode                  [32mSUCCESS[0m -> [36mIDLE[0m
[robot_decision-1] [1746695860.862]: Sequence                  [33mRUNNING[0m -> [32mSUCCESS[0m
[robot_decision-1] [1746695860.862]: Sequence                  [32mSUCCESS[0m -> [36mIDLE[0m
[robot_decision-1] [1746695860.862]: Fallback                  [33mRUNNING[0m -> [32mSUCCESS[0m
[robot_decision-1] [1746695860.862]: Fallback                  [32mSUCCESS[0m -> [36mIDLE[0m
[robot_decision-1] [1746695861.062]: Fallback                  [36mIDLE[0m -> [33mRUNNING[0m
[robot_decision-1] [1746695861.062]: Sequence                  [36mIDLE[0m -> [33mRUNNING[0m
[robot_decision-1] [1746695861.062]: RetryUntilSuccessful      [36mIDLE[0m -> [33mRUNNING[0m
[robot_decision-1] [INFO] [1746695861.062596518] [robot_decision]: [CheckIfHealth] amount of blood: 500
[robot_decision-1] [1746695861.063]: CheckIfHealth             [36mIDLE[0m -> [32mSUCCESS[0m
[robot_decision-1] [1746695861.063]: CheckIfHealth             [32mSUCCESS[0m -> [36mIDLE[0m
[robot_decision-1] [1746695861.063]: RetryUntilSuccessful      [33mRUNNING[0m -> [32mSUCCESS[0m
[robot_decision-1] [1746695861.063]: RetryUntilSuccessful      [36mIDLE[0m -> [33mRUNNING[0m
[robot_decision-1] [1746695861.063]: NavigateToPose            [36mIDLE[0m -> [33mRUNNING[0m
[robot_decision-1] Point key: 1 x:3 y:0.45
[robot_decision-1] onResultReceived: 4
[robot_decision-1] [1746695862.066]: NavigateToPose            [33mRUNNING[0m -> [32mSUCCESS[0m
[robot_decision-1] [1746695862.066]: NavigateToPose            [32mSUCCESS[0m -> [36mIDLE[0m
[robot_decision-1] [1746695862.066]: RetryUntilSuccessful      [33mRUNNING[0m -> [32mSUCCESS[0m
[robot_decision-1] [1746695862.066]: WaitNode                  [36mIDLE[0m -> [33mRUNNING[0m
[robot_decision-1] [INFO] [1746695862.066103284] [robot_decision]: Navigation Success!
[robot_decision-1] [1746695862.667]: WaitNode                  [33mRUNNING[0m -> [32mSUCCESS[0m
[robot_decision-1] [1746695862.667]: RetryUntilSuccessful      [32mSUCCESS[0m -> [36mIDLE[0m
[robot_decision-1] [1746695862.667]: RetryUntilSuccessful      [32mSUCCESS[0m -> [36mIDLE[0m
[robot_decision-1] [1746695862.667]: WaitNode                  [32mSUCCESS[0m -> [36mIDLE[0m
[robot_decision-1] [1746695862.667]: Sequence                  [33mRUNNING[0m -> [32mSUCCESS[0m
[robot_decision-1] [1746695862.667]: Sequence                  [32mSUCCESS[0m -> [36mIDLE[0m
[robot_decision-1] [1746695862.667]: Fallback                  [33mRUNNING[0m -> [32mSUCCESS[0m
[robot_decision-1] [1746695862.667]: Fallback                  [32mSUCCESS[0m -> [36mIDLE[0m
[robot_decision-1] [1746695862.867]: Fallback                  [36mIDLE[0m -> [33mRUNNING[0m
[robot_decision-1] [1746695862.867]: Sequence                  [36mIDLE[0m -> [33mRUNNING[0m
[robot_decision-1] [1746695862.867]: RetryUntilSuccessful      [36mIDLE[0m -> [33mRUNNING[0m
[robot_decision-1] [INFO] [1746695862.867340372] [robot_decision]: [CheckIfHealth] amount of blood: 500
[robot_decision-1] [1746695862.868]: CheckIfHealth             [36mIDLE[0m -> [32mSUCCESS[0m
[robot_decision-1] [1746695862.868]: CheckIfHealth             [32mSUCCESS[0m -> [36mIDLE[0m
[robot_decision-1] [1746695862.868]: RetryUntilSuccessful      [33mRUNNING[0m -> [32mSUCCESS[0m
[robot_decision-1] [1746695862.868]: RetryUntilSuccessful      [36mIDLE[0m -> [33mRUNNING[0m
[robot_decision-1] [1746695862.868]: NavigateToPose            [36mIDLE[0m -> [33mRUNNING[0m
[robot_decision-1] Point key: 1 x:3 y:0.45
[robot_decision-1] onResultReceived: 4
[robot_decision-1] [1746695863.871]: NavigateToPose            [33mRUNNING[0m -> [32mSUCCESS[0m
[robot_decision-1] [1746695863.871]: NavigateToPose            [32mSUCCESS[0m -> [36mIDLE[0m
[robot_decision-1] [1746695863.871]: RetryUntilSuccessful      [33mRUNNING[0m -> [32mSUCCESS[0m
[robot_decision-1] [1746695863.872]: WaitNode                  [36mIDLE[0m -> [33mRUNNING[0m
[robot_decision-1] [INFO] [1746695863.871227171] [robot_decision]: Navigation Success!
[robot_decision-1] [1746695864.472]: WaitNode                  [33mRUNNING[0m -> [32mSUCCESS[0m
[robot_decision-1] [1746695864.472]: RetryUntilSuccessful      [32mSUCCESS[0m -> [36mIDLE[0m
[robot_decision-1] [1746695864.472]: RetryUntilSuccessful      [32mSUCCESS[0m -> [36mIDLE[0m
[robot_decision-1] [1746695864.472]: WaitNode                  [32mSUCCESS[0m -> [36mIDLE[0m
[robot_decision-1] [1746695864.472]: Sequence                  [33mRUNNING[0m -> [32mSUCCESS[0m
[robot_decision-1] [1746695864.472]: Sequence                  [32mSUCCESS[0m -> [36mIDLE[0m
[robot_decision-1] [1746695864.472]: Fallback                  [33mRUNNING[0m -> [32mSUCCESS[0m
[robot_decision-1] [1746695864.472]: Fallback                  [32mSUCCESS[0m -> [36mIDLE[0m
[robot_decision-1] [1746695864.672]: Fallback                  [36mIDLE[0m -> [33mRUNNING[0m
[robot_decision-1] [1746695864.672]: Sequence                  [36mIDLE[0m -> [33mRUNNING[0m
[robot_decision-1] [1746695864.672]: RetryUntilSuccessful      [36mIDLE[0m -> [33mRUNNING[0m
[robot_decision-1] [INFO] [1746695864.672572530] [robot_decision]: [CheckIfHealth] amount of blood: 500
[robot_decision-1] [1746695864.673]: CheckIfHealth             [36mIDLE[0m -> [32mSUCCESS[0m
[robot_decision-1] [1746695864.673]: CheckIfHealth             [32mSUCCESS[0m -> [36mIDLE[0m
[robot_decision-1] [1746695864.673]: RetryUntilSuccessful      [33mRUNNING[0m -> [32mSUCCESS[0m
[robot_decision-1] [1746695864.673]: RetryUntilSuccessful      [36mIDLE[0m -> [33mRUNNING[0m
[robot_decision-1] [1746695864.673]: NavigateToPose            [36mIDLE[0m -> [33mRUNNING[0m
[robot_decision-1] Point key: 1 x:3 y:0.45
[robot_decision-1] onResultReceived: 4
[robot_decision-1] [1746695865.677]: NavigateToPose            [33mRUNNING[0m -> [32mSUCCESS[0m
[robot_decision-1] [1746695865.677]: NavigateToPose            [32mSUCCESS[0m -> [36mIDLE[0m
[robot_decision-1] [1746695865.677]: RetryUntilSuccessful      [33mRUNNING[0m -> [32mSUCCESS[0m
[robot_decision-1] [1746695865.677]: WaitNode                  [36mIDLE[0m -> [33mRUNNING[0m
[robot_decision-1] [INFO] [1746695865.676624742] [robot_decision]: Navigation Success!
[robot_decision-1] [1746695866.277]: WaitNode                  [33mRUNNING[0m -> [32mSUCCESS[0m
[robot_decision-1] [1746695866.277]: RetryUntilSuccessful      [32mSUCCESS[0m -> [36mIDLE[0m
[robot_decision-1] [1746695866.277]: RetryUntilSuccessful      [32mSUCCESS[0m -> [36mIDLE[0m
[robot_decision-1] [1746695866.277]: WaitNode                  [32mSUCCESS[0m -> [36mIDLE[0m
[robot_decision-1] [1746695866.277]: Sequence                  [33mRUNNING[0m -> [32mSUCCESS[0m
[robot_decision-1] [1746695866.277]: Sequence                  [32mSUCCESS[0m -> [36mIDLE[0m
[robot_decision-1] [1746695866.277]: Fallback                  [33mRUNNING[0m -> [32mSUCCESS[0m
[robot_decision-1] [1746695866.277]: Fallback                  [32mSUCCESS[0m -> [36mIDLE[0m
[robot_decision-1] [1746695866.477]: Fallback                  [36mIDLE[0m -> [33mRUNNING[0m
[robot_decision-1] [1746695866.478]: Sequence                  [36mIDLE[0m -> [33mRUNNING[0m
[robot_decision-1] [1746695866.478]: RetryUntilSuccessful      [36mIDLE[0m -> [33mRUNNING[0m
[robot_decision-1] [INFO] [1746695866.477651911] [robot_decision]: [CheckIfHealth] amount of blood: 500
[robot_decision-1] [1746695866.478]: CheckIfHealth             [36mIDLE[0m -> [32mSUCCESS[0m
[robot_decision-1] [1746695866.478]: CheckIfHealth             [32mSUCCESS[0m -> [36mIDLE[0m
[robot_decision-1] [1746695866.478]: RetryUntilSuccessful      [33mRUNNING[0m -> [32mSUCCESS[0m
[robot_decision-1] [1746695866.478]: RetryUntilSuccessful      [36mIDLE[0m -> [33mRUNNING[0m
[robot_decision-1] [1746695866.478]: NavigateToPose            [36mIDLE[0m -> [33mRUNNING[0m
[robot_decision-1] Point key: 1 x:3 y:0.45
[robot_decision-1] onResultReceived: 4
[robot_decision-1] [1746695867.480]: NavigateToPose            [33mRUNNING[0m -> [32mSUCCESS[0m
[robot_decision-1] [1746695867.481]: NavigateToPose            [32mSUCCESS[0m -> [36mIDLE[0m
[robot_decision-1] [1746695867.481]: RetryUntilSuccessful      [33mRUNNING[0m -> [32mSUCCESS[0m
[robot_decision-1] [1746695867.481]: WaitNode                  [36mIDLE[0m -> [33mRUNNING[0m
[robot_decision-1] [INFO] [1746695867.480368742] [robot_decision]: Navigation Success!
[robot_decision-1] [1746695868.081]: WaitNode                  [33mRUNNING[0m -> [32mSUCCESS[0m
[robot_decision-1] [1746695868.081]: RetryUntilSuccessful      [32mSUCCESS[0m -> [36mIDLE[0m
[robot_decision-1] [1746695868.081]: RetryUntilSuccessful      [32mSUCCESS[0m -> [36mIDLE[0m
[robot_decision-1] [1746695868.081]: WaitNode                  [32mSUCCESS[0m -> [36mIDLE[0m
[robot_decision-1] [1746695868.081]: Sequence                  [33mRUNNING[0m -> [32mSUCCESS[0m
[robot_decision-1] [1746695868.081]: Sequence                  [32mSUCCESS[0m -> [36mIDLE[0m
[robot_decision-1] [1746695868.081]: Fallback                  [33mRUNNING[0m -> [32mSUCCESS[0m
[robot_decision-1] [1746695868.081]: Fallback                  [32mSUCCESS[0m -> [36mIDLE[0m
[robot_decision-1] [1746695868.281]: Fallback                  [36mIDLE[0m -> [33mRUNNING[0m
[robot_decision-1] [1746695868.281]: Sequence                  [36mIDLE[0m -> [33mRUNNING[0m
[robot_decision-1] [1746695868.281]: RetryUntilSuccessful      [36mIDLE[0m -> [33mRUNNING[0m
[robot_decision-1] [INFO] [1746695868.281458467] [robot_decision]: [CheckIfHealth] amount of blood: 500
[robot_decision-1] [1746695868.282]: CheckIfHealth             [36mIDLE[0m -> [32mSUCCESS[0m
[robot_decision-1] [1746695868.282]: CheckIfHealth             [32mSUCCESS[0m -> [36mIDLE[0m
[robot_decision-1] [1746695868.282]: RetryUntilSuccessful      [33mRUNNING[0m -> [32mSUCCESS[0m
[robot_decision-1] [1746695868.282]: RetryUntilSuccessful      [36mIDLE[0m -> [33mRUNNING[0m
[robot_decision-1] [1746695868.282]: NavigateToPose            [36mIDLE[0m -> [33mRUNNING[0m
[robot_decision-1] Point key: 1 x:3 y:0.45
[robot_decision-1] onResultReceived: 4
[robot_decision-1] [1746695869.286]: NavigateToPose            [33mRUNNING[0m -> [32mSUCCESS[0m
[robot_decision-1] [1746695869.286]: NavigateToPose            [32mSUCCESS[0m -> [36mIDLE[0m
[robot_decision-1] [1746695869.286]: RetryUntilSuccessful      [33mRUNNING[0m -> [32mSUCCESS[0m
[robot_decision-1] [1746695869.286]: WaitNode                  [36mIDLE[0m -> [33mRUNNING[0m
[robot_decision-1] [INFO] [1746695869.285821210] [robot_decision]: Navigation Success!
[robot_decision-1] [1746695869.887]: WaitNode                  [33mRUNNING[0m -> [32mSUCCESS[0m
[robot_decision-1] [1746695869.887]: RetryUntilSuccessful      [32mSUCCESS[0m -> [36mIDLE[0m
[robot_decision-1] [1746695869.887]: RetryUntilSuccessful      [32mSUCCESS[0m -> [36mIDLE[0m
[robot_decision-1] [1746695869.887]: WaitNode                  [32mSUCCESS[0m -> [36mIDLE[0m
[robot_decision-1] [1746695869.887]: Sequence                  [33mRUNNING[0m -> [32mSUCCESS[0m
[robot_decision-1] [1746695869.887]: Sequence                  [32mSUCCESS[0m -> [36mIDLE[0m
[robot_decision-1] [1746695869.887]: Fallback                  [33mRUNNING[0m -> [32mSUCCESS[0m
[robot_decision-1] [1746695869.887]: Fallback                  [32mSUCCESS[0m -> [36mIDLE[0m
[robot_decision-1] [1746695870.087]: Fallback                  [36mIDLE[0m -> [33mRUNNING[0m
[robot_decision-1] [1746695870.087]: Sequence                  [36mIDLE[0m -> [33mRUNNING[0m
[robot_decision-1] [1746695870.087]: RetryUntilSuccessful      [36mIDLE[0m -> [33mRUNNING[0m
[robot_decision-1] [INFO] [1746695870.086896868] [robot_decision]: [CheckIfHealth] amount of blood: 500
[robot_decision-1] [1746695870.087]: CheckIfHealth             [36mIDLE[0m -> [32mSUCCESS[0m
[robot_decision-1] [1746695870.087]: CheckIfHealth             [32mSUCCESS[0m -> [36mIDLE[0m
[robot_decision-1] [1746695870.087]: RetryUntilSuccessful      [33mRUNNING[0m -> [32mSUCCESS[0m
[robot_decision-1] [1746695870.087]: RetryUntilSuccessful      [36mIDLE[0m -> [33mRUNNING[0m
[robot_decision-1] [1746695870.087]: NavigateToPose            [36mIDLE[0m -> [33mRUNNING[0m
[robot_decision-1] Point key: 1 x:3 y:0.45
[robot_decision-1] onResultReceived: 4
[robot_decision-1] [1746695871.090]: NavigateToPose            [33mRUNNING[0m -> [32mSUCCESS[0m
[robot_decision-1] [1746695871.090]: NavigateToPose            [32mSUCCESS[0m -> [36mIDLE[0m
[robot_decision-1] [1746695871.090]: RetryUntilSuccessful      [33mRUNNING[0m -> [32mSUCCESS[0m
[robot_decision-1] [1746695871.090]: WaitNode                  [36mIDLE[0m -> [33mRUNNING[0m
[robot_decision-1] [INFO] [1746695871.090136404] [robot_decision]: Navigation Success!
[robot_decision-1] [1746695871.691]: WaitNode                  [33mRUNNING[0m -> [32mSUCCESS[0m
[robot_decision-1] [1746695871.691]: RetryUntilSuccessful      [32mSUCCESS[0m -> [36mIDLE[0m
[robot_decision-1] [1746695871.691]: RetryUntilSuccessful      [32mSUCCESS[0m -> [36mIDLE[0m
[robot_decision-1] [1746695871.691]: WaitNode                  [32mSUCCESS[0m -> [36mIDLE[0m
[robot_decision-1] [1746695871.691]: Sequence                  [33mRUNNING[0m -> [32mSUCCESS[0m
[robot_decision-1] [1746695871.691]: Sequence                  [32mSUCCESS[0m -> [36mIDLE[0m
[robot_decision-1] [1746695871.691]: Fallback                  [33mRUNNING[0m -> [32mSUCCESS[0m
[robot_decision-1] [1746695871.691]: Fallback                  [32mSUCCESS[0m -> [36mIDLE[0m
[robot_decision-1] [1746695871.891]: Fallback                  [36mIDLE[0m -> [33mRUNNING[0m
[robot_decision-1] [1746695871.891]: Sequence                  [36mIDLE[0m -> [33mRUNNING[0m
[robot_decision-1] [1746695871.891]: RetryUntilSuccessful      [36mIDLE[0m -> [33mRUNNING[0m
[robot_decision-1] [INFO] [1746695871.891404449] [robot_decision]: [CheckIfHealth] amount of blood: 500
[robot_decision-1] [1746695871.892]: CheckIfHealth             [36mIDLE[0m -> [32mSUCCESS[0m
[robot_decision-1] [1746695871.892]: CheckIfHealth             [32mSUCCESS[0m -> [36mIDLE[0m
[robot_decision-1] [1746695871.892]: RetryUntilSuccessful      [33mRUNNING[0m -> [32mSUCCESS[0m
[robot_decision-1] [1746695871.892]: RetryUntilSuccessful      [36mIDLE[0m -> [33mRUNNING[0m
[robot_decision-1] [1746695871.892]: NavigateToPose            [36mIDLE[0m -> [33mRUNNING[0m
[robot_decision-1] Point key: 1 x:3 y:0.45
[robot_decision-1] onResultReceived: 4
[robot_decision-1] [1746695872.895]: NavigateToPose            [33mRUNNING[0m -> [32mSUCCESS[0m
[robot_decision-1] [1746695872.895]: NavigateToPose            [32mSUCCESS[0m -> [36mIDLE[0m
[robot_decision-1] [1746695872.895]: RetryUntilSuccessful      [33mRUNNING[0m -> [32mSUCCESS[0m
[robot_decision-1] [1746695872.895]: WaitNode                  [36mIDLE[0m -> [33mRUNNING[0m
[robot_decision-1] [INFO] [1746695872.895205674] [robot_decision]: Navigation Success!
[robot_decision-1] [1746695873.496]: WaitNode                  [33mRUNNING[0m -> [32mSUCCESS[0m
[robot_decision-1] [1746695873.496]: RetryUntilSuccessful      [32mSUCCESS[0m -> [36mIDLE[0m
[robot_decision-1] [1746695873.496]: RetryUntilSuccessful      [32mSUCCESS[0m -> [36mIDLE[0m
[robot_decision-1] [1746695873.496]: WaitNode                  [32mSUCCESS[0m -> [36mIDLE[0m
[robot_decision-1] [1746695873.496]: Sequence                  [33mRUNNING[0m -> [32mSUCCESS[0m
[robot_decision-1] [1746695873.496]: Sequence                  [32mSUCCESS[0m -> [36mIDLE[0m
[robot_decision-1] [1746695873.496]: Fallback                  [33mRUNNING[0m -> [32mSUCCESS[0m
[robot_decision-1] [1746695873.496]: Fallback                  [32mSUCCESS[0m -> [36mIDLE[0m
[robot_decision-1] [1746695873.696]: Fallback                  [36mIDLE[0m -> [33mRUNNING[0m
[robot_decision-1] [1746695873.696]: Sequence                  [36mIDLE[0m -> [33mRUNNING[0m
[robot_decision-1] [1746695873.696]: RetryUntilSuccessful      [36mIDLE[0m -> [33mRUNNING[0m
[robot_decision-1] [INFO] [1746695873.696479710] [robot_decision]: [CheckIfHealth] amount of blood: 500
[robot_decision-1] [1746695873.697]: CheckIfHealth             [36mIDLE[0m -> [32mSUCCESS[0m
[robot_decision-1] [1746695873.697]: CheckIfHealth             [32mSUCCESS[0m -> [36mIDLE[0m
[robot_decision-1] [1746695873.697]: RetryUntilSuccessful      [33mRUNNING[0m -> [32mSUCCESS[0m
[robot_decision-1] [1746695873.697]: RetryUntilSuccessful      [36mIDLE[0m -> [33mRUNNING[0m
[robot_decision-1] [1746695873.697]: NavigateToPose            [36mIDLE[0m -> [33mRUNNING[0m
[robot_decision-1] Point key: 1 x:3 y:0.45
[robot_decision-1] onResultReceived: 4
[robot_decision-1] [1746695874.700]: NavigateToPose            [33mRUNNING[0m -> [32mSUCCESS[0m
[robot_decision-1] [1746695874.700]: NavigateToPose            [32mSUCCESS[0m -> [36mIDLE[0m
[robot_decision-1] [1746695874.700]: RetryUntilSuccessful      [33mRUNNING[0m -> [32mSUCCESS[0m
[robot_decision-1] [1746695874.700]: WaitNode                  [36mIDLE[0m -> [33mRUNNING[0m
[robot_decision-1] [INFO] [1746695874.699463425] [robot_decision]: Navigation Success!
[robot_decision-1] [1746695875.300]: WaitNode                  [33mRUNNING[0m -> [32mSUCCESS[0m
[robot_decision-1] [1746695875.300]: RetryUntilSuccessful      [32mSUCCESS[0m -> [36mIDLE[0m
[robot_decision-1] [1746695875.300]: RetryUntilSuccessful      [32mSUCCESS[0m -> [36mIDLE[0m
[robot_decision-1] [1746695875.300]: WaitNode                  [32mSUCCESS[0m -> [36mIDLE[0m
[robot_decision-1] [1746695875.300]: Sequence                  [33mRUNNING[0m -> [32mSUCCESS[0m
[robot_decision-1] [1746695875.300]: Sequence                  [32mSUCCESS[0m -> [36mIDLE[0m
[robot_decision-1] [1746695875.300]: Fallback                  [33mRUNNING[0m -> [32mSUCCESS[0m
[robot_decision-1] [1746695875.300]: Fallback                  [32mSUCCESS[0m -> [36mIDLE[0m
[robot_decision-1] [1746695875.500]: Fallback                  [36mIDLE[0m -> [33mRUNNING[0m
[robot_decision-1] [1746695875.500]: Sequence                  [36mIDLE[0m -> [33mRUNNING[0m
[robot_decision-1] [1746695875.500]: RetryUntilSuccessful      [36mIDLE[0m -> [33mRUNNING[0m
[robot_decision-1] [INFO] [1746695875.500606397] [robot_decision]: [CheckIfHealth] amount of blood: 500
[robot_decision-1] [1746695875.501]: CheckIfHealth             [36mIDLE[0m -> [32mSUCCESS[0m
[robot_decision-1] [1746695875.501]: CheckIfHealth             [32mSUCCESS[0m -> [36mIDLE[0m
[robot_decision-1] [1746695875.501]: RetryUntilSuccessful      [33mRUNNING[0m -> [32mSUCCESS[0m
[robot_decision-1] [1746695875.501]: RetryUntilSuccessful      [36mIDLE[0m -> [33mRUNNING[0m
[robot_decision-1] [1746695875.501]: NavigateToPose            [36mIDLE[0m -> [33mRUNNING[0m
[robot_decision-1] Point key: 1 x:3 y:0.45
[robot_decision-1] onResultReceived: 4
[robot_decision-1] [1746695876.504]: NavigateToPose            [33mRUNNING[0m -> [32mSUCCESS[0m
[robot_decision-1] [1746695876.504]: NavigateToPose            [32mSUCCESS[0m -> [36mIDLE[0m
[robot_decision-1] [1746695876.504]: RetryUntilSuccessful      [33mRUNNING[0m -> [32mSUCCESS[0m
[robot_decision-1] [1746695876.504]: WaitNode                  [36mIDLE[0m -> [33mRUNNING[0m
[robot_decision-1] [INFO] [1746695876.503630004] [robot_decision]: Navigation Success!
[robot_decision-1] [1746695877.104]: WaitNode                  [33mRUNNING[0m -> [32mSUCCESS[0m
[robot_decision-1] [1746695877.104]: RetryUntilSuccessful      [32mSUCCESS[0m -> [36mIDLE[0m
[robot_decision-1] [1746695877.104]: RetryUntilSuccessful      [32mSUCCESS[0m -> [36mIDLE[0m
[robot_decision-1] [1746695877.104]: WaitNode                  [32mSUCCESS[0m -> [36mIDLE[0m
[robot_decision-1] [1746695877.104]: Sequence                  [33mRUNNING[0m -> [32mSUCCESS[0m
[robot_decision-1] [1746695877.104]: Sequence                  [32mSUCCESS[0m -> [36mIDLE[0m
[robot_decision-1] [1746695877.104]: Fallback                  [33mRUNNING[0m -> [32mSUCCESS[0m
[robot_decision-1] [1746695877.104]: Fallback                  [32mSUCCESS[0m -> [36mIDLE[0m
[robot_decision-1] [1746695877.305]: Fallback                  [36mIDLE[0m -> [33mRUNNING[0m
[robot_decision-1] [1746695877.305]: Sequence                  [36mIDLE[0m -> [33mRUNNING[0m
[robot_decision-1] [1746695877.305]: RetryUntilSuccessful      [36mIDLE[0m -> [33mRUNNING[0m
[robot_decision-1] [INFO] [1746695877.304824513] [robot_decision]: [CheckIfHealth] amount of blood: 500
[robot_decision-1] [1746695877.305]: CheckIfHealth             [36mIDLE[0m -> [32mSUCCESS[0m
[robot_decision-1] [1746695877.305]: CheckIfHealth             [32mSUCCESS[0m -> [36mIDLE[0m
[robot_decision-1] [1746695877.305]: RetryUntilSuccessful      [33mRUNNING[0m -> [32mSUCCESS[0m
[robot_decision-1] [1746695877.305]: RetryUntilSuccessful      [36mIDLE[0m -> [33mRUNNING[0m
[robot_decision-1] [1746695877.305]: NavigateToPose            [36mIDLE[0m -> [33mRUNNING[0m
[robot_decision-1] Point key: 1 x:3 y:0.45
[robot_decision-1] onResultReceived: 4
[robot_decision-1] [1746695878.308]: NavigateToPose            [33mRUNNING[0m -> [32mSUCCESS[0m
[robot_decision-1] [1746695878.308]: NavigateToPose            [32mSUCCESS[0m -> [36mIDLE[0m
[robot_decision-1] [1746695878.308]: RetryUntilSuccessful      [33mRUNNING[0m -> [32mSUCCESS[0m
[robot_decision-1] [1746695878.308]: WaitNode                  [36mIDLE[0m -> [33mRUNNING[0m
[robot_decision-1] [INFO] [1746695878.307827088] [robot_decision]: Navigation Success!
[robot_decision-1] [1746695878.909]: WaitNode                  [33mRUNNING[0m -> [32mSUCCESS[0m
[robot_decision-1] [1746695878.909]: RetryUntilSuccessful      [32mSUCCESS[0m -> [36mIDLE[0m
[robot_decision-1] [1746695878.909]: RetryUntilSuccessful      [32mSUCCESS[0m -> [36mIDLE[0m
[robot_decision-1] [1746695878.909]: WaitNode                  [32mSUCCESS[0m -> [36mIDLE[0m
[robot_decision-1] [1746695878.909]: Sequence                  [33mRUNNING[0m -> [32mSUCCESS[0m
[robot_decision-1] [1746695878.909]: Sequence                  [32mSUCCESS[0m -> [36mIDLE[0m
[robot_decision-1] [1746695878.909]: Fallback                  [33mRUNNING[0m -> [32mSUCCESS[0m
[robot_decision-1] [1746695878.909]: Fallback                  [32mSUCCESS[0m -> [36mIDLE[0m
[robot_decision-1] [1746695879.109]: Fallback                  [36mIDLE[0m -> [33mRUNNING[0m
[robot_decision-1] [1746695879.109]: Sequence                  [36mIDLE[0m -> [33mRUNNING[0m
[robot_decision-1] [1746695879.109]: RetryUntilSuccessful      [36mIDLE[0m -> [33mRUNNING[0m
[robot_decision-1] [INFO] [1746695879.109499443] [robot_decision]: [CheckIfHealth] amount of blood: 500
[robot_decision-1] [1746695879.110]: CheckIfHealth             [36mIDLE[0m -> [32mSUCCESS[0m
[robot_decision-1] [1746695879.110]: CheckIfHealth             [32mSUCCESS[0m -> [36mIDLE[0m
[robot_decision-1] [1746695879.110]: RetryUntilSuccessful      [33mRUNNING[0m -> [32mSUCCESS[0m
[robot_decision-1] [1746695879.110]: RetryUntilSuccessful      [36mIDLE[0m -> [33mRUNNING[0m
[robot_decision-1] [1746695879.110]: NavigateToPose            [36mIDLE[0m -> [33mRUNNING[0m
[robot_decision-1] Point key: 1 x:3 y:0.45
[robot_decision-1] onResultReceived: 4
[robot_decision-1] [1746695880.113]: NavigateToPose            [33mRUNNING[0m -> [32mSUCCESS[0m
[robot_decision-1] [1746695880.113]: NavigateToPose            [32mSUCCESS[0m -> [36mIDLE[0m
[robot_decision-1] [1746695880.113]: RetryUntilSuccessful      [33mRUNNING[0m -> [32mSUCCESS[0m
[robot_decision-1] [1746695880.113]: WaitNode                  [36mIDLE[0m -> [33mRUNNING[0m
[robot_decision-1] [INFO] [1746695880.112634822] [robot_decision]: Navigation Success!
[robot_decision-1] [1746695880.713]: WaitNode                  [33mRUNNING[0m -> [32mSUCCESS[0m
[robot_decision-1] [1746695880.713]: RetryUntilSuccessful      [32mSUCCESS[0m -> [36mIDLE[0m
[robot_decision-1] [1746695880.713]: RetryUntilSuccessful      [32mSUCCESS[0m -> [36mIDLE[0m
[robot_decision-1] [1746695880.713]: WaitNode                  [32mSUCCESS[0m -> [36mIDLE[0m
[robot_decision-1] [1746695880.713]: Sequence                  [33mRUNNING[0m -> [32mSUCCESS[0m
[robot_decision-1] [1746695880.713]: Sequence                  [32mSUCCESS[0m -> [36mIDLE[0m
[robot_decision-1] [1746695880.713]: Fallback                  [33mRUNNING[0m -> [32mSUCCESS[0m
[robot_decision-1] [1746695880.713]: Fallback                  [32mSUCCESS[0m -> [36mIDLE[0m
[robot_decision-1] [1746695880.914]: Fallback                  [36mIDLE[0m -> [33mRUNNING[0m
[robot_decision-1] [1746695880.914]: Sequence                  [36mIDLE[0m -> [33mRUNNING[0m
[robot_decision-1] [1746695880.914]: RetryUntilSuccessful      [36mIDLE[0m -> [33mRUNNING[0m
[robot_decision-1] [INFO] [1746695880.913909459] [robot_decision]: [CheckIfHealth] amount of blood: 500
[robot_decision-1] [1746695880.914]: CheckIfHealth             [36mIDLE[0m -> [32mSUCCESS[0m
[robot_decision-1] [1746695880.914]: CheckIfHealth             [32mSUCCESS[0m -> [36mIDLE[0m
[robot_decision-1] [1746695880.914]: RetryUntilSuccessful      [33mRUNNING[0m -> [32mSUCCESS[0m
[robot_decision-1] [1746695880.914]: RetryUntilSuccessful      [36mIDLE[0m -> [33mRUNNING[0m
[robot_decision-1] [1746695880.914]: NavigateToPose            [36mIDLE[0m -> [33mRUNNING[0m
[robot_decision-1] Point key: 1 x:3 y:0.45
[robot_decision-1] onResultReceived: 4
[robot_decision-1] [1746695881.917]: NavigateToPose            [33mRUNNING[0m -> [32mSUCCESS[0m
[robot_decision-1] [1746695881.917]: NavigateToPose            [32mSUCCESS[0m -> [36mIDLE[0m
[robot_decision-1] [1746695881.917]: RetryUntilSuccessful      [33mRUNNING[0m -> [32mSUCCESS[0m
[robot_decision-1] [1746695881.917]: WaitNode                  [36mIDLE[0m -> [33mRUNNING[0m
[robot_decision-1] [INFO] [1746695881.917016904] [robot_decision]: Navigation Success!
[robot_decision-1] [1746695882.518]: WaitNode                  [33mRUNNING[0m -> [32mSUCCESS[0m
[robot_decision-1] [1746695882.518]: RetryUntilSuccessful      [32mSUCCESS[0m -> [36mIDLE[0m
[robot_decision-1] [1746695882.518]: RetryUntilSuccessful      [32mSUCCESS[0m -> [36mIDLE[0m
[robot_decision-1] [1746695882.518]: WaitNode                  [32mSUCCESS[0m -> [36mIDLE[0m
[robot_decision-1] [1746695882.518]: Sequence                  [33mRUNNING[0m -> [32mSUCCESS[0m
[robot_decision-1] [1746695882.518]: Sequence                  [32mSUCCESS[0m -> [36mIDLE[0m
[robot_decision-1] [1746695882.518]: Fallback                  [33mRUNNING[0m -> [32mSUCCESS[0m
[robot_decision-1] [1746695882.518]: Fallback                  [32mSUCCESS[0m -> [36mIDLE[0m
[robot_decision-1] [1746695882.718]: Fallback                  [36mIDLE[0m -> [33mRUNNING[0m
[robot_decision-1] [1746695882.718]: Sequence                  [36mIDLE[0m -> [33mRUNNING[0m
[robot_decision-1] [1746695882.718]: RetryUntilSuccessful      [36mIDLE[0m -> [33mRUNNING[0m
[robot_decision-1] [INFO] [1746695882.718776330] [robot_decision]: [CheckIfHealth] amount of blood: 500
[robot_decision-1] [1746695882.719]: CheckIfHealth             [36mIDLE[0m -> [32mSUCCESS[0m
[robot_decision-1] [1746695882.719]: CheckIfHealth             [32mSUCCESS[0m -> [36mIDLE[0m
[robot_decision-1] [1746695882.719]: RetryUntilSuccessful      [33mRUNNING[0m -> [32mSUCCESS[0m
[robot_decision-1] [1746695882.719]: RetryUntilSuccessful      [36mIDLE[0m -> [33mRUNNING[0m
[robot_decision-1] [1746695882.719]: NavigateToPose            [36mIDLE[0m -> [33mRUNNING[0m
[robot_decision-1] Point key: 1 x:3 y:0.45
[robot_decision-1] onResultReceived: 4
[robot_decision-1] [1746695883.722]: NavigateToPose            [33mRUNNING[0m -> [32mSUCCESS[0m
[robot_decision-1] [1746695883.722]: NavigateToPose            [32mSUCCESS[0m -> [36mIDLE[0m
[robot_decision-1] [1746695883.722]: RetryUntilSuccessful      [33mRUNNING[0m -> [32mSUCCESS[0m
[robot_decision-1] [1746695883.722]: WaitNode                  [36mIDLE[0m -> [33mRUNNING[0m
[robot_decision-1] [INFO] [1746695883.721553318] [robot_decision]: Navigation Success!
[robot_decision-1] [1746695884.322]: WaitNode                  [33mRUNNING[0m -> [32mSUCCESS[0m
[robot_decision-1] [1746695884.322]: RetryUntilSuccessful      [32mSUCCESS[0m -> [36mIDLE[0m
[robot_decision-1] [1746695884.322]: RetryUntilSuccessful      [32mSUCCESS[0m -> [36mIDLE[0m
[robot_decision-1] [1746695884.322]: WaitNode                  [32mSUCCESS[0m -> [36mIDLE[0m
[robot_decision-1] [1746695884.322]: Sequence                  [33mRUNNING[0m -> [32mSUCCESS[0m
[robot_decision-1] [1746695884.322]: Sequence                  [32mSUCCESS[0m -> [36mIDLE[0m
[robot_decision-1] [1746695884.322]: Fallback                  [33mRUNNING[0m -> [32mSUCCESS[0m
[robot_decision-1] [1746695884.322]: Fallback                  [32mSUCCESS[0m -> [36mIDLE[0m
[robot_decision-1] [1746695884.522]: Fallback                  [36mIDLE[0m -> [33mRUNNING[0m
[robot_decision-1] [1746695884.522]: Sequence                  [36mIDLE[0m -> [33mRUNNING[0m
[robot_decision-1] [1746695884.522]: RetryUntilSuccessful      [36mIDLE[0m -> [33mRUNNING[0m
[robot_decision-1] [INFO] [1746695884.522473818] [robot_decision]: [CheckIfHealth] amount of blood: 500
[robot_decision-1] [1746695884.523]: CheckIfHealth             [36mIDLE[0m -> [32mSUCCESS[0m
[robot_decision-1] [1746695884.523]: CheckIfHealth             [32mSUCCESS[0m -> [36mIDLE[0m
[robot_decision-1] [1746695884.523]: RetryUntilSuccessful      [33mRUNNING[0m -> [32mSUCCESS[0m
[robot_decision-1] [1746695884.523]: RetryUntilSuccessful      [36mIDLE[0m -> [33mRUNNING[0m
[robot_decision-1] [1746695884.523]: NavigateToPose            [36mIDLE[0m -> [33mRUNNING[0m
[robot_decision-1] Point key: 1 x:3 y:0.45
[robot_decision-1] onResultReceived: 4
[robot_decision-1] [1746695885.525]: NavigateToPose            [33mRUNNING[0m -> [32mSUCCESS[0m
[robot_decision-1] [1746695885.525]: NavigateToPose            [32mSUCCESS[0m -> [36mIDLE[0m
[robot_decision-1] [1746695885.525]: RetryUntilSuccessful      [33mRUNNING[0m -> [32mSUCCESS[0m
[robot_decision-1] [1746695885.525]: WaitNode                  [36mIDLE[0m -> [33mRUNNING[0m
[robot_decision-1] [INFO] [1746695885.525029143] [robot_decision]: Navigation Success!
[robot_decision-1] [1746695886.126]: WaitNode                  [33mRUNNING[0m -> [32mSUCCESS[0m
[robot_decision-1] [1746695886.126]: RetryUntilSuccessful      [32mSUCCESS[0m -> [36mIDLE[0m
[robot_decision-1] [1746695886.126]: RetryUntilSuccessful      [32mSUCCESS[0m -> [36mIDLE[0m
[robot_decision-1] [1746695886.126]: WaitNode                  [32mSUCCESS[0m -> [36mIDLE[0m
[robot_decision-1] [1746695886.126]: Sequence                  [33mRUNNING[0m -> [32mSUCCESS[0m
[robot_decision-1] [1746695886.126]: Sequence                  [32mSUCCESS[0m -> [36mIDLE[0m
[robot_decision-1] [1746695886.126]: Fallback                  [33mRUNNING[0m -> [32mSUCCESS[0m
[robot_decision-1] [1746695886.126]: Fallback                  [32mSUCCESS[0m -> [36mIDLE[0m
[robot_decision-1] [1746695886.326]: Fallback                  [36mIDLE[0m -> [33mRUNNING[0m
[robot_decision-1] [1746695886.326]: Sequence                  [36mIDLE[0m -> [33mRUNNING[0m
[robot_decision-1] [1746695886.326]: RetryUntilSuccessful      [36mIDLE[0m -> [33mRUNNING[0m
[robot_decision-1] [INFO] [1746695886.326153681] [robot_decision]: [CheckIfHealth] amount of blood: 500
[robot_decision-1] [1746695886.326]: CheckIfHealth             [36mIDLE[0m -> [32mSUCCESS[0m
[robot_decision-1] [1746695886.326]: CheckIfHealth             [32mSUCCESS[0m -> [36mIDLE[0m
[robot_decision-1] [1746695886.326]: RetryUntilSuccessful      [33mRUNNING[0m -> [32mSUCCESS[0m
[robot_decision-1] [1746695886.326]: RetryUntilSuccessful      [36mIDLE[0m -> [33mRUNNING[0m
[robot_decision-1] [1746695886.326]: NavigateToPose            [36mIDLE[0m -> [33mRUNNING[0m
[robot_decision-1] Point key: 1 x:3 y:0.45
[robot_decision-1] onResultReceived: 4
[robot_decision-1] [1746695887.330]: NavigateToPose            [33mRUNNING[0m -> [32mSUCCESS[0m
[robot_decision-1] [1746695887.330]: NavigateToPose            [32mSUCCESS[0m -> [36mIDLE[0m
[robot_decision-1] [1746695887.330]: RetryUntilSuccessful      [33mRUNNING[0m -> [32mSUCCESS[0m
[robot_decision-1] [1746695887.330]: WaitNode                  [36mIDLE[0m -> [33mRUNNING[0m
[robot_decision-1] [INFO] [1746695887.329429050] [robot_decision]: Navigation Success!
[robot_decision-1] [1746695887.930]: WaitNode                  [33mRUNNING[0m -> [32mSUCCESS[0m
[robot_decision-1] [1746695887.930]: RetryUntilSuccessful      [32mSUCCESS[0m -> [36mIDLE[0m
[robot_decision-1] [1746695887.930]: RetryUntilSuccessful      [32mSUCCESS[0m -> [36mIDLE[0m
[robot_decision-1] [1746695887.930]: WaitNode                  [32mSUCCESS[0m -> [36mIDLE[0m
[robot_decision-1] [1746695887.930]: Sequence                  [33mRUNNING[0m -> [32mSUCCESS[0m
[robot_decision-1] [1746695887.930]: Sequence                  [32mSUCCESS[0m -> [36mIDLE[0m
[robot_decision-1] [1746695887.930]: Fallback                  [33mRUNNING[0m -> [32mSUCCESS[0m
[robot_decision-1] [1746695887.930]: Fallback                  [32mSUCCESS[0m -> [36mIDLE[0m
[robot_decision-1] [1746695888.130]: Fallback                  [36mIDLE[0m -> [33mRUNNING[0m
[robot_decision-1] [1746695888.130]: Sequence                  [36mIDLE[0m -> [33mRUNNING[0m
[robot_decision-1] [1746695888.130]: RetryUntilSuccessful      [36mIDLE[0m -> [33mRUNNING[0m
[robot_decision-1] [INFO] [1746695888.130609493] [robot_decision]: [CheckIfHealth] amount of blood: 500
[robot_decision-1] [1746695888.131]: CheckIfHealth             [36mIDLE[0m -> [32mSUCCESS[0m
[robot_decision-1] [1746695888.131]: CheckIfHealth             [32mSUCCESS[0m -> [36mIDLE[0m
[robot_decision-1] [1746695888.131]: RetryUntilSuccessful      [33mRUNNING[0m -> [32mSUCCESS[0m
[robot_decision-1] [1746695888.131]: RetryUntilSuccessful      [36mIDLE[0m -> [33mRUNNING[0m
[robot_decision-1] [1746695888.131]: NavigateToPose            [36mIDLE[0m -> [33mRUNNING[0m
[robot_decision-1] Point key: 1 x:3 y:0.45
[robot_decision-1] onResultReceived: 4
[robot_decision-1] [1746695889.134]: NavigateToPose            [33mRUNNING[0m -> [32mSUCCESS[0m
[robot_decision-1] [1746695889.134]: NavigateToPose            [32mSUCCESS[0m -> [36mIDLE[0m
[robot_decision-1] [1746695889.134]: RetryUntilSuccessful      [33mRUNNING[0m -> [32mSUCCESS[0m
[robot_decision-1] [1746695889.134]: WaitNode                  [36mIDLE[0m -> [33mRUNNING[0m
[robot_decision-1] [INFO] [1746695889.133843362] [robot_decision]: Navigation Success!
[robot_decision-1] [1746695889.734]: WaitNode                  [33mRUNNING[0m -> [32mSUCCESS[0m
[robot_decision-1] [1746695889.734]: RetryUntilSuccessful      [32mSUCCESS[0m -> [36mIDLE[0m
[robot_decision-1] [1746695889.734]: RetryUntilSuccessful      [32mSUCCESS[0m -> [36mIDLE[0m
[robot_decision-1] [1746695889.734]: WaitNode                  [32mSUCCESS[0m -> [36mIDLE[0m
[robot_decision-1] [1746695889.734]: Sequence                  [33mRUNNING[0m -> [32mSUCCESS[0m
[robot_decision-1] [1746695889.734]: Sequence                  [32mSUCCESS[0m -> [36mIDLE[0m
[robot_decision-1] [1746695889.734]: Fallback                  [33mRUNNING[0m -> [32mSUCCESS[0m
[robot_decision-1] [1746695889.734]: Fallback                  [32mSUCCESS[0m -> [36mIDLE[0m
[robot_decision-1] [1746695889.935]: Fallback                  [36mIDLE[0m -> [33mRUNNING[0m
[robot_decision-1] [1746695889.935]: Sequence                  [36mIDLE[0m -> [33mRUNNING[0m
[robot_decision-1] [1746695889.935]: RetryUntilSuccessful      [36mIDLE[0m -> [33mRUNNING[0m
[robot_decision-1] [INFO] [1746695889.935138337] [robot_decision]: [CheckIfHealth] amount of blood: 500
[robot_decision-1] [1746695889.935]: CheckIfHealth             [36mIDLE[0m -> [32mSUCCESS[0m
[robot_decision-1] [1746695889.935]: CheckIfHealth             [32mSUCCESS[0m -> [36mIDLE[0m
[robot_decision-1] [1746695889.935]: RetryUntilSuccessful      [33mRUNNING[0m -> [32mSUCCESS[0m
[robot_decision-1] [1746695889.935]: RetryUntilSuccessful      [36mIDLE[0m -> [33mRUNNING[0m
[robot_decision-1] [1746695889.935]: NavigateToPose            [36mIDLE[0m -> [33mRUNNING[0m
[robot_decision-1] Point key: 1 x:3 y:0.45
[robot_decision-1] onResultReceived: 4
[robot_decision-1] [1746695890.938]: NavigateToPose            [33mRUNNING[0m -> [32mSUCCESS[0m
[robot_decision-1] [1746695890.938]: NavigateToPose            [32mSUCCESS[0m -> [36mIDLE[0m
[robot_decision-1] [1746695890.938]: RetryUntilSuccessful      [33mRUNNING[0m -> [32mSUCCESS[0m
[robot_decision-1] [1746695890.938]: WaitNode                  [36mIDLE[0m -> [33mRUNNING[0m
[robot_decision-1] [INFO] [1746695890.938305271] [robot_decision]: Navigation Success!
[robot_decision-1] [1746695891.539]: WaitNode                  [33mRUNNING[0m -> [32mSUCCESS[0m
[robot_decision-1] [1746695891.539]: RetryUntilSuccessful      [32mSUCCESS[0m -> [36mIDLE[0m
[robot_decision-1] [1746695891.539]: RetryUntilSuccessful      [32mSUCCESS[0m -> [36mIDLE[0m
[robot_decision-1] [1746695891.539]: WaitNode                  [32mSUCCESS[0m -> [36mIDLE[0m
[robot_decision-1] [1746695891.539]: Sequence                  [33mRUNNING[0m -> [32mSUCCESS[0m
[robot_decision-1] [1746695891.539]: Sequence                  [32mSUCCESS[0m -> [36mIDLE[0m
[robot_decision-1] [1746695891.539]: Fallback                  [33mRUNNING[0m -> [32mSUCCESS[0m
[robot_decision-1] [1746695891.539]: Fallback                  [32mSUCCESS[0m -> [36mIDLE[0m
[robot_decision-1] [1746695891.739]: Fallback                  [36mIDLE[0m -> [33mRUNNING[0m
[robot_decision-1] [1746695891.739]: Sequence                  [36mIDLE[0m -> [33mRUNNING[0m
[robot_decision-1] [1746695891.739]: RetryUntilSuccessful      [36mIDLE[0m -> [33mRUNNING[0m
[robot_decision-1] [INFO] [1746695891.739219729] [robot_decision]: [CheckIfHealth] amount of blood: 500
[robot_decision-1] [1746695891.739]: CheckIfHealth             [36mIDLE[0m -> [32mSUCCESS[0m
[robot_decision-1] [1746695891.739]: CheckIfHealth             [32mSUCCESS[0m -> [36mIDLE[0m
[robot_decision-1] [1746695891.739]: RetryUntilSuccessful      [33mRUNNING[0m -> [32mSUCCESS[0m
[robot_decision-1] [1746695891.739]: RetryUntilSuccessful      [36mIDLE[0m -> [33mRUNNING[0m
[robot_decision-1] [1746695891.739]: NavigateToPose            [36mIDLE[0m -> [33mRUNNING[0m
[robot_decision-1] Point key: 1 x:3 y:0.45
[robot_decision-1] onResultReceived: 4
[robot_decision-1] [1746695892.742]: NavigateToPose            [33mRUNNING[0m -> [32mSUCCESS[0m
[robot_decision-1] [1746695892.742]: NavigateToPose            [32mSUCCESS[0m -> [36mIDLE[0m
[robot_decision-1] [1746695892.742]: RetryUntilSuccessful      [33mRUNNING[0m -> [32mSUCCESS[0m
[robot_decision-1] [1746695892.742]: WaitNode                  [36mIDLE[0m -> [33mRUNNING[0m
[robot_decision-1] [INFO] [1746695892.741968333] [robot_decision]: Navigation Success!
[robot_decision-1] [1746695893.343]: WaitNode                  [33mRUNNING[0m -> [32mSUCCESS[0m
[robot_decision-1] [1746695893.343]: RetryUntilSuccessful      [32mSUCCESS[0m -> [36mIDLE[0m
[robot_decision-1] [1746695893.343]: RetryUntilSuccessful      [32mSUCCESS[0m -> [36mIDLE[0m
[robot_decision-1] [1746695893.343]: WaitNode                  [32mSUCCESS[0m -> [36mIDLE[0m
[robot_decision-1] [1746695893.343]: Sequence                  [33mRUNNING[0m -> [32mSUCCESS[0m
[robot_decision-1] [1746695893.343]: Sequence                  [32mSUCCESS[0m -> [36mIDLE[0m
[robot_decision-1] [1746695893.343]: Fallback                  [33mRUNNING[0m -> [32mSUCCESS[0m
[robot_decision-1] [1746695893.343]: Fallback                  [32mSUCCESS[0m -> [36mIDLE[0m
[robot_decision-1] [1746695893.543]: Fallback                  [36mIDLE[0m -> [33mRUNNING[0m
[robot_decision-1] [1746695893.543]: Sequence                  [36mIDLE[0m -> [33mRUNNING[0m
[robot_decision-1] [1746695893.543]: RetryUntilSuccessful      [36mIDLE[0m -> [33mRUNNING[0m
[robot_decision-1] [INFO] [1746695893.542985904] [robot_decision]: [CheckIfHealth] amount of blood: 500
[robot_decision-1] [1746695893.543]: CheckIfHealth             [36mIDLE[0m -> [32mSUCCESS[0m
[robot_decision-1] [1746695893.543]: CheckIfHealth             [32mSUCCESS[0m -> [36mIDLE[0m
[robot_decision-1] [1746695893.543]: RetryUntilSuccessful      [33mRUNNING[0m -> [32mSUCCESS[0m
[robot_decision-1] [1746695893.543]: RetryUntilSuccessful      [36mIDLE[0m -> [33mRUNNING[0m
[robot_decision-1] [1746695893.543]: NavigateToPose            [36mIDLE[0m -> [33mRUNNING[0m
[robot_decision-1] Point key: 1 x:3 y:0.45
[robot_decision-1] onResultReceived: 4
[robot_decision-1] [1746695894.546]: NavigateToPose            [33mRUNNING[0m -> [32mSUCCESS[0m
[robot_decision-1] [1746695894.546]: NavigateToPose            [32mSUCCESS[0m -> [36mIDLE[0m
[robot_decision-1] [1746695894.546]: RetryUntilSuccessful      [33mRUNNING[0m -> [32mSUCCESS[0m
[robot_decision-1] [1746695894.546]: WaitNode                  [36mIDLE[0m -> [33mRUNNING[0m
[robot_decision-1] [INFO] [1746695894.546045273] [robot_decision]: Navigation Success!
[robot_decision-1] [1746695895.147]: WaitNode                  [33mRUNNING[0m -> [32mSUCCESS[0m
[robot_decision-1] [1746695895.147]: RetryUntilSuccessful      [32mSUCCESS[0m -> [36mIDLE[0m
[robot_decision-1] [1746695895.147]: RetryUntilSuccessful      [32mSUCCESS[0m -> [36mIDLE[0m
[robot_decision-1] [1746695895.147]: WaitNode                  [32mSUCCESS[0m -> [36mIDLE[0m
[robot_decision-1] [1746695895.147]: Sequence                  [33mRUNNING[0m -> [32mSUCCESS[0m
[robot_decision-1] [1746695895.147]: Sequence                  [32mSUCCESS[0m -> [36mIDLE[0m
[robot_decision-1] [1746695895.147]: Fallback                  [33mRUNNING[0m -> [32mSUCCESS[0m
[robot_decision-1] [1746695895.147]: Fallback                  [32mSUCCESS[0m -> [36mIDLE[0m
[robot_decision-1] [1746695895.347]: Fallback                  [36mIDLE[0m -> [33mRUNNING[0m
[robot_decision-1] [1746695895.347]: Sequence                  [36mIDLE[0m -> [33mRUNNING[0m
[robot_decision-1] [1746695895.347]: RetryUntilSuccessful      [36mIDLE[0m -> [33mRUNNING[0m
[robot_decision-1] [INFO] [1746695895.347330630] [robot_decision]: [CheckIfHealth] amount of blood: 500
[robot_decision-1] [1746695895.347]: CheckIfHealth             [36mIDLE[0m -> [32mSUCCESS[0m
[robot_decision-1] [1746695895.348]: CheckIfHealth             [32mSUCCESS[0m -> [36mIDLE[0m
[robot_decision-1] [1746695895.348]: RetryUntilSuccessful      [33mRUNNING[0m -> [32mSUCCESS[0m
[robot_decision-1] [1746695895.348]: RetryUntilSuccessful      [36mIDLE[0m -> [33mRUNNING[0m
[robot_decision-1] [1746695895.348]: NavigateToPose            [36mIDLE[0m -> [33mRUNNING[0m
[robot_decision-1] Point key: 1 x:3 y:0.45
[robot_decision-1] onResultReceived: 4
[robot_decision-1] [1746695896.351]: NavigateToPose            [33mRUNNING[0m -> [32mSUCCESS[0m
[robot_decision-1] [1746695896.351]: NavigateToPose            [32mSUCCESS[0m -> [36mIDLE[0m
[robot_decision-1] [1746695896.351]: RetryUntilSuccessful      [33mRUNNING[0m -> [32mSUCCESS[0m
[robot_decision-1] [1746695896.351]: WaitNode                  [36mIDLE[0m -> [33mRUNNING[0m
[robot_decision-1] [INFO] [1746695896.351191886] [robot_decision]: Navigation Success!
[robot_decision-1] [1746695896.952]: WaitNode                  [33mRUNNING[0m -> [32mSUCCESS[0m
[robot_decision-1] [1746695896.952]: RetryUntilSuccessful      [32mSUCCESS[0m -> [36mIDLE[0m
[robot_decision-1] [1746695896.952]: RetryUntilSuccessful      [32mSUCCESS[0m -> [36mIDLE[0m
[robot_decision-1] [1746695896.952]: WaitNode                  [32mSUCCESS[0m -> [36mIDLE[0m
[robot_decision-1] [1746695896.952]: Sequence                  [33mRUNNING[0m -> [32mSUCCESS[0m
[robot_decision-1] [1746695896.952]: Sequence                  [32mSUCCESS[0m -> [36mIDLE[0m
[robot_decision-1] [1746695896.952]: Fallback                  [33mRUNNING[0m -> [32mSUCCESS[0m
[robot_decision-1] [1746695896.952]: Fallback                  [32mSUCCESS[0m -> [36mIDLE[0m
[robot_decision-1] [1746695897.152]: Fallback                  [36mIDLE[0m -> [33mRUNNING[0m
[robot_decision-1] [1746695897.152]: Sequence                  [36mIDLE[0m -> [33mRUNNING[0m
[robot_decision-1] [1746695897.152]: RetryUntilSuccessful      [36mIDLE[0m -> [33mRUNNING[0m
[robot_decision-1] [INFO] [1746695897.152662418] [robot_decision]: [CheckIfHealth] amount of blood: 500
[robot_decision-1] [1746695897.153]: CheckIfHealth             [36mIDLE[0m -> [32mSUCCESS[0m
[robot_decision-1] [1746695897.153]: CheckIfHealth             [32mSUCCESS[0m -> [36mIDLE[0m
[robot_decision-1] [1746695897.153]: RetryUntilSuccessful      [33mRUNNING[0m -> [32mSUCCESS[0m
[robot_decision-1] [1746695897.153]: RetryUntilSuccessful      [36mIDLE[0m -> [33mRUNNING[0m
[robot_decision-1] [1746695897.153]: NavigateToPose            [36mIDLE[0m -> [33mRUNNING[0m
[robot_decision-1] Point key: 1 x:3 y:0.45
[robot_decision-1] onResultReceived: 4
[robot_decision-1] [1746695898.156]: NavigateToPose            [33mRUNNING[0m -> [32mSUCCESS[0m
[robot_decision-1] [1746695898.156]: NavigateToPose            [32mSUCCESS[0m -> [36mIDLE[0m
[robot_decision-1] [1746695898.156]: RetryUntilSuccessful      [33mRUNNING[0m -> [32mSUCCESS[0m
[robot_decision-1] [1746695898.156]: WaitNode                  [36mIDLE[0m -> [33mRUNNING[0m
[robot_decision-1] [INFO] [1746695898.156102269] [robot_decision]: Navigation Success!
[robot_decision-1] [1746695898.757]: WaitNode                  [33mRUNNING[0m -> [32mSUCCESS[0m
[robot_decision-1] [1746695898.757]: RetryUntilSuccessful      [32mSUCCESS[0m -> [36mIDLE[0m
[robot_decision-1] [1746695898.757]: RetryUntilSuccessful      [32mSUCCESS[0m -> [36mIDLE[0m
[robot_decision-1] [1746695898.757]: WaitNode                  [32mSUCCESS[0m -> [36mIDLE[0m
[robot_decision-1] [1746695898.757]: Sequence                  [33mRUNNING[0m -> [32mSUCCESS[0m
[robot_decision-1] [1746695898.757]: Sequence                  [32mSUCCESS[0m -> [36mIDLE[0m
[robot_decision-1] [1746695898.757]: Fallback                  [33mRUNNING[0m -> [32mSUCCESS[0m
[robot_decision-1] [1746695898.757]: Fallback                  [32mSUCCESS[0m -> [36mIDLE[0m
[robot_decision-1] [1746695898.957]: Fallback                  [36mIDLE[0m -> [33mRUNNING[0m
[robot_decision-1] [1746695898.958]: Sequence                  [36mIDLE[0m -> [33mRUNNING[0m
[robot_decision-1] [1746695898.958]: RetryUntilSuccessful      [36mIDLE[0m -> [33mRUNNING[0m
[robot_decision-1] [INFO] [1746695898.957655024] [robot_decision]: [CheckIfHealth] amount of blood: 500
[robot_decision-1] [1746695898.958]: CheckIfHealth             [36mIDLE[0m -> [32mSUCCESS[0m
[robot_decision-1] [1746695898.958]: CheckIfHealth             [32mSUCCESS[0m -> [36mIDLE[0m
[robot_decision-1] [1746695898.958]: RetryUntilSuccessful      [33mRUNNING[0m -> [32mSUCCESS[0m
[robot_decision-1] [1746695898.958]: RetryUntilSuccessful      [36mIDLE[0m -> [33mRUNNING[0m
[robot_decision-1] [1746695898.958]: NavigateToPose            [36mIDLE[0m -> [33mRUNNING[0m
[robot_decision-1] Point key: 1 x:3 y:0.45
[robot_decision-1] onResultReceived: 4
[robot_decision-1] [1746695899.961]: NavigateToPose            [33mRUNNING[0m -> [32mSUCCESS[0m
[robot_decision-1] [1746695899.961]: NavigateToPose            [32mSUCCESS[0m -> [36mIDLE[0m
[robot_decision-1] [1746695899.961]: RetryUntilSuccessful      [33mRUNNING[0m -> [32mSUCCESS[0m
[robot_decision-1] [1746695899.961]: WaitNode                  [36mIDLE[0m -> [33mRUNNING[0m
[robot_decision-1] [INFO] [1746695899.961229973] [robot_decision]: Navigation Success!
[robot_decision-1] [1746695900.562]: WaitNode                  [33mRUNNING[0m -> [32mSUCCESS[0m
[robot_decision-1] [1746695900.562]: RetryUntilSuccessful      [32mSUCCESS[0m -> [36mIDLE[0m
[robot_decision-1] [1746695900.562]: RetryUntilSuccessful      [32mSUCCESS[0m -> [36mIDLE[0m
[robot_decision-1] [1746695900.562]: WaitNode                  [32mSUCCESS[0m -> [36mIDLE[0m
[robot_decision-1] [1746695900.562]: Sequence                  [33mRUNNING[0m -> [32mSUCCESS[0m
[robot_decision-1] [1746695900.562]: Sequence                  [32mSUCCESS[0m -> [36mIDLE[0m
[robot_decision-1] [1746695900.562]: Fallback                  [33mRUNNING[0m -> [32mSUCCESS[0m
[robot_decision-1] [1746695900.562]: Fallback                  [32mSUCCESS[0m -> [36mIDLE[0m
[robot_decision-1] [1746695900.762]: Fallback                  [36mIDLE[0m -> [33mRUNNING[0m
[robot_decision-1] [1746695900.762]: Sequence                  [36mIDLE[0m -> [33mRUNNING[0m
[robot_decision-1] [1746695900.762]: RetryUntilSuccessful      [36mIDLE[0m -> [33mRUNNING[0m
[robot_decision-1] [INFO] [1746695900.762807263] [robot_decision]: [CheckIfHealth] amount of blood: 500
[robot_decision-1] [1746695900.763]: CheckIfHealth             [36mIDLE[0m -> [32mSUCCESS[0m
[robot_decision-1] [1746695900.763]: CheckIfHealth             [32mSUCCESS[0m -> [36mIDLE[0m
[robot_decision-1] [1746695900.763]: RetryUntilSuccessful      [33mRUNNING[0m -> [32mSUCCESS[0m
[robot_decision-1] [1746695900.763]: RetryUntilSuccessful      [36mIDLE[0m -> [33mRUNNING[0m
[robot_decision-1] [1746695900.763]: NavigateToPose            [36mIDLE[0m -> [33mRUNNING[0m
[robot_decision-1] Point key: 1 x:3 y:0.45
[robot_decision-1] onResultReceived: 4
[robot_decision-1] [1746695901.766]: NavigateToPose            [33mRUNNING[0m -> [32mSUCCESS[0m
[robot_decision-1] [1746695901.766]: NavigateToPose            [32mSUCCESS[0m -> [36mIDLE[0m
[robot_decision-1] [1746695901.766]: RetryUntilSuccessful      [33mRUNNING[0m -> [32mSUCCESS[0m
[robot_decision-1] [1746695901.766]: WaitNode                  [36mIDLE[0m -> [33mRUNNING[0m
[robot_decision-1] [INFO] [1746695901.766292754] [robot_decision]: Navigation Success!
[robot_decision-1] [1746695902.367]: WaitNode                  [33mRUNNING[0m -> [32mSUCCESS[0m
[robot_decision-1] [1746695902.367]: RetryUntilSuccessful      [32mSUCCESS[0m -> [36mIDLE[0m
[robot_decision-1] [1746695902.367]: RetryUntilSuccessful      [32mSUCCESS[0m -> [36mIDLE[0m
[robot_decision-1] [1746695902.367]: WaitNode                  [32mSUCCESS[0m -> [36mIDLE[0m
[robot_decision-1] [1746695902.367]: Sequence                  [33mRUNNING[0m -> [32mSUCCESS[0m
[robot_decision-1] [1746695902.367]: Sequence                  [32mSUCCESS[0m -> [36mIDLE[0m
[robot_decision-1] [1746695902.367]: Fallback                  [33mRUNNING[0m -> [32mSUCCESS[0m
[robot_decision-1] [1746695902.367]: Fallback                  [32mSUCCESS[0m -> [36mIDLE[0m
[robot_decision-1] [1746695902.567]: Fallback                  [36mIDLE[0m -> [33mRUNNING[0m
[robot_decision-1] [1746695902.567]: Sequence                  [36mIDLE[0m -> [33mRUNNING[0m
[robot_decision-1] [1746695902.567]: RetryUntilSuccessful      [36mIDLE[0m -> [33mRUNNING[0m
[robot_decision-1] [INFO] [1746695902.567349780] [robot_decision]: [CheckIfHealth] amount of blood: 500
[robot_decision-1] [1746695902.567]: CheckIfHealth             [36mIDLE[0m -> [32mSUCCESS[0m
[robot_decision-1] [1746695902.567]: CheckIfHealth             [32mSUCCESS[0m -> [36mIDLE[0m
[robot_decision-1] [1746695902.567]: RetryUntilSuccessful      [33mRUNNING[0m -> [32mSUCCESS[0m
[robot_decision-1] [1746695902.567]: RetryUntilSuccessful      [36mIDLE[0m -> [33mRUNNING[0m
[robot_decision-1] [1746695902.567]: NavigateToPose            [36mIDLE[0m -> [33mRUNNING[0m
[robot_decision-1] Point key: 1 x:3 y:0.45
[robot_decision-1] onResultReceived: 4
[robot_decision-1] [1746695903.570]: NavigateToPose            [33mRUNNING[0m -> [32mSUCCESS[0m
[robot_decision-1] [1746695903.570]: NavigateToPose            [32mSUCCESS[0m -> [36mIDLE[0m
[robot_decision-1] [1746695903.570]: RetryUntilSuccessful      [33mRUNNING[0m -> [32mSUCCESS[0m
[robot_decision-1] [1746695903.570]: WaitNode                  [36mIDLE[0m -> [33mRUNNING[0m
[robot_decision-1] [INFO] [1746695903.570246787] [robot_decision]: Navigation Success!
[robot_decision-1] [1746695904.171]: WaitNode                  [33mRUNNING[0m -> [32mSUCCESS[0m
[robot_decision-1] [1746695904.171]: RetryUntilSuccessful      [32mSUCCESS[0m -> [36mIDLE[0m
[robot_decision-1] [1746695904.171]: RetryUntilSuccessful      [32mSUCCESS[0m -> [36mIDLE[0m
[robot_decision-1] [1746695904.171]: WaitNode                  [32mSUCCESS[0m -> [36mIDLE[0m
[robot_decision-1] [1746695904.171]: Sequence                  [33mRUNNING[0m -> [32mSUCCESS[0m
[robot_decision-1] [1746695904.171]: Sequence                  [32mSUCCESS[0m -> [36mIDLE[0m
[robot_decision-1] [1746695904.171]: Fallback                  [33mRUNNING[0m -> [32mSUCCESS[0m
[robot_decision-1] [1746695904.171]: Fallback                  [32mSUCCESS[0m -> [36mIDLE[0m
[robot_decision-1] [1746695904.371]: Fallback                  [36mIDLE[0m -> [33mRUNNING[0m
[robot_decision-1] [1746695904.371]: Sequence                  [36mIDLE[0m -> [33mRUNNING[0m
[robot_decision-1] [1746695904.371]: RetryUntilSuccessful      [36mIDLE[0m -> [33mRUNNING[0m
[robot_decision-1] [INFO] [1746695904.371615030] [robot_decision]: [CheckIfHealth] amount of blood: 500
[robot_decision-1] [1746695904.372]: CheckIfHealth             [36mIDLE[0m -> [32mSUCCESS[0m
[robot_decision-1] [1746695904.372]: CheckIfHealth             [32mSUCCESS[0m -> [36mIDLE[0m
[robot_decision-1] [1746695904.372]: RetryUntilSuccessful      [33mRUNNING[0m -> [32mSUCCESS[0m
[robot_decision-1] [1746695904.372]: RetryUntilSuccessful      [36mIDLE[0m -> [33mRUNNING[0m
[robot_decision-1] [1746695904.372]: NavigateToPose            [36mIDLE[0m -> [33mRUNNING[0m
[robot_decision-1] Point key: 1 x:3 y:0.45
[robot_decision-1] onResultReceived: 4
[robot_decision-1] [1746695905.375]: NavigateToPose            [33mRUNNING[0m -> [32mSUCCESS[0m
[robot_decision-1] [1746695905.375]: NavigateToPose            [32mSUCCESS[0m -> [36mIDLE[0m
[robot_decision-1] [1746695905.375]: RetryUntilSuccessful      [33mRUNNING[0m -> [32mSUCCESS[0m
[robot_decision-1] [1746695905.375]: WaitNode                  [36mIDLE[0m -> [33mRUNNING[0m
[robot_decision-1] [INFO] [1746695905.374913929] [robot_decision]: Navigation Success!
[robot_decision-1] [1746695905.977]: WaitNode                  [33mRUNNING[0m -> [32mSUCCESS[0m
[robot_decision-1] [1746695905.977]: RetryUntilSuccessful      [32mSUCCESS[0m -> [36mIDLE[0m
[robot_decision-1] [1746695905.977]: RetryUntilSuccessful      [32mSUCCESS[0m -> [36mIDLE[0m
[robot_decision-1] [1746695905.977]: WaitNode                  [32mSUCCESS[0m -> [36mIDLE[0m
[robot_decision-1] [1746695905.977]: Sequence                  [33mRUNNING[0m -> [32mSUCCESS[0m
[robot_decision-1] [1746695905.977]: Sequence                  [32mSUCCESS[0m -> [36mIDLE[0m
[robot_decision-1] [1746695905.977]: Fallback                  [33mRUNNING[0m -> [32mSUCCESS[0m
[robot_decision-1] [1746695905.977]: Fallback                  [32mSUCCESS[0m -> [36mIDLE[0m
[robot_decision-1] [1746695906.178]: Fallback                  [36mIDLE[0m -> [33mRUNNING[0m
[robot_decision-1] [1746695906.178]: Sequence                  [36mIDLE[0m -> [33mRUNNING[0m
[robot_decision-1] [1746695906.178]: RetryUntilSuccessful      [36mIDLE[0m -> [33mRUNNING[0m
[robot_decision-1] [INFO] [1746695906.177953524] [robot_decision]: [CheckIfHealth] amount of blood: 500
[robot_decision-1] [1746695906.178]: CheckIfHealth             [36mIDLE[0m -> [32mSUCCESS[0m
[robot_decision-1] [1746695906.178]: CheckIfHealth             [32mSUCCESS[0m -> [36mIDLE[0m
[robot_decision-1] [1746695906.178]: RetryUntilSuccessful      [33mRUNNING[0m -> [32mSUCCESS[0m
[robot_decision-1] [1746695906.178]: RetryUntilSuccessful      [36mIDLE[0m -> [33mRUNNING[0m
[robot_decision-1] [1746695906.178]: NavigateToPose            [36mIDLE[0m -> [33mRUNNING[0m
[robot_decision-1] Point key: 1 x:3 y:0.45
[robot_decision-1] onResultReceived: 4
[robot_decision-1] [1746695907.181]: NavigateToPose            [33mRUNNING[0m -> [32mSUCCESS[0m
[robot_decision-1] [1746695907.181]: NavigateToPose            [32mSUCCESS[0m -> [36mIDLE[0m
[robot_decision-1] [1746695907.181]: RetryUntilSuccessful      [33mRUNNING[0m -> [32mSUCCESS[0m
[robot_decision-1] [INFO] [1746695907.181189427] [robot_decision]: Navigation Success!
[robot_decision-1] [1746695907.181]: WaitNode                  [36mIDLE[0m -> [33mRUNNING[0m
[robot_decision-1] [1746695907.782]: WaitNode                  [33mRUNNING[0m -> [32mSUCCESS[0m
[robot_decision-1] [1746695907.782]: RetryUntilSuccessful      [32mSUCCESS[0m -> [36mIDLE[0m
[robot_decision-1] [1746695907.782]: RetryUntilSuccessful      [32mSUCCESS[0m -> [36mIDLE[0m
[robot_decision-1] [1746695907.782]: WaitNode                  [32mSUCCESS[0m -> [36mIDLE[0m
[robot_decision-1] [1746695907.782]: Sequence                  [33mRUNNING[0m -> [32mSUCCESS[0m
[robot_decision-1] [1746695907.782]: Sequence                  [32mSUCCESS[0m -> [36mIDLE[0m
[robot_decision-1] [1746695907.782]: Fallback                  [33mRUNNING[0m -> [32mSUCCESS[0m
[robot_decision-1] [1746695907.782]: Fallback                  [32mSUCCESS[0m -> [36mIDLE[0m
[robot_decision-1] [1746695907.982]: Fallback                  [36mIDLE[0m -> [33mRUNNING[0m
[robot_decision-1] [1746695907.983]: Sequence                  [36mIDLE[0m -> [33mRUNNING[0m
[robot_decision-1] [1746695907.983]: RetryUntilSuccessful      [36mIDLE[0m -> [33mRUNNING[0m
[robot_decision-1] [INFO] [1746695907.982658418] [robot_decision]: [CheckIfHealth] amount of blood: 500
[robot_decision-1] [1746695907.983]: CheckIfHealth             [36mIDLE[0m -> [32mSUCCESS[0m
[robot_decision-1] [1746695907.983]: CheckIfHealth             [32mSUCCESS[0m -> [36mIDLE[0m
[robot_decision-1] [1746695907.983]: RetryUntilSuccessful      [33mRUNNING[0m -> [32mSUCCESS[0m
[robot_decision-1] [1746695907.983]: RetryUntilSuccessful      [36mIDLE[0m -> [33mRUNNING[0m
[robot_decision-1] [1746695907.983]: NavigateToPose            [36mIDLE[0m -> [33mRUNNING[0m
[robot_decision-1] Point key: 1 x:3 y:0.45
[robot_decision-1] onResultReceived: 4
[robot_decision-1] [1746695908.985]: NavigateToPose            [33mRUNNING[0m -> [32mSUCCESS[0m
[robot_decision-1] [1746695908.985]: NavigateToPose            [32mSUCCESS[0m -> [36mIDLE[0m
[robot_decision-1] [1746695908.985]: RetryUntilSuccessful      [33mRUNNING[0m -> [32mSUCCESS[0m
[robot_decision-1] [1746695908.985]: WaitNode                  [36mIDLE[0m -> [33mRUNNING[0m
[robot_decision-1] [INFO] [1746695908.985166819] [robot_decision]: Navigation Success!
[robot_decision-1] [1746695909.586]: WaitNode                  [33mRUNNING[0m -> [32mSUCCESS[0m
[robot_decision-1] [1746695909.586]: RetryUntilSuccessful      [32mSUCCESS[0m -> [36mIDLE[0m
[robot_decision-1] [1746695909.586]: RetryUntilSuccessful      [32mSUCCESS[0m -> [36mIDLE[0m
[robot_decision-1] [1746695909.586]: WaitNode                  [32mSUCCESS[0m -> [36mIDLE[0m
[robot_decision-1] [1746695909.586]: Sequence                  [33mRUNNING[0m -> [32mSUCCESS[0m
[robot_decision-1] [1746695909.586]: Sequence                  [32mSUCCESS[0m -> [36mIDLE[0m
[robot_decision-1] [1746695909.586]: Fallback                  [33mRUNNING[0m -> [32mSUCCESS[0m
[robot_decision-1] [1746695909.586]: Fallback                  [32mSUCCESS[0m -> [36mIDLE[0m
[robot_decision-1] [1746695909.786]: Fallback                  [36mIDLE[0m -> [33mRUNNING[0m
[robot_decision-1] [1746695909.786]: Sequence                  [36mIDLE[0m -> [33mRUNNING[0m
[robot_decision-1] [1746695909.786]: RetryUntilSuccessful      [36mIDLE[0m -> [33mRUNNING[0m
[robot_decision-1] [INFO] [1746695909.786251547] [robot_decision]: [CheckIfHealth] amount of blood: 500
[robot_decision-1] [1746695909.786]: CheckIfHealth             [36mIDLE[0m -> [32mSUCCESS[0m
[robot_decision-1] [1746695909.786]: CheckIfHealth             [32mSUCCESS[0m -> [36mIDLE[0m
[robot_decision-1] [1746695909.786]: RetryUntilSuccessful      [33mRUNNING[0m -> [32mSUCCESS[0m
[robot_decision-1] [1746695909.786]: RetryUntilSuccessful      [36mIDLE[0m -> [33mRUNNING[0m
[robot_decision-1] [1746695909.786]: NavigateToPose            [36mIDLE[0m -> [33mRUNNING[0m
[robot_decision-1] Point key: 1 x:3 y:0.45
[robot_decision-1] onResultReceived: 4
[robot_decision-1] [1746695910.790]: NavigateToPose            [33mRUNNING[0m -> [32mSUCCESS[0m
[robot_decision-1] [1746695910.790]: NavigateToPose            [32mSUCCESS[0m -> [36mIDLE[0m
[robot_decision-1] [1746695910.790]: RetryUntilSuccessful      [33mRUNNING[0m -> [32mSUCCESS[0m
[robot_decision-1] [1746695910.790]: WaitNode                  [36mIDLE[0m -> [33mRUNNING[0m
[robot_decision-1] [INFO] [1746695910.789438324] [robot_decision]: Navigation Success!
[robot_decision-1] [1746695911.390]: WaitNode                  [33mRUNNING[0m -> [32mSUCCESS[0m
[robot_decision-1] [1746695911.390]: RetryUntilSuccessful      [32mSUCCESS[0m -> [36mIDLE[0m
[robot_decision-1] [1746695911.390]: RetryUntilSuccessful      [32mSUCCESS[0m -> [36mIDLE[0m
[robot_decision-1] [1746695911.390]: WaitNode                  [32mSUCCESS[0m -> [36mIDLE[0m
[robot_decision-1] [1746695911.390]: Sequence                  [33mRUNNING[0m -> [32mSUCCESS[0m
[robot_decision-1] [1746695911.390]: Sequence                  [32mSUCCESS[0m -> [36mIDLE[0m
[robot_decision-1] [1746695911.390]: Fallback                  [33mRUNNING[0m -> [32mSUCCESS[0m
[robot_decision-1] [1746695911.390]: Fallback                  [32mSUCCESS[0m -> [36mIDLE[0m
[robot_decision-1] [1746695911.590]: Fallback                  [36mIDLE[0m -> [33mRUNNING[0m
[robot_decision-1] [1746695911.590]: Sequence                  [36mIDLE[0m -> [33mRUNNING[0m
[robot_decision-1] [1746695911.590]: RetryUntilSuccessful      [36mIDLE[0m -> [33mRUNNING[0m
[robot_decision-1] [INFO] [1746695911.590609804] [robot_decision]: [CheckIfHealth] amount of blood: 500
[robot_decision-1] [1746695911.591]: CheckIfHealth             [36mIDLE[0m -> [32mSUCCESS[0m
[robot_decision-1] [1746695911.591]: CheckIfHealth             [32mSUCCESS[0m -> [36mIDLE[0m
[robot_decision-1] [1746695911.591]: RetryUntilSuccessful      [33mRUNNING[0m -> [32mSUCCESS[0m
[robot_decision-1] [1746695911.591]: RetryUntilSuccessful      [36mIDLE[0m -> [33mRUNNING[0m
[robot_decision-1] [1746695911.591]: NavigateToPose            [36mIDLE[0m -> [33mRUNNING[0m
[robot_decision-1] Point key: 1 x:3 y:0.45
[robot_decision-1] onResultReceived: 4
[robot_decision-1] [1746695912.595]: NavigateToPose            [33mRUNNING[0m -> [32mSUCCESS[0m
[robot_decision-1] [1746695912.595]: NavigateToPose            [32mSUCCESS[0m -> [36mIDLE[0m
[robot_decision-1] [1746695912.595]: RetryUntilSuccessful      [33mRUNNING[0m -> [32mSUCCESS[0m
[robot_decision-1] [1746695912.595]: WaitNode                  [36mIDLE[0m -> [33mRUNNING[0m
[robot_decision-1] [INFO] [1746695912.594842872] [robot_decision]: Navigation Success!
[robot_decision-1] [1746695913.196]: WaitNode                  [33mRUNNING[0m -> [32mSUCCESS[0m
[robot_decision-1] [1746695913.196]: RetryUntilSuccessful      [32mSUCCESS[0m -> [36mIDLE[0m
[robot_decision-1] [1746695913.196]: RetryUntilSuccessful      [32mSUCCESS[0m -> [36mIDLE[0m
[robot_decision-1] [1746695913.196]: WaitNode                  [32mSUCCESS[0m -> [36mIDLE[0m
[robot_decision-1] [1746695913.196]: Sequence                  [33mRUNNING[0m -> [32mSUCCESS[0m
[robot_decision-1] [1746695913.196]: Sequence                  [32mSUCCESS[0m -> [36mIDLE[0m
[robot_decision-1] [1746695913.196]: Fallback                  [33mRUNNING[0m -> [32mSUCCESS[0m
[robot_decision-1] [1746695913.196]: Fallback                  [32mSUCCESS[0m -> [36mIDLE[0m
[robot_decision-1] [1746695913.396]: Fallback                  [36mIDLE[0m -> [33mRUNNING[0m
[robot_decision-1] [1746695913.396]: Sequence                  [36mIDLE[0m -> [33mRUNNING[0m
[robot_decision-1] [1746695913.396]: RetryUntilSuccessful      [36mIDLE[0m -> [33mRUNNING[0m
[robot_decision-1] [INFO] [1746695913.396708461] [robot_decision]: [CheckIfHealth] amount of blood: 500
[robot_decision-1] [1746695913.397]: CheckIfHealth             [36mIDLE[0m -> [32mSUCCESS[0m
[robot_decision-1] [1746695913.397]: CheckIfHealth             [32mSUCCESS[0m -> [36mIDLE[0m
[robot_decision-1] [1746695913.397]: RetryUntilSuccessful      [33mRUNNING[0m -> [32mSUCCESS[0m
[robot_decision-1] [1746695913.397]: RetryUntilSuccessful      [36mIDLE[0m -> [33mRUNNING[0m
[robot_decision-1] [1746695913.397]: NavigateToPose            [36mIDLE[0m -> [33mRUNNING[0m
[robot_decision-1] Point key: 1 x:3 y:0.45
[robot_decision-1] onResultReceived: 4
[robot_decision-1] [1746695914.400]: NavigateToPose            [33mRUNNING[0m -> [32mSUCCESS[0m
[robot_decision-1] [1746695914.400]: NavigateToPose            [32mSUCCESS[0m -> [36mIDLE[0m
[robot_decision-1] [1746695914.400]: RetryUntilSuccessful      [33mRUNNING[0m -> [32mSUCCESS[0m
[robot_decision-1] [1746695914.400]: WaitNode                  [36mIDLE[0m -> [33mRUNNING[0m
[robot_decision-1] [INFO] [1746695914.399808333] [robot_decision]: Navigation Success!
[robot_decision-1] [1746695915.001]: WaitNode                  [33mRUNNING[0m -> [32mSUCCESS[0m
[robot_decision-1] [1746695915.001]: RetryUntilSuccessful      [32mSUCCESS[0m -> [36mIDLE[0m
[robot_decision-1] [1746695915.001]: RetryUntilSuccessful      [32mSUCCESS[0m -> [36mIDLE[0m
[robot_decision-1] [1746695915.001]: WaitNode                  [32mSUCCESS[0m -> [36mIDLE[0m
[robot_decision-1] [1746695915.001]: Sequence                  [33mRUNNING[0m -> [32mSUCCESS[0m
[robot_decision-1] [1746695915.001]: Sequence                  [32mSUCCESS[0m -> [36mIDLE[0m
[robot_decision-1] [1746695915.001]: Fallback                  [33mRUNNING[0m -> [32mSUCCESS[0m
[robot_decision-1] [1746695915.001]: Fallback                  [32mSUCCESS[0m -> [36mIDLE[0m
[robot_decision-1] [1746695915.201]: Fallback                  [36mIDLE[0m -> [33mRUNNING[0m
[robot_decision-1] [1746695915.201]: Sequence                  [36mIDLE[0m -> [33mRUNNING[0m
[robot_decision-1] [1746695915.201]: RetryUntilSuccessful      [36mIDLE[0m -> [33mRUNNING[0m
[robot_decision-1] [INFO] [1746695915.201254334] [robot_decision]: [CheckIfHealth] amount of blood: 500
[robot_decision-1] [1746695915.201]: CheckIfHealth             [36mIDLE[0m -> [32mSUCCESS[0m
[robot_decision-1] [1746695915.201]: CheckIfHealth             [32mSUCCESS[0m -> [36mIDLE[0m
[robot_decision-1] [1746695915.201]: RetryUntilSuccessful      [33mRUNNING[0m -> [32mSUCCESS[0m
[robot_decision-1] [1746695915.201]: RetryUntilSuccessful      [36mIDLE[0m -> [33mRUNNING[0m
[robot_decision-1] [1746695915.201]: NavigateToPose            [36mIDLE[0m -> [33mRUNNING[0m
[robot_decision-1] Point key: 1 x:3 y:0.45
[robot_decision-1] onResultReceived: 4
[robot_decision-1] [1746695916.205]: NavigateToPose            [33mRUNNING[0m -> [32mSUCCESS[0m
[robot_decision-1] [1746695916.205]: NavigateToPose            [32mSUCCESS[0m -> [36mIDLE[0m
[robot_decision-1] [1746695916.205]: RetryUntilSuccessful      [33mRUNNING[0m -> [32mSUCCESS[0m
[robot_decision-1] [1746695916.205]: WaitNode                  [36mIDLE[0m -> [33mRUNNING[0m
[robot_decision-1] [INFO] [1746695916.204693595] [robot_decision]: Navigation Success!
[robot_decision-1] [1746695916.807]: WaitNode                  [33mRUNNING[0m -> [32mSUCCESS[0m
[robot_decision-1] [1746695916.807]: RetryUntilSuccessful      [32mSUCCESS[0m -> [36mIDLE[0m
[robot_decision-1] [1746695916.807]: RetryUntilSuccessful      [32mSUCCESS[0m -> [36mIDLE[0m
[robot_decision-1] [1746695916.807]: WaitNode                  [32mSUCCESS[0m -> [36mIDLE[0m
[robot_decision-1] [1746695916.807]: Sequence                  [33mRUNNING[0m -> [32mSUCCESS[0m
[robot_decision-1] [1746695916.807]: Sequence                  [32mSUCCESS[0m -> [36mIDLE[0m
[robot_decision-1] [1746695916.807]: Fallback                  [33mRUNNING[0m -> [32mSUCCESS[0m
[robot_decision-1] [1746695916.807]: Fallback                  [32mSUCCESS[0m -> [36mIDLE[0m
[robot_decision-1] [1746695917.007]: Fallback                  [36mIDLE[0m -> [33mRUNNING[0m
[robot_decision-1] [1746695917.007]: Sequence                  [36mIDLE[0m -> [33mRUNNING[0m
[robot_decision-1] [1746695917.007]: RetryUntilSuccessful      [36mIDLE[0m -> [33mRUNNING[0m
[robot_decision-1] [INFO] [1746695917.007256330] [robot_decision]: [CheckIfHealth] amount of blood: 500
[robot_decision-1] [1746695917.007]: CheckIfHealth             [36mIDLE[0m -> [32mSUCCESS[0m
[robot_decision-1] [1746695917.007]: CheckIfHealth             [32mSUCCESS[0m -> [36mIDLE[0m
[robot_decision-1] [1746695917.007]: RetryUntilSuccessful      [33mRUNNING[0m -> [32mSUCCESS[0m
[robot_decision-1] [1746695917.007]: RetryUntilSuccessful      [36mIDLE[0m -> [33mRUNNING[0m
[robot_decision-1] [1746695917.007]: NavigateToPose            [36mIDLE[0m -> [33mRUNNING[0m
[robot_decision-1] Point key: 1 x:3 y:0.45
[robot_decision-1] onResultReceived: 4
[robot_decision-1] [1746695918.011]: NavigateToPose            [33mRUNNING[0m -> [32mSUCCESS[0m
[robot_decision-1] [1746695918.011]: NavigateToPose            [32mSUCCESS[0m -> [36mIDLE[0m
[robot_decision-1] [1746695918.011]: RetryUntilSuccessful      [33mRUNNING[0m -> [32mSUCCESS[0m
[robot_decision-1] [1746695918.011]: WaitNode                  [36mIDLE[0m -> [33mRUNNING[0m
[robot_decision-1] [INFO] [1746695918.010675110] [robot_decision]: Navigation Success!
[robot_decision-1] [1746695918.611]: WaitNode                  [33mRUNNING[0m -> [32mSUCCESS[0m
[robot_decision-1] [1746695918.611]: RetryUntilSuccessful      [32mSUCCESS[0m -> [36mIDLE[0m
[robot_decision-1] [1746695918.611]: RetryUntilSuccessful      [32mSUCCESS[0m -> [36mIDLE[0m
[robot_decision-1] [1746695918.611]: WaitNode                  [32mSUCCESS[0m -> [36mIDLE[0m
[robot_decision-1] [1746695918.611]: Sequence                  [33mRUNNING[0m -> [32mSUCCESS[0m
[robot_decision-1] [1746695918.612]: Sequence                  [32mSUCCESS[0m -> [36mIDLE[0m
[robot_decision-1] [1746695918.612]: Fallback                  [33mRUNNING[0m -> [32mSUCCESS[0m
[robot_decision-1] [1746695918.612]: Fallback                  [32mSUCCESS[0m -> [36mIDLE[0m
[robot_decision-1] [1746695918.812]: Fallback                  [36mIDLE[0m -> [33mRUNNING[0m
[robot_decision-1] [1746695918.812]: Sequence                  [36mIDLE[0m -> [33mRUNNING[0m
[robot_decision-1] [1746695918.812]: RetryUntilSuccessful      [36mIDLE[0m -> [33mRUNNING[0m
[robot_decision-1] [INFO] [1746695918.811878382] [robot_decision]: [CheckIfHealth] amount of blood: 500
[robot_decision-1] [1746695918.812]: CheckIfHealth             [36mIDLE[0m -> [32mSUCCESS[0m
[robot_decision-1] [1746695918.812]: CheckIfHealth             [32mSUCCESS[0m -> [36mIDLE[0m
[robot_decision-1] [1746695918.812]: RetryUntilSuccessful      [33mRUNNING[0m -> [32mSUCCESS[0m
[robot_decision-1] [1746695918.812]: RetryUntilSuccessful      [36mIDLE[0m -> [33mRUNNING[0m
[robot_decision-1] [1746695918.812]: NavigateToPose            [36mIDLE[0m -> [33mRUNNING[0m
[robot_decision-1] Point key: 1 x:3 y:0.45
[robot_decision-1] onResultReceived: 4
[robot_decision-1] [1746695919.815]: NavigateToPose            [33mRUNNING[0m -> [32mSUCCESS[0m
[robot_decision-1] [1746695919.815]: NavigateToPose            [32mSUCCESS[0m -> [36mIDLE[0m
[robot_decision-1] [1746695919.815]: RetryUntilSuccessful      [33mRUNNING[0m -> [32mSUCCESS[0m
[robot_decision-1] [1746695919.815]: WaitNode                  [36mIDLE[0m -> [33mRUNNING[0m
[robot_decision-1] [INFO] [1746695919.814973651] [robot_decision]: Navigation Success!
[robot_decision-1] [1746695920.416]: WaitNode                  [33mRUNNING[0m -> [32mSUCCESS[0m
[robot_decision-1] [1746695920.416]: RetryUntilSuccessful      [32mSUCCESS[0m -> [36mIDLE[0m
[robot_decision-1] [1746695920.416]: RetryUntilSuccessful      [32mSUCCESS[0m -> [36mIDLE[0m
[robot_decision-1] [1746695920.416]: WaitNode                  [32mSUCCESS[0m -> [36mIDLE[0m
[robot_decision-1] [1746695920.416]: Sequence                  [33mRUNNING[0m -> [32mSUCCESS[0m
[robot_decision-1] [1746695920.416]: Sequence                  [32mSUCCESS[0m -> [36mIDLE[0m
[robot_decision-1] [1746695920.416]: Fallback                  [33mRUNNING[0m -> [32mSUCCESS[0m
[robot_decision-1] [1746695920.416]: Fallback                  [32mSUCCESS[0m -> [36mIDLE[0m
[robot_decision-1] [1746695920.616]: Fallback                  [36mIDLE[0m -> [33mRUNNING[0m
[robot_decision-1] [1746695920.616]: Sequence                  [36mIDLE[0m -> [33mRUNNING[0m
[robot_decision-1] [1746695920.616]: RetryUntilSuccessful      [36mIDLE[0m -> [33mRUNNING[0m
[robot_decision-1] [INFO] [1746695920.616068161] [robot_decision]: [CheckIfHealth] amount of blood: 500
[robot_decision-1] [1746695920.616]: CheckIfHealth             [36mIDLE[0m -> [32mSUCCESS[0m
[robot_decision-1] [1746695920.616]: CheckIfHealth             [32mSUCCESS[0m -> [36mIDLE[0m
[robot_decision-1] [1746695920.616]: RetryUntilSuccessful      [33mRUNNING[0m -> [32mSUCCESS[0m
[robot_decision-1] [1746695920.616]: RetryUntilSuccessful      [36mIDLE[0m -> [33mRUNNING[0m
[robot_decision-1] [1746695920.616]: NavigateToPose            [36mIDLE[0m -> [33mRUNNING[0m
[robot_decision-1] Point key: 1 x:3 y:0.45
[robot_decision-1] onResultReceived: 4
[robot_decision-1] [1746695921.619]: NavigateToPose            [33mRUNNING[0m -> [32mSUCCESS[0m
[robot_decision-1] [1746695921.619]: NavigateToPose            [32mSUCCESS[0m -> [36mIDLE[0m
[robot_decision-1] [1746695921.619]: RetryUntilSuccessful      [33mRUNNING[0m -> [32mSUCCESS[0m
[robot_decision-1] [1746695921.619]: WaitNode                  [36mIDLE[0m -> [33mRUNNING[0m
[robot_decision-1] [INFO] [1746695921.618759339] [robot_decision]: Navigation Success!
[robot_decision-1] [1746695922.219]: WaitNode                  [33mRUNNING[0m -> [32mSUCCESS[0m
[robot_decision-1] [1746695922.220]: RetryUntilSuccessful      [32mSUCCESS[0m -> [36mIDLE[0m
[robot_decision-1] [1746695922.220]: RetryUntilSuccessful      [32mSUCCESS[0m -> [36mIDLE[0m
[robot_decision-1] [1746695922.220]: WaitNode                  [32mSUCCESS[0m -> [36mIDLE[0m
[robot_decision-1] [1746695922.220]: Sequence                  [33mRUNNING[0m -> [32mSUCCESS[0m
[robot_decision-1] [1746695922.220]: Sequence                  [32mSUCCESS[0m -> [36mIDLE[0m
[robot_decision-1] [1746695922.220]: Fallback                  [33mRUNNING[0m -> [32mSUCCESS[0m
[robot_decision-1] [1746695922.220]: Fallback                  [32mSUCCESS[0m -> [36mIDLE[0m
[robot_decision-1] [1746695922.420]: Fallback                  [36mIDLE[0m -> [33mRUNNING[0m
[robot_decision-1] [1746695922.420]: Sequence                  [36mIDLE[0m -> [33mRUNNING[0m
[robot_decision-1] [1746695922.420]: RetryUntilSuccessful      [36mIDLE[0m -> [33mRUNNING[0m
[robot_decision-1] [INFO] [1746695922.420109254] [robot_decision]: [CheckIfHealth] amount of blood: 500
[robot_decision-1] [1746695922.420]: CheckIfHealth             [36mIDLE[0m -> [32mSUCCESS[0m
[robot_decision-1] [1746695922.420]: CheckIfHealth             [32mSUCCESS[0m -> [36mIDLE[0m
[robot_decision-1] [1746695922.420]: RetryUntilSuccessful      [33mRUNNING[0m -> [32mSUCCESS[0m
[robot_decision-1] [1746695922.420]: RetryUntilSuccessful      [36mIDLE[0m -> [33mRUNNING[0m
[robot_decision-1] [1746695922.420]: NavigateToPose            [36mIDLE[0m -> [33mRUNNING[0m
[robot_decision-1] Point key: 1 x:3 y:0.45
[robot_decision-1] onResultReceived: 4
[robot_decision-1] [1746695923.424]: NavigateToPose            [33mRUNNING[0m -> [32mSUCCESS[0m
[robot_decision-1] [1746695923.424]: NavigateToPose            [32mSUCCESS[0m -> [36mIDLE[0m
[robot_decision-1] [1746695923.424]: RetryUntilSuccessful      [33mRUNNING[0m -> [32mSUCCESS[0m
[robot_decision-1] [1746695923.424]: WaitNode                  [36mIDLE[0m -> [33mRUNNING[0m
[robot_decision-1] [INFO] [1746695923.423544812] [robot_decision]: Navigation Success!
[robot_decision-1] [1746695924.024]: WaitNode                  [33mRUNNING[0m -> [32mSUCCESS[0m
[robot_decision-1] [1746695924.024]: RetryUntilSuccessful      [32mSUCCESS[0m -> [36mIDLE[0m
[robot_decision-1] [1746695924.024]: RetryUntilSuccessful      [32mSUCCESS[0m -> [36mIDLE[0m
[robot_decision-1] [1746695924.024]: WaitNode                  [32mSUCCESS[0m -> [36mIDLE[0m
[robot_decision-1] [1746695924.024]: Sequence                  [33mRUNNING[0m -> [32mSUCCESS[0m
[robot_decision-1] [1746695924.024]: Sequence                  [32mSUCCESS[0m -> [36mIDLE[0m
[robot_decision-1] [1746695924.024]: Fallback                  [33mRUNNING[0m -> [32mSUCCESS[0m
[robot_decision-1] [1746695924.024]: Fallback                  [32mSUCCESS[0m -> [36mIDLE[0m
[robot_decision-1] [1746695924.224]: Fallback                  [36mIDLE[0m -> [33mRUNNING[0m
[robot_decision-1] [1746695924.224]: Sequence                  [36mIDLE[0m -> [33mRUNNING[0m
[robot_decision-1] [1746695924.225]: RetryUntilSuccessful      [36mIDLE[0m -> [33mRUNNING[0m
[robot_decision-1] [INFO] [1746695924.224746002] [robot_decision]: [CheckIfHealth] amount of blood: 500
[robot_decision-1] [1746695924.225]: CheckIfHealth             [36mIDLE[0m -> [32mSUCCESS[0m
[robot_decision-1] [1746695924.225]: CheckIfHealth             [32mSUCCESS[0m -> [36mIDLE[0m
[robot_decision-1] [1746695924.225]: RetryUntilSuccessful      [33mRUNNING[0m -> [32mSUCCESS[0m
[robot_decision-1] [1746695924.225]: RetryUntilSuccessful      [36mIDLE[0m -> [33mRUNNING[0m
[robot_decision-1] [1746695924.225]: NavigateToPose            [36mIDLE[0m -> [33mRUNNING[0m
[robot_decision-1] Point key: 1 x:3 y:0.45
[robot_decision-1] onResultReceived: 4
[robot_decision-1] [1746695925.229]: NavigateToPose            [33mRUNNING[0m -> [32mSUCCESS[0m
[robot_decision-1] [1746695925.229]: NavigateToPose            [32mSUCCESS[0m -> [36mIDLE[0m
[robot_decision-1] [1746695925.229]: RetryUntilSuccessful      [33mRUNNING[0m -> [32mSUCCESS[0m
[robot_decision-1] [INFO] [1746695925.228573505] [robot_decision]: Navigation Success!
[robot_decision-1] [1746695925.229]: WaitNode                  [36mIDLE[0m -> [33mRUNNING[0m
[robot_decision-1] [1746695925.829]: WaitNode                  [33mRUNNING[0m -> [32mSUCCESS[0m
[robot_decision-1] [1746695925.829]: RetryUntilSuccessful      [32mSUCCESS[0m -> [36mIDLE[0m
[robot_decision-1] [1746695925.829]: RetryUntilSuccessful      [32mSUCCESS[0m -> [36mIDLE[0m
[robot_decision-1] [1746695925.829]: WaitNode                  [32mSUCCESS[0m -> [36mIDLE[0m
[robot_decision-1] [1746695925.829]: Sequence                  [33mRUNNING[0m -> [32mSUCCESS[0m
[robot_decision-1] [1746695925.829]: Sequence                  [32mSUCCESS[0m -> [36mIDLE[0m
[robot_decision-1] [1746695925.829]: Fallback                  [33mRUNNING[0m -> [32mSUCCESS[0m
[robot_decision-1] [1746695925.829]: Fallback                  [32mSUCCESS[0m -> [36mIDLE[0m
[robot_decision-1] [1746695926.029]: Fallback                  [36mIDLE[0m -> [33mRUNNING[0m
[robot_decision-1] [1746695926.029]: Sequence                  [36mIDLE[0m -> [33mRUNNING[0m
[robot_decision-1] [1746695926.029]: RetryUntilSuccessful      [36mIDLE[0m -> [33mRUNNING[0m
[robot_decision-1] [INFO] [1746695926.029775949] [robot_decision]: [CheckIfHealth] amount of blood: 500
[robot_decision-1] [1746695926.030]: CheckIfHealth             [36mIDLE[0m -> [32mSUCCESS[0m
[robot_decision-1] [1746695926.030]: CheckIfHealth             [32mSUCCESS[0m -> [36mIDLE[0m
[robot_decision-1] [1746695926.030]: RetryUntilSuccessful      [33mRUNNING[0m -> [32mSUCCESS[0m
[robot_decision-1] [1746695926.030]: RetryUntilSuccessful      [36mIDLE[0m -> [33mRUNNING[0m
[robot_decision-1] [1746695926.030]: NavigateToPose            [36mIDLE[0m -> [33mRUNNING[0m
[robot_decision-1] Point key: 1 x:3 y:0.45
[robot_decision-1] onResultReceived: 4
[robot_decision-1] [1746695927.033]: NavigateToPose            [33mRUNNING[0m -> [32mSUCCESS[0m
[robot_decision-1] [1746695927.033]: NavigateToPose            [32mSUCCESS[0m -> [36mIDLE[0m
[robot_decision-1] [1746695927.033]: RetryUntilSuccessful      [33mRUNNING[0m -> [32mSUCCESS[0m
[robot_decision-1] [1746695927.033]: WaitNode                  [36mIDLE[0m -> [33mRUNNING[0m
[robot_decision-1] [INFO] [1746695927.032642618] [robot_decision]: Navigation Success!
[robot_decision-1] [1746695927.633]: WaitNode                  [33mRUNNING[0m -> [32mSUCCESS[0m
[robot_decision-1] [1746695927.633]: RetryUntilSuccessful      [32mSUCCESS[0m -> [36mIDLE[0m
[robot_decision-1] [1746695927.633]: RetryUntilSuccessful      [32mSUCCESS[0m -> [36mIDLE[0m
[robot_decision-1] [1746695927.633]: WaitNode                  [32mSUCCESS[0m -> [36mIDLE[0m
[robot_decision-1] [1746695927.633]: Sequence                  [33mRUNNING[0m -> [32mSUCCESS[0m
[robot_decision-1] [1746695927.633]: Sequence                  [32mSUCCESS[0m -> [36mIDLE[0m
[robot_decision-1] [1746695927.633]: Fallback                  [33mRUNNING[0m -> [32mSUCCESS[0m
[robot_decision-1] [1746695927.633]: Fallback                  [32mSUCCESS[0m -> [36mIDLE[0m
[robot_decision-1] [1746695927.833]: Fallback                  [36mIDLE[0m -> [33mRUNNING[0m
[robot_decision-1] [1746695927.834]: Sequence                  [36mIDLE[0m -> [33mRUNNING[0m
[robot_decision-1] [1746695927.834]: RetryUntilSuccessful      [36mIDLE[0m -> [33mRUNNING[0m
[robot_decision-1] [INFO] [1746695927.833753422] [robot_decision]: [CheckIfHealth] amount of blood: 500
[robot_decision-1] [1746695927.834]: CheckIfHealth             [36mIDLE[0m -> [32mSUCCESS[0m
[robot_decision-1] [1746695927.834]: CheckIfHealth             [32mSUCCESS[0m -> [36mIDLE[0m
[robot_decision-1] [1746695927.834]: RetryUntilSuccessful      [33mRUNNING[0m -> [32mSUCCESS[0m
[robot_decision-1] [1746695927.834]: RetryUntilSuccessful      [36mIDLE[0m -> [33mRUNNING[0m
[robot_decision-1] [1746695927.834]: NavigateToPose            [36mIDLE[0m -> [33mRUNNING[0m
[robot_decision-1] Point key: 1 x:3 y:0.45
[robot_decision-1] onResultReceived: 4
[robot_decision-1] [1746695928.837]: NavigateToPose            [33mRUNNING[0m -> [32mSUCCESS[0m
[robot_decision-1] [1746695928.837]: NavigateToPose            [32mSUCCESS[0m -> [36mIDLE[0m
[robot_decision-1] [1746695928.837]: RetryUntilSuccessful      [33mRUNNING[0m -> [32mSUCCESS[0m
[robot_decision-1] [1746695928.837]: WaitNode                  [36mIDLE[0m -> [33mRUNNING[0m
[robot_decision-1] [INFO] [1746695928.837276577] [robot_decision]: Navigation Success!
[robot_decision-1] [1746695929.438]: WaitNode                  [33mRUNNING[0m -> [32mSUCCESS[0m
[robot_decision-1] [1746695929.438]: RetryUntilSuccessful      [32mSUCCESS[0m -> [36mIDLE[0m
[robot_decision-1] [1746695929.438]: RetryUntilSuccessful      [32mSUCCESS[0m -> [36mIDLE[0m
[robot_decision-1] [1746695929.438]: WaitNode                  [32mSUCCESS[0m -> [36mIDLE[0m
[robot_decision-1] [1746695929.438]: Sequence                  [33mRUNNING[0m -> [32mSUCCESS[0m
[robot_decision-1] [1746695929.438]: Sequence                  [32mSUCCESS[0m -> [36mIDLE[0m
[robot_decision-1] [1746695929.438]: Fallback                  [33mRUNNING[0m -> [32mSUCCESS[0m
[robot_decision-1] [1746695929.438]: Fallback                  [32mSUCCESS[0m -> [36mIDLE[0m
[robot_decision-1] [1746695929.638]: Fallback                  [36mIDLE[0m -> [33mRUNNING[0m
[robot_decision-1] [1746695929.638]: Sequence                  [36mIDLE[0m -> [33mRUNNING[0m
[robot_decision-1] [1746695929.638]: RetryUntilSuccessful      [36mIDLE[0m -> [33mRUNNING[0m
[robot_decision-1] [INFO] [1746695929.638554281] [robot_decision]: [CheckIfHealth] amount of blood: 500
[robot_decision-1] [1746695929.639]: CheckIfHealth             [36mIDLE[0m -> [32mSUCCESS[0m
[robot_decision-1] [1746695929.639]: CheckIfHealth             [32mSUCCESS[0m -> [36mIDLE[0m
[robot_decision-1] [1746695929.639]: RetryUntilSuccessful      [33mRUNNING[0m -> [32mSUCCESS[0m
[robot_decision-1] [1746695929.639]: RetryUntilSuccessful      [36mIDLE[0m -> [33mRUNNING[0m
[robot_decision-1] [1746695929.639]: NavigateToPose            [36mIDLE[0m -> [33mRUNNING[0m
[robot_decision-1] Point key: 1 x:3 y:0.45
[robot_decision-1] onResultReceived: 4
[robot_decision-1] [1746695930.642]: NavigateToPose            [33mRUNNING[0m -> [32mSUCCESS[0m
[robot_decision-1] [1746695930.642]: NavigateToPose            [32mSUCCESS[0m -> [36mIDLE[0m
[robot_decision-1] [1746695930.642]: RetryUntilSuccessful      [33mRUNNING[0m -> [32mSUCCESS[0m
[robot_decision-1] [1746695930.642]: WaitNode                  [36mIDLE[0m -> [33mRUNNING[0m
[robot_decision-1] [INFO] [1746695930.641805812] [robot_decision]: Navigation Success!
[robot_decision-1] [1746695931.243]: WaitNode                  [33mRUNNING[0m -> [32mSUCCESS[0m
[robot_decision-1] [1746695931.243]: RetryUntilSuccessful      [32mSUCCESS[0m -> [36mIDLE[0m
[robot_decision-1] [1746695931.243]: RetryUntilSuccessful      [32mSUCCESS[0m -> [36mIDLE[0m
[robot_decision-1] [1746695931.243]: WaitNode                  [32mSUCCESS[0m -> [36mIDLE[0m
[robot_decision-1] [1746695931.243]: Sequence                  [33mRUNNING[0m -> [32mSUCCESS[0m
[robot_decision-1] [1746695931.243]: Sequence                  [32mSUCCESS[0m -> [36mIDLE[0m
[robot_decision-1] [1746695931.243]: Fallback                  [33mRUNNING[0m -> [32mSUCCESS[0m
[robot_decision-1] [1746695931.243]: Fallback                  [32mSUCCESS[0m -> [36mIDLE[0m
[robot_decision-1] [1746695931.443]: Fallback                  [36mIDLE[0m -> [33mRUNNING[0m
[robot_decision-1] [1746695931.443]: Sequence                  [36mIDLE[0m -> [33mRUNNING[0m
[robot_decision-1] [1746695931.443]: RetryUntilSuccessful      [36mIDLE[0m -> [33mRUNNING[0m
[robot_decision-1] [INFO] [1746695931.443033765] [robot_decision]: [CheckIfHealth] amount of blood: 500
[robot_decision-1] [1746695931.443]: CheckIfHealth             [36mIDLE[0m -> [32mSUCCESS[0m
[robot_decision-1] [1746695931.443]: CheckIfHealth             [32mSUCCESS[0m -> [36mIDLE[0m
[robot_decision-1] [1746695931.443]: RetryUntilSuccessful      [33mRUNNING[0m -> [32mSUCCESS[0m
[robot_decision-1] [1746695931.443]: RetryUntilSuccessful      [36mIDLE[0m -> [33mRUNNING[0m
[robot_decision-1] [1746695931.443]: NavigateToPose            [36mIDLE[0m -> [33mRUNNING[0m
[robot_decision-1] Point key: 1 x:3 y:0.45
[robot_decision-1] onResultReceived: 4
[robot_decision-1] [1746695932.448]: NavigateToPose            [33mRUNNING[0m -> [32mSUCCESS[0m
[robot_decision-1] [1746695932.448]: NavigateToPose            [32mSUCCESS[0m -> [36mIDLE[0m
[robot_decision-1] [1746695932.448]: RetryUntilSuccessful      [33mRUNNING[0m -> [32mSUCCESS[0m
[robot_decision-1] [1746695932.448]: WaitNode                  [36mIDLE[0m -> [33mRUNNING[0m
[robot_decision-1] [INFO] [1746695932.447378663] [robot_decision]: Navigation Success!
[robot_decision-1] [1746695933.048]: WaitNode                  [33mRUNNING[0m -> [32mSUCCESS[0m
[robot_decision-1] [1746695933.048]: RetryUntilSuccessful      [32mSUCCESS[0m -> [36mIDLE[0m
[robot_decision-1] [1746695933.048]: RetryUntilSuccessful      [32mSUCCESS[0m -> [36mIDLE[0m
[robot_decision-1] [1746695933.048]: WaitNode                  [32mSUCCESS[0m -> [36mIDLE[0m
[robot_decision-1] [1746695933.048]: Sequence                  [33mRUNNING[0m -> [32mSUCCESS[0m
[robot_decision-1] [1746695933.048]: Sequence                  [32mSUCCESS[0m -> [36mIDLE[0m
[robot_decision-1] [1746695933.048]: Fallback                  [33mRUNNING[0m -> [32mSUCCESS[0m
[robot_decision-1] [1746695933.048]: Fallback                  [32mSUCCESS[0m -> [36mIDLE[0m
[robot_decision-1] [1746695933.248]: Fallback                  [36mIDLE[0m -> [33mRUNNING[0m
[robot_decision-1] [1746695933.248]: Sequence                  [36mIDLE[0m -> [33mRUNNING[0m
[robot_decision-1] [1746695933.249]: RetryUntilSuccessful      [36mIDLE[0m -> [33mRUNNING[0m
[robot_decision-1] [INFO] [1746695933.248787844] [robot_decision]: [CheckIfHealth] amount of blood: 500
[robot_decision-1] [1746695933.249]: CheckIfHealth             [36mIDLE[0m -> [32mSUCCESS[0m
[robot_decision-1] [1746695933.249]: CheckIfHealth             [32mSUCCESS[0m -> [36mIDLE[0m
[robot_decision-1] [1746695933.249]: RetryUntilSuccessful      [33mRUNNING[0m -> [32mSUCCESS[0m
[robot_decision-1] [1746695933.249]: RetryUntilSuccessful      [36mIDLE[0m -> [33mRUNNING[0m
[robot_decision-1] [1746695933.249]: NavigateToPose            [36mIDLE[0m -> [33mRUNNING[0m
[robot_decision-1] Point key: 1 x:3 y:0.45
[robot_decision-1] onResultReceived: 4
[robot_decision-1] [1746695934.252]: NavigateToPose            [33mRUNNING[0m -> [32mSUCCESS[0m
[robot_decision-1] [1746695934.252]: NavigateToPose            [32mSUCCESS[0m -> [36mIDLE[0m
[robot_decision-1] [1746695934.252]: RetryUntilSuccessful      [33mRUNNING[0m -> [32mSUCCESS[0m
[robot_decision-1] [1746695934.252]: WaitNode                  [36mIDLE[0m -> [33mRUNNING[0m
[robot_decision-1] [INFO] [1746695934.252219075] [robot_decision]: Navigation Success!
[robot_decision-1] [1746695934.853]: WaitNode                  [33mRUNNING[0m -> [32mSUCCESS[0m
[robot_decision-1] [1746695934.853]: RetryUntilSuccessful      [32mSUCCESS[0m -> [36mIDLE[0m
[robot_decision-1] [1746695934.853]: RetryUntilSuccessful      [32mSUCCESS[0m -> [36mIDLE[0m
[robot_decision-1] [1746695934.853]: WaitNode                  [32mSUCCESS[0m -> [36mIDLE[0m
[robot_decision-1] [1746695934.853]: Sequence                  [33mRUNNING[0m -> [32mSUCCESS[0m
[robot_decision-1] [1746695934.853]: Sequence                  [32mSUCCESS[0m -> [36mIDLE[0m
[robot_decision-1] [1746695934.853]: Fallback                  [33mRUNNING[0m -> [32mSUCCESS[0m
[robot_decision-1] [1746695934.853]: Fallback                  [32mSUCCESS[0m -> [36mIDLE[0m
[robot_decision-1] [1746695935.053]: Fallback                  [36mIDLE[0m -> [33mRUNNING[0m
[robot_decision-1] [1746695935.053]: Sequence                  [36mIDLE[0m -> [33mRUNNING[0m
[robot_decision-1] [1746695935.053]: RetryUntilSuccessful      [36mIDLE[0m -> [33mRUNNING[0m
[robot_decision-1] [1746695935.054]: CheckIfHealth             [36mIDLE[0m -> [32mSUCCESS[0m
[robot_decision-1] [1746695935.054]: CheckIfHealth             [32mSUCCESS[0m -> [36mIDLE[0m
[robot_decision-1] [1746695935.054]: RetryUntilSuccessful      [33mRUNNING[0m -> [32mSUCCESS[0m
[robot_decision-1] [1746695935.054]: RetryUntilSuccessful      [36mIDLE[0m -> [33mRUNNING[0m
[robot_decision-1] [1746695935.054]: NavigateToPose            [36mIDLE[0m -> [33mRUNNING[0m
[robot_decision-1] Point key: 1 x:3 y:0.45
[robot_decision-1] [INFO] [1746695935.053542397] [robot_decision]: [CheckIfHealth] amount of blood: 500
[robot_decision-1] onResultReceived: 4
[robot_decision-1] [1746695936.057]: NavigateToPose            [33mRUNNING[0m -> [32mSUCCESS[0m
[robot_decision-1] [1746695936.057]: NavigateToPose            [32mSUCCESS[0m -> [36mIDLE[0m
[robot_decision-1] [1746695936.057]: RetryUntilSuccessful      [33mRUNNING[0m -> [32mSUCCESS[0m
[robot_decision-1] [1746695936.057]: WaitNode                  [36mIDLE[0m -> [33mRUNNING[0m
[robot_decision-1] [INFO] [1746695936.056621924] [robot_decision]: Navigation Success!
[robot_decision-1] [1746695936.657]: WaitNode                  [33mRUNNING[0m -> [32mSUCCESS[0m
[robot_decision-1] [1746695936.657]: RetryUntilSuccessful      [32mSUCCESS[0m -> [36mIDLE[0m
[robot_decision-1] [1746695936.657]: RetryUntilSuccessful      [32mSUCCESS[0m -> [36mIDLE[0m
[robot_decision-1] [1746695936.657]: WaitNode                  [32mSUCCESS[0m -> [36mIDLE[0m
[robot_decision-1] [1746695936.657]: Sequence                  [33mRUNNING[0m -> [32mSUCCESS[0m
[robot_decision-1] [1746695936.657]: Sequence                  [32mSUCCESS[0m -> [36mIDLE[0m
[robot_decision-1] [1746695936.657]: Fallback                  [33mRUNNING[0m -> [32mSUCCESS[0m
[robot_decision-1] [1746695936.657]: Fallback                  [32mSUCCESS[0m -> [36mIDLE[0m
[robot_decision-1] [1746695936.857]: Fallback                  [36mIDLE[0m -> [33mRUNNING[0m
[robot_decision-1] [1746695936.858]: Sequence                  [36mIDLE[0m -> [33mRUNNING[0m
[robot_decision-1] [1746695936.858]: RetryUntilSuccessful      [36mIDLE[0m -> [33mRUNNING[0m
[robot_decision-1] [INFO] [1746695936.857625444] [robot_decision]: [CheckIfHealth] amount of blood: 500
[robot_decision-1] [1746695936.858]: CheckIfHealth             [36mIDLE[0m -> [32mSUCCESS[0m
[robot_decision-1] [1746695936.858]: CheckIfHealth             [32mSUCCESS[0m -> [36mIDLE[0m
[robot_decision-1] [1746695936.858]: RetryUntilSuccessful      [33mRUNNING[0m -> [32mSUCCESS[0m
[robot_decision-1] [1746695936.858]: RetryUntilSuccessful      [36mIDLE[0m -> [33mRUNNING[0m
[robot_decision-1] [1746695936.858]: NavigateToPose            [36mIDLE[0m -> [33mRUNNING[0m
[robot_decision-1] Point key: 1 x:3 y:0.45
[robot_decision-1] onResultReceived: 4
[robot_decision-1] [1746695937.860]: NavigateToPose            [33mRUNNING[0m -> [32mSUCCESS[0m
[robot_decision-1] [1746695937.860]: NavigateToPose            [32mSUCCESS[0m -> [36mIDLE[0m
[robot_decision-1] [1746695937.860]: RetryUntilSuccessful      [33mRUNNING[0m -> [32mSUCCESS[0m
[robot_decision-1] [1746695937.861]: WaitNode                  [36mIDLE[0m -> [33mRUNNING[0m
[robot_decision-1] [INFO] [1746695937.860310297] [robot_decision]: Navigation Success!
[robot_decision-1] [1746695938.461]: WaitNode                  [33mRUNNING[0m -> [32mSUCCESS[0m
[robot_decision-1] [1746695938.461]: RetryUntilSuccessful      [32mSUCCESS[0m -> [36mIDLE[0m
[robot_decision-1] [1746695938.461]: RetryUntilSuccessful      [32mSUCCESS[0m -> [36mIDLE[0m
[robot_decision-1] [1746695938.461]: WaitNode                  [32mSUCCESS[0m -> [36mIDLE[0m
[robot_decision-1] [1746695938.461]: Sequence                  [33mRUNNING[0m -> [32mSUCCESS[0m
[robot_decision-1] [1746695938.461]: Sequence                  [32mSUCCESS[0m -> [36mIDLE[0m
[robot_decision-1] [1746695938.461]: Fallback                  [33mRUNNING[0m -> [32mSUCCESS[0m
[robot_decision-1] [1746695938.461]: Fallback                  [32mSUCCESS[0m -> [36mIDLE[0m
[robot_decision-1] [1746695938.661]: Fallback                  [36mIDLE[0m -> [33mRUNNING[0m
[robot_decision-1] [1746695938.661]: Sequence                  [36mIDLE[0m -> [33mRUNNING[0m
[robot_decision-1] [1746695938.661]: RetryUntilSuccessful      [36mIDLE[0m -> [33mRUNNING[0m
[robot_decision-1] [INFO] [1746695938.661548824] [robot_decision]: [CheckIfHealth] amount of blood: 500
[robot_decision-1] [1746695938.662]: CheckIfHealth             [36mIDLE[0m -> [32mSUCCESS[0m
[robot_decision-1] [1746695938.662]: CheckIfHealth             [32mSUCCESS[0m -> [36mIDLE[0m
[robot_decision-1] [1746695938.662]: RetryUntilSuccessful      [33mRUNNING[0m -> [32mSUCCESS[0m
[robot_decision-1] [1746695938.662]: RetryUntilSuccessful      [36mIDLE[0m -> [33mRUNNING[0m
[robot_decision-1] [1746695938.662]: NavigateToPose            [36mIDLE[0m -> [33mRUNNING[0m
[robot_decision-1] Point key: 1 x:3 y:0.45
[robot_decision-1] onResultReceived: 4
[robot_decision-1] [1746695939.665]: NavigateToPose            [33mRUNNING[0m -> [32mSUCCESS[0m
[robot_decision-1] [1746695939.665]: NavigateToPose            [32mSUCCESS[0m -> [36mIDLE[0m
[robot_decision-1] [1746695939.665]: RetryUntilSuccessful      [33mRUNNING[0m -> [32mSUCCESS[0m
[robot_decision-1] [1746695939.665]: WaitNode                  [36mIDLE[0m -> [33mRUNNING[0m
[robot_decision-1] [INFO] [1746695939.665032288] [robot_decision]: Navigation Success!
[robot_decision-1] [1746695940.266]: WaitNode                  [33mRUNNING[0m -> [32mSUCCESS[0m
[robot_decision-1] [1746695940.266]: RetryUntilSuccessful      [32mSUCCESS[0m -> [36mIDLE[0m
[robot_decision-1] [1746695940.266]: RetryUntilSuccessful      [32mSUCCESS[0m -> [36mIDLE[0m
[robot_decision-1] [1746695940.266]: WaitNode                  [32mSUCCESS[0m -> [36mIDLE[0m
[robot_decision-1] [1746695940.266]: Sequence                  [33mRUNNING[0m -> [32mSUCCESS[0m
[robot_decision-1] [1746695940.266]: Sequence                  [32mSUCCESS[0m -> [36mIDLE[0m
[robot_decision-1] [1746695940.266]: Fallback                  [33mRUNNING[0m -> [32mSUCCESS[0m
[robot_decision-1] [1746695940.266]: Fallback                  [32mSUCCESS[0m -> [36mIDLE[0m
[robot_decision-1] [1746695940.466]: Fallback                  [36mIDLE[0m -> [33mRUNNING[0m
[robot_decision-1] [1746695940.466]: Sequence                  [36mIDLE[0m -> [33mRUNNING[0m
[robot_decision-1] [1746695940.466]: RetryUntilSuccessful      [36mIDLE[0m -> [33mRUNNING[0m
[robot_decision-1] [INFO] [1746695940.466408181] [robot_decision]: [CheckIfHealth] amount of blood: 500
[robot_decision-1] [1746695940.467]: CheckIfHealth             [36mIDLE[0m -> [32mSUCCESS[0m
[robot_decision-1] [1746695940.467]: CheckIfHealth             [32mSUCCESS[0m -> [36mIDLE[0m
[robot_decision-1] [1746695940.467]: RetryUntilSuccessful      [33mRUNNING[0m -> [32mSUCCESS[0m
[robot_decision-1] [1746695940.467]: RetryUntilSuccessful      [36mIDLE[0m -> [33mRUNNING[0m
[robot_decision-1] [1746695940.467]: NavigateToPose            [36mIDLE[0m -> [33mRUNNING[0m
[robot_decision-1] Point key: 1 x:3 y:0.45
[robot_decision-1] onResultReceived: 4
[robot_decision-1] [1746695941.470]: NavigateToPose            [33mRUNNING[0m -> [32mSUCCESS[0m
[robot_decision-1] [1746695941.470]: NavigateToPose            [32mSUCCESS[0m -> [36mIDLE[0m
[robot_decision-1] [1746695941.470]: RetryUntilSuccessful      [33mRUNNING[0m -> [32mSUCCESS[0m
[robot_decision-1] [1746695941.470]: WaitNode                  [36mIDLE[0m -> [33mRUNNING[0m
[robot_decision-1] [INFO] [1746695941.469940124] [robot_decision]: Navigation Success!
[robot_decision-1] [1746695942.071]: WaitNode                  [33mRUNNING[0m -> [32mSUCCESS[0m
[robot_decision-1] [1746695942.071]: RetryUntilSuccessful      [32mSUCCESS[0m -> [36mIDLE[0m
[robot_decision-1] [1746695942.071]: RetryUntilSuccessful      [32mSUCCESS[0m -> [36mIDLE[0m
[robot_decision-1] [1746695942.071]: WaitNode                  [32mSUCCESS[0m -> [36mIDLE[0m
[robot_decision-1] [1746695942.071]: Sequence                  [33mRUNNING[0m -> [32mSUCCESS[0m
[robot_decision-1] [1746695942.071]: Sequence                  [32mSUCCESS[0m -> [36mIDLE[0m
[robot_decision-1] [1746695942.071]: Fallback                  [33mRUNNING[0m -> [32mSUCCESS[0m
[robot_decision-1] [1746695942.071]: Fallback                  [32mSUCCESS[0m -> [36mIDLE[0m
[robot_decision-1] [1746695942.271]: Fallback                  [36mIDLE[0m -> [33mRUNNING[0m
[robot_decision-1] [1746695942.271]: Sequence                  [36mIDLE[0m -> [33mRUNNING[0m
[robot_decision-1] [1746695942.271]: RetryUntilSuccessful      [36mIDLE[0m -> [33mRUNNING[0m
[robot_decision-1] [INFO] [1746695942.271019598] [robot_decision]: [CheckIfHealth] amount of blood: 500
[robot_decision-1] [1746695942.271]: CheckIfHealth             [36mIDLE[0m -> [32mSUCCESS[0m
[robot_decision-1] [1746695942.271]: CheckIfHealth             [32mSUCCESS[0m -> [36mIDLE[0m
[robot_decision-1] [1746695942.271]: RetryUntilSuccessful      [33mRUNNING[0m -> [32mSUCCESS[0m
[robot_decision-1] [1746695942.271]: RetryUntilSuccessful      [36mIDLE[0m -> [33mRUNNING[0m
[robot_decision-1] [1746695942.271]: NavigateToPose            [36mIDLE[0m -> [33mRUNNING[0m
[robot_decision-1] Point key: 1 x:3 y:0.45
[robot_decision-1] onResultReceived: 4
[robot_decision-1] [1746695943.277]: NavigateToPose            [33mRUNNING[0m -> [32mSUCCESS[0m
[robot_decision-1] [1746695943.277]: NavigateToPose            [32mSUCCESS[0m -> [36mIDLE[0m
[robot_decision-1] [1746695943.277]: RetryUntilSuccessful      [33mRUNNING[0m -> [32mSUCCESS[0m
[robot_decision-1] [1746695943.277]: WaitNode                  [36mIDLE[0m -> [33mRUNNING[0m
[robot_decision-1] [INFO] [1746695943.276728680] [robot_decision]: Navigation Success!
[robot_decision-1] [1746695943.878]: WaitNode                  [33mRUNNING[0m -> [32mSUCCESS[0m
[robot_decision-1] [1746695943.878]: RetryUntilSuccessful      [32mSUCCESS[0m -> [36mIDLE[0m
[robot_decision-1] [1746695943.878]: RetryUntilSuccessful      [32mSUCCESS[0m -> [36mIDLE[0m
[robot_decision-1] [1746695943.878]: WaitNode                  [32mSUCCESS[0m -> [36mIDLE[0m
[robot_decision-1] [1746695943.878]: Sequence                  [33mRUNNING[0m -> [32mSUCCESS[0m
[robot_decision-1] [1746695943.878]: Sequence                  [32mSUCCESS[0m -> [36mIDLE[0m
[robot_decision-1] [1746695943.878]: Fallback                  [33mRUNNING[0m -> [32mSUCCESS[0m
[robot_decision-1] [1746695943.878]: Fallback                  [32mSUCCESS[0m -> [36mIDLE[0m
[robot_decision-1] [1746695944.078]: Fallback                  [36mIDLE[0m -> [33mRUNNING[0m
[robot_decision-1] [1746695944.078]: Sequence                  [36mIDLE[0m -> [33mRUNNING[0m
[robot_decision-1] [1746695944.078]: RetryUntilSuccessful      [36mIDLE[0m -> [33mRUNNING[0m
[robot_decision-1] [INFO] [1746695944.078002526] [robot_decision]: [CheckIfHealth] amount of blood: 500
[robot_decision-1] [1746695944.078]: CheckIfHealth             [36mIDLE[0m -> [32mSUCCESS[0m
[robot_decision-1] [1746695944.078]: CheckIfHealth             [32mSUCCESS[0m -> [36mIDLE[0m
[robot_decision-1] [1746695944.078]: RetryUntilSuccessful      [33mRUNNING[0m -> [32mSUCCESS[0m
[robot_decision-1] [1746695944.078]: RetryUntilSuccessful      [36mIDLE[0m -> [33mRUNNING[0m
[robot_decision-1] [1746695944.078]: NavigateToPose            [36mIDLE[0m -> [33mRUNNING[0m
[robot_decision-1] Point key: 1 x:3 y:0.45
[robot_decision-1] onResultReceived: 4
[robot_decision-1] [1746695945.081]: NavigateToPose            [33mRUNNING[0m -> [32mSUCCESS[0m
[robot_decision-1] [1746695945.081]: NavigateToPose            [32mSUCCESS[0m -> [36mIDLE[0m
[robot_decision-1] [1746695945.081]: RetryUntilSuccessful      [33mRUNNING[0m -> [32mSUCCESS[0m
[robot_decision-1] [1746695945.081]: WaitNode                  [36mIDLE[0m -> [33mRUNNING[0m
[robot_decision-1] [INFO] [1746695945.081193725] [robot_decision]: Navigation Success!
[robot_decision-1] [1746695945.682]: WaitNode                  [33mRUNNING[0m -> [32mSUCCESS[0m
[robot_decision-1] [1746695945.682]: RetryUntilSuccessful      [32mSUCCESS[0m -> [36mIDLE[0m
[robot_decision-1] [1746695945.682]: RetryUntilSuccessful      [32mSUCCESS[0m -> [36mIDLE[0m
[robot_decision-1] [1746695945.682]: WaitNode                  [32mSUCCESS[0m -> [36mIDLE[0m
[robot_decision-1] [1746695945.682]: Sequence                  [33mRUNNING[0m -> [32mSUCCESS[0m
[robot_decision-1] [1746695945.682]: Sequence                  [32mSUCCESS[0m -> [36mIDLE[0m
[robot_decision-1] [1746695945.682]: Fallback                  [33mRUNNING[0m -> [32mSUCCESS[0m
[robot_decision-1] [1746695945.682]: Fallback                  [32mSUCCESS[0m -> [36mIDLE[0m
[robot_decision-1] [1746695945.882]: Fallback                  [36mIDLE[0m -> [33mRUNNING[0m
[robot_decision-1] [1746695945.882]: Sequence                  [36mIDLE[0m -> [33mRUNNING[0m
[robot_decision-1] [1746695945.882]: RetryUntilSuccessful      [36mIDLE[0m -> [33mRUNNING[0m
[robot_decision-1] [INFO] [1746695945.882497387] [robot_decision]: [CheckIfHealth] amount of blood: 500
[robot_decision-1] [1746695945.883]: CheckIfHealth             [36mIDLE[0m -> [32mSUCCESS[0m
[robot_decision-1] [1746695945.883]: CheckIfHealth             [32mSUCCESS[0m -> [36mIDLE[0m
[robot_decision-1] [1746695945.883]: RetryUntilSuccessful      [33mRUNNING[0m -> [32mSUCCESS[0m
[robot_decision-1] [1746695945.883]: RetryUntilSuccessful      [36mIDLE[0m -> [33mRUNNING[0m
[robot_decision-1] [1746695945.883]: NavigateToPose            [36mIDLE[0m -> [33mRUNNING[0m
[robot_decision-1] Point key: 1 x:3 y:0.45
[robot_decision-1] onResultReceived: 4
[robot_decision-1] [1746695946.886]: NavigateToPose            [33mRUNNING[0m -> [32mSUCCESS[0m
[robot_decision-1] [1746695946.886]: NavigateToPose            [32mSUCCESS[0m -> [36mIDLE[0m
[robot_decision-1] [1746695946.886]: RetryUntilSuccessful      [33mRUNNING[0m -> [32mSUCCESS[0m
[robot_decision-1] [1746695946.886]: WaitNode                  [36mIDLE[0m -> [33mRUNNING[0m
[robot_decision-1] [INFO] [1746695946.885667525] [robot_decision]: Navigation Success!
[robot_decision-1] [1746695947.486]: WaitNode                  [33mRUNNING[0m -> [32mSUCCESS[0m
[robot_decision-1] [1746695947.486]: RetryUntilSuccessful      [32mSUCCESS[0m -> [36mIDLE[0m
[robot_decision-1] [1746695947.486]: RetryUntilSuccessful      [32mSUCCESS[0m -> [36mIDLE[0m
[robot_decision-1] [1746695947.486]: WaitNode                  [32mSUCCESS[0m -> [36mIDLE[0m
[robot_decision-1] [1746695947.486]: Sequence                  [33mRUNNING[0m -> [32mSUCCESS[0m
[robot_decision-1] [1746695947.486]: Sequence                  [32mSUCCESS[0m -> [36mIDLE[0m
[robot_decision-1] [1746695947.486]: Fallback                  [33mRUNNING[0m -> [32mSUCCESS[0m
[robot_decision-1] [1746695947.486]: Fallback                  [32mSUCCESS[0m -> [36mIDLE[0m
[robot_decision-1] [1746695947.687]: Fallback                  [36mIDLE[0m -> [33mRUNNING[0m
[robot_decision-1] [1746695947.687]: Sequence                  [36mIDLE[0m -> [33mRUNNING[0m
[robot_decision-1] [1746695947.687]: RetryUntilSuccessful      [36mIDLE[0m -> [33mRUNNING[0m
[robot_decision-1] [INFO] [1746695947.686760016] [robot_decision]: [CheckIfHealth] amount of blood: 500
[robot_decision-1] [1746695947.687]: CheckIfHealth             [36mIDLE[0m -> [32mSUCCESS[0m
[robot_decision-1] [1746695947.687]: CheckIfHealth             [32mSUCCESS[0m -> [36mIDLE[0m
[robot_decision-1] [1746695947.687]: RetryUntilSuccessful      [33mRUNNING[0m -> [32mSUCCESS[0m
[robot_decision-1] [1746695947.687]: RetryUntilSuccessful      [36mIDLE[0m -> [33mRUNNING[0m
[robot_decision-1] [1746695947.687]: NavigateToPose            [36mIDLE[0m -> [33mRUNNING[0m
[robot_decision-1] Point key: 1 x:3 y:0.45
[robot_decision-1] onResultReceived: 4
[robot_decision-1] [1746695948.690]: NavigateToPose            [33mRUNNING[0m -> [32mSUCCESS[0m
[robot_decision-1] [1746695948.690]: NavigateToPose            [32mSUCCESS[0m -> [36mIDLE[0m
[robot_decision-1] [1746695948.690]: RetryUntilSuccessful      [33mRUNNING[0m -> [32mSUCCESS[0m
[robot_decision-1] [1746695948.690]: WaitNode                  [36mIDLE[0m -> [33mRUNNING[0m
[robot_decision-1] [INFO] [1746695948.689494626] [robot_decision]: Navigation Success!
[robot_decision-1] [1746695949.290]: WaitNode                  [33mRUNNING[0m -> [32mSUCCESS[0m
[robot_decision-1] [1746695949.290]: RetryUntilSuccessful      [32mSUCCESS[0m -> [36mIDLE[0m
[robot_decision-1] [1746695949.290]: RetryUntilSuccessful      [32mSUCCESS[0m -> [36mIDLE[0m
[robot_decision-1] [1746695949.290]: WaitNode                  [32mSUCCESS[0m -> [36mIDLE[0m
[robot_decision-1] [1746695949.290]: Sequence                  [33mRUNNING[0m -> [32mSUCCESS[0m
[robot_decision-1] [1746695949.290]: Sequence                  [32mSUCCESS[0m -> [36mIDLE[0m
[robot_decision-1] [1746695949.290]: Fallback                  [33mRUNNING[0m -> [32mSUCCESS[0m
[robot_decision-1] [1746695949.290]: Fallback                  [32mSUCCESS[0m -> [36mIDLE[0m
[robot_decision-1] [1746695949.490]: Fallback                  [36mIDLE[0m -> [33mRUNNING[0m
[robot_decision-1] [1746695949.490]: Sequence                  [36mIDLE[0m -> [33mRUNNING[0m
[robot_decision-1] [1746695949.490]: RetryUntilSuccessful      [36mIDLE[0m -> [33mRUNNING[0m
[robot_decision-1] [INFO] [1746695949.490739802] [robot_decision]: [CheckIfHealth] amount of blood: 500
[robot_decision-1] [1746695949.491]: CheckIfHealth             [36mIDLE[0m -> [32mSUCCESS[0m
[robot_decision-1] [1746695949.491]: CheckIfHealth             [32mSUCCESS[0m -> [36mIDLE[0m
[robot_decision-1] [1746695949.491]: RetryUntilSuccessful      [33mRUNNING[0m -> [32mSUCCESS[0m
[robot_decision-1] [1746695949.491]: RetryUntilSuccessful      [36mIDLE[0m -> [33mRUNNING[0m
[robot_decision-1] [1746695949.491]: NavigateToPose            [36mIDLE[0m -> [33mRUNNING[0m
[robot_decision-1] Point key: 1 x:3 y:0.45
[robot_decision-1] onResultReceived: 4
[robot_decision-1] [1746695950.494]: NavigateToPose            [33mRUNNING[0m -> [32mSUCCESS[0m
[robot_decision-1] [1746695950.494]: NavigateToPose            [32mSUCCESS[0m -> [36mIDLE[0m
[robot_decision-1] [1746695950.494]: RetryUntilSuccessful      [33mRUNNING[0m -> [32mSUCCESS[0m
[robot_decision-1] [1746695950.494]: WaitNode                  [36mIDLE[0m -> [33mRUNNING[0m
[robot_decision-1] [INFO] [1746695950.494211388] [robot_decision]: Navigation Success!
[robot_decision-1] [1746695951.095]: WaitNode                  [33mRUNNING[0m -> [32mSUCCESS[0m
[robot_decision-1] [1746695951.095]: RetryUntilSuccessful      [32mSUCCESS[0m -> [36mIDLE[0m
[robot_decision-1] [1746695951.095]: RetryUntilSuccessful      [32mSUCCESS[0m -> [36mIDLE[0m
[robot_decision-1] [1746695951.095]: WaitNode                  [32mSUCCESS[0m -> [36mIDLE[0m
[robot_decision-1] [1746695951.095]: Sequence                  [33mRUNNING[0m -> [32mSUCCESS[0m
[robot_decision-1] [1746695951.095]: Sequence                  [32mSUCCESS[0m -> [36mIDLE[0m
[robot_decision-1] [1746695951.095]: Fallback                  [33mRUNNING[0m -> [32mSUCCESS[0m
[robot_decision-1] [1746695951.095]: Fallback                  [32mSUCCESS[0m -> [36mIDLE[0m
[robot_decision-1] [1746695951.295]: Fallback                  [36mIDLE[0m -> [33mRUNNING[0m
[robot_decision-1] [1746695951.295]: Sequence                  [36mIDLE[0m -> [33mRUNNING[0m
[robot_decision-1] [1746695951.295]: RetryUntilSuccessful      [36mIDLE[0m -> [33mRUNNING[0m
[robot_decision-1] [INFO] [1746695951.295472946] [robot_decision]: [CheckIfHealth] amount of blood: 500
[robot_decision-1] [1746695951.296]: CheckIfHealth             [36mIDLE[0m -> [32mSUCCESS[0m
[robot_decision-1] [1746695951.296]: CheckIfHealth             [32mSUCCESS[0m -> [36mIDLE[0m
[robot_decision-1] [1746695951.296]: RetryUntilSuccessful      [33mRUNNING[0m -> [32mSUCCESS[0m
[robot_decision-1] [1746695951.296]: RetryUntilSuccessful      [36mIDLE[0m -> [33mRUNNING[0m
[robot_decision-1] [1746695951.296]: NavigateToPose            [36mIDLE[0m -> [33mRUNNING[0m
[robot_decision-1] Point key: 1 x:3 y:0.45
[robot_decision-1] onResultReceived: 4
[robot_decision-1] [1746695952.299]: NavigateToPose            [33mRUNNING[0m -> [32mSUCCESS[0m
[robot_decision-1] [1746695952.299]: NavigateToPose            [32mSUCCESS[0m -> [36mIDLE[0m
[robot_decision-1] [1746695952.299]: RetryUntilSuccessful      [33mRUNNING[0m -> [32mSUCCESS[0m
[robot_decision-1] [1746695952.299]: WaitNode                  [36mIDLE[0m -> [33mRUNNING[0m
[robot_decision-1] [INFO] [1746695952.298803359] [robot_decision]: Navigation Success!
[robot_decision-1] [1746695952.899]: WaitNode                  [33mRUNNING[0m -> [32mSUCCESS[0m
[robot_decision-1] [1746695952.899]: RetryUntilSuccessful      [32mSUCCESS[0m -> [36mIDLE[0m
[robot_decision-1] [1746695952.899]: RetryUntilSuccessful      [32mSUCCESS[0m -> [36mIDLE[0m
[robot_decision-1] [1746695952.899]: WaitNode                  [32mSUCCESS[0m -> [36mIDLE[0m
[robot_decision-1] [1746695952.899]: Sequence                  [33mRUNNING[0m -> [32mSUCCESS[0m
[robot_decision-1] [1746695952.899]: Sequence                  [32mSUCCESS[0m -> [36mIDLE[0m
[robot_decision-1] [1746695952.899]: Fallback                  [33mRUNNING[0m -> [32mSUCCESS[0m
[robot_decision-1] [1746695952.899]: Fallback                  [32mSUCCESS[0m -> [36mIDLE[0m
[robot_decision-1] [1746695953.100]: Fallback                  [36mIDLE[0m -> [33mRUNNING[0m
[robot_decision-1] [1746695953.100]: Sequence                  [36mIDLE[0m -> [33mRUNNING[0m
[robot_decision-1] [1746695953.100]: RetryUntilSuccessful      [36mIDLE[0m -> [33mRUNNING[0m
[robot_decision-1] [INFO] [1746695953.099744214] [robot_decision]: [CheckIfHealth] amount of blood: 500
[robot_decision-1] [1746695953.100]: CheckIfHealth             [36mIDLE[0m -> [32mSUCCESS[0m
[robot_decision-1] [1746695953.100]: CheckIfHealth             [32mSUCCESS[0m -> [36mIDLE[0m
[robot_decision-1] [1746695953.100]: RetryUntilSuccessful      [33mRUNNING[0m -> [32mSUCCESS[0m
[robot_decision-1] [1746695953.100]: RetryUntilSuccessful      [36mIDLE[0m -> [33mRUNNING[0m
[robot_decision-1] [1746695953.100]: NavigateToPose            [36mIDLE[0m -> [33mRUNNING[0m
[robot_decision-1] Point key: 1 x:3 y:0.45
[robot_decision-1] onResultReceived: 4
[robot_decision-1] [1746695954.103]: NavigateToPose            [33mRUNNING[0m -> [32mSUCCESS[0m
[robot_decision-1] [1746695954.103]: NavigateToPose            [32mSUCCESS[0m -> [36mIDLE[0m
[robot_decision-1] [1746695954.103]: RetryUntilSuccessful      [33mRUNNING[0m -> [32mSUCCESS[0m
[robot_decision-1] [1746695954.103]: WaitNode                  [36mIDLE[0m -> [33mRUNNING[0m
[robot_decision-1] [INFO] [1746695954.103101616] [robot_decision]: Navigation Success!
[robot_decision-1] [1746695954.704]: WaitNode                  [33mRUNNING[0m -> [32mSUCCESS[0m
[robot_decision-1] [1746695954.704]: RetryUntilSuccessful      [32mSUCCESS[0m -> [36mIDLE[0m
[robot_decision-1] [1746695954.704]: RetryUntilSuccessful      [32mSUCCESS[0m -> [36mIDLE[0m
[robot_decision-1] [1746695954.704]: WaitNode                  [32mSUCCESS[0m -> [36mIDLE[0m
[robot_decision-1] [1746695954.704]: Sequence                  [33mRUNNING[0m -> [32mSUCCESS[0m
[robot_decision-1] [1746695954.704]: Sequence                  [32mSUCCESS[0m -> [36mIDLE[0m
[robot_decision-1] [1746695954.704]: Fallback                  [33mRUNNING[0m -> [32mSUCCESS[0m
[robot_decision-1] [1746695954.704]: Fallback                  [32mSUCCESS[0m -> [36mIDLE[0m
[robot_decision-1] [1746695954.904]: Fallback                  [36mIDLE[0m -> [33mRUNNING[0m
[robot_decision-1] [1746695954.904]: Sequence                  [36mIDLE[0m -> [33mRUNNING[0m
[robot_decision-1] [1746695954.904]: RetryUntilSuccessful      [36mIDLE[0m -> [33mRUNNING[0m
[robot_decision-1] [INFO] [1746695954.904116489] [robot_decision]: [CheckIfHealth] amount of blood: 500
[robot_decision-1] [1746695954.904]: CheckIfHealth             [36mIDLE[0m -> [32mSUCCESS[0m
[robot_decision-1] [1746695954.904]: CheckIfHealth             [32mSUCCESS[0m -> [36mIDLE[0m
[robot_decision-1] [1746695954.904]: RetryUntilSuccessful      [33mRUNNING[0m -> [32mSUCCESS[0m
[robot_decision-1] [1746695954.904]: RetryUntilSuccessful      [36mIDLE[0m -> [33mRUNNING[0m
[robot_decision-1] [1746695954.904]: NavigateToPose            [36mIDLE[0m -> [33mRUNNING[0m
[robot_decision-1] Point key: 1 x:3 y:0.45
[robot_decision-1] onResultReceived: 4
[robot_decision-1] [1746695955.908]: NavigateToPose            [33mRUNNING[0m -> [32mSUCCESS[0m
[robot_decision-1] [1746695955.908]: NavigateToPose            [32mSUCCESS[0m -> [36mIDLE[0m
[robot_decision-1] [1746695955.908]: RetryUntilSuccessful      [33mRUNNING[0m -> [32mSUCCESS[0m
[robot_decision-1] [1746695955.908]: WaitNode                  [36mIDLE[0m -> [33mRUNNING[0m
[robot_decision-1] [INFO] [1746695955.907398981] [robot_decision]: Navigation Success!
[robot_decision-1] [1746695956.508]: WaitNode                  [33mRUNNING[0m -> [32mSUCCESS[0m
[robot_decision-1] [1746695956.508]: RetryUntilSuccessful      [32mSUCCESS[0m -> [36mIDLE[0m
[robot_decision-1] [1746695956.508]: RetryUntilSuccessful      [32mSUCCESS[0m -> [36mIDLE[0m
[robot_decision-1] [1746695956.508]: WaitNode                  [32mSUCCESS[0m -> [36mIDLE[0m
[robot_decision-1] [1746695956.508]: Sequence                  [33mRUNNING[0m -> [32mSUCCESS[0m
[robot_decision-1] [1746695956.508]: Sequence                  [32mSUCCESS[0m -> [36mIDLE[0m
[robot_decision-1] [1746695956.508]: Fallback                  [33mRUNNING[0m -> [32mSUCCESS[0m
[robot_decision-1] [1746695956.508]: Fallback                  [32mSUCCESS[0m -> [36mIDLE[0m
[robot_decision-1] [1746695956.708]: Fallback                  [36mIDLE[0m -> [33mRUNNING[0m
[robot_decision-1] [1746695956.708]: Sequence                  [36mIDLE[0m -> [33mRUNNING[0m
[robot_decision-1] [1746695956.708]: RetryUntilSuccessful      [36mIDLE[0m -> [33mRUNNING[0m
[robot_decision-1] [INFO] [1746695956.708847110] [robot_decision]: [CheckIfHealth] amount of blood: 500
[robot_decision-1] [1746695956.709]: CheckIfHealth             [36mIDLE[0m -> [32mSUCCESS[0m
[robot_decision-1] [1746695956.709]: CheckIfHealth             [32mSUCCESS[0m -> [36mIDLE[0m
[robot_decision-1] [1746695956.709]: RetryUntilSuccessful      [33mRUNNING[0m -> [32mSUCCESS[0m
[robot_decision-1] [1746695956.709]: RetryUntilSuccessful      [36mIDLE[0m -> [33mRUNNING[0m
[robot_decision-1] [1746695956.709]: NavigateToPose            [36mIDLE[0m -> [33mRUNNING[0m
[robot_decision-1] Point key: 1 x:3 y:0.45
[robot_decision-1] onResultReceived: 4
[robot_decision-1] [1746695957.712]: NavigateToPose            [33mRUNNING[0m -> [32mSUCCESS[0m
[robot_decision-1] [1746695957.712]: NavigateToPose            [32mSUCCESS[0m -> [36mIDLE[0m
[robot_decision-1] [1746695957.712]: RetryUntilSuccessful      [33mRUNNING[0m -> [32mSUCCESS[0m
[robot_decision-1] [1746695957.712]: WaitNode                  [36mIDLE[0m -> [33mRUNNING[0m
[robot_decision-1] [INFO] [1746695957.712238053] [robot_decision]: Navigation Success!
[robot_decision-1] [1746695958.313]: WaitNode                  [33mRUNNING[0m -> [32mSUCCESS[0m
[robot_decision-1] [1746695958.313]: RetryUntilSuccessful      [32mSUCCESS[0m -> [36mIDLE[0m
[robot_decision-1] [1746695958.313]: RetryUntilSuccessful      [32mSUCCESS[0m -> [36mIDLE[0m
[robot_decision-1] [1746695958.313]: WaitNode                  [32mSUCCESS[0m -> [36mIDLE[0m
[robot_decision-1] [1746695958.313]: Sequence                  [33mRUNNING[0m -> [32mSUCCESS[0m
[robot_decision-1] [1746695958.313]: Sequence                  [32mSUCCESS[0m -> [36mIDLE[0m
[robot_decision-1] [1746695958.313]: Fallback                  [33mRUNNING[0m -> [32mSUCCESS[0m
[robot_decision-1] [1746695958.313]: Fallback                  [32mSUCCESS[0m -> [36mIDLE[0m
[robot_decision-1] [1746695958.513]: Fallback                  [36mIDLE[0m -> [33mRUNNING[0m
[robot_decision-1] [1746695958.513]: Sequence                  [36mIDLE[0m -> [33mRUNNING[0m
[robot_decision-1] [1746695958.513]: RetryUntilSuccessful      [36mIDLE[0m -> [33mRUNNING[0m
[robot_decision-1] [INFO] [1746695958.513533850] [robot_decision]: [CheckIfHealth] amount of blood: 500
[robot_decision-1] [1746695958.514]: CheckIfHealth             [36mIDLE[0m -> [32mSUCCESS[0m
[robot_decision-1] [1746695958.514]: CheckIfHealth             [32mSUCCESS[0m -> [36mIDLE[0m
[robot_decision-1] [1746695958.514]: RetryUntilSuccessful      [33mRUNNING[0m -> [32mSUCCESS[0m
[robot_decision-1] [1746695958.514]: RetryUntilSuccessful      [36mIDLE[0m -> [33mRUNNING[0m
[robot_decision-1] [1746695958.514]: NavigateToPose            [36mIDLE[0m -> [33mRUNNING[0m
[robot_decision-1] Point key: 1 x:3 y:0.45
[robot_decision-1] onResultReceived: 4
[robot_decision-1] [INFO] [1746695959.517991491] [robot_decision]: Navigation Success!
[robot_decision-1] [1746695959.518]: NavigateToPose            [33mRUNNING[0m -> [32mSUCCESS[0m
[robot_decision-1] [1746695959.518]: NavigateToPose            [32mSUCCESS[0m -> [36mIDLE[0m
[robot_decision-1] [1746695959.518]: RetryUntilSuccessful      [33mRUNNING[0m -> [32mSUCCESS[0m
[robot_decision-1] [1746695959.518]: WaitNode                  [36mIDLE[0m -> [33mRUNNING[0m
[robot_decision-1] [1746695960.119]: WaitNode                  [33mRUNNING[0m -> [32mSUCCESS[0m
[robot_decision-1] [1746695960.119]: RetryUntilSuccessful      [32mSUCCESS[0m -> [36mIDLE[0m
[robot_decision-1] [1746695960.119]: RetryUntilSuccessful      [32mSUCCESS[0m -> [36mIDLE[0m
[robot_decision-1] [1746695960.119]: WaitNode                  [32mSUCCESS[0m -> [36mIDLE[0m
[robot_decision-1] [1746695960.119]: Sequence                  [33mRUNNING[0m -> [32mSUCCESS[0m
[robot_decision-1] [1746695960.119]: Sequence                  [32mSUCCESS[0m -> [36mIDLE[0m
[robot_decision-1] [1746695960.119]: Fallback                  [33mRUNNING[0m -> [32mSUCCESS[0m
[robot_decision-1] [1746695960.119]: Fallback                  [32mSUCCESS[0m -> [36mIDLE[0m
[robot_decision-1] [1746695960.319]: Fallback                  [36mIDLE[0m -> [33mRUNNING[0m
[robot_decision-1] [1746695960.319]: Sequence                  [36mIDLE[0m -> [33mRUNNING[0m
[robot_decision-1] [1746695960.319]: RetryUntilSuccessful      [36mIDLE[0m -> [33mRUNNING[0m
[robot_decision-1] [INFO] [1746695960.319198985] [robot_decision]: [CheckIfHealth] amount of blood: 500
[robot_decision-1] [1746695960.319]: CheckIfHealth             [36mIDLE[0m -> [32mSUCCESS[0m
[robot_decision-1] [1746695960.319]: CheckIfHealth             [32mSUCCESS[0m -> [36mIDLE[0m
[robot_decision-1] [1746695960.319]: RetryUntilSuccessful      [33mRUNNING[0m -> [32mSUCCESS[0m
[robot_decision-1] [1746695960.319]: RetryUntilSuccessful      [36mIDLE[0m -> [33mRUNNING[0m
[robot_decision-1] [1746695960.319]: NavigateToPose            [36mIDLE[0m -> [33mRUNNING[0m
[robot_decision-1] Point key: 1 x:3 y:0.45
[robot_decision-1] onResultReceived: 4
[robot_decision-1] [1746695961.322]: NavigateToPose            [33mRUNNING[0m -> [32mSUCCESS[0m
[robot_decision-1] [1746695961.323]: NavigateToPose            [32mSUCCESS[0m -> [36mIDLE[0m
[robot_decision-1] [1746695961.323]: RetryUntilSuccessful      [33mRUNNING[0m -> [32mSUCCESS[0m
[robot_decision-1] [1746695961.323]: WaitNode                  [36mIDLE[0m -> [33mRUNNING[0m
[robot_decision-1] [INFO] [1746695961.322419991] [robot_decision]: Navigation Success!
[robot_decision-1] [1746695961.923]: WaitNode                  [33mRUNNING[0m -> [32mSUCCESS[0m
[robot_decision-1] [1746695961.923]: RetryUntilSuccessful      [32mSUCCESS[0m -> [36mIDLE[0m
[robot_decision-1] [1746695961.923]: RetryUntilSuccessful      [32mSUCCESS[0m -> [36mIDLE[0m
[robot_decision-1] [1746695961.923]: WaitNode                  [32mSUCCESS[0m -> [36mIDLE[0m
[robot_decision-1] [1746695961.923]: Sequence                  [33mRUNNING[0m -> [32mSUCCESS[0m
[robot_decision-1] [1746695961.923]: Sequence                  [32mSUCCESS[0m -> [36mIDLE[0m
[robot_decision-1] [1746695961.923]: Fallback                  [33mRUNNING[0m -> [32mSUCCESS[0m
[robot_decision-1] [1746695961.923]: Fallback                  [32mSUCCESS[0m -> [36mIDLE[0m
[robot_decision-1] [1746695962.123]: Fallback                  [36mIDLE[0m -> [33mRUNNING[0m
[robot_decision-1] [1746695962.123]: Sequence                  [36mIDLE[0m -> [33mRUNNING[0m
[robot_decision-1] [1746695962.123]: RetryUntilSuccessful      [36mIDLE[0m -> [33mRUNNING[0m
[robot_decision-1] [INFO] [1746695962.123453043] [robot_decision]: [CheckIfHealth] amount of blood: 500
[robot_decision-1] [1746695962.124]: CheckIfHealth             [36mIDLE[0m -> [32mSUCCESS[0m
[robot_decision-1] [1746695962.124]: CheckIfHealth             [32mSUCCESS[0m -> [36mIDLE[0m
[robot_decision-1] [1746695962.124]: RetryUntilSuccessful      [33mRUNNING[0m -> [32mSUCCESS[0m
[robot_decision-1] [1746695962.124]: RetryUntilSuccessful      [36mIDLE[0m -> [33mRUNNING[0m
[robot_decision-1] [1746695962.124]: NavigateToPose            [36mIDLE[0m -> [33mRUNNING[0m
[robot_decision-1] Point key: 1 x:3 y:0.45
[robot_decision-1] onResultReceived: 4
[robot_decision-1] [1746695963.126]: NavigateToPose            [33mRUNNING[0m -> [32mSUCCESS[0m
[robot_decision-1] [1746695963.126]: NavigateToPose            [32mSUCCESS[0m -> [36mIDLE[0m
[robot_decision-1] [1746695963.126]: RetryUntilSuccessful      [33mRUNNING[0m -> [32mSUCCESS[0m
[robot_decision-1] [1746695963.126]: WaitNode                  [36mIDLE[0m -> [33mRUNNING[0m
[robot_decision-1] [INFO] [1746695963.126161457] [robot_decision]: Navigation Success!
[robot_decision-1] [1746695963.727]: WaitNode                  [33mRUNNING[0m -> [32mSUCCESS[0m
[robot_decision-1] [1746695963.727]: RetryUntilSuccessful      [32mSUCCESS[0m -> [36mIDLE[0m
[robot_decision-1] [1746695963.727]: RetryUntilSuccessful      [32mSUCCESS[0m -> [36mIDLE[0m
[robot_decision-1] [1746695963.727]: WaitNode                  [32mSUCCESS[0m -> [36mIDLE[0m
[robot_decision-1] [1746695963.727]: Sequence                  [33mRUNNING[0m -> [32mSUCCESS[0m
[robot_decision-1] [1746695963.727]: Sequence                  [32mSUCCESS[0m -> [36mIDLE[0m
[robot_decision-1] [1746695963.727]: Fallback                  [33mRUNNING[0m -> [32mSUCCESS[0m
[robot_decision-1] [1746695963.727]: Fallback                  [32mSUCCESS[0m -> [36mIDLE[0m
[robot_decision-1] [1746695963.927]: Fallback                  [36mIDLE[0m -> [33mRUNNING[0m
[robot_decision-1] [1746695963.927]: Sequence                  [36mIDLE[0m -> [33mRUNNING[0m
[robot_decision-1] [1746695963.927]: RetryUntilSuccessful      [36mIDLE[0m -> [33mRUNNING[0m
[robot_decision-1] [INFO] [1746695963.927213406] [robot_decision]: [CheckIfHealth] amount of blood: 500
[robot_decision-1] [1746695963.927]: CheckIfHealth             [36mIDLE[0m -> [32mSUCCESS[0m
[robot_decision-1] [1746695963.927]: CheckIfHealth             [32mSUCCESS[0m -> [36mIDLE[0m
[robot_decision-1] [1746695963.927]: RetryUntilSuccessful      [33mRUNNING[0m -> [32mSUCCESS[0m
[robot_decision-1] [1746695963.927]: RetryUntilSuccessful      [36mIDLE[0m -> [33mRUNNING[0m
[robot_decision-1] [1746695963.927]: NavigateToPose            [36mIDLE[0m -> [33mRUNNING[0m
[robot_decision-1] Point key: 1 x:3 y:0.45
[robot_decision-1] onResultReceived: 4
[robot_decision-1] [1746695964.930]: NavigateToPose            [33mRUNNING[0m -> [32mSUCCESS[0m
[robot_decision-1] [1746695964.930]: NavigateToPose            [32mSUCCESS[0m -> [36mIDLE[0m
[robot_decision-1] [1746695964.930]: RetryUntilSuccessful      [33mRUNNING[0m -> [32mSUCCESS[0m
[robot_decision-1] [1746695964.931]: WaitNode                  [36mIDLE[0m -> [33mRUNNING[0m
[robot_decision-1] [INFO] [1746695964.930269665] [robot_decision]: Navigation Success!
[robot_decision-1] [1746695965.531]: WaitNode                  [33mRUNNING[0m -> [32mSUCCESS[0m
[robot_decision-1] [1746695965.531]: RetryUntilSuccessful      [32mSUCCESS[0m -> [36mIDLE[0m
[robot_decision-1] [1746695965.531]: RetryUntilSuccessful      [32mSUCCESS[0m -> [36mIDLE[0m
[robot_decision-1] [1746695965.531]: WaitNode                  [32mSUCCESS[0m -> [36mIDLE[0m
[robot_decision-1] [1746695965.531]: Sequence                  [33mRUNNING[0m -> [32mSUCCESS[0m
[robot_decision-1] [1746695965.531]: Sequence                  [32mSUCCESS[0m -> [36mIDLE[0m
[robot_decision-1] [1746695965.531]: Fallback                  [33mRUNNING[0m -> [32mSUCCESS[0m
[robot_decision-1] [1746695965.531]: Fallback                  [32mSUCCESS[0m -> [36mIDLE[0m
[robot_decision-1] [1746695965.731]: Fallback                  [36mIDLE[0m -> [33mRUNNING[0m
[robot_decision-1] [1746695965.731]: Sequence                  [36mIDLE[0m -> [33mRUNNING[0m
[robot_decision-1] [1746695965.731]: RetryUntilSuccessful      [36mIDLE[0m -> [33mRUNNING[0m
[robot_decision-1] [INFO] [1746695965.731782881] [robot_decision]: [CheckIfHealth] amount of blood: 500
[robot_decision-1] [1746695965.732]: CheckIfHealth             [36mIDLE[0m -> [32mSUCCESS[0m
[robot_decision-1] [1746695965.732]: CheckIfHealth             [32mSUCCESS[0m -> [36mIDLE[0m
[robot_decision-1] [1746695965.732]: RetryUntilSuccessful      [33mRUNNING[0m -> [32mSUCCESS[0m
[robot_decision-1] [1746695965.732]: RetryUntilSuccessful      [36mIDLE[0m -> [33mRUNNING[0m
[robot_decision-1] [1746695965.732]: NavigateToPose            [36mIDLE[0m -> [33mRUNNING[0m
[robot_decision-1] Point key: 1 x:3 y:0.45
[robot_decision-1] onResultReceived: 4
[robot_decision-1] [1746695966.735]: NavigateToPose            [33mRUNNING[0m -> [32mSUCCESS[0m
[robot_decision-1] [1746695966.735]: NavigateToPose            [32mSUCCESS[0m -> [36mIDLE[0m
[robot_decision-1] [1746695966.735]: RetryUntilSuccessful      [33mRUNNING[0m -> [32mSUCCESS[0m
[robot_decision-1] [1746695966.735]: WaitNode                  [36mIDLE[0m -> [33mRUNNING[0m
[robot_decision-1] [INFO] [1746695966.734922313] [robot_decision]: Navigation Success!
[robot_decision-1] [1746695967.336]: WaitNode                  [33mRUNNING[0m -> [32mSUCCESS[0m
[robot_decision-1] [1746695967.336]: RetryUntilSuccessful      [32mSUCCESS[0m -> [36mIDLE[0m
[robot_decision-1] [1746695967.336]: RetryUntilSuccessful      [32mSUCCESS[0m -> [36mIDLE[0m
[robot_decision-1] [1746695967.336]: WaitNode                  [32mSUCCESS[0m -> [36mIDLE[0m
[robot_decision-1] [1746695967.336]: Sequence                  [33mRUNNING[0m -> [32mSUCCESS[0m
[robot_decision-1] [1746695967.336]: Sequence                  [32mSUCCESS[0m -> [36mIDLE[0m
[robot_decision-1] [1746695967.336]: Fallback                  [33mRUNNING[0m -> [32mSUCCESS[0m
[robot_decision-1] [1746695967.336]: Fallback                  [32mSUCCESS[0m -> [36mIDLE[0m
[robot_decision-1] [1746695967.536]: Fallback                  [36mIDLE[0m -> [33mRUNNING[0m
[robot_decision-1] [1746695967.536]: Sequence                  [36mIDLE[0m -> [33mRUNNING[0m
[robot_decision-1] [1746695967.536]: RetryUntilSuccessful      [36mIDLE[0m -> [33mRUNNING[0m
[robot_decision-1] [INFO] [1746695967.536037282] [robot_decision]: [CheckIfHealth] amount of blood: 500
[robot_decision-1] [1746695967.536]: CheckIfHealth             [36mIDLE[0m -> [32mSUCCESS[0m
[robot_decision-1] [1746695967.536]: CheckIfHealth             [32mSUCCESS[0m -> [36mIDLE[0m
[robot_decision-1] [1746695967.536]: RetryUntilSuccessful      [33mRUNNING[0m -> [32mSUCCESS[0m
[robot_decision-1] [1746695967.536]: RetryUntilSuccessful      [36mIDLE[0m -> [33mRUNNING[0m
[robot_decision-1] [1746695967.536]: NavigateToPose            [36mIDLE[0m -> [33mRUNNING[0m
[robot_decision-1] Point key: 1 x:3 y:0.45
[robot_decision-1] onResultReceived: 4
[robot_decision-1] [1746695968.539]: NavigateToPose            [33mRUNNING[0m -> [32mSUCCESS[0m
[robot_decision-1] [1746695968.539]: NavigateToPose            [32mSUCCESS[0m -> [36mIDLE[0m
[robot_decision-1] [1746695968.539]: RetryUntilSuccessful      [33mRUNNING[0m -> [32mSUCCESS[0m
[robot_decision-1] [1746695968.539]: WaitNode                  [36mIDLE[0m -> [33mRUNNING[0m
[robot_decision-1] [INFO] [1746695968.539374341] [robot_decision]: Navigation Success!
[robot_decision-1] [1746695969.140]: WaitNode                  [33mRUNNING[0m -> [32mSUCCESS[0m
[robot_decision-1] [1746695969.140]: RetryUntilSuccessful      [32mSUCCESS[0m -> [36mIDLE[0m
[robot_decision-1] [1746695969.140]: RetryUntilSuccessful      [32mSUCCESS[0m -> [36mIDLE[0m
[robot_decision-1] [1746695969.140]: WaitNode                  [32mSUCCESS[0m -> [36mIDLE[0m
[robot_decision-1] [1746695969.140]: Sequence                  [33mRUNNING[0m -> [32mSUCCESS[0m
[robot_decision-1] [1746695969.140]: Sequence                  [32mSUCCESS[0m -> [36mIDLE[0m
[robot_decision-1] [1746695969.140]: Fallback                  [33mRUNNING[0m -> [32mSUCCESS[0m
[robot_decision-1] [1746695969.140]: Fallback                  [32mSUCCESS[0m -> [36mIDLE[0m
[robot_decision-1] [1746695969.340]: Fallback                  [36mIDLE[0m -> [33mRUNNING[0m
[robot_decision-1] [1746695969.340]: Sequence                  [36mIDLE[0m -> [33mRUNNING[0m
[robot_decision-1] [1746695969.340]: RetryUntilSuccessful      [36mIDLE[0m -> [33mRUNNING[0m
[robot_decision-1] [INFO] [1746695969.340589136] [robot_decision]: [CheckIfHealth] amount of blood: 500
[robot_decision-1] [1746695969.341]: CheckIfHealth             [36mIDLE[0m -> [32mSUCCESS[0m
[robot_decision-1] [1746695969.341]: CheckIfHealth             [32mSUCCESS[0m -> [36mIDLE[0m
[robot_decision-1] [1746695969.341]: RetryUntilSuccessful      [33mRUNNING[0m -> [32mSUCCESS[0m
[robot_decision-1] [1746695969.341]: RetryUntilSuccessful      [36mIDLE[0m -> [33mRUNNING[0m
[robot_decision-1] [1746695969.341]: NavigateToPose            [36mIDLE[0m -> [33mRUNNING[0m
[robot_decision-1] Point key: 1 x:3 y:0.45
[robot_decision-1] onResultReceived: 4
[robot_decision-1] [1746695970.344]: NavigateToPose            [33mRUNNING[0m -> [32mSUCCESS[0m
[robot_decision-1] [1746695970.344]: NavigateToPose            [32mSUCCESS[0m -> [36mIDLE[0m
[robot_decision-1] [1746695970.344]: RetryUntilSuccessful      [33mRUNNING[0m -> [32mSUCCESS[0m
[robot_decision-1] [1746695970.344]: WaitNode                  [36mIDLE[0m -> [33mRUNNING[0m
[robot_decision-1] [INFO] [1746695970.343396592] [robot_decision]: Navigation Success!
[robot_decision-1] [1746695970.944]: WaitNode                  [33mRUNNING[0m -> [32mSUCCESS[0m
[robot_decision-1] [1746695970.944]: RetryUntilSuccessful      [32mSUCCESS[0m -> [36mIDLE[0m
[robot_decision-1] [1746695970.944]: RetryUntilSuccessful      [32mSUCCESS[0m -> [36mIDLE[0m
[robot_decision-1] [1746695970.944]: WaitNode                  [32mSUCCESS[0m -> [36mIDLE[0m
[robot_decision-1] [1746695970.944]: Sequence                  [33mRUNNING[0m -> [32mSUCCESS[0m
[robot_decision-1] [1746695970.944]: Sequence                  [32mSUCCESS[0m -> [36mIDLE[0m
[robot_decision-1] [1746695970.944]: Fallback                  [33mRUNNING[0m -> [32mSUCCESS[0m
[robot_decision-1] [1746695970.944]: Fallback                  [32mSUCCESS[0m -> [36mIDLE[0m
[robot_decision-1] [1746695971.144]: Fallback                  [36mIDLE[0m -> [33mRUNNING[0m
[robot_decision-1] [1746695971.144]: Sequence                  [36mIDLE[0m -> [33mRUNNING[0m
[robot_decision-1] [1746695971.144]: RetryUntilSuccessful      [36mIDLE[0m -> [33mRUNNING[0m
[robot_decision-1] [INFO] [1746695971.144402852] [robot_decision]: [CheckIfHealth] amount of blood: 500
[robot_decision-1] [1746695971.144]: CheckIfHealth             [36mIDLE[0m -> [32mSUCCESS[0m
[robot_decision-1] [1746695971.144]: CheckIfHealth             [32mSUCCESS[0m -> [36mIDLE[0m
[robot_decision-1] [1746695971.144]: RetryUntilSuccessful      [33mRUNNING[0m -> [32mSUCCESS[0m
[robot_decision-1] [1746695971.144]: RetryUntilSuccessful      [36mIDLE[0m -> [33mRUNNING[0m
[robot_decision-1] [1746695971.145]: NavigateToPose            [36mIDLE[0m -> [33mRUNNING[0m
[robot_decision-1] Point key: 1 x:3 y:0.45
[robot_decision-1] onResultReceived: 4
[robot_decision-1] [1746695972.149]: NavigateToPose            [33mRUNNING[0m -> [32mSUCCESS[0m
[robot_decision-1] [1746695972.149]: NavigateToPose            [32mSUCCESS[0m -> [36mIDLE[0m
[robot_decision-1] [1746695972.149]: RetryUntilSuccessful      [33mRUNNING[0m -> [32mSUCCESS[0m
[robot_decision-1] [1746695972.149]: WaitNode                  [36mIDLE[0m -> [33mRUNNING[0m
[robot_decision-1] [INFO] [1746695972.148646172] [robot_decision]: Navigation Success!
[robot_decision-1] [1746695972.749]: WaitNode                  [33mRUNNING[0m -> [32mSUCCESS[0m
[robot_decision-1] [1746695972.749]: RetryUntilSuccessful      [32mSUCCESS[0m -> [36mIDLE[0m
[robot_decision-1] [1746695972.749]: RetryUntilSuccessful      [32mSUCCESS[0m -> [36mIDLE[0m
[robot_decision-1] [1746695972.749]: WaitNode                  [32mSUCCESS[0m -> [36mIDLE[0m
[robot_decision-1] [1746695972.749]: Sequence                  [33mRUNNING[0m -> [32mSUCCESS[0m
[robot_decision-1] [1746695972.749]: Sequence                  [32mSUCCESS[0m -> [36mIDLE[0m
[robot_decision-1] [1746695972.750]: Fallback                  [33mRUNNING[0m -> [32mSUCCESS[0m
[robot_decision-1] [1746695972.750]: Fallback                  [32mSUCCESS[0m -> [36mIDLE[0m
[robot_decision-1] [1746695972.950]: Fallback                  [36mIDLE[0m -> [33mRUNNING[0m
[robot_decision-1] [1746695972.950]: Sequence                  [36mIDLE[0m -> [33mRUNNING[0m
[robot_decision-1] [1746695972.950]: RetryUntilSuccessful      [36mIDLE[0m -> [33mRUNNING[0m
[robot_decision-1] [INFO] [1746695972.949996172] [robot_decision]: [CheckIfHealth] amount of blood: 500
[robot_decision-1] [1746695972.950]: CheckIfHealth             [36mIDLE[0m -> [32mSUCCESS[0m
[robot_decision-1] [1746695972.950]: CheckIfHealth             [32mSUCCESS[0m -> [36mIDLE[0m
[robot_decision-1] [1746695972.950]: RetryUntilSuccessful      [33mRUNNING[0m -> [32mSUCCESS[0m
[robot_decision-1] [1746695972.950]: RetryUntilSuccessful      [36mIDLE[0m -> [33mRUNNING[0m
[robot_decision-1] [1746695972.950]: NavigateToPose            [36mIDLE[0m -> [33mRUNNING[0m
[robot_decision-1] Point key: 1 x:3 y:0.45
[robot_decision-1] onResultReceived: 4
[robot_decision-1] [1746695973.954]: NavigateToPose            [33mRUNNING[0m -> [32mSUCCESS[0m
[robot_decision-1] [1746695973.954]: NavigateToPose            [32mSUCCESS[0m -> [36mIDLE[0m
[robot_decision-1] [1746695973.954]: RetryUntilSuccessful      [33mRUNNING[0m -> [32mSUCCESS[0m
[robot_decision-1] [1746695973.954]: WaitNode                  [36mIDLE[0m -> [33mRUNNING[0m
[robot_decision-1] [INFO] [1746695973.953371289] [robot_decision]: Navigation Success!
[robot_decision-1] [1746695974.554]: WaitNode                  [33mRUNNING[0m -> [32mSUCCESS[0m
[robot_decision-1] [1746695974.554]: RetryUntilSuccessful      [32mSUCCESS[0m -> [36mIDLE[0m
[robot_decision-1] [1746695974.554]: RetryUntilSuccessful      [32mSUCCESS[0m -> [36mIDLE[0m
[robot_decision-1] [1746695974.554]: WaitNode                  [32mSUCCESS[0m -> [36mIDLE[0m
[robot_decision-1] [1746695974.554]: Sequence                  [33mRUNNING[0m -> [32mSUCCESS[0m
[robot_decision-1] [1746695974.554]: Sequence                  [32mSUCCESS[0m -> [36mIDLE[0m
[robot_decision-1] [1746695974.554]: Fallback                  [33mRUNNING[0m -> [32mSUCCESS[0m
[robot_decision-1] [1746695974.554]: Fallback                  [32mSUCCESS[0m -> [36mIDLE[0m
[robot_decision-1] [1746695974.754]: Fallback                  [36mIDLE[0m -> [33mRUNNING[0m
[robot_decision-1] [1746695974.754]: Sequence                  [36mIDLE[0m -> [33mRUNNING[0m
[robot_decision-1] [1746695974.754]: RetryUntilSuccessful      [36mIDLE[0m -> [33mRUNNING[0m
[robot_decision-1] [INFO] [1746695974.754908097] [robot_decision]: [CheckIfHealth] amount of blood: 500
[robot_decision-1] [1746695974.755]: CheckIfHealth             [36mIDLE[0m -> [32mSUCCESS[0m
[robot_decision-1] [1746695974.755]: CheckIfHealth             [32mSUCCESS[0m -> [36mIDLE[0m
[robot_decision-1] [1746695974.755]: RetryUntilSuccessful      [33mRUNNING[0m -> [32mSUCCESS[0m
[robot_decision-1] [1746695974.755]: RetryUntilSuccessful      [36mIDLE[0m -> [33mRUNNING[0m
[robot_decision-1] [1746695974.755]: NavigateToPose            [36mIDLE[0m -> [33mRUNNING[0m
[robot_decision-1] Point key: 1 x:3 y:0.45
[robot_decision-1] onResultReceived: 4
[robot_decision-1] [1746695975.759]: NavigateToPose            [33mRUNNING[0m -> [32mSUCCESS[0m
[robot_decision-1] [1746695975.759]: NavigateToPose            [32mSUCCESS[0m -> [36mIDLE[0m
[robot_decision-1] [1746695975.759]: RetryUntilSuccessful      [33mRUNNING[0m -> [32mSUCCESS[0m
[robot_decision-1] [1746695975.759]: WaitNode                  [36mIDLE[0m -> [33mRUNNING[0m
[robot_decision-1] [INFO] [1746695975.758801566] [robot_decision]: Navigation Success!
[robot_decision-1] [1746695976.359]: WaitNode                  [33mRUNNING[0m -> [32mSUCCESS[0m
[robot_decision-1] [1746695976.359]: RetryUntilSuccessful      [32mSUCCESS[0m -> [36mIDLE[0m
[robot_decision-1] [1746695976.359]: RetryUntilSuccessful      [32mSUCCESS[0m -> [36mIDLE[0m
[robot_decision-1] [1746695976.359]: WaitNode                  [32mSUCCESS[0m -> [36mIDLE[0m
[robot_decision-1] [1746695976.359]: Sequence                  [33mRUNNING[0m -> [32mSUCCESS[0m
[robot_decision-1] [1746695976.359]: Sequence                  [32mSUCCESS[0m -> [36mIDLE[0m
[robot_decision-1] [1746695976.359]: Fallback                  [33mRUNNING[0m -> [32mSUCCESS[0m
[robot_decision-1] [1746695976.359]: Fallback                  [32mSUCCESS[0m -> [36mIDLE[0m
[robot_decision-1] [1746695976.560]: Fallback                  [36mIDLE[0m -> [33mRUNNING[0m
[robot_decision-1] [1746695976.560]: Sequence                  [36mIDLE[0m -> [33mRUNNING[0m
[robot_decision-1] [1746695976.560]: RetryUntilSuccessful      [36mIDLE[0m -> [33mRUNNING[0m
[robot_decision-1] [INFO] [1746695976.559933995] [robot_decision]: [CheckIfHealth] amount of blood: 500
[robot_decision-1] [1746695976.560]: CheckIfHealth             [36mIDLE[0m -> [32mSUCCESS[0m
[robot_decision-1] [1746695976.560]: CheckIfHealth             [32mSUCCESS[0m -> [36mIDLE[0m
[robot_decision-1] [1746695976.560]: RetryUntilSuccessful      [33mRUNNING[0m -> [32mSUCCESS[0m
[robot_decision-1] [1746695976.560]: RetryUntilSuccessful      [36mIDLE[0m -> [33mRUNNING[0m
[robot_decision-1] [1746695976.560]: NavigateToPose            [36mIDLE[0m -> [33mRUNNING[0m
[robot_decision-1] Point key: 1 x:3 y:0.45
[robot_decision-1] onResultReceived: 4
[robot_decision-1] [1746695977.563]: NavigateToPose            [33mRUNNING[0m -> [32mSUCCESS[0m
[robot_decision-1] [1746695977.563]: NavigateToPose            [32mSUCCESS[0m -> [36mIDLE[0m
[robot_decision-1] [1746695977.563]: RetryUntilSuccessful      [33mRUNNING[0m -> [32mSUCCESS[0m
[robot_decision-1] [1746695977.563]: WaitNode                  [36mIDLE[0m -> [33mRUNNING[0m
[robot_decision-1] [INFO] [1746695977.563182337] [robot_decision]: Navigation Success!
[robot_decision-1] [1746695978.164]: WaitNode                  [33mRUNNING[0m -> [32mSUCCESS[0m
[robot_decision-1] [1746695978.164]: RetryUntilSuccessful      [32mSUCCESS[0m -> [36mIDLE[0m
[robot_decision-1] [1746695978.164]: RetryUntilSuccessful      [32mSUCCESS[0m -> [36mIDLE[0m
[robot_decision-1] [1746695978.164]: WaitNode                  [32mSUCCESS[0m -> [36mIDLE[0m
[robot_decision-1] [1746695978.164]: Sequence                  [33mRUNNING[0m -> [32mSUCCESS[0m
[robot_decision-1] [1746695978.164]: Sequence                  [32mSUCCESS[0m -> [36mIDLE[0m
[robot_decision-1] [1746695978.164]: Fallback                  [33mRUNNING[0m -> [32mSUCCESS[0m
[robot_decision-1] [1746695978.164]: Fallback                  [32mSUCCESS[0m -> [36mIDLE[0m
[robot_decision-1] [1746695978.364]: Fallback                  [36mIDLE[0m -> [33mRUNNING[0m
[robot_decision-1] [1746695978.364]: Sequence                  [36mIDLE[0m -> [33mRUNNING[0m
[robot_decision-1] [1746695978.365]: RetryUntilSuccessful      [36mIDLE[0m -> [33mRUNNING[0m
[robot_decision-1] [INFO] [1746695978.364665519] [robot_decision]: [CheckIfHealth] amount of blood: 500
[robot_decision-1] [1746695978.365]: CheckIfHealth             [36mIDLE[0m -> [32mSUCCESS[0m
[robot_decision-1] [1746695978.365]: CheckIfHealth             [32mSUCCESS[0m -> [36mIDLE[0m
[robot_decision-1] [1746695978.365]: RetryUntilSuccessful      [33mRUNNING[0m -> [32mSUCCESS[0m
[robot_decision-1] [1746695978.365]: RetryUntilSuccessful      [36mIDLE[0m -> [33mRUNNING[0m
[robot_decision-1] [1746695978.365]: NavigateToPose            [36mIDLE[0m -> [33mRUNNING[0m
[robot_decision-1] Point key: 1 x:3 y:0.45
[robot_decision-1] onResultReceived: 4
[robot_decision-1] [1746695979.367]: NavigateToPose            [33mRUNNING[0m -> [32mSUCCESS[0m
[robot_decision-1] [1746695979.367]: NavigateToPose            [32mSUCCESS[0m -> [36mIDLE[0m
[robot_decision-1] [1746695979.367]: RetryUntilSuccessful      [33mRUNNING[0m -> [32mSUCCESS[0m
[robot_decision-1] [1746695979.367]: WaitNode                  [36mIDLE[0m -> [33mRUNNING[0m
[robot_decision-1] [INFO] [1746695979.367401880] [robot_decision]: Navigation Success!
[robot_decision-1] [1746695979.968]: WaitNode                  [33mRUNNING[0m -> [32mSUCCESS[0m
[robot_decision-1] [1746695979.968]: RetryUntilSuccessful      [32mSUCCESS[0m -> [36mIDLE[0m
[robot_decision-1] [1746695979.968]: RetryUntilSuccessful      [32mSUCCESS[0m -> [36mIDLE[0m
[robot_decision-1] [1746695979.968]: WaitNode                  [32mSUCCESS[0m -> [36mIDLE[0m
[robot_decision-1] [1746695979.968]: Sequence                  [33mRUNNING[0m -> [32mSUCCESS[0m
[robot_decision-1] [1746695979.968]: Sequence                  [32mSUCCESS[0m -> [36mIDLE[0m
[robot_decision-1] [1746695979.968]: Fallback                  [33mRUNNING[0m -> [32mSUCCESS[0m
[robot_decision-1] [1746695979.968]: Fallback                  [32mSUCCESS[0m -> [36mIDLE[0m
[robot_decision-1] [1746695980.168]: Fallback                  [36mIDLE[0m -> [33mRUNNING[0m
[robot_decision-1] [1746695980.168]: Sequence                  [36mIDLE[0m -> [33mRUNNING[0m
[robot_decision-1] [1746695980.168]: RetryUntilSuccessful      [36mIDLE[0m -> [33mRUNNING[0m
[robot_decision-1] [INFO] [1746695980.168525297] [robot_decision]: [CheckIfHealth] amount of blood: 500
[robot_decision-1] [1746695980.169]: CheckIfHealth             [36mIDLE[0m -> [32mSUCCESS[0m
[robot_decision-1] [1746695980.169]: CheckIfHealth             [32mSUCCESS[0m -> [36mIDLE[0m
[robot_decision-1] [1746695980.169]: RetryUntilSuccessful      [33mRUNNING[0m -> [32mSUCCESS[0m
[robot_decision-1] [1746695980.169]: RetryUntilSuccessful      [36mIDLE[0m -> [33mRUNNING[0m
[robot_decision-1] [1746695980.169]: NavigateToPose            [36mIDLE[0m -> [33mRUNNING[0m
[robot_decision-1] Point key: 1 x:3 y:0.45
[robot_decision-1] onResultReceived: 4
[robot_decision-1] [1746695981.172]: NavigateToPose            [33mRUNNING[0m -> [32mSUCCESS[0m
[robot_decision-1] [1746695981.172]: NavigateToPose            [32mSUCCESS[0m -> [36mIDLE[0m
[robot_decision-1] [1746695981.172]: RetryUntilSuccessful      [33mRUNNING[0m -> [32mSUCCESS[0m
[robot_decision-1] [1746695981.172]: WaitNode                  [36mIDLE[0m -> [33mRUNNING[0m
[robot_decision-1] [INFO] [1746695981.171696374] [robot_decision]: Navigation Success!
[robot_decision-1] [1746695981.772]: WaitNode                  [33mRUNNING[0m -> [32mSUCCESS[0m
[robot_decision-1] [1746695981.772]: RetryUntilSuccessful      [32mSUCCESS[0m -> [36mIDLE[0m
[robot_decision-1] [1746695981.773]: RetryUntilSuccessful      [32mSUCCESS[0m -> [36mIDLE[0m
[robot_decision-1] [1746695981.773]: WaitNode                  [32mSUCCESS[0m -> [36mIDLE[0m
[robot_decision-1] [1746695981.773]: Sequence                  [33mRUNNING[0m -> [32mSUCCESS[0m
[robot_decision-1] [1746695981.773]: Sequence                  [32mSUCCESS[0m -> [36mIDLE[0m
[robot_decision-1] [1746695981.773]: Fallback                  [33mRUNNING[0m -> [32mSUCCESS[0m
[robot_decision-1] [1746695981.773]: Fallback                  [32mSUCCESS[0m -> [36mIDLE[0m
[robot_decision-1] [1746695981.973]: Fallback                  [36mIDLE[0m -> [33mRUNNING[0m
[robot_decision-1] [1746695981.973]: Sequence                  [36mIDLE[0m -> [33mRUNNING[0m
[robot_decision-1] [1746695981.973]: RetryUntilSuccessful      [36mIDLE[0m -> [33mRUNNING[0m
[robot_decision-1] [1746695981.973]: CheckIfHealth             [36mIDLE[0m -> [32mSUCCESS[0m
[robot_decision-1] [1746695981.973]: CheckIfHealth             [32mSUCCESS[0m -> [36mIDLE[0m
[robot_decision-1] [1746695981.973]: RetryUntilSuccessful      [33mRUNNING[0m -> [32mSUCCESS[0m
[robot_decision-1] [1746695981.973]: RetryUntilSuccessful      [36mIDLE[0m -> [33mRUNNING[0m
[robot_decision-1] [1746695981.973]: NavigateToPose            [36mIDLE[0m -> [33mRUNNING[0m
[robot_decision-1] Point key: 1 x:3 y:0.45
[robot_decision-1] [INFO] [1746695981.972948391] [robot_decision]: [CheckIfHealth] amount of blood: 500
[robot_decision-1] onResultReceived: 4
[robot_decision-1] [1746695982.976]: NavigateToPose            [33mRUNNING[0m -> [32mSUCCESS[0m
[robot_decision-1] [1746695982.976]: NavigateToPose            [32mSUCCESS[0m -> [36mIDLE[0m
[robot_decision-1] [1746695982.976]: RetryUntilSuccessful      [33mRUNNING[0m -> [32mSUCCESS[0m
[robot_decision-1] [1746695982.976]: WaitNode                  [36mIDLE[0m -> [33mRUNNING[0m
[robot_decision-1] [INFO] [1746695982.976225064] [robot_decision]: Navigation Success!
[robot_decision-1] [1746695983.577]: WaitNode                  [33mRUNNING[0m -> [32mSUCCESS[0m
[robot_decision-1] [1746695983.577]: RetryUntilSuccessful      [32mSUCCESS[0m -> [36mIDLE[0m
[robot_decision-1] [1746695983.577]: RetryUntilSuccessful      [32mSUCCESS[0m -> [36mIDLE[0m
[robot_decision-1] [1746695983.577]: WaitNode                  [32mSUCCESS[0m -> [36mIDLE[0m
[robot_decision-1] [1746695983.577]: Sequence                  [33mRUNNING[0m -> [32mSUCCESS[0m
[robot_decision-1] [1746695983.577]: Sequence                  [32mSUCCESS[0m -> [36mIDLE[0m
[robot_decision-1] [1746695983.577]: Fallback                  [33mRUNNING[0m -> [32mSUCCESS[0m
[robot_decision-1] [1746695983.577]: Fallback                  [32mSUCCESS[0m -> [36mIDLE[0m
[robot_decision-1] [1746695983.777]: Fallback                  [36mIDLE[0m -> [33mRUNNING[0m
[robot_decision-1] [1746695983.777]: Sequence                  [36mIDLE[0m -> [33mRUNNING[0m
[robot_decision-1] [1746695983.777]: RetryUntilSuccessful      [36mIDLE[0m -> [33mRUNNING[0m
[robot_decision-1] [INFO] [1746695983.777582277] [robot_decision]: [CheckIfHealth] amount of blood: 500
[robot_decision-1] [1746695983.778]: CheckIfHealth             [36mIDLE[0m -> [32mSUCCESS[0m
[robot_decision-1] [1746695983.778]: CheckIfHealth             [32mSUCCESS[0m -> [36mIDLE[0m
[robot_decision-1] [1746695983.778]: RetryUntilSuccessful      [33mRUNNING[0m -> [32mSUCCESS[0m
[robot_decision-1] [1746695983.778]: RetryUntilSuccessful      [36mIDLE[0m -> [33mRUNNING[0m
[robot_decision-1] [1746695983.778]: NavigateToPose            [36mIDLE[0m -> [33mRUNNING[0m
[robot_decision-1] Point key: 1 x:3 y:0.45
[robot_decision-1] onResultReceived: 4
[robot_decision-1] [1746695984.781]: NavigateToPose            [33mRUNNING[0m -> [32mSUCCESS[0m
[robot_decision-1] [1746695984.781]: NavigateToPose            [32mSUCCESS[0m -> [36mIDLE[0m
[robot_decision-1] [1746695984.781]: RetryUntilSuccessful      [33mRUNNING[0m -> [32mSUCCESS[0m
[robot_decision-1] [1746695984.781]: WaitNode                  [36mIDLE[0m -> [33mRUNNING[0m
[robot_decision-1] [INFO] [1746695984.781242422] [robot_decision]: Navigation Success!
[robot_decision-1] [1746695985.382]: WaitNode                  [33mRUNNING[0m -> [32mSUCCESS[0m
[robot_decision-1] [1746695985.382]: RetryUntilSuccessful      [32mSUCCESS[0m -> [36mIDLE[0m
[robot_decision-1] [1746695985.382]: RetryUntilSuccessful      [32mSUCCESS[0m -> [36mIDLE[0m
[robot_decision-1] [1746695985.382]: WaitNode                  [32mSUCCESS[0m -> [36mIDLE[0m
[robot_decision-1] [1746695985.382]: Sequence                  [33mRUNNING[0m -> [32mSUCCESS[0m
[robot_decision-1] [1746695985.382]: Sequence                  [32mSUCCESS[0m -> [36mIDLE[0m
[robot_decision-1] [1746695985.382]: Fallback                  [33mRUNNING[0m -> [32mSUCCESS[0m
[robot_decision-1] [1746695985.382]: Fallback                  [32mSUCCESS[0m -> [36mIDLE[0m
[robot_decision-1] [1746695985.582]: Fallback                  [36mIDLE[0m -> [33mRUNNING[0m
[robot_decision-1] [1746695985.582]: Sequence                  [36mIDLE[0m -> [33mRUNNING[0m
[robot_decision-1] [1746695985.582]: RetryUntilSuccessful      [36mIDLE[0m -> [33mRUNNING[0m
[robot_decision-1] [INFO] [1746695985.582443077] [robot_decision]: [CheckIfHealth] amount of blood: 500
[robot_decision-1] [1746695985.583]: CheckIfHealth             [36mIDLE[0m -> [32mSUCCESS[0m
[robot_decision-1] [1746695985.583]: CheckIfHealth             [32mSUCCESS[0m -> [36mIDLE[0m
[robot_decision-1] [1746695985.583]: RetryUntilSuccessful      [33mRUNNING[0m -> [32mSUCCESS[0m
[robot_decision-1] [1746695985.583]: RetryUntilSuccessful      [36mIDLE[0m -> [33mRUNNING[0m
[robot_decision-1] [1746695985.583]: NavigateToPose            [36mIDLE[0m -> [33mRUNNING[0m
[robot_decision-1] Point key: 1 x:3 y:0.45
[robot_decision-1] onResultReceived: 4
[robot_decision-1] [1746695986.586]: NavigateToPose            [33mRUNNING[0m -> [32mSUCCESS[0m
[robot_decision-1] [1746695986.586]: NavigateToPose            [32mSUCCESS[0m -> [36mIDLE[0m
[robot_decision-1] [1746695986.586]: RetryUntilSuccessful      [33mRUNNING[0m -> [32mSUCCESS[0m
[robot_decision-1] [1746695986.586]: WaitNode                  [36mIDLE[0m -> [33mRUNNING[0m
[robot_decision-1] [INFO] [1746695986.586065491] [robot_decision]: Navigation Success!
[robot_decision-1] [1746695987.187]: WaitNode                  [33mRUNNING[0m -> [32mSUCCESS[0m
[robot_decision-1] [1746695987.187]: RetryUntilSuccessful      [32mSUCCESS[0m -> [36mIDLE[0m
[robot_decision-1] [1746695987.187]: RetryUntilSuccessful      [32mSUCCESS[0m -> [36mIDLE[0m
[robot_decision-1] [1746695987.187]: WaitNode                  [32mSUCCESS[0m -> [36mIDLE[0m
[robot_decision-1] [1746695987.187]: Sequence                  [33mRUNNING[0m -> [32mSUCCESS[0m
[robot_decision-1] [1746695987.187]: Sequence                  [32mSUCCESS[0m -> [36mIDLE[0m
[robot_decision-1] [1746695987.187]: Fallback                  [33mRUNNING[0m -> [32mSUCCESS[0m
[robot_decision-1] [1746695987.187]: Fallback                  [32mSUCCESS[0m -> [36mIDLE[0m
[robot_decision-1] [1746695987.387]: Fallback                  [36mIDLE[0m -> [33mRUNNING[0m
[robot_decision-1] [1746695987.387]: Sequence                  [36mIDLE[0m -> [33mRUNNING[0m
[robot_decision-1] [1746695987.387]: RetryUntilSuccessful      [36mIDLE[0m -> [33mRUNNING[0m
[robot_decision-1] [INFO] [1746695987.386931767] [robot_decision]: [CheckIfHealth] amount of blood: 500
[robot_decision-1] [1746695987.387]: CheckIfHealth             [36mIDLE[0m -> [32mSUCCESS[0m
[robot_decision-1] [1746695987.387]: CheckIfHealth             [32mSUCCESS[0m -> [36mIDLE[0m
[robot_decision-1] [1746695987.387]: RetryUntilSuccessful      [33mRUNNING[0m -> [32mSUCCESS[0m
[robot_decision-1] [1746695987.387]: RetryUntilSuccessful      [36mIDLE[0m -> [33mRUNNING[0m
[robot_decision-1] [1746695987.387]: NavigateToPose            [36mIDLE[0m -> [33mRUNNING[0m
[robot_decision-1] Point key: 1 x:3 y:0.45
[robot_decision-1] onResultReceived: 4
[robot_decision-1] [1746695988.389]: NavigateToPose            [33mRUNNING[0m -> [32mSUCCESS[0m
[robot_decision-1] [1746695988.389]: NavigateToPose            [32mSUCCESS[0m -> [36mIDLE[0m
[robot_decision-1] [1746695988.389]: RetryUntilSuccessful      [33mRUNNING[0m -> [32mSUCCESS[0m
[robot_decision-1] [1746695988.389]: WaitNode                  [36mIDLE[0m -> [33mRUNNING[0m
[robot_decision-1] [INFO] [1746695988.389300375] [robot_decision]: Navigation Success!
[robot_decision-1] [1746695988.990]: WaitNode                  [33mRUNNING[0m -> [32mSUCCESS[0m
[robot_decision-1] [1746695988.990]: RetryUntilSuccessful      [32mSUCCESS[0m -> [36mIDLE[0m
[robot_decision-1] [1746695988.990]: RetryUntilSuccessful      [32mSUCCESS[0m -> [36mIDLE[0m
[robot_decision-1] [1746695988.990]: WaitNode                  [32mSUCCESS[0m -> [36mIDLE[0m
[robot_decision-1] [1746695988.990]: Sequence                  [33mRUNNING[0m -> [32mSUCCESS[0m
[robot_decision-1] [1746695988.990]: Sequence                  [32mSUCCESS[0m -> [36mIDLE[0m
[robot_decision-1] [1746695988.990]: Fallback                  [33mRUNNING[0m -> [32mSUCCESS[0m
[robot_decision-1] [1746695988.990]: Fallback                  [32mSUCCESS[0m -> [36mIDLE[0m
[robot_decision-1] [1746695989.190]: Fallback                  [36mIDLE[0m -> [33mRUNNING[0m
[robot_decision-1] [1746695989.190]: Sequence                  [36mIDLE[0m -> [33mRUNNING[0m
[robot_decision-1] [1746695989.190]: RetryUntilSuccessful      [36mIDLE[0m -> [33mRUNNING[0m
[robot_decision-1] [INFO] [1746695989.190509931] [robot_decision]: [CheckIfHealth] amount of blood: 500
[robot_decision-1] [1746695989.191]: CheckIfHealth             [36mIDLE[0m -> [32mSUCCESS[0m
[robot_decision-1] [1746695989.191]: CheckIfHealth             [32mSUCCESS[0m -> [36mIDLE[0m
[robot_decision-1] [1746695989.191]: RetryUntilSuccessful      [33mRUNNING[0m -> [32mSUCCESS[0m
[robot_decision-1] [1746695989.191]: RetryUntilSuccessful      [36mIDLE[0m -> [33mRUNNING[0m
[robot_decision-1] [1746695989.191]: NavigateToPose            [36mIDLE[0m -> [33mRUNNING[0m
[robot_decision-1] Point key: 1 x:3 y:0.45
[robot_decision-1] onResultReceived: 4
[robot_decision-1] [1746695990.194]: NavigateToPose            [33mRUNNING[0m -> [32mSUCCESS[0m
[robot_decision-1] [1746695990.194]: NavigateToPose            [32mSUCCESS[0m -> [36mIDLE[0m
[robot_decision-1] [1746695990.194]: RetryUntilSuccessful      [33mRUNNING[0m -> [32mSUCCESS[0m
[robot_decision-1] [1746695990.194]: WaitNode                  [36mIDLE[0m -> [33mRUNNING[0m
[robot_decision-1] [INFO] [1746695990.193413201] [robot_decision]: Navigation Success!
[robot_decision-1] [1746695990.794]: WaitNode                  [33mRUNNING[0m -> [32mSUCCESS[0m
[robot_decision-1] [1746695990.794]: RetryUntilSuccessful      [32mSUCCESS[0m -> [36mIDLE[0m
[robot_decision-1] [1746695990.794]: RetryUntilSuccessful      [32mSUCCESS[0m -> [36mIDLE[0m
[robot_decision-1] [1746695990.794]: WaitNode                  [32mSUCCESS[0m -> [36mIDLE[0m
[robot_decision-1] [1746695990.794]: Sequence                  [33mRUNNING[0m -> [32mSUCCESS[0m
[robot_decision-1] [1746695990.794]: Sequence                  [32mSUCCESS[0m -> [36mIDLE[0m
[robot_decision-1] [1746695990.794]: Fallback                  [33mRUNNING[0m -> [32mSUCCESS[0m
[robot_decision-1] [1746695990.794]: Fallback                  [32mSUCCESS[0m -> [36mIDLE[0m
[robot_decision-1] [1746695990.994]: Fallback                  [36mIDLE[0m -> [33mRUNNING[0m
[robot_decision-1] [1746695990.994]: Sequence                  [36mIDLE[0m -> [33mRUNNING[0m
[robot_decision-1] [1746695990.994]: RetryUntilSuccessful      [36mIDLE[0m -> [33mRUNNING[0m
[robot_decision-1] [INFO] [1746695990.994668503] [robot_decision]: [CheckIfHealth] amount of blood: 500
[robot_decision-1] [1746695990.995]: CheckIfHealth             [36mIDLE[0m -> [32mSUCCESS[0m
[robot_decision-1] [1746695990.995]: CheckIfHealth             [32mSUCCESS[0m -> [36mIDLE[0m
[robot_decision-1] [1746695990.995]: RetryUntilSuccessful      [33mRUNNING[0m -> [32mSUCCESS[0m
[robot_decision-1] [1746695990.995]: RetryUntilSuccessful      [36mIDLE[0m -> [33mRUNNING[0m
[robot_decision-1] [1746695990.995]: NavigateToPose            [36mIDLE[0m -> [33mRUNNING[0m
[robot_decision-1] Point key: 1 x:3 y:0.45
[robot_decision-1] onResultReceived: 4
[robot_decision-1] [1746695991.998]: NavigateToPose            [33mRUNNING[0m -> [32mSUCCESS[0m
[robot_decision-1] [1746695991.998]: NavigateToPose            [32mSUCCESS[0m -> [36mIDLE[0m
[robot_decision-1] [1746695991.998]: RetryUntilSuccessful      [33mRUNNING[0m -> [32mSUCCESS[0m
[robot_decision-1] [1746695991.999]: WaitNode                  [36mIDLE[0m -> [33mRUNNING[0m
[robot_decision-1] [INFO] [1746695991.998377417] [robot_decision]: Navigation Success!
[robot_decision-1] [1746695992.599]: WaitNode                  [33mRUNNING[0m -> [32mSUCCESS[0m
[robot_decision-1] [1746695992.599]: RetryUntilSuccessful      [32mSUCCESS[0m -> [36mIDLE[0m
[robot_decision-1] [1746695992.599]: RetryUntilSuccessful      [32mSUCCESS[0m -> [36mIDLE[0m
[robot_decision-1] [1746695992.599]: WaitNode                  [32mSUCCESS[0m -> [36mIDLE[0m
[robot_decision-1] [1746695992.599]: Sequence                  [33mRUNNING[0m -> [32mSUCCESS[0m
[robot_decision-1] [1746695992.599]: Sequence                  [32mSUCCESS[0m -> [36mIDLE[0m
[robot_decision-1] [1746695992.599]: Fallback                  [33mRUNNING[0m -> [32mSUCCESS[0m
[robot_decision-1] [1746695992.599]: Fallback                  [32mSUCCESS[0m -> [36mIDLE[0m
[robot_decision-1] [1746695992.799]: Fallback                  [36mIDLE[0m -> [33mRUNNING[0m
[robot_decision-1] [1746695992.799]: Sequence                  [36mIDLE[0m -> [33mRUNNING[0m
[robot_decision-1] [1746695992.799]: RetryUntilSuccessful      [36mIDLE[0m -> [33mRUNNING[0m
[robot_decision-1] [INFO] [1746695992.799659030] [robot_decision]: [CheckIfHealth] amount of blood: 500
[robot_decision-1] [1746695992.800]: CheckIfHealth             [36mIDLE[0m -> [32mSUCCESS[0m
[robot_decision-1] [1746695992.800]: CheckIfHealth             [32mSUCCESS[0m -> [36mIDLE[0m
[robot_decision-1] [1746695992.800]: RetryUntilSuccessful      [33mRUNNING[0m -> [32mSUCCESS[0m
[robot_decision-1] [1746695992.800]: RetryUntilSuccessful      [36mIDLE[0m -> [33mRUNNING[0m
[robot_decision-1] [1746695992.800]: NavigateToPose            [36mIDLE[0m -> [33mRUNNING[0m
[robot_decision-1] Point key: 1 x:3 y:0.45
[robot_decision-1] onResultReceived: 4
[robot_decision-1] [1746695993.803]: NavigateToPose            [33mRUNNING[0m -> [32mSUCCESS[0m
[robot_decision-1] [1746695993.803]: NavigateToPose            [32mSUCCESS[0m -> [36mIDLE[0m
[robot_decision-1] [1746695993.803]: RetryUntilSuccessful      [33mRUNNING[0m -> [32mSUCCESS[0m
[robot_decision-1] [1746695993.803]: WaitNode                  [36mIDLE[0m -> [33mRUNNING[0m
[robot_decision-1] [INFO] [1746695993.802987939] [robot_decision]: Navigation Success!
[robot_decision-1] [1746695994.404]: WaitNode                  [33mRUNNING[0m -> [32mSUCCESS[0m
[robot_decision-1] [1746695994.404]: RetryUntilSuccessful      [32mSUCCESS[0m -> [36mIDLE[0m
[robot_decision-1] [1746695994.404]: RetryUntilSuccessful      [32mSUCCESS[0m -> [36mIDLE[0m
[robot_decision-1] [1746695994.404]: WaitNode                  [32mSUCCESS[0m -> [36mIDLE[0m
[robot_decision-1] [1746695994.404]: Sequence                  [33mRUNNING[0m -> [32mSUCCESS[0m
[robot_decision-1] [1746695994.404]: Sequence                  [32mSUCCESS[0m -> [36mIDLE[0m
[robot_decision-1] [1746695994.404]: Fallback                  [33mRUNNING[0m -> [32mSUCCESS[0m
[robot_decision-1] [1746695994.404]: Fallback                  [32mSUCCESS[0m -> [36mIDLE[0m
[robot_decision-1] [1746695994.604]: Fallback                  [36mIDLE[0m -> [33mRUNNING[0m
[robot_decision-1] [1746695994.604]: Sequence                  [36mIDLE[0m -> [33mRUNNING[0m
[robot_decision-1] [1746695994.604]: RetryUntilSuccessful      [36mIDLE[0m -> [33mRUNNING[0m
[robot_decision-1] [INFO] [1746695994.604418680] [robot_decision]: [CheckIfHealth] amount of blood: 500
[robot_decision-1] [1746695994.605]: CheckIfHealth             [36mIDLE[0m -> [32mSUCCESS[0m
[robot_decision-1] [1746695994.605]: CheckIfHealth             [32mSUCCESS[0m -> [36mIDLE[0m
[robot_decision-1] [1746695994.605]: RetryUntilSuccessful      [33mRUNNING[0m -> [32mSUCCESS[0m
[robot_decision-1] [1746695994.605]: RetryUntilSuccessful      [36mIDLE[0m -> [33mRUNNING[0m
[robot_decision-1] [1746695994.605]: NavigateToPose            [36mIDLE[0m -> [33mRUNNING[0m
[robot_decision-1] Point key: 1 x:3 y:0.45
[robot_decision-1] onResultReceived: 4
[robot_decision-1] [1746695995.607]: NavigateToPose            [33mRUNNING[0m -> [32mSUCCESS[0m
[robot_decision-1] [1746695995.607]: NavigateToPose            [32mSUCCESS[0m -> [36mIDLE[0m
[robot_decision-1] [1746695995.607]: RetryUntilSuccessful      [33mRUNNING[0m -> [32mSUCCESS[0m
[robot_decision-1] [1746695995.607]: WaitNode                  [36mIDLE[0m -> [33mRUNNING[0m
[robot_decision-1] [INFO] [1746695995.607223497] [robot_decision]: Navigation Success!
[robot_decision-1] [1746695996.208]: WaitNode                  [33mRUNNING[0m -> [32mSUCCESS[0m
[robot_decision-1] [1746695996.208]: RetryUntilSuccessful      [32mSUCCESS[0m -> [36mIDLE[0m
[robot_decision-1] [1746695996.208]: RetryUntilSuccessful      [32mSUCCESS[0m -> [36mIDLE[0m
[robot_decision-1] [1746695996.208]: WaitNode                  [32mSUCCESS[0m -> [36mIDLE[0m
[robot_decision-1] [1746695996.208]: Sequence                  [33mRUNNING[0m -> [32mSUCCESS[0m
[robot_decision-1] [1746695996.208]: Sequence                  [32mSUCCESS[0m -> [36mIDLE[0m
[robot_decision-1] [1746695996.208]: Fallback                  [33mRUNNING[0m -> [32mSUCCESS[0m
[robot_decision-1] [1746695996.208]: Fallback                  [32mSUCCESS[0m -> [36mIDLE[0m
[robot_decision-1] [1746695996.408]: Fallback                  [36mIDLE[0m -> [33mRUNNING[0m
[robot_decision-1] [1746695996.408]: Sequence                  [36mIDLE[0m -> [33mRUNNING[0m
[robot_decision-1] [1746695996.408]: RetryUntilSuccessful      [36mIDLE[0m -> [33mRUNNING[0m
[robot_decision-1] [INFO] [1746695996.408691299] [robot_decision]: [CheckIfHealth] amount of blood: 500
[robot_decision-1] [1746695996.409]: CheckIfHealth             [36mIDLE[0m -> [32mSUCCESS[0m
[robot_decision-1] [1746695996.409]: CheckIfHealth             [32mSUCCESS[0m -> [36mIDLE[0m
[robot_decision-1] [1746695996.409]: RetryUntilSuccessful      [33mRUNNING[0m -> [32mSUCCESS[0m
[robot_decision-1] [1746695996.409]: RetryUntilSuccessful      [36mIDLE[0m -> [33mRUNNING[0m
[robot_decision-1] [1746695996.409]: NavigateToPose            [36mIDLE[0m -> [33mRUNNING[0m
[robot_decision-1] Point key: 1 x:3 y:0.45
[robot_decision-1] onResultReceived: 4
[robot_decision-1] [1746695997.412]: NavigateToPose            [33mRUNNING[0m -> [32mSUCCESS[0m
[robot_decision-1] [1746695997.412]: NavigateToPose            [32mSUCCESS[0m -> [36mIDLE[0m
[robot_decision-1] [1746695997.412]: RetryUntilSuccessful      [33mRUNNING[0m -> [32mSUCCESS[0m
[robot_decision-1] [1746695997.412]: WaitNode                  [36mIDLE[0m -> [33mRUNNING[0m
[robot_decision-1] [INFO] [1746695997.412067146] [robot_decision]: Navigation Success!
[robot_decision-1] [1746695998.014]: WaitNode                  [33mRUNNING[0m -> [32mSUCCESS[0m
[robot_decision-1] [1746695998.014]: RetryUntilSuccessful      [32mSUCCESS[0m -> [36mIDLE[0m
[robot_decision-1] [1746695998.014]: RetryUntilSuccessful      [32mSUCCESS[0m -> [36mIDLE[0m
[robot_decision-1] [1746695998.014]: WaitNode                  [32mSUCCESS[0m -> [36mIDLE[0m
[robot_decision-1] [1746695998.014]: Sequence                  [33mRUNNING[0m -> [32mSUCCESS[0m
[robot_decision-1] [1746695998.014]: Sequence                  [32mSUCCESS[0m -> [36mIDLE[0m
[robot_decision-1] [1746695998.014]: Fallback                  [33mRUNNING[0m -> [32mSUCCESS[0m
[robot_decision-1] [1746695998.014]: Fallback                  [32mSUCCESS[0m -> [36mIDLE[0m
[robot_decision-1] [1746695998.214]: Fallback                  [36mIDLE[0m -> [33mRUNNING[0m
[robot_decision-1] [1746695998.214]: Sequence                  [36mIDLE[0m -> [33mRUNNING[0m
[robot_decision-1] [1746695998.214]: RetryUntilSuccessful      [36mIDLE[0m -> [33mRUNNING[0m
[robot_decision-1] [INFO] [1746695998.214573406] [robot_decision]: [CheckIfHealth] amount of blood: 500
[robot_decision-1] [1746695998.215]: CheckIfHealth             [36mIDLE[0m -> [32mSUCCESS[0m
[robot_decision-1] [1746695998.215]: CheckIfHealth             [32mSUCCESS[0m -> [36mIDLE[0m
[robot_decision-1] [1746695998.215]: RetryUntilSuccessful      [33mRUNNING[0m -> [32mSUCCESS[0m
[robot_decision-1] [1746695998.215]: RetryUntilSuccessful      [36mIDLE[0m -> [33mRUNNING[0m
[robot_decision-1] [1746695998.215]: NavigateToPose            [36mIDLE[0m -> [33mRUNNING[0m
[robot_decision-1] Point key: 1 x:3 y:0.45
[robot_decision-1] onResultReceived: 4
[robot_decision-1] [1746695999.218]: NavigateToPose            [33mRUNNING[0m -> [32mSUCCESS[0m
[robot_decision-1] [1746695999.218]: NavigateToPose            [32mSUCCESS[0m -> [36mIDLE[0m
[robot_decision-1] [1746695999.218]: RetryUntilSuccessful      [33mRUNNING[0m -> [32mSUCCESS[0m
[robot_decision-1] [1746695999.218]: WaitNode                  [36mIDLE[0m -> [33mRUNNING[0m
[robot_decision-1] [INFO] [1746695999.217485513] [robot_decision]: Navigation Success!
[robot_decision-1] [1746695999.819]: WaitNode                  [33mRUNNING[0m -> [32mSUCCESS[0m
[robot_decision-1] [1746695999.819]: RetryUntilSuccessful      [32mSUCCESS[0m -> [36mIDLE[0m
[robot_decision-1] [1746695999.819]: RetryUntilSuccessful      [32mSUCCESS[0m -> [36mIDLE[0m
[robot_decision-1] [1746695999.819]: WaitNode                  [32mSUCCESS[0m -> [36mIDLE[0m
[robot_decision-1] [1746695999.819]: Sequence                  [33mRUNNING[0m -> [32mSUCCESS[0m
[robot_decision-1] [1746695999.819]: Sequence                  [32mSUCCESS[0m -> [36mIDLE[0m
[robot_decision-1] [1746695999.819]: Fallback                  [33mRUNNING[0m -> [32mSUCCESS[0m
[robot_decision-1] [1746695999.819]: Fallback                  [32mSUCCESS[0m -> [36mIDLE[0m
[robot_decision-1] [1746696000.019]: Fallback                  [36mIDLE[0m -> [33mRUNNING[0m
[robot_decision-1] [1746696000.019]: Sequence                  [36mIDLE[0m -> [33mRUNNING[0m
[robot_decision-1] [1746696000.019]: RetryUntilSuccessful      [36mIDLE[0m -> [33mRUNNING[0m
[robot_decision-1] [INFO] [1746696000.019360645] [robot_decision]: [CheckIfHealth] amount of blood: 500
[robot_decision-1] [1746696000.020]: CheckIfHealth             [36mIDLE[0m -> [32mSUCCESS[0m
[robot_decision-1] [1746696000.020]: CheckIfHealth             [32mSUCCESS[0m -> [36mIDLE[0m
[robot_decision-1] [1746696000.020]: RetryUntilSuccessful      [33mRUNNING[0m -> [32mSUCCESS[0m
[robot_decision-1] [1746696000.020]: RetryUntilSuccessful      [36mIDLE[0m -> [33mRUNNING[0m
[robot_decision-1] [1746696000.020]: NavigateToPose            [36mIDLE[0m -> [33mRUNNING[0m
[robot_decision-1] Point key: 1 x:3 y:0.45
[robot_decision-1] onResultReceived: 4
[robot_decision-1] [1746696001.024]: NavigateToPose            [33mRUNNING[0m -> [32mSUCCESS[0m
[robot_decision-1] [1746696001.024]: NavigateToPose            [32mSUCCESS[0m -> [36mIDLE[0m
[robot_decision-1] [1746696001.024]: RetryUntilSuccessful      [33mRUNNING[0m -> [32mSUCCESS[0m
[robot_decision-1] [1746696001.024]: WaitNode                  [36mIDLE[0m -> [33mRUNNING[0m
[robot_decision-1] [INFO] [1746696001.023530103] [robot_decision]: Navigation Success!
[robot_decision-1] [1746696001.624]: WaitNode                  [33mRUNNING[0m -> [32mSUCCESS[0m
[robot_decision-1] [1746696001.624]: RetryUntilSuccessful      [32mSUCCESS[0m -> [36mIDLE[0m
[robot_decision-1] [1746696001.624]: RetryUntilSuccessful      [32mSUCCESS[0m -> [36mIDLE[0m
[robot_decision-1] [1746696001.624]: WaitNode                  [32mSUCCESS[0m -> [36mIDLE[0m
[robot_decision-1] [1746696001.624]: Sequence                  [33mRUNNING[0m -> [32mSUCCESS[0m
[robot_decision-1] [1746696001.624]: Sequence                  [32mSUCCESS[0m -> [36mIDLE[0m
[robot_decision-1] [1746696001.624]: Fallback                  [33mRUNNING[0m -> [32mSUCCESS[0m
[robot_decision-1] [1746696001.624]: Fallback                  [32mSUCCESS[0m -> [36mIDLE[0m
[robot_decision-1] [1746696001.824]: Fallback                  [36mIDLE[0m -> [33mRUNNING[0m
[robot_decision-1] [1746696001.824]: Sequence                  [36mIDLE[0m -> [33mRUNNING[0m
[robot_decision-1] [1746696001.824]: RetryUntilSuccessful      [36mIDLE[0m -> [33mRUNNING[0m
[robot_decision-1] [INFO] [1746696001.824746855] [robot_decision]: [CheckIfHealth] amount of blood: 500
[robot_decision-1] [1746696001.825]: CheckIfHealth             [36mIDLE[0m -> [32mSUCCESS[0m
[robot_decision-1] [1746696001.825]: CheckIfHealth             [32mSUCCESS[0m -> [36mIDLE[0m
[robot_decision-1] [1746696001.825]: RetryUntilSuccessful      [33mRUNNING[0m -> [32mSUCCESS[0m
[robot_decision-1] [1746696001.825]: RetryUntilSuccessful      [36mIDLE[0m -> [33mRUNNING[0m
[robot_decision-1] [1746696001.825]: NavigateToPose            [36mIDLE[0m -> [33mRUNNING[0m
[robot_decision-1] Point key: 1 x:3 y:0.45
[robot_decision-1] onResultReceived: 4
[robot_decision-1] [1746696002.829]: NavigateToPose            [33mRUNNING[0m -> [32mSUCCESS[0m
[robot_decision-1] [1746696002.829]: NavigateToPose            [32mSUCCESS[0m -> [36mIDLE[0m
[robot_decision-1] [1746696002.829]: RetryUntilSuccessful      [33mRUNNING[0m -> [32mSUCCESS[0m
[robot_decision-1] [1746696002.829]: WaitNode                  [36mIDLE[0m -> [33mRUNNING[0m
[robot_decision-1] [INFO] [1746696002.828318686] [robot_decision]: Navigation Success!
[robot_decision-1] [1746696003.429]: WaitNode                  [33mRUNNING[0m -> [32mSUCCESS[0m
[robot_decision-1] [1746696003.429]: RetryUntilSuccessful      [32mSUCCESS[0m -> [36mIDLE[0m
[robot_decision-1] [1746696003.429]: RetryUntilSuccessful      [32mSUCCESS[0m -> [36mIDLE[0m
[robot_decision-1] [1746696003.429]: WaitNode                  [32mSUCCESS[0m -> [36mIDLE[0m
[robot_decision-1] [1746696003.429]: Sequence                  [33mRUNNING[0m -> [32mSUCCESS[0m
[robot_decision-1] [1746696003.429]: Sequence                  [32mSUCCESS[0m -> [36mIDLE[0m
[robot_decision-1] [1746696003.429]: Fallback                  [33mRUNNING[0m -> [32mSUCCESS[0m
[robot_decision-1] [1746696003.429]: Fallback                  [32mSUCCESS[0m -> [36mIDLE[0m
[robot_decision-1] [1746696003.629]: Fallback                  [36mIDLE[0m -> [33mRUNNING[0m
[robot_decision-1] [1746696003.629]: Sequence                  [36mIDLE[0m -> [33mRUNNING[0m
[robot_decision-1] [1746696003.629]: RetryUntilSuccessful      [36mIDLE[0m -> [33mRUNNING[0m
[robot_decision-1] [INFO] [1746696003.629574893] [robot_decision]: [CheckIfHealth] amount of blood: 500
[robot_decision-1] [1746696003.630]: CheckIfHealth             [36mIDLE[0m -> [32mSUCCESS[0m
[robot_decision-1] [1746696003.630]: CheckIfHealth             [32mSUCCESS[0m -> [36mIDLE[0m
[robot_decision-1] [1746696003.630]: RetryUntilSuccessful      [33mRUNNING[0m -> [32mSUCCESS[0m
[robot_decision-1] [1746696003.630]: RetryUntilSuccessful      [36mIDLE[0m -> [33mRUNNING[0m
[robot_decision-1] [1746696003.630]: NavigateToPose            [36mIDLE[0m -> [33mRUNNING[0m
[robot_decision-1] Point key: 1 x:3 y:0.45
[robot_decision-1] onResultReceived: 4
[robot_decision-1] [1746696004.633]: NavigateToPose            [33mRUNNING[0m -> [32mSUCCESS[0m
[robot_decision-1] [1746696004.633]: NavigateToPose            [32mSUCCESS[0m -> [36mIDLE[0m
[robot_decision-1] [1746696004.633]: RetryUntilSuccessful      [33mRUNNING[0m -> [32mSUCCESS[0m
[robot_decision-1] [1746696004.633]: WaitNode                  [36mIDLE[0m -> [33mRUNNING[0m
[robot_decision-1] [INFO] [1746696004.632745459] [robot_decision]: Navigation Success!
[robot_decision-1] [1746696005.233]: WaitNode                  [33mRUNNING[0m -> [32mSUCCESS[0m
[robot_decision-1] [1746696005.233]: RetryUntilSuccessful      [32mSUCCESS[0m -> [36mIDLE[0m
[robot_decision-1] [1746696005.233]: RetryUntilSuccessful      [32mSUCCESS[0m -> [36mIDLE[0m
[robot_decision-1] [1746696005.233]: WaitNode                  [32mSUCCESS[0m -> [36mIDLE[0m
[robot_decision-1] [1746696005.233]: Sequence                  [33mRUNNING[0m -> [32mSUCCESS[0m
[robot_decision-1] [1746696005.233]: Sequence                  [32mSUCCESS[0m -> [36mIDLE[0m
[robot_decision-1] [1746696005.233]: Fallback                  [33mRUNNING[0m -> [32mSUCCESS[0m
[robot_decision-1] [1746696005.233]: Fallback                  [32mSUCCESS[0m -> [36mIDLE[0m
[robot_decision-1] [1746696005.434]: Fallback                  [36mIDLE[0m -> [33mRUNNING[0m
[robot_decision-1] [1746696005.434]: Sequence                  [36mIDLE[0m -> [33mRUNNING[0m
[robot_decision-1] [1746696005.434]: RetryUntilSuccessful      [36mIDLE[0m -> [33mRUNNING[0m
[robot_decision-1] [INFO] [1746696005.433887687] [robot_decision]: [CheckIfHealth] amount of blood: 500
[robot_decision-1] [1746696005.434]: CheckIfHealth             [36mIDLE[0m -> [32mSUCCESS[0m
[robot_decision-1] [1746696005.434]: CheckIfHealth             [32mSUCCESS[0m -> [36mIDLE[0m
[robot_decision-1] [1746696005.434]: RetryUntilSuccessful      [33mRUNNING[0m -> [32mSUCCESS[0m
[robot_decision-1] [1746696005.434]: RetryUntilSuccessful      [36mIDLE[0m -> [33mRUNNING[0m
[robot_decision-1] [1746696005.434]: NavigateToPose            [36mIDLE[0m -> [33mRUNNING[0m
[robot_decision-1] Point key: 1 x:3 y:0.45
[robot_decision-1] onResultReceived: 4
[robot_decision-1] [1746696006.437]: NavigateToPose            [33mRUNNING[0m -> [32mSUCCESS[0m
[robot_decision-1] [1746696006.438]: NavigateToPose            [32mSUCCESS[0m -> [36mIDLE[0m
[robot_decision-1] [1746696006.438]: RetryUntilSuccessful      [33mRUNNING[0m -> [32mSUCCESS[0m
[robot_decision-1] [1746696006.438]: WaitNode                  [36mIDLE[0m -> [33mRUNNING[0m
[robot_decision-1] [INFO] [1746696006.437340268] [robot_decision]: Navigation Success!
[robot_decision-1] [1746696007.038]: WaitNode                  [33mRUNNING[0m -> [32mSUCCESS[0m
[robot_decision-1] [1746696007.038]: RetryUntilSuccessful      [32mSUCCESS[0m -> [36mIDLE[0m
[robot_decision-1] [1746696007.038]: RetryUntilSuccessful      [32mSUCCESS[0m -> [36mIDLE[0m
[robot_decision-1] [1746696007.038]: WaitNode                  [32mSUCCESS[0m -> [36mIDLE[0m
[robot_decision-1] [1746696007.038]: Sequence                  [33mRUNNING[0m -> [32mSUCCESS[0m
[robot_decision-1] [1746696007.038]: Sequence                  [32mSUCCESS[0m -> [36mIDLE[0m
[robot_decision-1] [1746696007.038]: Fallback                  [33mRUNNING[0m -> [32mSUCCESS[0m
[robot_decision-1] [1746696007.038]: Fallback                  [32mSUCCESS[0m -> [36mIDLE[0m
[robot_decision-1] [1746696007.238]: Fallback                  [36mIDLE[0m -> [33mRUNNING[0m
[robot_decision-1] [1746696007.239]: Sequence                  [36mIDLE[0m -> [33mRUNNING[0m
[robot_decision-1] [1746696007.239]: RetryUntilSuccessful      [36mIDLE[0m -> [33mRUNNING[0m
[robot_decision-1] [INFO] [1746696007.238843789] [robot_decision]: [CheckIfHealth] amount of blood: 500
[robot_decision-1] [1746696007.239]: CheckIfHealth             [36mIDLE[0m -> [32mSUCCESS[0m
[robot_decision-1] [1746696007.239]: CheckIfHealth             [32mSUCCESS[0m -> [36mIDLE[0m
[robot_decision-1] [1746696007.239]: RetryUntilSuccessful      [33mRUNNING[0m -> [32mSUCCESS[0m
[robot_decision-1] [1746696007.239]: RetryUntilSuccessful      [36mIDLE[0m -> [33mRUNNING[0m
[robot_decision-1] [1746696007.239]: NavigateToPose            [36mIDLE[0m -> [33mRUNNING[0m
[robot_decision-1] Point key: 1 x:3 y:0.45
[robot_decision-1] onResultReceived: 4
[robot_decision-1] [INFO] [1746696008.242189690] [robot_decision]: Navigation Success!
[robot_decision-1] [1746696008.242]: NavigateToPose            [33mRUNNING[0m -> [32mSUCCESS[0m
[robot_decision-1] [1746696008.242]: NavigateToPose            [32mSUCCESS[0m -> [36mIDLE[0m
[robot_decision-1] [1746696008.242]: RetryUntilSuccessful      [33mRUNNING[0m -> [32mSUCCESS[0m
[robot_decision-1] [1746696008.243]: WaitNode                  [36mIDLE[0m -> [33mRUNNING[0m
[robot_decision-1] [1746696008.843]: WaitNode                  [33mRUNNING[0m -> [32mSUCCESS[0m
[robot_decision-1] [1746696008.843]: RetryUntilSuccessful      [32mSUCCESS[0m -> [36mIDLE[0m
[robot_decision-1] [1746696008.843]: RetryUntilSuccessful      [32mSUCCESS[0m -> [36mIDLE[0m
[robot_decision-1] [1746696008.843]: WaitNode                  [32mSUCCESS[0m -> [36mIDLE[0m
[robot_decision-1] [1746696008.843]: Sequence                  [33mRUNNING[0m -> [32mSUCCESS[0m
[robot_decision-1] [1746696008.843]: Sequence                  [32mSUCCESS[0m -> [36mIDLE[0m
[robot_decision-1] [1746696008.843]: Fallback                  [33mRUNNING[0m -> [32mSUCCESS[0m
[robot_decision-1] [1746696008.843]: Fallback                  [32mSUCCESS[0m -> [36mIDLE[0m
[robot_decision-1] [1746696009.043]: Fallback                  [36mIDLE[0m -> [33mRUNNING[0m
[robot_decision-1] [1746696009.043]: Sequence                  [36mIDLE[0m -> [33mRUNNING[0m
[robot_decision-1] [1746696009.043]: RetryUntilSuccessful      [36mIDLE[0m -> [33mRUNNING[0m
[robot_decision-1] [INFO] [1746696009.043467415] [robot_decision]: [CheckIfHealth] amount of blood: 500
[robot_decision-1] [1746696009.044]: CheckIfHealth             [36mIDLE[0m -> [32mSUCCESS[0m
[robot_decision-1] [1746696009.044]: CheckIfHealth             [32mSUCCESS[0m -> [36mIDLE[0m
[robot_decision-1] [1746696009.044]: RetryUntilSuccessful      [33mRUNNING[0m -> [32mSUCCESS[0m
[robot_decision-1] [1746696009.044]: RetryUntilSuccessful      [36mIDLE[0m -> [33mRUNNING[0m
[robot_decision-1] [1746696009.044]: NavigateToPose            [36mIDLE[0m -> [33mRUNNING[0m
[robot_decision-1] Point key: 1 x:3 y:0.45
