[INFO] [launch]: All log files can be found below /home/aurora/.ros/log/2025-05-09-19-42-57-237356-aurora-2279596
[INFO] [launch]: Default logging verbosity is set to INFO
[INFO] [robot_decision-1]: process started with pid [2279652]
[robot_decision-1] [WARN] [1746790977.509596592] [rcl.logging_rosout]: Publisher already registered for provided node name. If this is due to multiple nodes with the same name then all logs for that logger name will go out over the existing publisher. As soon as any node with that name is destructed it will unregister the publisher, preventing any further logs for that name from being published on the rosout topic.
[robot_decision-1] [WARN] [1746790977.542128861] [rcl.logging_rosout]: Publisher already registered for provided node name. If this is due to multiple nodes with the same name then all logs for that logger name will go out over the existing publisher. As soon as any node with that name is destructed it will unregister the publisher, preventing any further logs for that name from being published on the rosout topic.
[robot_decision-1] [WARN] [1746790977.601983602] [rcl.logging_rosout]: Publisher already registered for provided node name. If this is due to multiple nodes with the same name then all logs for that logger name will go out over the existing publisher. As soon as any node with that name is destructed it will unregister the publisher, preventing any further logs for that name from being published on the rosout topic.
[robot_decision-1] [WARN] [1746790977.663915217] [rcl.logging_rosout]: Publisher already registered for provided node name. If this is due to multiple nodes with the same name then all logs for that logger name will go out over the existing publisher. As soon as any node with that name is destructed it will unregister the publisher, preventing any further logs for that name from being published on the rosout topic.
[robot_decision-1] [INFO] [1746790977.727553547] [robot_decision]: Node [IfHealthSub] created Subscriber to topic [ifhealth]
[robot_decision-1] [INFO] [1746790977.730975965] [robot_decision]: Node [OurOutpostSub] created Subscriber to topic [our_outpost_health]
[robot_decision-1] [INFO] [1746790977.738296981] [robot_decision]: Node [EnemyOutpostSub] created Subscriber to topic [enemy_outpost_health]
[robot_decision-1] [INFO] [1746790977.857021309] [robot_decision]: Loading points from: /home/aurora/pnx_decision/install/robot_decision/share/robot_decision/behavior_trees/RMUC_point.yaml
[robot_decision-1] [INFO] [1746790977.857546834] [robot_decision]: Points loaded successfully
[robot_decision-1] [INFO] [1746790977.858313250] [robot_decision]: Loading points from: /home/aurora/pnx_decision/install/robot_decision/share/robot_decision/behavior_trees/RMUC_point.yaml
[robot_decision-1] [INFO] [1746790977.858621450] [robot_decision]: Points loaded successfully
[robot_decision-1] [INFO] [1746790977.859070038] [robot_decision]: Loading points from: /home/aurora/pnx_decision/install/robot_decision/share/robot_decision/behavior_trees/RMUC_point.yaml
[robot_decision-1] [INFO] [1746790977.859338862] [robot_decision]: Points loaded successfully
[robot_decision-1] [INFO] [1746790977.859687650] [robot_decision]: Loading points from: /home/aurora/pnx_decision/install/robot_decision/share/robot_decision/behavior_trees/RMUC_point.yaml
[robot_decision-1] [INFO] [1746790977.859955582] [robot_decision]: Points loaded successfully
[robot_decision-1] [1746790977.860]: ActionSequence            [36mIDLE[0m -> [33mRUNNING[0m
[robot_decision-1] [1746790977.861]: Inverter                  [36mIDLE[0m -> [33mRUNNING[0m
[robot_decision-1] [1746790977.861]: Subscribers               [36mIDLE[0m -> [33mRUNNING[0m
[robot_decision-1] [INFO] [1746790977.860812622] [robot_decision]: [IfHealthSub] health value: 500
[robot_decision-1] [1746790977.861]: IfHealthSub               [36mIDLE[0m -> [32mSUCCESS[0m
[robot_decision-1] [1746790977.861]: OurOutpostSub             [36mIDLE[0m -> [32mSUCCESS[0m
[robot_decision-1] [1746790977.861]: EnemyOutpostSub           [36mIDLE[0m -> [32mSUCCESS[0m
[robot_decision-1] [1746790977.861]: IfHealthSub               [32mSUCCESS[0m -> [36mIDLE[0m
[robot_decision-1] [1746790977.861]: OurOutpostSub             [32mSUCCESS[0m -> [36mIDLE[0m
[robot_decision-1] [1746790977.861]: EnemyOutpostSub           [32mSUCCESS[0m -> [36mIDLE[0m
[robot_decision-1] [1746790977.861]: Subscribers               [33mRUNNING[0m -> [32mSUCCESS[0m
[robot_decision-1] [1746790977.861]: Subscribers               [32mSUCCESS[0m -> [36mIDLE[0m
[robot_decision-1] [1746790977.861]: Inverter                  [33mRUNNING[0m -> [31mFAILURE[0m
[robot_decision-1] [1746790977.861]: HealthCheck               [36mIDLE[0m -> [33mRUNNING[0m
[robot_decision-1] [1746790977.861]: CheckIfHealth             [36mIDLE[0m -> [31mFAILURE[0m
[robot_decision-1] [1746790977.861]: CheckIfHealth             [31mFAILURE[0m -> [36mIDLE[0m
[robot_decision-1] [1746790977.861]: HealthCheck               [33mRUNNING[0m -> [31mFAILURE[0m
[robot_decision-1] [1746790977.861]: BaseStatusLogic           [36mIDLE[0m -> [33mRUNNING[0m
[robot_decision-1] [1746790977.861]: OurOutpostDead            [36mIDLE[0m -> [33mRUNNING[0m
[robot_decision-1] [1746790977.861]: CheckIfHealth             [36mIDLE[0m -> [32mSUCCESS[0m
[robot_decision-1] [1746790977.861]: IsOurOutpostDead          [36mIDLE[0m -> [31mFAILURE[0m
[robot_decision-1] [1746790977.861]: CheckIfHealth             [32mSUCCESS[0m -> [36mIDLE[0m
[robot_decision-1] [1746790977.861]: IsOurOutpostDead          [31mFAILURE[0m -> [36mIDLE[0m
[robot_decision-1] [1746790977.861]: OurOutpostDead            [33mRUNNING[0m -> [31mFAILURE[0m
[robot_decision-1] [1746790977.861]: EnemyOutpostDead          [36mIDLE[0m -> [33mRUNNING[0m
[robot_decision-1] [1746790977.861]: CheckIfHealth             [36mIDLE[0m -> [32mSUCCESS[0m
[robot_decision-1] [1746790977.861]: IsEnemyOutpostDead        [36mIDLE[0m -> [31mFAILURE[0m
[robot_decision-1] [1746790977.861]: CheckIfHealth             [32mSUCCESS[0m -> [36mIDLE[0m
[robot_decision-1] [1746790977.861]: IsEnemyOutpostDead        [31mFAILURE[0m -> [36mIDLE[0m
[robot_decision-1] [1746790977.861]: EnemyOutpostDead          [33mRUNNING[0m -> [31mFAILURE[0m
[robot_decision-1] [1746790977.861]: BothOutpostAlive          [36mIDLE[0m -> [33mRUNNING[0m
[robot_decision-1] [1746790977.861]: CheckIfHealth             [36mIDLE[0m -> [32mSUCCESS[0m
[robot_decision-1] [1746790977.861]: RetryUntilSuccessful      [36mIDLE[0m -> [33mRUNNING[0m
[robot_decision-1] [1746790977.861]: Sequence                  [36mIDLE[0m -> [33mRUNNING[0m
[robot_decision-1] [1746790977.861]: WaitNode                  [36mIDLE[0m -> [33mRUNNING[0m
[robot_decision-1] [1746790977.861]: Inverter                  [31mFAILURE[0m -> [36mIDLE[0m
[robot_decision-1] [1746790977.861]: HealthCheck               [31mFAILURE[0m -> [36mIDLE[0m
[robot_decision-1] [INFO] [1746790977.860944174] [robot_decision]: [OurOutpostSub] our outpost health value: 1500
[robot_decision-1] [INFO] [1746790977.861022904] [robot_decision]: [EnemyOutpostSub] enemy outpost health value: 1500
[robot_decision-1] [INFO] [1746790977.861154205] [IfHealth]: [CheckIfHealth] amount of blood: 500
[robot_decision-1] [INFO] [1746790977.861181327] [CheckOutposet]: [IsOurOutpostDead] Our outpost health: 1500 (alive)
[robot_decision-1] [INFO] [1746790977.861225071] [IfHealth]: [CheckIfHealth] amount of blood: 500
[robot_decision-1] [INFO] [1746790977.861248786] [CheckEnemyposet]: [IsEnemyOutpostDead] Enemy outpost health: 1500 (alive)
[robot_decision-1] [INFO] [1746790977.861290516] [IfHealth]: [CheckIfHealth] amount of blood: 500
[robot_decision-1] --- status: RUNNING
[robot_decision-1] 
[robot_decision-1] [1746790978.362]: Inverter                  [36mIDLE[0m -> [33mRUNNING[0m
[robot_decision-1] [1746790978.362]: Subscribers               [36mIDLE[0m -> [33mRUNNING[0m
[robot_decision-1] [INFO] [1746790978.362293968] [robot_decision]: [IfHealthSub] health value: 500
[robot_decision-1] [INFO] [1746790978.362666330] [robot_decision]: [OurOutpostSub] our outpost health value: 1500
[robot_decision-1] [INFO] [1746790978.362816798] [robot_decision]: [EnemyOutpostSub] enemy outpost health value: 1500
[robot_decision-1] [1746790978.363]: IfHealthSub               [36mIDLE[0m -> [32mSUCCESS[0m
[robot_decision-1] [1746790978.363]: OurOutpostSub             [36mIDLE[0m -> [32mSUCCESS[0m
[robot_decision-1] [1746790978.363]: EnemyOutpostSub           [36mIDLE[0m -> [32mSUCCESS[0m
[robot_decision-1] [1746790978.363]: IfHealthSub               [32mSUCCESS[0m -> [36mIDLE[0m
[robot_decision-1] [1746790978.363]: OurOutpostSub             [32mSUCCESS[0m -> [36mIDLE[0m
[robot_decision-1] [1746790978.363]: EnemyOutpostSub           [32mSUCCESS[0m -> [36mIDLE[0m
[robot_decision-1] [1746790978.363]: Subscribers               [33mRUNNING[0m -> [32mSUCCESS[0m
[robot_decision-1] [1746790978.363]: Subscribers               [32mSUCCESS[0m -> [36mIDLE[0m
[robot_decision-1] [1746790978.363]: Inverter                  [33mRUNNING[0m -> [31mFAILURE[0m
[robot_decision-1] [1746790978.363]: HealthCheck               [36mIDLE[0m -> [33mRUNNING[0m
[robot_decision-1] [1746790978.363]: CheckIfHealth             [36mIDLE[0m -> [31mFAILURE[0m
[robot_decision-1] [1746790978.363]: CheckIfHealth             [31mFAILURE[0m -> [36mIDLE[0m
[robot_decision-1] [1746790978.363]: HealthCheck               [33mRUNNING[0m -> [31mFAILURE[0m
[robot_decision-1] [1746790978.363]: WaitNode                  [33mRUNNING[0m -> [32mSUCCESS[0m
[robot_decision-1] [1746790978.363]: NavigateToPose            [36mIDLE[0m -> [33mRUNNING[0m
[robot_decision-1] Point key: 1 x:3 y:0.45
[robot_decision-1] [1746790978.365]: Inverter                  [31mFAILURE[0m -> [36mIDLE[0m
[robot_decision-1] [1746790978.365]: HealthCheck               [31mFAILURE[0m -> [36mIDLE[0m
[robot_decision-1] [1746790978.865]: Inverter                  [36mIDLE[0m -> [33mRUNNING[0m
[robot_decision-1] [1746790978.865]: Subscribers               [36mIDLE[0m -> [33mRUNNING[0m
[robot_decision-1] [1746790978.866]: IfHealthSub               [36mIDLE[0m -> [32mSUCCESS[0m
[robot_decision-1] [1746790978.866]: OurOutpostSub             [36mIDLE[0m -> [32mSUCCESS[0m
[robot_decision-1] [1746790978.866]: EnemyOutpostSub           [36mIDLE[0m -> [32mSUCCESS[0m
[robot_decision-1] [1746790978.866]: IfHealthSub               [32mSUCCESS[0m -> [36mIDLE[0m
[robot_decision-1] [1746790978.866]: OurOutpostSub             [32mSUCCESS[0m -> [36mIDLE[0m
[robot_decision-1] [1746790978.866]: EnemyOutpostSub           [32mSUCCESS[0m -> [36mIDLE[0m
[robot_decision-1] [1746790978.866]: Subscribers               [33mRUNNING[0m -> [32mSUCCESS[0m
[robot_decision-1] [1746790978.866]: Subscribers               [32mSUCCESS[0m -> [36mIDLE[0m
[robot_decision-1] [1746790978.866]: Inverter                  [33mRUNNING[0m -> [31mFAILURE[0m
[robot_decision-1] [1746790978.866]: HealthCheck               [36mIDLE[0m -> [33mRUNNING[0m
[robot_decision-1] [1746790978.866]: CheckIfHealth             [36mIDLE[0m -> [31mFAILURE[0m
[robot_decision-1] [1746790978.866]: CheckIfHealth             [31mFAILURE[0m -> [36mIDLE[0m
[robot_decision-1] [1746790978.866]: HealthCheck               [33mRUNNING[0m -> [31mFAILURE[0m
[robot_decision-1] [1746790978.867]: Inverter                  [31mFAILURE[0m -> [36mIDLE[0m
[robot_decision-1] [1746790978.867]: HealthCheck               [31mFAILURE[0m -> [36mIDLE[0m
[robot_decision-1] [INFO] [1746790978.865791019] [robot_decision]: [IfHealthSub] health value: 500
[robot_decision-1] [INFO] [1746790978.865978267] [robot_decision]: [OurOutpostSub] our outpost health value: 1500
[robot_decision-1] [INFO] [1746790978.866062288] [robot_decision]: [EnemyOutpostSub] enemy outpost health value: 1500
[robot_decision-1] [1746790979.367]: Inverter                  [36mIDLE[0m -> [33mRUNNING[0m
[robot_decision-1] [1746790979.367]: Subscribers               [36mIDLE[0m -> [33mRUNNING[0m
[robot_decision-1] [INFO] [1746790979.367157229] [robot_decision]: [IfHealthSub] health value: 500
[robot_decision-1] [INFO] [1746790979.367404302] [robot_decision]: [OurOutpostSub] our outpost health value: 1500
[robot_decision-1] [1746790979.367]: IfHealthSub               [36mIDLE[0m -> [32mSUCCESS[0m
[robot_decision-1] [1746790979.367]: OurOutpostSub             [36mIDLE[0m -> [32mSUCCESS[0m
[robot_decision-1] [1746790979.368]: EnemyOutpostSub           [36mIDLE[0m -> [32mSUCCESS[0m
[robot_decision-1] [1746790979.368]: IfHealthSub               [32mSUCCESS[0m -> [36mIDLE[0m
[robot_decision-1] [1746790979.368]: OurOutpostSub             [32mSUCCESS[0m -> [36mIDLE[0m
[robot_decision-1] [1746790979.368]: EnemyOutpostSub           [32mSUCCESS[0m -> [36mIDLE[0m
[robot_decision-1] [1746790979.368]: Subscribers               [33mRUNNING[0m -> [32mSUCCESS[0m
[robot_decision-1] [1746790979.368]: Subscribers               [32mSUCCESS[0m -> [36mIDLE[0m
[robot_decision-1] [1746790979.368]: Inverter                  [33mRUNNING[0m -> [31mFAILURE[0m
[robot_decision-1] [1746790979.368]: HealthCheck               [36mIDLE[0m -> [33mRUNNING[0m
[robot_decision-1] [1746790979.368]: CheckIfHealth             [36mIDLE[0m -> [31mFAILURE[0m
[robot_decision-1] [1746790979.368]: CheckIfHealth             [31mFAILURE[0m -> [36mIDLE[0m
[robot_decision-1] [1746790979.368]: HealthCheck               [33mRUNNING[0m -> [31mFAILURE[0m
[robot_decision-1] [1746790979.368]: Inverter                  [31mFAILURE[0m -> [36mIDLE[0m
[robot_decision-1] [1746790979.368]: HealthCheck               [31mFAILURE[0m -> [36mIDLE[0m
[robot_decision-1] [INFO] [1746790979.367526726] [robot_decision]: [EnemyOutpostSub] enemy outpost health value: 1500
[robot_decision-1] [1746790979.868]: Inverter                  [36mIDLE[0m -> [33mRUNNING[0m
[robot_decision-1] [1746790979.868]: Subscribers               [36mIDLE[0m -> [33mRUNNING[0m
[robot_decision-1] [INFO] [1746790979.868585158] [robot_decision]: [IfHealthSub] health value: 500
[robot_decision-1] [INFO] [1746790979.868942963] [robot_decision]: [OurOutpostSub] our outpost health value: 1500
[robot_decision-1] [1746790979.869]: IfHealthSub               [36mIDLE[0m -> [32mSUCCESS[0m
[robot_decision-1] [1746790979.869]: OurOutpostSub             [36mIDLE[0m -> [32mSUCCESS[0m
[robot_decision-1] [INFO] [1746790979.874170393] [robot_decision]: [EnemyOutpostSub] enemy outpost health value: 1500
[robot_decision-1] [1746790979.874]: EnemyOutpostSub           [36mIDLE[0m -> [32mSUCCESS[0m
[robot_decision-1] [1746790979.874]: IfHealthSub               [32mSUCCESS[0m -> [36mIDLE[0m
[robot_decision-1] [1746790979.874]: OurOutpostSub             [32mSUCCESS[0m -> [36mIDLE[0m
[robot_decision-1] [1746790979.874]: EnemyOutpostSub           [32mSUCCESS[0m -> [36mIDLE[0m
[robot_decision-1] [1746790979.874]: Subscribers               [33mRUNNING[0m -> [32mSUCCESS[0m
[robot_decision-1] [1746790979.874]: Subscribers               [32mSUCCESS[0m -> [36mIDLE[0m
[robot_decision-1] [1746790979.874]: Inverter                  [33mRUNNING[0m -> [31mFAILURE[0m
[robot_decision-1] [1746790979.874]: HealthCheck               [36mIDLE[0m -> [33mRUNNING[0m
[robot_decision-1] [1746790979.874]: CheckIfHealth             [36mIDLE[0m -> [31mFAILURE[0m
[robot_decision-1] [1746790979.874]: CheckIfHealth             [31mFAILURE[0m -> [36mIDLE[0m
[robot_decision-1] [1746790979.874]: HealthCheck               [33mRUNNING[0m -> [31mFAILURE[0m
[robot_decision-1] [1746790979.875]: Inverter                  [31mFAILURE[0m -> [36mIDLE[0m
[robot_decision-1] [1746790979.875]: HealthCheck               [31mFAILURE[0m -> [36mIDLE[0m
[robot_decision-1] [1746790980.375]: Inverter                  [36mIDLE[0m -> [33mRUNNING[0m
[robot_decision-1] [1746790980.375]: Subscribers               [36mIDLE[0m -> [33mRUNNING[0m
[robot_decision-1] [INFO] [1746790980.375384827] [robot_decision]: [IfHealthSub] health value: 500
[robot_decision-1] [INFO] [1746790980.375594338] [robot_decision]: [OurOutpostSub] our outpost health value: 1500
[robot_decision-1] [INFO] [1746790980.375692245] [robot_decision]: [EnemyOutpostSub] enemy outpost health value: 1500
[robot_decision-1] [1746790980.376]: IfHealthSub               [36mIDLE[0m -> [32mSUCCESS[0m
[robot_decision-1] [1746790980.376]: OurOutpostSub             [36mIDLE[0m -> [32mSUCCESS[0m
[robot_decision-1] [1746790980.376]: EnemyOutpostSub           [36mIDLE[0m -> [32mSUCCESS[0m
[robot_decision-1] [1746790980.376]: IfHealthSub               [32mSUCCESS[0m -> [36mIDLE[0m
[robot_decision-1] [1746790980.376]: OurOutpostSub             [32mSUCCESS[0m -> [36mIDLE[0m
[robot_decision-1] [1746790980.376]: EnemyOutpostSub           [32mSUCCESS[0m -> [36mIDLE[0m
[robot_decision-1] [1746790980.376]: Subscribers               [33mRUNNING[0m -> [32mSUCCESS[0m
[robot_decision-1] [1746790980.376]: Subscribers               [32mSUCCESS[0m -> [36mIDLE[0m
[robot_decision-1] [1746790980.376]: Inverter                  [33mRUNNING[0m -> [31mFAILURE[0m
[robot_decision-1] [1746790980.376]: HealthCheck               [36mIDLE[0m -> [33mRUNNING[0m
[robot_decision-1] [1746790980.376]: CheckIfHealth             [36mIDLE[0m -> [31mFAILURE[0m
[robot_decision-1] [1746790980.376]: CheckIfHealth             [31mFAILURE[0m -> [36mIDLE[0m
[robot_decision-1] [1746790980.376]: HealthCheck               [33mRUNNING[0m -> [31mFAILURE[0m
[robot_decision-1] [1746790980.376]: Inverter                  [31mFAILURE[0m -> [36mIDLE[0m
[robot_decision-1] [1746790980.376]: HealthCheck               [31mFAILURE[0m -> [36mIDLE[0m
[robot_decision-1] [1746790980.876]: Inverter                  [36mIDLE[0m -> [33mRUNNING[0m
[robot_decision-1] [1746790980.876]: Subscribers               [36mIDLE[0m -> [33mRUNNING[0m
[robot_decision-1] [INFO] [1746790980.876779418] [robot_decision]: [IfHealthSub] health value: 500
[robot_decision-1] [INFO] [1746790980.876961837] [robot_decision]: [OurOutpostSub] our outpost health value: 1500
[robot_decision-1] [1746790980.877]: IfHealthSub               [36mIDLE[0m -> [32mSUCCESS[0m
[robot_decision-1] [1746790980.877]: OurOutpostSub             [36mIDLE[0m -> [32mSUCCESS[0m
[robot_decision-1] [1746790980.877]: EnemyOutpostSub           [36mIDLE[0m -> [32mSUCCESS[0m
[robot_decision-1] [1746790980.877]: IfHealthSub               [32mSUCCESS[0m -> [36mIDLE[0m
[robot_decision-1] [1746790980.877]: OurOutpostSub             [32mSUCCESS[0m -> [36mIDLE[0m
[robot_decision-1] [1746790980.877]: EnemyOutpostSub           [32mSUCCESS[0m -> [36mIDLE[0m
[robot_decision-1] [1746790980.877]: Subscribers               [33mRUNNING[0m -> [32mSUCCESS[0m
[robot_decision-1] [1746790980.877]: Subscribers               [32mSUCCESS[0m -> [36mIDLE[0m
[robot_decision-1] [1746790980.877]: Inverter                  [33mRUNNING[0m -> [31mFAILURE[0m
[robot_decision-1] [1746790980.877]: HealthCheck               [36mIDLE[0m -> [33mRUNNING[0m
[robot_decision-1] [1746790980.877]: CheckIfHealth             [36mIDLE[0m -> [31mFAILURE[0m
[robot_decision-1] [1746790980.877]: CheckIfHealth             [31mFAILURE[0m -> [36mIDLE[0m
[robot_decision-1] [1746790980.877]: HealthCheck               [33mRUNNING[0m -> [31mFAILURE[0m
[robot_decision-1] [1746790980.877]: Inverter                  [31mFAILURE[0m -> [36mIDLE[0m
[robot_decision-1] [1746790980.877]: HealthCheck               [31mFAILURE[0m -> [36mIDLE[0m
[robot_decision-1] [INFO] [1746790980.877045907] [robot_decision]: [EnemyOutpostSub] enemy outpost health value: 1500
[robot_decision-1] [1746790981.377]: Inverter                  [36mIDLE[0m -> [33mRUNNING[0m
[robot_decision-1] [1746790981.378]: Subscribers               [36mIDLE[0m -> [33mRUNNING[0m
[robot_decision-1] [1746790981.378]: IfHealthSub               [36mIDLE[0m -> [32mSUCCESS[0m
[robot_decision-1] [1746790981.378]: OurOutpostSub             [36mIDLE[0m -> [32mSUCCESS[0m
[robot_decision-1] [1746790981.378]: EnemyOutpostSub           [36mIDLE[0m -> [32mSUCCESS[0m
[robot_decision-1] [1746790981.378]: IfHealthSub               [32mSUCCESS[0m -> [36mIDLE[0m
[robot_decision-1] [1746790981.378]: OurOutpostSub             [32mSUCCESS[0m -> [36mIDLE[0m
[robot_decision-1] [1746790981.378]: EnemyOutpostSub           [32mSUCCESS[0m -> [36mIDLE[0m
[robot_decision-1] [1746790981.378]: Subscribers               [33mRUNNING[0m -> [32mSUCCESS[0m
[robot_decision-1] [1746790981.378]: Subscribers               [32mSUCCESS[0m -> [36mIDLE[0m
[robot_decision-1] [1746790981.378]: Inverter                  [33mRUNNING[0m -> [31mFAILURE[0m
[robot_decision-1] [1746790981.378]: HealthCheck               [36mIDLE[0m -> [33mRUNNING[0m
[robot_decision-1] [1746790981.378]: CheckIfHealth             [36mIDLE[0m -> [31mFAILURE[0m
[robot_decision-1] [1746790981.378]: CheckIfHealth             [31mFAILURE[0m -> [36mIDLE[0m
[robot_decision-1] [1746790981.378]: HealthCheck               [33mRUNNING[0m -> [31mFAILURE[0m
[robot_decision-1] [1746790981.378]: Inverter                  [31mFAILURE[0m -> [36mIDLE[0m
[robot_decision-1] [1746790981.378]: HealthCheck               [31mFAILURE[0m -> [36mIDLE[0m
[robot_decision-1] [INFO] [1746790981.377698874] [robot_decision]: [IfHealthSub] health value: 500
[robot_decision-1] [INFO] [1746790981.377839654] [robot_decision]: [OurOutpostSub] our outpost health value: 1500
[robot_decision-1] [INFO] [1746790981.378030248] [robot_decision]: [EnemyOutpostSub] enemy outpost health value: 1500
[robot_decision-1] [1746790981.880]: Inverter                  [36mIDLE[0m -> [33mRUNNING[0m
[robot_decision-1] [1746790981.880]: Subscribers               [36mIDLE[0m -> [33mRUNNING[0m
[robot_decision-1] [INFO] [1746790981.880181061] [robot_decision]: [IfHealthSub] health value: 500
[robot_decision-1] [INFO] [1746790981.880445657] [robot_decision]: [OurOutpostSub] our outpost health value: 1500
[robot_decision-1] [INFO] [1746790981.880574373] [robot_decision]: [EnemyOutpostSub] enemy outpost health value: 1500
[robot_decision-1] [1746790981.880]: IfHealthSub               [36mIDLE[0m -> [32mSUCCESS[0m
[robot_decision-1] [1746790981.880]: OurOutpostSub             [36mIDLE[0m -> [32mSUCCESS[0m
[robot_decision-1] [1746790981.881]: EnemyOutpostSub           [36mIDLE[0m -> [32mSUCCESS[0m
[robot_decision-1] [1746790981.881]: IfHealthSub               [32mSUCCESS[0m -> [36mIDLE[0m
[robot_decision-1] [1746790981.881]: OurOutpostSub             [32mSUCCESS[0m -> [36mIDLE[0m
[robot_decision-1] [1746790981.881]: EnemyOutpostSub           [32mSUCCESS[0m -> [36mIDLE[0m
[robot_decision-1] [1746790981.881]: Subscribers               [33mRUNNING[0m -> [32mSUCCESS[0m
[robot_decision-1] [1746790981.881]: Subscribers               [32mSUCCESS[0m -> [36mIDLE[0m
[robot_decision-1] [1746790981.881]: Inverter                  [33mRUNNING[0m -> [31mFAILURE[0m
[robot_decision-1] [1746790981.881]: HealthCheck               [36mIDLE[0m -> [33mRUNNING[0m
[robot_decision-1] [1746790981.881]: CheckIfHealth             [36mIDLE[0m -> [31mFAILURE[0m
[robot_decision-1] [1746790981.881]: CheckIfHealth             [31mFAILURE[0m -> [36mIDLE[0m
[robot_decision-1] [1746790981.881]: HealthCheck               [33mRUNNING[0m -> [31mFAILURE[0m
[robot_decision-1] [1746790981.881]: Inverter                  [31mFAILURE[0m -> [36mIDLE[0m
[robot_decision-1] [1746790981.881]: HealthCheck               [31mFAILURE[0m -> [36mIDLE[0m
[robot_decision-1] [1746790982.381]: Inverter                  [36mIDLE[0m -> [33mRUNNING[0m
[robot_decision-1] [1746790982.381]: Subscribers               [36mIDLE[0m -> [33mRUNNING[0m
[robot_decision-1] [INFO] [1746790982.381665562] [robot_decision]: [IfHealthSub] health value: 500
[robot_decision-1] [INFO] [1746790982.381848462] [robot_decision]: [OurOutpostSub] our outpost health value: 1500
[robot_decision-1] [INFO] [1746790982.381975164] [robot_decision]: [EnemyOutpostSub] enemy outpost health value: 1500
[robot_decision-1] [1746790982.382]: IfHealthSub               [36mIDLE[0m -> [32mSUCCESS[0m
[robot_decision-1] [1746790982.382]: OurOutpostSub             [36mIDLE[0m -> [32mSUCCESS[0m
[robot_decision-1] [1746790982.382]: EnemyOutpostSub           [36mIDLE[0m -> [32mSUCCESS[0m
[robot_decision-1] [1746790982.382]: IfHealthSub               [32mSUCCESS[0m -> [36mIDLE[0m
[robot_decision-1] [1746790982.382]: OurOutpostSub             [32mSUCCESS[0m -> [36mIDLE[0m
[robot_decision-1] [1746790982.382]: EnemyOutpostSub           [32mSUCCESS[0m -> [36mIDLE[0m
[robot_decision-1] [1746790982.382]: Subscribers               [33mRUNNING[0m -> [32mSUCCESS[0m
[robot_decision-1] [1746790982.382]: Subscribers               [32mSUCCESS[0m -> [36mIDLE[0m
[robot_decision-1] [1746790982.382]: Inverter                  [33mRUNNING[0m -> [31mFAILURE[0m
[robot_decision-1] [1746790982.382]: HealthCheck               [36mIDLE[0m -> [33mRUNNING[0m
[robot_decision-1] [1746790982.382]: CheckIfHealth             [36mIDLE[0m -> [31mFAILURE[0m
[robot_decision-1] [1746790982.382]: CheckIfHealth             [31mFAILURE[0m -> [36mIDLE[0m
[robot_decision-1] [1746790982.382]: HealthCheck               [33mRUNNING[0m -> [31mFAILURE[0m
[robot_decision-1] [1746790982.382]: Inverter                  [31mFAILURE[0m -> [36mIDLE[0m
[robot_decision-1] [1746790982.382]: HealthCheck               [31mFAILURE[0m -> [36mIDLE[0m
[robot_decision-1] [1746790982.882]: Inverter                  [36mIDLE[0m -> [33mRUNNING[0m
[robot_decision-1] [1746790982.883]: Subscribers               [36mIDLE[0m -> [33mRUNNING[0m
[robot_decision-1] [INFO] [1746790982.882682792] [robot_decision]: [IfHealthSub] health value: 500
[robot_decision-1] [INFO] [1746790982.882832519] [robot_decision]: [OurOutpostSub] our outpost health value: 1500
[robot_decision-1] [INFO] [1746790982.882914295] [robot_decision]: [EnemyOutpostSub] enemy outpost health value: 1500
[robot_decision-1] [1746790982.883]: IfHealthSub               [36mIDLE[0m -> [32mSUCCESS[0m
[robot_decision-1] [1746790982.883]: OurOutpostSub             [36mIDLE[0m -> [32mSUCCESS[0m
[robot_decision-1] [1746790982.883]: EnemyOutpostSub           [36mIDLE[0m -> [32mSUCCESS[0m
[robot_decision-1] [1746790982.883]: IfHealthSub               [32mSUCCESS[0m -> [36mIDLE[0m
[robot_decision-1] [1746790982.883]: OurOutpostSub             [32mSUCCESS[0m -> [36mIDLE[0m
[robot_decision-1] [1746790982.883]: EnemyOutpostSub           [32mSUCCESS[0m -> [36mIDLE[0m
[robot_decision-1] [1746790982.883]: Subscribers               [33mRUNNING[0m -> [32mSUCCESS[0m
[robot_decision-1] [1746790982.883]: Subscribers               [32mSUCCESS[0m -> [36mIDLE[0m
[robot_decision-1] [1746790982.883]: Inverter                  [33mRUNNING[0m -> [31mFAILURE[0m
[robot_decision-1] [1746790982.883]: HealthCheck               [36mIDLE[0m -> [33mRUNNING[0m
[robot_decision-1] [1746790982.883]: CheckIfHealth             [36mIDLE[0m -> [31mFAILURE[0m
[robot_decision-1] [1746790982.883]: CheckIfHealth             [31mFAILURE[0m -> [36mIDLE[0m
[robot_decision-1] [1746790982.883]: HealthCheck               [33mRUNNING[0m -> [31mFAILURE[0m
[robot_decision-1] [1746790982.883]: Inverter                  [31mFAILURE[0m -> [36mIDLE[0m
[robot_decision-1] [1746790982.883]: HealthCheck               [31mFAILURE[0m -> [36mIDLE[0m
[robot_decision-1] [1746790983.383]: Inverter                  [36mIDLE[0m -> [33mRUNNING[0m
[robot_decision-1] [1746790983.383]: Subscribers               [36mIDLE[0m -> [33mRUNNING[0m
[robot_decision-1] [INFO] [1746790983.383809765] [robot_decision]: [IfHealthSub] health value: 500
[robot_decision-1] [INFO] [1746790983.384022823] [robot_decision]: [OurOutpostSub] our outpost health value: 1500
[robot_decision-1] [1746790983.384]: IfHealthSub               [36mIDLE[0m -> [32mSUCCESS[0m
[robot_decision-1] [1746790983.384]: OurOutpostSub             [36mIDLE[0m -> [32mSUCCESS[0m
[robot_decision-1] [1746790983.384]: EnemyOutpostSub           [36mIDLE[0m -> [32mSUCCESS[0m
[robot_decision-1] [1746790983.384]: IfHealthSub               [32mSUCCESS[0m -> [36mIDLE[0m
[robot_decision-1] [1746790983.384]: OurOutpostSub             [32mSUCCESS[0m -> [36mIDLE[0m
[robot_decision-1] [1746790983.384]: EnemyOutpostSub           [32mSUCCESS[0m -> [36mIDLE[0m
[robot_decision-1] [1746790983.384]: Subscribers               [33mRUNNING[0m -> [32mSUCCESS[0m
[robot_decision-1] [1746790983.384]: Subscribers               [32mSUCCESS[0m -> [36mIDLE[0m
[robot_decision-1] [1746790983.384]: Inverter                  [33mRUNNING[0m -> [31mFAILURE[0m
[robot_decision-1] [1746790983.384]: HealthCheck               [36mIDLE[0m -> [33mRUNNING[0m
[robot_decision-1] [1746790983.384]: CheckIfHealth             [36mIDLE[0m -> [31mFAILURE[0m
[robot_decision-1] [1746790983.384]: CheckIfHealth             [31mFAILURE[0m -> [36mIDLE[0m
[robot_decision-1] [1746790983.384]: HealthCheck               [33mRUNNING[0m -> [31mFAILURE[0m
[robot_decision-1] [1746790983.385]: NavigateToPose            [33mRUNNING[0m -> [31mFAILURE[0m
[robot_decision-1] [1746790983.385]: WaitNode                  [32mSUCCESS[0m -> [36mIDLE[0m
[robot_decision-1] [1746790983.385]: NavigateToPose            [31mFAILURE[0m -> [36mIDLE[0m
[robot_decision-1] [1746790983.385]: Sequence                  [33mRUNNING[0m -> [31mFAILURE[0m
[robot_decision-1] [1746790983.385]: Sequence                  [31mFAILURE[0m -> [36mIDLE[0m
[robot_decision-1] [1746790983.385]: Sequence                  [36mIDLE[0m -> [33mRUNNING[0m
[robot_decision-1] [1746790983.385]: WaitNode                  [36mIDLE[0m -> [33mRUNNING[0m
[robot_decision-1] [1746790983.385]: Inverter                  [31mFAILURE[0m -> [36mIDLE[0m
[robot_decision-1] [1746790983.385]: HealthCheck               [31mFAILURE[0m -> [36mIDLE[0m
[robot_decision-1] [INFO] [1746790983.384149274] [robot_decision]: [EnemyOutpostSub] enemy outpost health value: 1500
[robot_decision-1] [WARN] [1746790983.384506738] [robot_decision]: NavigateToPose failure: SEND_GOAL_TIMEOUT
[robot_decision-1] [1746790983.885]: Inverter                  [36mIDLE[0m -> [33mRUNNING[0m
[robot_decision-1] [1746790983.885]: Subscribers               [36mIDLE[0m -> [33mRUNNING[0m
[robot_decision-1] [INFO] [1746790983.885167751] [robot_decision]: [IfHealthSub] health value: 500
[robot_decision-1] [INFO] [1746790983.885358867] [robot_decision]: [OurOutpostSub] our outpost health value: 1500
[robot_decision-1] [INFO] [1746790983.885444641] [robot_decision]: [EnemyOutpostSub] enemy outpost health value: 1500
[robot_decision-1] [1746790983.885]: IfHealthSub               [36mIDLE[0m -> [32mSUCCESS[0m
[robot_decision-1] [1746790983.885]: OurOutpostSub             [36mIDLE[0m -> [32mSUCCESS[0m
[robot_decision-1] [1746790983.885]: EnemyOutpostSub           [36mIDLE[0m -> [32mSUCCESS[0m
[robot_decision-1] [1746790983.885]: IfHealthSub               [32mSUCCESS[0m -> [36mIDLE[0m
[robot_decision-1] [1746790983.885]: OurOutpostSub             [32mSUCCESS[0m -> [36mIDLE[0m
[robot_decision-1] [1746790983.885]: EnemyOutpostSub           [32mSUCCESS[0m -> [36mIDLE[0m
[robot_decision-1] [1746790983.885]: Subscribers               [33mRUNNING[0m -> [32mSUCCESS[0m
[robot_decision-1] [1746790983.885]: Subscribers               [32mSUCCESS[0m -> [36mIDLE[0m
[robot_decision-1] [1746790983.885]: Inverter                  [33mRUNNING[0m -> [31mFAILURE[0m
[robot_decision-1] [1746790983.886]: HealthCheck               [36mIDLE[0m -> [33mRUNNING[0m
[robot_decision-1] [1746790983.886]: CheckIfHealth             [36mIDLE[0m -> [31mFAILURE[0m
[robot_decision-1] [1746790983.886]: CheckIfHealth             [31mFAILURE[0m -> [36mIDLE[0m
[robot_decision-1] [1746790983.886]: HealthCheck               [33mRUNNING[0m -> [31mFAILURE[0m
[robot_decision-1] [1746790983.886]: WaitNode                  [33mRUNNING[0m -> [32mSUCCESS[0m
[robot_decision-1] [1746790983.886]: NavigateToPose            [36mIDLE[0m -> [33mRUNNING[0m
[robot_decision-1] Point key: 1 x:3 y:0.45
[robot_decision-1] [1746790983.887]: Inverter                  [31mFAILURE[0m -> [36mIDLE[0m
[robot_decision-1] [1746790983.887]: HealthCheck               [31mFAILURE[0m -> [36mIDLE[0m
[robot_decision-1] [1746790984.387]: Inverter                  [36mIDLE[0m -> [33mRUNNING[0m
[robot_decision-1] [1746790984.387]: Subscribers               [36mIDLE[0m -> [33mRUNNING[0m
[robot_decision-1] [1746790984.387]: IfHealthSub               [36mIDLE[0m -> [32mSUCCESS[0m
[robot_decision-1] [INFO] [1746790984.387140778] [robot_decision]: [IfHealthSub] health value: 500
[robot_decision-1] [INFO] [1746790984.387505225] [robot_decision]: [OurOutpostSub] our outpost health value: 1500
[robot_decision-1] [INFO] [1746790984.387639552] [robot_decision]: [EnemyOutpostSub] enemy outpost health value: 1500
[robot_decision-1] [1746790984.388]: OurOutpostSub             [36mIDLE[0m -> [32mSUCCESS[0m
[robot_decision-1] [1746790984.388]: EnemyOutpostSub           [36mIDLE[0m -> [32mSUCCESS[0m
[robot_decision-1] [1746790984.388]: IfHealthSub               [32mSUCCESS[0m -> [36mIDLE[0m
[robot_decision-1] [1746790984.388]: OurOutpostSub             [32mSUCCESS[0m -> [36mIDLE[0m
[robot_decision-1] [1746790984.388]: EnemyOutpostSub           [32mSUCCESS[0m -> [36mIDLE[0m
[robot_decision-1] [1746790984.388]: Subscribers               [33mRUNNING[0m -> [32mSUCCESS[0m
[robot_decision-1] [1746790984.388]: Subscribers               [32mSUCCESS[0m -> [36mIDLE[0m
[robot_decision-1] [1746790984.388]: Inverter                  [33mRUNNING[0m -> [31mFAILURE[0m
[robot_decision-1] [1746790984.388]: HealthCheck               [36mIDLE[0m -> [33mRUNNING[0m
[robot_decision-1] [1746790984.388]: CheckIfHealth             [36mIDLE[0m -> [31mFAILURE[0m
[robot_decision-1] [1746790984.388]: CheckIfHealth             [31mFAILURE[0m -> [36mIDLE[0m
[robot_decision-1] [1746790984.388]: HealthCheck               [33mRUNNING[0m -> [31mFAILURE[0m
[robot_decision-1] [1746790984.388]: Inverter                  [31mFAILURE[0m -> [36mIDLE[0m
[robot_decision-1] [1746790984.388]: HealthCheck               [31mFAILURE[0m -> [36mIDLE[0m
[robot_decision-1] [1746790984.889]: Inverter                  [36mIDLE[0m -> [33mRUNNING[0m
[robot_decision-1] [1746790984.889]: Subscribers               [36mIDLE[0m -> [33mRUNNING[0m
[robot_decision-1] [INFO] [1746790984.889649130] [robot_decision]: [IfHealthSub] health value: 500
[robot_decision-1] [INFO] [1746790984.889891444] [robot_decision]: [OurOutpostSub] our outpost health value: 1500
[robot_decision-1] [INFO] [1746790984.890011754] [robot_decision]: [EnemyOutpostSub] enemy outpost health value: 1500
[robot_decision-1] [1746790984.890]: IfHealthSub               [36mIDLE[0m -> [32mSUCCESS[0m
[robot_decision-1] [1746790984.890]: OurOutpostSub             [36mIDLE[0m -> [32mSUCCESS[0m
[robot_decision-1] [1746790984.890]: EnemyOutpostSub           [36mIDLE[0m -> [32mSUCCESS[0m
[robot_decision-1] [1746790984.890]: IfHealthSub               [32mSUCCESS[0m -> [36mIDLE[0m
[robot_decision-1] [1746790984.890]: OurOutpostSub             [32mSUCCESS[0m -> [36mIDLE[0m
[robot_decision-1] [1746790984.890]: EnemyOutpostSub           [32mSUCCESS[0m -> [36mIDLE[0m
[robot_decision-1] [1746790984.890]: Subscribers               [33mRUNNING[0m -> [32mSUCCESS[0m
[robot_decision-1] [1746790984.890]: Subscribers               [32mSUCCESS[0m -> [36mIDLE[0m
[robot_decision-1] [1746790984.890]: Inverter                  [33mRUNNING[0m -> [31mFAILURE[0m
[robot_decision-1] [1746790984.890]: HealthCheck               [36mIDLE[0m -> [33mRUNNING[0m
[robot_decision-1] [1746790984.890]: CheckIfHealth             [36mIDLE[0m -> [31mFAILURE[0m
[robot_decision-1] [1746790984.890]: CheckIfHealth             [31mFAILURE[0m -> [36mIDLE[0m
[robot_decision-1] [1746790984.890]: HealthCheck               [33mRUNNING[0m -> [31mFAILURE[0m
[robot_decision-1] [1746790984.890]: Inverter                  [31mFAILURE[0m -> [36mIDLE[0m
[robot_decision-1] [1746790984.890]: HealthCheck               [31mFAILURE[0m -> [36mIDLE[0m
[robot_decision-1] [1746790985.391]: Inverter                  [36mIDLE[0m -> [33mRUNNING[0m
[robot_decision-1] [1746790985.391]: Subscribers               [36mIDLE[0m -> [33mRUNNING[0m
[robot_decision-1] [INFO] [1746790985.390967750] [robot_decision]: [IfHealthSub] health value: 500
[robot_decision-1] [INFO] [1746790985.391152714] [robot_decision]: [OurOutpostSub] our outpost health value: 1500
[robot_decision-1] [INFO] [1746790985.391225694] [robot_decision]: [EnemyOutpostSub] enemy outpost health value: 1500
[robot_decision-1] [1746790985.391]: IfHealthSub               [36mIDLE[0m -> [32mSUCCESS[0m
[robot_decision-1] [1746790985.391]: OurOutpostSub             [36mIDLE[0m -> [32mSUCCESS[0m
[robot_decision-1] [1746790985.391]: EnemyOutpostSub           [36mIDLE[0m -> [32mSUCCESS[0m
[robot_decision-1] [1746790985.391]: IfHealthSub               [32mSUCCESS[0m -> [36mIDLE[0m
[robot_decision-1] [1746790985.391]: OurOutpostSub             [32mSUCCESS[0m -> [36mIDLE[0m
[robot_decision-1] [1746790985.391]: EnemyOutpostSub           [32mSUCCESS[0m -> [36mIDLE[0m
[robot_decision-1] [1746790985.391]: Subscribers               [33mRUNNING[0m -> [32mSUCCESS[0m
[robot_decision-1] [1746790985.391]: Subscribers               [32mSUCCESS[0m -> [36mIDLE[0m
[robot_decision-1] [1746790985.391]: Inverter                  [33mRUNNING[0m -> [31mFAILURE[0m
[robot_decision-1] [1746790985.391]: HealthCheck               [36mIDLE[0m -> [33mRUNNING[0m
[robot_decision-1] [1746790985.391]: CheckIfHealth             [36mIDLE[0m -> [31mFAILURE[0m
[robot_decision-1] [1746790985.391]: CheckIfHealth             [31mFAILURE[0m -> [36mIDLE[0m
[robot_decision-1] [1746790985.391]: HealthCheck               [33mRUNNING[0m -> [31mFAILURE[0m
[robot_decision-1] [1746790985.392]: Inverter                  [31mFAILURE[0m -> [36mIDLE[0m
[robot_decision-1] [1746790985.392]: HealthCheck               [31mFAILURE[0m -> [36mIDLE[0m
[robot_decision-1] [1746790985.892]: Inverter                  [36mIDLE[0m -> [33mRUNNING[0m
[robot_decision-1] [1746790985.892]: Subscribers               [36mIDLE[0m -> [33mRUNNING[0m
[robot_decision-1] [INFO] [1746790985.891976259] [robot_decision]: [IfHealthSub] health value: 500
[robot_decision-1] [INFO] [1746790985.892149220] [robot_decision]: [OurOutpostSub] our outpost health value: 1500
[robot_decision-1] [INFO] [1746790985.892221929] [robot_decision]: [EnemyOutpostSub] enemy outpost health value: 1500
[robot_decision-1] [1746790985.892]: IfHealthSub               [36mIDLE[0m -> [32mSUCCESS[0m
[robot_decision-1] [1746790985.892]: OurOutpostSub             [36mIDLE[0m -> [32mSUCCESS[0m
[robot_decision-1] [1746790985.892]: EnemyOutpostSub           [36mIDLE[0m -> [32mSUCCESS[0m
[robot_decision-1] [1746790985.892]: IfHealthSub               [32mSUCCESS[0m -> [36mIDLE[0m
[robot_decision-1] [1746790985.892]: OurOutpostSub             [32mSUCCESS[0m -> [36mIDLE[0m
[robot_decision-1] [1746790985.892]: EnemyOutpostSub           [32mSUCCESS[0m -> [36mIDLE[0m
[robot_decision-1] [1746790985.892]: Subscribers               [33mRUNNING[0m -> [32mSUCCESS[0m
[robot_decision-1] [1746790985.892]: Subscribers               [32mSUCCESS[0m -> [36mIDLE[0m
[robot_decision-1] [1746790985.892]: Inverter                  [33mRUNNING[0m -> [31mFAILURE[0m
[robot_decision-1] [1746790985.892]: HealthCheck               [36mIDLE[0m -> [33mRUNNING[0m
[robot_decision-1] [1746790985.892]: CheckIfHealth             [36mIDLE[0m -> [31mFAILURE[0m
[robot_decision-1] [1746790985.892]: CheckIfHealth             [31mFAILURE[0m -> [36mIDLE[0m
[robot_decision-1] [1746790985.892]: HealthCheck               [33mRUNNING[0m -> [31mFAILURE[0m
[robot_decision-1] [1746790985.892]: Inverter                  [31mFAILURE[0m -> [36mIDLE[0m
[robot_decision-1] [1746790985.892]: HealthCheck               [31mFAILURE[0m -> [36mIDLE[0m
[robot_decision-1] [1746790986.393]: Inverter                  [36mIDLE[0m -> [33mRUNNING[0m
[robot_decision-1] [1746790986.393]: Subscribers               [36mIDLE[0m -> [33mRUNNING[0m
[robot_decision-1] [1746790986.394]: IfHealthSub               [36mIDLE[0m -> [32mSUCCESS[0m
[robot_decision-1] [1746790986.394]: OurOutpostSub             [36mIDLE[0m -> [32mSUCCESS[0m
[robot_decision-1] [1746790986.394]: EnemyOutpostSub           [36mIDLE[0m -> [32mSUCCESS[0m
[robot_decision-1] [1746790986.394]: IfHealthSub               [32mSUCCESS[0m -> [36mIDLE[0m
[robot_decision-1] [1746790986.394]: OurOutpostSub             [32mSUCCESS[0m -> [36mIDLE[0m
[robot_decision-1] [1746790986.394]: EnemyOutpostSub           [32mSUCCESS[0m -> [36mIDLE[0m
[robot_decision-1] [1746790986.394]: Subscribers               [33mRUNNING[0m -> [32mSUCCESS[0m
[robot_decision-1] [1746790986.394]: Subscribers               [32mSUCCESS[0m -> [36mIDLE[0m
[robot_decision-1] [1746790986.394]: Inverter                  [33mRUNNING[0m -> [31mFAILURE[0m
[robot_decision-1] [1746790986.394]: HealthCheck               [36mIDLE[0m -> [33mRUNNING[0m
[robot_decision-1] [1746790986.394]: CheckIfHealth             [36mIDLE[0m -> [31mFAILURE[0m
[robot_decision-1] [1746790986.394]: CheckIfHealth             [31mFAILURE[0m -> [36mIDLE[0m
[robot_decision-1] [1746790986.394]: HealthCheck               [33mRUNNING[0m -> [31mFAILURE[0m
[robot_decision-1] [1746790986.394]: Inverter                  [31mFAILURE[0m -> [36mIDLE[0m
[robot_decision-1] [1746790986.394]: HealthCheck               [31mFAILURE[0m -> [36mIDLE[0m
[robot_decision-1] [INFO] [1746790986.393288683] [robot_decision]: [IfHealthSub] health value: 500
[robot_decision-1] [INFO] [1746790986.393664452] [robot_decision]: [OurOutpostSub] our outpost health value: 1500
[robot_decision-1] [INFO] [1746790986.393773020] [robot_decision]: [EnemyOutpostSub] enemy outpost health value: 1500
[robot_decision-1] [1746790986.894]: Inverter                  [36mIDLE[0m -> [33mRUNNING[0m
[robot_decision-1] [1746790986.894]: Subscribers               [36mIDLE[0m -> [33mRUNNING[0m
[robot_decision-1] [INFO] [1746790986.894799840] [robot_decision]: [IfHealthSub] health value: 500
[robot_decision-1] [INFO] [1746790986.895118980] [robot_decision]: [OurOutpostSub] our outpost health value: 1500
[robot_decision-1] [1746790986.895]: IfHealthSub               [36mIDLE[0m -> [32mSUCCESS[0m
[robot_decision-1] [1746790986.895]: OurOutpostSub             [36mIDLE[0m -> [32mSUCCESS[0m
[robot_decision-1] [1746790986.895]: EnemyOutpostSub           [36mIDLE[0m -> [32mSUCCESS[0m
[robot_decision-1] [1746790986.895]: IfHealthSub               [32mSUCCESS[0m -> [36mIDLE[0m
[robot_decision-1] [1746790986.895]: OurOutpostSub             [32mSUCCESS[0m -> [36mIDLE[0m
[robot_decision-1] [1746790986.895]: EnemyOutpostSub           [32mSUCCESS[0m -> [36mIDLE[0m
[robot_decision-1] [1746790986.895]: Subscribers               [33mRUNNING[0m -> [32mSUCCESS[0m
[robot_decision-1] [1746790986.895]: Subscribers               [32mSUCCESS[0m -> [36mIDLE[0m
[robot_decision-1] [1746790986.895]: Inverter                  [33mRUNNING[0m -> [31mFAILURE[0m
[robot_decision-1] [1746790986.895]: HealthCheck               [36mIDLE[0m -> [33mRUNNING[0m
[robot_decision-1] [1746790986.895]: CheckIfHealth             [36mIDLE[0m -> [31mFAILURE[0m
[robot_decision-1] [1746790986.895]: CheckIfHealth             [31mFAILURE[0m -> [36mIDLE[0m
[robot_decision-1] [1746790986.895]: HealthCheck               [33mRUNNING[0m -> [31mFAILURE[0m
[robot_decision-1] [1746790986.896]: Inverter                  [31mFAILURE[0m -> [36mIDLE[0m
[robot_decision-1] [1746790986.896]: HealthCheck               [31mFAILURE[0m -> [36mIDLE[0m
[robot_decision-1] [INFO] [1746790986.895248197] [robot_decision]: [EnemyOutpostSub] enemy outpost health value: 1500
[robot_decision-1] [1746790987.396]: Inverter                  [36mIDLE[0m -> [33mRUNNING[0m
[robot_decision-1] [1746790987.396]: Subscribers               [36mIDLE[0m -> [33mRUNNING[0m
[robot_decision-1] [1746790987.396]: IfHealthSub               [36mIDLE[0m -> [32mSUCCESS[0m
[robot_decision-1] [1746790987.396]: OurOutpostSub             [36mIDLE[0m -> [32mSUCCESS[0m
[robot_decision-1] [1746790987.397]: EnemyOutpostSub           [36mIDLE[0m -> [32mSUCCESS[0m
[robot_decision-1] [1746790987.397]: IfHealthSub               [32mSUCCESS[0m -> [36mIDLE[0m
[robot_decision-1] [1746790987.397]: OurOutpostSub             [32mSUCCESS[0m -> [36mIDLE[0m
[robot_decision-1] [1746790987.397]: EnemyOutpostSub           [32mSUCCESS[0m -> [36mIDLE[0m
[robot_decision-1] [1746790987.397]: Subscribers               [33mRUNNING[0m -> [32mSUCCESS[0m
[robot_decision-1] [1746790987.397]: Subscribers               [32mSUCCESS[0m -> [36mIDLE[0m
[robot_decision-1] [1746790987.397]: Inverter                  [33mRUNNING[0m -> [31mFAILURE[0m
[robot_decision-1] [1746790987.397]: HealthCheck               [36mIDLE[0m -> [33mRUNNING[0m
[robot_decision-1] [1746790987.397]: CheckIfHealth             [36mIDLE[0m -> [31mFAILURE[0m
[robot_decision-1] [1746790987.397]: CheckIfHealth             [31mFAILURE[0m -> [36mIDLE[0m
[robot_decision-1] [1746790987.397]: HealthCheck               [33mRUNNING[0m -> [31mFAILURE[0m
[robot_decision-1] [1746790987.397]: Inverter                  [31mFAILURE[0m -> [36mIDLE[0m
[robot_decision-1] [1746790987.397]: HealthCheck               [31mFAILURE[0m -> [36mIDLE[0m
[robot_decision-1] [INFO] [1746790987.396202141] [robot_decision]: [IfHealthSub] health value: 500
[robot_decision-1] [INFO] [1746790987.396417673] [robot_decision]: [OurOutpostSub] our outpost health value: 1500
[robot_decision-1] [INFO] [1746790987.396490532] [robot_decision]: [EnemyOutpostSub] enemy outpost health value: 1500
[robot_decision-1] [1746790987.898]: Inverter                  [36mIDLE[0m -> [33mRUNNING[0m
[robot_decision-1] [1746790987.898]: Subscribers               [36mIDLE[0m -> [33mRUNNING[0m
[robot_decision-1] [INFO] [1746790987.898887759] [robot_decision]: [IfHealthSub] health value: 500
[robot_decision-1] [INFO] [1746790987.899193043] [robot_decision]: [OurOutpostSub] our outpost health value: 1500
[robot_decision-1] [INFO] [1746790987.899409567] [robot_decision]: [EnemyOutpostSub] enemy outpost health value: 1500
[robot_decision-1] [1746790987.899]: IfHealthSub               [36mIDLE[0m -> [32mSUCCESS[0m
[robot_decision-1] [1746790987.899]: OurOutpostSub             [36mIDLE[0m -> [32mSUCCESS[0m
[robot_decision-1] [1746790987.899]: EnemyOutpostSub           [36mIDLE[0m -> [32mSUCCESS[0m
[robot_decision-1] [1746790987.899]: IfHealthSub               [32mSUCCESS[0m -> [36mIDLE[0m
[robot_decision-1] [1746790987.899]: OurOutpostSub             [32mSUCCESS[0m -> [36mIDLE[0m
[robot_decision-1] [1746790987.900]: EnemyOutpostSub           [32mSUCCESS[0m -> [36mIDLE[0m
[robot_decision-1] [1746790987.900]: Subscribers               [33mRUNNING[0m -> [32mSUCCESS[0m
[robot_decision-1] [1746790987.900]: Subscribers               [32mSUCCESS[0m -> [36mIDLE[0m
[robot_decision-1] [1746790987.900]: Inverter                  [33mRUNNING[0m -> [31mFAILURE[0m
[robot_decision-1] [1746790987.900]: HealthCheck               [36mIDLE[0m -> [33mRUNNING[0m
[robot_decision-1] [1746790987.900]: CheckIfHealth             [36mIDLE[0m -> [31mFAILURE[0m
[robot_decision-1] [1746790987.900]: CheckIfHealth             [31mFAILURE[0m -> [36mIDLE[0m
[robot_decision-1] [1746790987.900]: HealthCheck               [33mRUNNING[0m -> [31mFAILURE[0m
[robot_decision-1] [1746790987.900]: Inverter                  [31mFAILURE[0m -> [36mIDLE[0m
[robot_decision-1] [1746790987.900]: HealthCheck               [31mFAILURE[0m -> [36mIDLE[0m
[robot_decision-1] [1746790988.400]: Inverter                  [36mIDLE[0m -> [33mRUNNING[0m
[robot_decision-1] [1746790988.400]: Subscribers               [36mIDLE[0m -> [33mRUNNING[0m
[robot_decision-1] [INFO] [1746790988.400152262] [robot_decision]: [IfHealthSub] health value: 500
[robot_decision-1] [INFO] [1746790988.400320093] [robot_decision]: [OurOutpostSub] our outpost health value: 1500
[robot_decision-1] [INFO] [1746790988.400397491] [robot_decision]: [EnemyOutpostSub] enemy outpost health value: 1500
[robot_decision-1] [1746790988.400]: IfHealthSub               [36mIDLE[0m -> [32mSUCCESS[0m
[robot_decision-1] [1746790988.400]: OurOutpostSub             [36mIDLE[0m -> [32mSUCCESS[0m
[robot_decision-1] [1746790988.400]: EnemyOutpostSub           [36mIDLE[0m -> [32mSUCCESS[0m
[robot_decision-1] [1746790988.400]: IfHealthSub               [32mSUCCESS[0m -> [36mIDLE[0m
[robot_decision-1] [1746790988.400]: OurOutpostSub             [32mSUCCESS[0m -> [36mIDLE[0m
[robot_decision-1] [1746790988.400]: EnemyOutpostSub           [32mSUCCESS[0m -> [36mIDLE[0m
[robot_decision-1] [1746790988.400]: Subscribers               [33mRUNNING[0m -> [32mSUCCESS[0m
[robot_decision-1] [1746790988.400]: Subscribers               [32mSUCCESS[0m -> [36mIDLE[0m
[robot_decision-1] [1746790988.400]: Inverter                  [33mRUNNING[0m -> [31mFAILURE[0m
[robot_decision-1] [1746790988.400]: HealthCheck               [36mIDLE[0m -> [33mRUNNING[0m
[robot_decision-1] [1746790988.400]: CheckIfHealth             [36mIDLE[0m -> [31mFAILURE[0m
[robot_decision-1] [1746790988.400]: CheckIfHealth             [31mFAILURE[0m -> [36mIDLE[0m
[robot_decision-1] [1746790988.400]: HealthCheck               [33mRUNNING[0m -> [31mFAILURE[0m
[robot_decision-1] [1746790988.401]: Inverter                  [31mFAILURE[0m -> [36mIDLE[0m
[robot_decision-1] [1746790988.401]: HealthCheck               [31mFAILURE[0m -> [36mIDLE[0m
[robot_decision-1] [1746790988.901]: Inverter                  [36mIDLE[0m -> [33mRUNNING[0m
[robot_decision-1] [1746790988.901]: Subscribers               [36mIDLE[0m -> [33mRUNNING[0m
[robot_decision-1] [INFO] [1746790988.901004790] [robot_decision]: [IfHealthSub] health value: 500
[robot_decision-1] [INFO] [1746790988.901167381] [robot_decision]: [OurOutpostSub] our outpost health value: 1500
[robot_decision-1] [INFO] [1746790988.901252735] [robot_decision]: [EnemyOutpostSub] enemy outpost health value: 1500
[robot_decision-1] [WARN] [1746790988.901446495] [robot_decision]: NavigateToPose failure: SEND_GOAL_TIMEOUT
[robot_decision-1] [1746790988.901]: IfHealthSub               [36mIDLE[0m -> [32mSUCCESS[0m
[robot_decision-1] [1746790988.901]: OurOutpostSub             [36mIDLE[0m -> [32mSUCCESS[0m
[robot_decision-1] [1746790988.901]: EnemyOutpostSub           [36mIDLE[0m -> [32mSUCCESS[0m
[robot_decision-1] [1746790988.901]: IfHealthSub               [32mSUCCESS[0m -> [36mIDLE[0m
[robot_decision-1] [1746790988.901]: OurOutpostSub             [32mSUCCESS[0m -> [36mIDLE[0m
[robot_decision-1] [1746790988.901]: EnemyOutpostSub           [32mSUCCESS[0m -> [36mIDLE[0m
[robot_decision-1] [1746790988.901]: Subscribers               [33mRUNNING[0m -> [32mSUCCESS[0m
[robot_decision-1] [1746790988.901]: Subscribers               [32mSUCCESS[0m -> [36mIDLE[0m
[robot_decision-1] [1746790988.901]: Inverter                  [33mRUNNING[0m -> [31mFAILURE[0m
[robot_decision-1] [1746790988.901]: HealthCheck               [36mIDLE[0m -> [33mRUNNING[0m
[robot_decision-1] [1746790988.901]: CheckIfHealth             [36mIDLE[0m -> [31mFAILURE[0m
[robot_decision-1] [1746790988.901]: CheckIfHealth             [31mFAILURE[0m -> [36mIDLE[0m
[robot_decision-1] [1746790988.901]: HealthCheck               [33mRUNNING[0m -> [31mFAILURE[0m
[robot_decision-1] [1746790988.901]: NavigateToPose            [33mRUNNING[0m -> [31mFAILURE[0m
[robot_decision-1] [1746790988.901]: WaitNode                  [32mSUCCESS[0m -> [36mIDLE[0m
[robot_decision-1] [1746790988.901]: NavigateToPose            [31mFAILURE[0m -> [36mIDLE[0m
[robot_decision-1] [1746790988.901]: Sequence                  [33mRUNNING[0m -> [31mFAILURE[0m
[robot_decision-1] [1746790988.901]: Sequence                  [31mFAILURE[0m -> [36mIDLE[0m
[robot_decision-1] [1746790988.902]: Sequence                  [36mIDLE[0m -> [33mRUNNING[0m
[robot_decision-1] [1746790988.902]: WaitNode                  [36mIDLE[0m -> [33mRUNNING[0m
[robot_decision-1] [1746790988.902]: Inverter                  [31mFAILURE[0m -> [36mIDLE[0m
[robot_decision-1] [1746790988.902]: HealthCheck               [31mFAILURE[0m -> [36mIDLE[0m
[robot_decision-1] [1746790989.402]: Inverter                  [36mIDLE[0m -> [33mRUNNING[0m
[robot_decision-1] [1746790989.402]: Subscribers               [36mIDLE[0m -> [33mRUNNING[0m
[robot_decision-1] [1746790989.402]: IfHealthSub               [36mIDLE[0m -> [32mSUCCESS[0m
[robot_decision-1] [INFO] [1746790989.402213503] [robot_decision]: [IfHealthSub] health value: 500
[robot_decision-1] [INFO] [1746790989.402456638] [robot_decision]: [OurOutpostSub] our outpost health value: 1500
[robot_decision-1] [1746790989.403]: OurOutpostSub             [36mIDLE[0m -> [32mSUCCESS[0m
[robot_decision-1] [1746790989.403]: EnemyOutpostSub           [36mIDLE[0m -> [32mSUCCESS[0m
[robot_decision-1] [1746790989.403]: IfHealthSub               [32mSUCCESS[0m -> [36mIDLE[0m
[robot_decision-1] [1746790989.403]: OurOutpostSub             [32mSUCCESS[0m -> [36mIDLE[0m
[robot_decision-1] [1746790989.403]: EnemyOutpostSub           [32mSUCCESS[0m -> [36mIDLE[0m
[robot_decision-1] [1746790989.403]: Subscribers               [33mRUNNING[0m -> [32mSUCCESS[0m
[robot_decision-1] [1746790989.403]: Subscribers               [32mSUCCESS[0m -> [36mIDLE[0m
[robot_decision-1] [1746790989.403]: Inverter                  [33mRUNNING[0m -> [31mFAILURE[0m
[robot_decision-1] [1746790989.403]: HealthCheck               [36mIDLE[0m -> [33mRUNNING[0m
[robot_decision-1] [1746790989.403]: CheckIfHealth             [36mIDLE[0m -> [31mFAILURE[0m
[robot_decision-1] [1746790989.403]: CheckIfHealth             [31mFAILURE[0m -> [36mIDLE[0m
[robot_decision-1] [1746790989.403]: HealthCheck               [33mRUNNING[0m -> [31mFAILURE[0m
[robot_decision-1] [1746790989.403]: WaitNode                  [33mRUNNING[0m -> [32mSUCCESS[0m
[robot_decision-1] [1746790989.403]: NavigateToPose            [36mIDLE[0m -> [33mRUNNING[0m
[robot_decision-1] Point key: 1 x:3 y:0.45
[robot_decision-1] [INFO] [1746790989.402621443] [robot_decision]: [EnemyOutpostSub] enemy outpost health value: 1500
[robot_decision-1] [1746790989.404]: Inverter                  [31mFAILURE[0m -> [36mIDLE[0m
[robot_decision-1] [1746790989.404]: HealthCheck               [31mFAILURE[0m -> [36mIDLE[0m
[robot_decision-1] [1746790989.904]: Inverter                  [36mIDLE[0m -> [33mRUNNING[0m
[robot_decision-1] [1746790989.904]: Subscribers               [36mIDLE[0m -> [33mRUNNING[0m
[robot_decision-1] [INFO] [1746790989.904340604] [robot_decision]: [IfHealthSub] health value: 500
[robot_decision-1] [INFO] [1746790989.904479350] [robot_decision]: [OurOutpostSub] our outpost health value: 1500
[robot_decision-1] [INFO] [1746790989.904553532] [robot_decision]: [EnemyOutpostSub] enemy outpost health value: 1500
[robot_decision-1] [1746790989.904]: IfHealthSub               [36mIDLE[0m -> [32mSUCCESS[0m
[robot_decision-1] [1746790989.905]: OurOutpostSub             [36mIDLE[0m -> [32mSUCCESS[0m
[robot_decision-1] [1746790989.905]: EnemyOutpostSub           [36mIDLE[0m -> [32mSUCCESS[0m
[robot_decision-1] [1746790989.905]: IfHealthSub               [32mSUCCESS[0m -> [36mIDLE[0m
[robot_decision-1] [1746790989.905]: OurOutpostSub             [32mSUCCESS[0m -> [36mIDLE[0m
[robot_decision-1] [1746790989.905]: EnemyOutpostSub           [32mSUCCESS[0m -> [36mIDLE[0m
[robot_decision-1] [1746790989.905]: Subscribers               [33mRUNNING[0m -> [32mSUCCESS[0m
[robot_decision-1] [1746790989.905]: Subscribers               [32mSUCCESS[0m -> [36mIDLE[0m
[robot_decision-1] [1746790989.905]: Inverter                  [33mRUNNING[0m -> [31mFAILURE[0m
[robot_decision-1] [1746790989.905]: HealthCheck               [36mIDLE[0m -> [33mRUNNING[0m
[robot_decision-1] [1746790989.905]: CheckIfHealth             [36mIDLE[0m -> [31mFAILURE[0m
[robot_decision-1] [1746790989.905]: CheckIfHealth             [31mFAILURE[0m -> [36mIDLE[0m
[robot_decision-1] [1746790989.905]: HealthCheck               [33mRUNNING[0m -> [31mFAILURE[0m
[robot_decision-1] [1746790989.905]: Inverter                  [31mFAILURE[0m -> [36mIDLE[0m
[robot_decision-1] [1746790989.905]: HealthCheck               [31mFAILURE[0m -> [36mIDLE[0m
[robot_decision-1] [1746790990.405]: Inverter                  [36mIDLE[0m -> [33mRUNNING[0m
[robot_decision-1] [1746790990.405]: Subscribers               [36mIDLE[0m -> [33mRUNNING[0m
[robot_decision-1] [INFO] [1746790990.405520887] [robot_decision]: [IfHealthSub] health value: 500
[robot_decision-1] [INFO] [1746790990.405779702] [robot_decision]: [OurOutpostSub] our outpost health value: 1500
[robot_decision-1] [INFO] [1746790990.405889021] [robot_decision]: [EnemyOutpostSub] enemy outpost health value: 1500
[robot_decision-1] [1746790990.406]: IfHealthSub               [36mIDLE[0m -> [32mSUCCESS[0m
[robot_decision-1] [1746790990.406]: OurOutpostSub             [36mIDLE[0m -> [32mSUCCESS[0m
[robot_decision-1] [1746790990.406]: EnemyOutpostSub           [36mIDLE[0m -> [32mSUCCESS[0m
[robot_decision-1] [1746790990.406]: IfHealthSub               [32mSUCCESS[0m -> [36mIDLE[0m
[robot_decision-1] [1746790990.406]: OurOutpostSub             [32mSUCCESS[0m -> [36mIDLE[0m
[robot_decision-1] [1746790990.406]: EnemyOutpostSub           [32mSUCCESS[0m -> [36mIDLE[0m
[robot_decision-1] [1746790990.406]: Subscribers               [33mRUNNING[0m -> [32mSUCCESS[0m
[robot_decision-1] [1746790990.406]: Subscribers               [32mSUCCESS[0m -> [36mIDLE[0m
[robot_decision-1] [1746790990.406]: Inverter                  [33mRUNNING[0m -> [31mFAILURE[0m
[robot_decision-1] [1746790990.406]: HealthCheck               [36mIDLE[0m -> [33mRUNNING[0m
[robot_decision-1] [1746790990.406]: CheckIfHealth             [36mIDLE[0m -> [31mFAILURE[0m
[robot_decision-1] [1746790990.406]: CheckIfHealth             [31mFAILURE[0m -> [36mIDLE[0m
[robot_decision-1] [1746790990.406]: HealthCheck               [33mRUNNING[0m -> [31mFAILURE[0m
[robot_decision-1] [1746790990.406]: Inverter                  [31mFAILURE[0m -> [36mIDLE[0m
[robot_decision-1] [1746790990.406]: HealthCheck               [31mFAILURE[0m -> [36mIDLE[0m
[robot_decision-1] [1746790990.906]: Inverter                  [36mIDLE[0m -> [33mRUNNING[0m
[robot_decision-1] [1746790990.907]: Subscribers               [36mIDLE[0m -> [33mRUNNING[0m
[robot_decision-1] [INFO] [1746790990.907068276] [robot_decision]: [IfHealthSub] health value: 500
[robot_decision-1] [INFO] [1746790990.907382998] [robot_decision]: [OurOutpostSub] our outpost health value: 1500
[robot_decision-1] [1746790990.907]: IfHealthSub               [36mIDLE[0m -> [32mSUCCESS[0m
[robot_decision-1] [1746790990.907]: OurOutpostSub             [36mIDLE[0m -> [32mSUCCESS[0m
[robot_decision-1] [1746790990.908]: EnemyOutpostSub           [36mIDLE[0m -> [32mSUCCESS[0m
[robot_decision-1] [1746790990.908]: IfHealthSub               [32mSUCCESS[0m -> [36mIDLE[0m
[robot_decision-1] [1746790990.908]: OurOutpostSub             [32mSUCCESS[0m -> [36mIDLE[0m
[robot_decision-1] [1746790990.908]: EnemyOutpostSub           [32mSUCCESS[0m -> [36mIDLE[0m
[robot_decision-1] [1746790990.908]: Subscribers               [33mRUNNING[0m -> [32mSUCCESS[0m
[robot_decision-1] [1746790990.908]: Subscribers               [32mSUCCESS[0m -> [36mIDLE[0m
[robot_decision-1] [1746790990.908]: Inverter                  [33mRUNNING[0m -> [31mFAILURE[0m
[robot_decision-1] [1746790990.908]: HealthCheck               [36mIDLE[0m -> [33mRUNNING[0m
[robot_decision-1] [1746790990.908]: CheckIfHealth             [36mIDLE[0m -> [31mFAILURE[0m
[robot_decision-1] [1746790990.908]: CheckIfHealth             [31mFAILURE[0m -> [36mIDLE[0m
[robot_decision-1] [1746790990.908]: HealthCheck               [33mRUNNING[0m -> [31mFAILURE[0m
[robot_decision-1] [1746790990.908]: Inverter                  [31mFAILURE[0m -> [36mIDLE[0m
[robot_decision-1] [1746790990.908]: HealthCheck               [31mFAILURE[0m -> [36mIDLE[0m
[robot_decision-1] [INFO] [1746790990.907522545] [robot_decision]: [EnemyOutpostSub] enemy outpost health value: 1500
[robot_decision-1] [1746790991.408]: Inverter                  [36mIDLE[0m -> [33mRUNNING[0m
[robot_decision-1] [1746790991.408]: Subscribers               [36mIDLE[0m -> [33mRUNNING[0m
[robot_decision-1] [INFO] [1746790991.408345100] [robot_decision]: [IfHealthSub] health value: 500
[robot_decision-1] [INFO] [1746790991.408494716] [robot_decision]: [OurOutpostSub] our outpost health value: 1500
[robot_decision-1] [INFO] [1746790991.408561023] [robot_decision]: [EnemyOutpostSub] enemy outpost health value: 1500
[robot_decision-1] [1746790991.408]: IfHealthSub               [36mIDLE[0m -> [32mSUCCESS[0m
[robot_decision-1] [1746790991.409]: OurOutpostSub             [36mIDLE[0m -> [32mSUCCESS[0m
[robot_decision-1] [1746790991.409]: EnemyOutpostSub           [36mIDLE[0m -> [32mSUCCESS[0m
[robot_decision-1] [1746790991.409]: IfHealthSub               [32mSUCCESS[0m -> [36mIDLE[0m
[robot_decision-1] [1746790991.409]: OurOutpostSub             [32mSUCCESS[0m -> [36mIDLE[0m
[robot_decision-1] [1746790991.409]: EnemyOutpostSub           [32mSUCCESS[0m -> [36mIDLE[0m
[robot_decision-1] [1746790991.409]: Subscribers               [33mRUNNING[0m -> [32mSUCCESS[0m
[robot_decision-1] [1746790991.409]: Subscribers               [32mSUCCESS[0m -> [36mIDLE[0m
[robot_decision-1] [1746790991.409]: Inverter                  [33mRUNNING[0m -> [31mFAILURE[0m
[robot_decision-1] [1746790991.409]: HealthCheck               [36mIDLE[0m -> [33mRUNNING[0m
[robot_decision-1] [1746790991.409]: CheckIfHealth             [36mIDLE[0m -> [31mFAILURE[0m
[robot_decision-1] [1746790991.409]: CheckIfHealth             [31mFAILURE[0m -> [36mIDLE[0m
[robot_decision-1] [1746790991.409]: HealthCheck               [33mRUNNING[0m -> [31mFAILURE[0m
[robot_decision-1] [1746790991.409]: Inverter                  [31mFAILURE[0m -> [36mIDLE[0m
[robot_decision-1] [1746790991.409]: HealthCheck               [31mFAILURE[0m -> [36mIDLE[0m
[robot_decision-1] [1746790991.909]: Inverter                  [36mIDLE[0m -> [33mRUNNING[0m
[robot_decision-1] [1746790991.909]: Subscribers               [36mIDLE[0m -> [33mRUNNING[0m
[robot_decision-1] [1746790991.909]: IfHealthSub               [36mIDLE[0m -> [32mSUCCESS[0m
[robot_decision-1] [1746790991.909]: OurOutpostSub             [36mIDLE[0m -> [32mSUCCESS[0m
[robot_decision-1] [1746790991.909]: EnemyOutpostSub           [36mIDLE[0m -> [32mSUCCESS[0m
[robot_decision-1] [1746790991.909]: IfHealthSub               [32mSUCCESS[0m -> [36mIDLE[0m
[robot_decision-1] [1746790991.909]: OurOutpostSub             [32mSUCCESS[0m -> [36mIDLE[0m
[robot_decision-1] [1746790991.909]: EnemyOutpostSub           [32mSUCCESS[0m -> [36mIDLE[0m
[robot_decision-1] [1746790991.909]: Subscribers               [33mRUNNING[0m -> [32mSUCCESS[0m
[robot_decision-1] [1746790991.909]: Subscribers               [32mSUCCESS[0m -> [36mIDLE[0m
[robot_decision-1] [1746790991.909]: Inverter                  [33mRUNNING[0m -> [31mFAILURE[0m
[robot_decision-1] [1746790991.909]: HealthCheck               [36mIDLE[0m -> [33mRUNNING[0m
[robot_decision-1] [1746790991.909]: CheckIfHealth             [36mIDLE[0m -> [31mFAILURE[0m
[robot_decision-1] [1746790991.909]: CheckIfHealth             [31mFAILURE[0m -> [36mIDLE[0m
[robot_decision-1] [1746790991.909]: HealthCheck               [33mRUNNING[0m -> [31mFAILURE[0m
[robot_decision-1] [1746790991.910]: Inverter                  [31mFAILURE[0m -> [36mIDLE[0m
[robot_decision-1] [1746790991.910]: HealthCheck               [31mFAILURE[0m -> [36mIDLE[0m
[robot_decision-1] [INFO] [1746790991.909139565] [robot_decision]: [IfHealthSub] health value: 500
[robot_decision-1] [INFO] [1746790991.909285965] [robot_decision]: [OurOutpostSub] our outpost health value: 1500
[robot_decision-1] [INFO] [1746790991.909364365] [robot_decision]: [EnemyOutpostSub] enemy outpost health value: 1500
[robot_decision-1] [1746790992.410]: Inverter                  [36mIDLE[0m -> [33mRUNNING[0m
[robot_decision-1] [1746790992.410]: Subscribers               [36mIDLE[0m -> [33mRUNNING[0m
[robot_decision-1] [INFO] [1746790992.410331433] [robot_decision]: [IfHealthSub] health value: 500
[robot_decision-1] [INFO] [1746790992.410558096] [robot_decision]: [OurOutpostSub] our outpost health value: 1500
[robot_decision-1] [INFO] [1746790992.410656665] [robot_decision]: [EnemyOutpostSub] enemy outpost health value: 1500
[robot_decision-1] [1746790992.410]: IfHealthSub               [36mIDLE[0m -> [32mSUCCESS[0m
[robot_decision-1] [1746790992.411]: OurOutpostSub             [36mIDLE[0m -> [32mSUCCESS[0m
[robot_decision-1] [1746790992.411]: EnemyOutpostSub           [36mIDLE[0m -> [32mSUCCESS[0m
[robot_decision-1] [1746790992.411]: IfHealthSub               [32mSUCCESS[0m -> [36mIDLE[0m
[robot_decision-1] [1746790992.411]: OurOutpostSub             [32mSUCCESS[0m -> [36mIDLE[0m
[robot_decision-1] [1746790992.411]: EnemyOutpostSub           [32mSUCCESS[0m -> [36mIDLE[0m
[robot_decision-1] [1746790992.411]: Subscribers               [33mRUNNING[0m -> [32mSUCCESS[0m
[robot_decision-1] [1746790992.411]: Subscribers               [32mSUCCESS[0m -> [36mIDLE[0m
[robot_decision-1] [1746790992.411]: Inverter                  [33mRUNNING[0m -> [31mFAILURE[0m
[robot_decision-1] [1746790992.411]: HealthCheck               [36mIDLE[0m -> [33mRUNNING[0m
[robot_decision-1] [1746790992.411]: CheckIfHealth             [36mIDLE[0m -> [31mFAILURE[0m
[robot_decision-1] [1746790992.411]: CheckIfHealth             [31mFAILURE[0m -> [36mIDLE[0m
[robot_decision-1] [1746790992.411]: HealthCheck               [33mRUNNING[0m -> [31mFAILURE[0m
[robot_decision-1] [1746790992.411]: Inverter                  [31mFAILURE[0m -> [36mIDLE[0m
[robot_decision-1] [1746790992.411]: HealthCheck               [31mFAILURE[0m -> [36mIDLE[0m
[robot_decision-1] [1746790992.912]: Inverter                  [36mIDLE[0m -> [33mRUNNING[0m
[robot_decision-1] [1746790992.912]: Subscribers               [36mIDLE[0m -> [33mRUNNING[0m
[robot_decision-1] [INFO] [1746790992.911812056] [robot_decision]: [IfHealthSub] health value: 500
[robot_decision-1] [INFO] [1746790992.911921566] [robot_decision]: [OurOutpostSub] our outpost health value: 1500
[robot_decision-1] [INFO] [1746790992.911979146] [robot_decision]: [EnemyOutpostSub] enemy outpost health value: 1500
[robot_decision-1] [1746790992.912]: IfHealthSub               [36mIDLE[0m -> [32mSUCCESS[0m
[robot_decision-1] [1746790992.912]: OurOutpostSub             [36mIDLE[0m -> [32mSUCCESS[0m
[robot_decision-1] [1746790992.912]: EnemyOutpostSub           [36mIDLE[0m -> [32mSUCCESS[0m
[robot_decision-1] [1746790992.912]: IfHealthSub               [32mSUCCESS[0m -> [36mIDLE[0m
[robot_decision-1] [1746790992.912]: OurOutpostSub             [32mSUCCESS[0m -> [36mIDLE[0m
[robot_decision-1] [1746790992.912]: EnemyOutpostSub           [32mSUCCESS[0m -> [36mIDLE[0m
[robot_decision-1] [1746790992.912]: Subscribers               [33mRUNNING[0m -> [32mSUCCESS[0m
[robot_decision-1] [1746790992.912]: Subscribers               [32mSUCCESS[0m -> [36mIDLE[0m
[robot_decision-1] [1746790992.912]: Inverter                  [33mRUNNING[0m -> [31mFAILURE[0m
[robot_decision-1] [1746790992.912]: HealthCheck               [36mIDLE[0m -> [33mRUNNING[0m
[robot_decision-1] [1746790992.912]: CheckIfHealth             [36mIDLE[0m -> [31mFAILURE[0m
[robot_decision-1] [1746790992.912]: CheckIfHealth             [31mFAILURE[0m -> [36mIDLE[0m
[robot_decision-1] [1746790992.912]: HealthCheck               [33mRUNNING[0m -> [31mFAILURE[0m
[robot_decision-1] [1746790992.912]: Inverter                  [31mFAILURE[0m -> [36mIDLE[0m
[robot_decision-1] [1746790992.912]: HealthCheck               [31mFAILURE[0m -> [36mIDLE[0m
[robot_decision-1] [1746790993.413]: Inverter                  [36mIDLE[0m -> [33mRUNNING[0m
[robot_decision-1] [1746790993.413]: Subscribers               [36mIDLE[0m -> [33mRUNNING[0m
[robot_decision-1] [INFO] [1746790993.412738092] [robot_decision]: [IfHealthSub] health value: 500
[robot_decision-1] [INFO] [1746790993.412895062] [robot_decision]: [OurOutpostSub] our outpost health value: 1500
[robot_decision-1] [INFO] [1746790993.412966047] [robot_decision]: [EnemyOutpostSub] enemy outpost health value: 1500
[robot_decision-1] [1746790993.413]: IfHealthSub               [36mIDLE[0m -> [32mSUCCESS[0m
[robot_decision-1] [1746790993.413]: OurOutpostSub             [36mIDLE[0m -> [32mSUCCESS[0m
[robot_decision-1] [1746790993.413]: EnemyOutpostSub           [36mIDLE[0m -> [32mSUCCESS[0m
[robot_decision-1] [1746790993.413]: IfHealthSub               [32mSUCCESS[0m -> [36mIDLE[0m
[robot_decision-1] [1746790993.413]: OurOutpostSub             [32mSUCCESS[0m -> [36mIDLE[0m
[robot_decision-1] [1746790993.413]: EnemyOutpostSub           [32mSUCCESS[0m -> [36mIDLE[0m
[robot_decision-1] [1746790993.413]: Subscribers               [33mRUNNING[0m -> [32mSUCCESS[0m
[robot_decision-1] [1746790993.413]: Subscribers               [32mSUCCESS[0m -> [36mIDLE[0m
[robot_decision-1] [1746790993.413]: Inverter                  [33mRUNNING[0m -> [31mFAILURE[0m
[robot_decision-1] [1746790993.413]: HealthCheck               [36mIDLE[0m -> [33mRUNNING[0m
[robot_decision-1] [1746790993.413]: CheckIfHealth             [36mIDLE[0m -> [31mFAILURE[0m
[robot_decision-1] [1746790993.413]: CheckIfHealth             [31mFAILURE[0m -> [36mIDLE[0m
[robot_decision-1] [1746790993.413]: HealthCheck               [33mRUNNING[0m -> [31mFAILURE[0m
[robot_decision-1] [1746790993.413]: Inverter                  [31mFAILURE[0m -> [36mIDLE[0m
[robot_decision-1] [1746790993.413]: HealthCheck               [31mFAILURE[0m -> [36mIDLE[0m
[robot_decision-1] [1746790993.914]: Inverter                  [36mIDLE[0m -> [33mRUNNING[0m
[robot_decision-1] [1746790993.914]: Subscribers               [36mIDLE[0m -> [33mRUNNING[0m
[robot_decision-1] [INFO] [1746790993.914072321] [robot_decision]: [IfHealthSub] health value: 500
[robot_decision-1] [INFO] [1746790993.914343319] [robot_decision]: [OurOutpostSub] our outpost health value: 1500
[robot_decision-1] [1746790993.914]: IfHealthSub               [36mIDLE[0m -> [32mSUCCESS[0m
[robot_decision-1] [1746790993.914]: OurOutpostSub             [36mIDLE[0m -> [32mSUCCESS[0m
[robot_decision-1] [1746790993.915]: EnemyOutpostSub           [36mIDLE[0m -> [32mSUCCESS[0m
[robot_decision-1] [1746790993.915]: IfHealthSub               [32mSUCCESS[0m -> [36mIDLE[0m
[robot_decision-1] [1746790993.915]: OurOutpostSub             [32mSUCCESS[0m -> [36mIDLE[0m
[robot_decision-1] [1746790993.915]: EnemyOutpostSub           [32mSUCCESS[0m -> [36mIDLE[0m
[robot_decision-1] [1746790993.915]: Subscribers               [33mRUNNING[0m -> [32mSUCCESS[0m
[robot_decision-1] [1746790993.915]: Subscribers               [32mSUCCESS[0m -> [36mIDLE[0m
[robot_decision-1] [1746790993.915]: Inverter                  [33mRUNNING[0m -> [31mFAILURE[0m
[robot_decision-1] [1746790993.915]: HealthCheck               [36mIDLE[0m -> [33mRUNNING[0m
[robot_decision-1] [1746790993.915]: CheckIfHealth             [36mIDLE[0m -> [31mFAILURE[0m
[robot_decision-1] [1746790993.915]: CheckIfHealth             [31mFAILURE[0m -> [36mIDLE[0m
[robot_decision-1] [1746790993.915]: HealthCheck               [33mRUNNING[0m -> [31mFAILURE[0m
[robot_decision-1] [1746790993.915]: Inverter                  [31mFAILURE[0m -> [36mIDLE[0m
[robot_decision-1] [1746790993.915]: HealthCheck               [31mFAILURE[0m -> [36mIDLE[0m
[robot_decision-1] [INFO] [1746790993.914472606] [robot_decision]: [EnemyOutpostSub] enemy outpost health value: 1500
[robot_decision-1] [1746790994.415]: Inverter                  [36mIDLE[0m -> [33mRUNNING[0m
[robot_decision-1] [1746790994.415]: Subscribers               [36mIDLE[0m -> [33mRUNNING[0m
[robot_decision-1] [INFO] [1746790994.415278287] [robot_decision]: [IfHealthSub] health value: 500
[robot_decision-1] [1746790994.415]: IfHealthSub               [36mIDLE[0m -> [32mSUCCESS[0m
[robot_decision-1] [1746790994.415]: OurOutpostSub             [36mIDLE[0m -> [32mSUCCESS[0m
[robot_decision-1] [1746790994.416]: EnemyOutpostSub           [36mIDLE[0m -> [32mSUCCESS[0m
[robot_decision-1] [1746790994.416]: IfHealthSub               [32mSUCCESS[0m -> [36mIDLE[0m
[robot_decision-1] [1746790994.416]: OurOutpostSub             [32mSUCCESS[0m -> [36mIDLE[0m
[robot_decision-1] [1746790994.416]: EnemyOutpostSub           [32mSUCCESS[0m -> [36mIDLE[0m
[robot_decision-1] [1746790994.416]: Subscribers               [33mRUNNING[0m -> [32mSUCCESS[0m
[robot_decision-1] [1746790994.416]: Subscribers               [32mSUCCESS[0m -> [36mIDLE[0m
[robot_decision-1] [1746790994.416]: Inverter                  [33mRUNNING[0m -> [31mFAILURE[0m
[robot_decision-1] [1746790994.416]: HealthCheck               [36mIDLE[0m -> [33mRUNNING[0m
[robot_decision-1] [1746790994.416]: CheckIfHealth             [36mIDLE[0m -> [31mFAILURE[0m
[robot_decision-1] [1746790994.416]: CheckIfHealth             [31mFAILURE[0m -> [36mIDLE[0m
[robot_decision-1] [1746790994.416]: HealthCheck               [33mRUNNING[0m -> [31mFAILURE[0m
[robot_decision-1] onResultReceived: 4
[robot_decision-1] [1746790994.416]: NavigateToPose            [33mRUNNING[0m -> [32mSUCCESS[0m
[robot_decision-1] [1746790994.416]: WaitNode                  [32mSUCCESS[0m -> [36mIDLE[0m
[robot_decision-1] [1746790994.416]: NavigateToPose            [32mSUCCESS[0m -> [36mIDLE[0m
[robot_decision-1] [1746790994.416]: Sequence                  [33mRUNNING[0m -> [32mSUCCESS[0m
[robot_decision-1] [1746790994.416]: Sequence                  [32mSUCCESS[0m -> [36mIDLE[0m
[robot_decision-1] [1746790994.416]: RetryUntilSuccessful      [33mRUNNING[0m -> [32mSUCCESS[0m
[robot_decision-1] [1746790994.416]: CheckIfHealth             [32mSUCCESS[0m -> [36mIDLE[0m
[robot_decision-1] [1746790994.416]: RetryUntilSuccessful      [32mSUCCESS[0m -> [36mIDLE[0m
[robot_decision-1] [1746790994.416]: BothOutpostAlive          [33mRUNNING[0m -> [32mSUCCESS[0m
[robot_decision-1] [1746790994.416]: OurOutpostDead            [31mFAILURE[0m -> [36mIDLE[0m
[robot_decision-1] [1746790994.416]: EnemyOutpostDead          [31mFAILURE[0m -> [36mIDLE[0m
[robot_decision-1] [1746790994.416]: BothOutpostAlive          [32mSUCCESS[0m -> [36mIDLE[0m
[robot_decision-1] [1746790994.416]: BaseStatusLogic           [33mRUNNING[0m -> [32mSUCCESS[0m
[robot_decision-1] [1746790994.416]: Inverter                  [31mFAILURE[0m -> [36mIDLE[0m
[robot_decision-1] [1746790994.416]: HealthCheck               [31mFAILURE[0m -> [36mIDLE[0m
[robot_decision-1] [1746790994.416]: BaseStatusLogic           [32mSUCCESS[0m -> [36mIDLE[0m
[robot_decision-1] [1746790994.416]: ActionSequence            [33mRUNNING[0m -> [32mSUCCESS[0m
[robot_decision-1] [1746790994.416]: ActionSequence            [32mSUCCESS[0m -> [36mIDLE[0m
[robot_decision-1] [1746790994.416]: ActionSequence            [36mIDLE[0m -> [33mRUNNING[0m
[robot_decision-1] [1746790994.416]: Inverter                  [36mIDLE[0m -> [33mRUNNING[0m
[robot_decision-1] [1746790994.416]: Subscribers               [36mIDLE[0m -> [33mRUNNING[0m
[robot_decision-1] [1746790994.416]: IfHealthSub               [36mIDLE[0m -> [31mFAILURE[0m
[robot_decision-1] [1746790994.416]: IfHealthSub               [31mFAILURE[0m -> [36mIDLE[0m
[robot_decision-1] [1746790994.416]: Subscribers               [33mRUNNING[0m -> [31mFAILURE[0m
[robot_decision-1] [1746790994.416]: Subscribers               [31mFAILURE[0m -> [36mIDLE[0m
[robot_decision-1] [1746790994.416]: Inverter                  [33mRUNNING[0m -> [32mSUCCESS[0m
[robot_decision-1] [1746790994.416]: Inverter                  [32mSUCCESS[0m -> [36mIDLE[0m
[robot_decision-1] [1746790994.416]: ActionSequence            [33mRUNNING[0m -> [32mSUCCESS[0m
[robot_decision-1] [1746790994.416]: ActionSequence            [32mSUCCESS[0m -> [36mIDLE[0m
[robot_decision-1] [INFO] [1746790994.415421812] [robot_decision]: [OurOutpostSub] our outpost health value: 1500
[robot_decision-1] [INFO] [1746790994.415495353] [robot_decision]: [EnemyOutpostSub] enemy outpost health value: 1500
[robot_decision-1] [INFO] [1746790994.415689975] [robot_decision]: Navigation Success!
[robot_decision-1] [ERROR] [1746790994.415840543] [robot_decision]: [IfHealthSub] invalid message
[robot_decision-1] [1746790994.916]: ActionSequence            [36mIDLE[0m -> [33mRUNNING[0m
[robot_decision-1] [1746790994.916]: Inverter                  [36mIDLE[0m -> [33mRUNNING[0m
[robot_decision-1] [1746790994.916]: Subscribers               [36mIDLE[0m -> [33mRUNNING[0m
[robot_decision-1] [INFO] [1746790994.916196338] [robot_decision]: [IfHealthSub] health value: 500
[robot_decision-1] [INFO] [1746790994.916322319] [robot_decision]: [OurOutpostSub] our outpost health value: 1500
[robot_decision-1] [INFO] [1746790994.916384197] [robot_decision]: [EnemyOutpostSub] enemy outpost health value: 1500
[robot_decision-1] [INFO] [1746790994.916486002] [IfHealth]: [CheckIfHealth] amount of blood: 500
[robot_decision-1] [INFO] [1746790994.916509707] [CheckOutposet]: [IsOurOutpostDead] Our outpost health: 1500 (alive)
[robot_decision-1] [INFO] [1746790994.916542610] [IfHealth]: [CheckIfHealth] amount of blood: 500
[robot_decision-1] [INFO] [1746790994.916562488] [CheckEnemyposet]: [IsEnemyOutpostDead] Enemy outpost health: 1500 (alive)
[robot_decision-1] [INFO] [1746790994.916601603] [IfHealth]: [CheckIfHealth] amount of blood: 500
[robot_decision-1] [1746790994.916]: IfHealthSub               [36mIDLE[0m -> [32mSUCCESS[0m
[robot_decision-1] [1746790994.916]: OurOutpostSub             [36mIDLE[0m -> [32mSUCCESS[0m
[robot_decision-1] [1746790994.916]: EnemyOutpostSub           [36mIDLE[0m -> [32mSUCCESS[0m
[robot_decision-1] [1746790994.916]: IfHealthSub               [32mSUCCESS[0m -> [36mIDLE[0m
[robot_decision-1] [1746790994.916]: OurOutpostSub             [32mSUCCESS[0m -> [36mIDLE[0m
[robot_decision-1] [1746790994.916]: EnemyOutpostSub           [32mSUCCESS[0m -> [36mIDLE[0m
[robot_decision-1] [1746790994.916]: Subscribers               [33mRUNNING[0m -> [32mSUCCESS[0m
[robot_decision-1] [1746790994.916]: Subscribers               [32mSUCCESS[0m -> [36mIDLE[0m
[robot_decision-1] [1746790994.916]: Inverter                  [33mRUNNING[0m -> [31mFAILURE[0m
[robot_decision-1] [1746790994.916]: HealthCheck               [36mIDLE[0m -> [33mRUNNING[0m
[robot_decision-1] [1746790994.916]: CheckIfHealth             [36mIDLE[0m -> [31mFAILURE[0m
[robot_decision-1] [1746790994.916]: CheckIfHealth             [31mFAILURE[0m -> [36mIDLE[0m
[robot_decision-1] [1746790994.916]: HealthCheck               [33mRUNNING[0m -> [31mFAILURE[0m
[robot_decision-1] [1746790994.916]: BaseStatusLogic           [36mIDLE[0m -> [33mRUNNING[0m
[robot_decision-1] [1746790994.916]: OurOutpostDead            [36mIDLE[0m -> [33mRUNNING[0m
[robot_decision-1] [1746790994.916]: CheckIfHealth             [36mIDLE[0m -> [32mSUCCESS[0m
[robot_decision-1] [1746790994.917]: IsOurOutpostDead          [36mIDLE[0m -> [31mFAILURE[0m
[robot_decision-1] [1746790994.917]: CheckIfHealth             [32mSUCCESS[0m -> [36mIDLE[0m
[robot_decision-1] [1746790994.917]: IsOurOutpostDead          [31mFAILURE[0m -> [36mIDLE[0m
[robot_decision-1] [1746790994.917]: OurOutpostDead            [33mRUNNING[0m -> [31mFAILURE[0m
[robot_decision-1] [1746790994.917]: EnemyOutpostDead          [36mIDLE[0m -> [33mRUNNING[0m
[robot_decision-1] [1746790994.917]: CheckIfHealth             [36mIDLE[0m -> [32mSUCCESS[0m
[robot_decision-1] [1746790994.917]: IsEnemyOutpostDead        [36mIDLE[0m -> [31mFAILURE[0m
[robot_decision-1] [1746790994.917]: CheckIfHealth             [32mSUCCESS[0m -> [36mIDLE[0m
[robot_decision-1] [1746790994.917]: IsEnemyOutpostDead        [31mFAILURE[0m -> [36mIDLE[0m
[robot_decision-1] [1746790994.917]: EnemyOutpostDead          [33mRUNNING[0m -> [31mFAILURE[0m
[robot_decision-1] [1746790994.917]: BothOutpostAlive          [36mIDLE[0m -> [33mRUNNING[0m
[robot_decision-1] [1746790994.917]: CheckIfHealth             [36mIDLE[0m -> [32mSUCCESS[0m
[robot_decision-1] [1746790994.917]: RetryUntilSuccessful      [36mIDLE[0m -> [33mRUNNING[0m
[robot_decision-1] [1746790994.917]: Sequence                  [36mIDLE[0m -> [33mRUNNING[0m
[robot_decision-1] [1746790994.917]: WaitNode                  [36mIDLE[0m -> [33mRUNNING[0m
[robot_decision-1] [1746790994.917]: Inverter                  [31mFAILURE[0m -> [36mIDLE[0m
[robot_decision-1] [1746790994.917]: HealthCheck               [31mFAILURE[0m -> [36mIDLE[0m
[robot_decision-1] [1746790995.417]: Inverter                  [36mIDLE[0m -> [33mRUNNING[0m
[robot_decision-1] [1746790995.417]: Subscribers               [36mIDLE[0m -> [33mRUNNING[0m
[robot_decision-1] [1746790995.418]: IfHealthSub               [36mIDLE[0m -> [32mSUCCESS[0m
[robot_decision-1] [1746790995.418]: OurOutpostSub             [36mIDLE[0m -> [32mSUCCESS[0m
[robot_decision-1] [1746790995.418]: EnemyOutpostSub           [36mIDLE[0m -> [32mSUCCESS[0m
[robot_decision-1] [1746790995.418]: IfHealthSub               [32mSUCCESS[0m -> [36mIDLE[0m
[robot_decision-1] [1746790995.418]: OurOutpostSub             [32mSUCCESS[0m -> [36mIDLE[0m
[robot_decision-1] [1746790995.418]: EnemyOutpostSub           [32mSUCCESS[0m -> [36mIDLE[0m
[robot_decision-1] [1746790995.418]: Subscribers               [33mRUNNING[0m -> [32mSUCCESS[0m
[robot_decision-1] [1746790995.418]: Subscribers               [32mSUCCESS[0m -> [36mIDLE[0m
[robot_decision-1] [1746790995.418]: Inverter                  [33mRUNNING[0m -> [31mFAILURE[0m
[robot_decision-1] [1746790995.418]: HealthCheck               [36mIDLE[0m -> [33mRUNNING[0m
[robot_decision-1] [1746790995.418]: CheckIfHealth             [36mIDLE[0m -> [31mFAILURE[0m
[robot_decision-1] [1746790995.418]: CheckIfHealth             [31mFAILURE[0m -> [36mIDLE[0m
[robot_decision-1] [1746790995.418]: HealthCheck               [33mRUNNING[0m -> [31mFAILURE[0m
[robot_decision-1] [1746790995.418]: WaitNode                  [33mRUNNING[0m -> [32mSUCCESS[0m
[robot_decision-1] [1746790995.418]: NavigateToPose            [36mIDLE[0m -> [33mRUNNING[0m
[robot_decision-1] Point key: 1 x:3 y:0.45
[robot_decision-1] [INFO] [1746790995.417667077] [robot_decision]: [IfHealthSub] health value: 500
[robot_decision-1] [INFO] [1746790995.417899992] [robot_decision]: [OurOutpostSub] our outpost health value: 1500
[robot_decision-1] [INFO] [1746790995.417971729] [robot_decision]: [EnemyOutpostSub] enemy outpost health value: 1500
[robot_decision-1] [1746790995.419]: Inverter                  [31mFAILURE[0m -> [36mIDLE[0m
[robot_decision-1] [1746790995.419]: HealthCheck               [31mFAILURE[0m -> [36mIDLE[0m
[robot_decision-1] [1746790995.919]: Inverter                  [36mIDLE[0m -> [33mRUNNING[0m
[robot_decision-1] [1746790995.919]: Subscribers               [36mIDLE[0m -> [33mRUNNING[0m
[robot_decision-1] [INFO] [1746790995.919415100] [robot_decision]: [IfHealthSub] health value: 500
[robot_decision-1] [INFO] [1746790995.919555488] [robot_decision]: [OurOutpostSub] our outpost health value: 1500
[robot_decision-1] [INFO] [1746790995.919702149] [robot_decision]: [EnemyOutpostSub] enemy outpost health value: 1500
[robot_decision-1] [1746790995.919]: IfHealthSub               [36mIDLE[0m -> [32mSUCCESS[0m
[robot_decision-1] [1746790995.920]: OurOutpostSub             [36mIDLE[0m -> [32mSUCCESS[0m
[robot_decision-1] [1746790995.920]: EnemyOutpostSub           [36mIDLE[0m -> [32mSUCCESS[0m
[robot_decision-1] [1746790995.920]: IfHealthSub               [32mSUCCESS[0m -> [36mIDLE[0m
[robot_decision-1] [1746790995.920]: OurOutpostSub             [32mSUCCESS[0m -> [36mIDLE[0m
[robot_decision-1] [1746790995.920]: EnemyOutpostSub           [32mSUCCESS[0m -> [36mIDLE[0m
[robot_decision-1] [1746790995.920]: Subscribers               [33mRUNNING[0m -> [32mSUCCESS[0m
[robot_decision-1] [1746790995.920]: Subscribers               [32mSUCCESS[0m -> [36mIDLE[0m
[robot_decision-1] [1746790995.920]: Inverter                  [33mRUNNING[0m -> [31mFAILURE[0m
[robot_decision-1] [1746790995.920]: HealthCheck               [36mIDLE[0m -> [33mRUNNING[0m
[robot_decision-1] [1746790995.920]: CheckIfHealth             [36mIDLE[0m -> [31mFAILURE[0m
[robot_decision-1] [1746790995.920]: CheckIfHealth             [31mFAILURE[0m -> [36mIDLE[0m
[robot_decision-1] [1746790995.920]: HealthCheck               [33mRUNNING[0m -> [31mFAILURE[0m
[robot_decision-1] [1746790995.920]: Inverter                  [31mFAILURE[0m -> [36mIDLE[0m
[robot_decision-1] [1746790995.920]: HealthCheck               [31mFAILURE[0m -> [36mIDLE[0m
[robot_decision-1] [1746790996.420]: Inverter                  [36mIDLE[0m -> [33mRUNNING[0m
[robot_decision-1] [1746790996.420]: Subscribers               [36mIDLE[0m -> [33mRUNNING[0m
[robot_decision-1] [INFO] [1746790996.420405376] [robot_decision]: [IfHealthSub] health value: 500
[robot_decision-1] [1746790996.420]: IfHealthSub               [36mIDLE[0m -> [32mSUCCESS[0m
[robot_decision-1] [1746790996.421]: OurOutpostSub             [36mIDLE[0m -> [32mSUCCESS[0m
[robot_decision-1] [1746790996.421]: EnemyOutpostSub           [36mIDLE[0m -> [32mSUCCESS[0m
[robot_decision-1] [1746790996.421]: IfHealthSub               [32mSUCCESS[0m -> [36mIDLE[0m
[robot_decision-1] [1746790996.421]: OurOutpostSub             [32mSUCCESS[0m -> [36mIDLE[0m
[robot_decision-1] [1746790996.421]: EnemyOutpostSub           [32mSUCCESS[0m -> [36mIDLE[0m
[robot_decision-1] [1746790996.421]: Subscribers               [33mRUNNING[0m -> [32mSUCCESS[0m
[robot_decision-1] [1746790996.421]: Subscribers               [32mSUCCESS[0m -> [36mIDLE[0m
[robot_decision-1] [1746790996.421]: Inverter                  [33mRUNNING[0m -> [31mFAILURE[0m
[robot_decision-1] [1746790996.421]: HealthCheck               [36mIDLE[0m -> [33mRUNNING[0m
[robot_decision-1] [1746790996.421]: CheckIfHealth             [36mIDLE[0m -> [31mFAILURE[0m
[robot_decision-1] [1746790996.421]: CheckIfHealth             [31mFAILURE[0m -> [36mIDLE[0m
[robot_decision-1] [1746790996.421]: HealthCheck               [33mRUNNING[0m -> [31mFAILURE[0m
[robot_decision-1] [1746790996.421]: Inverter                  [31mFAILURE[0m -> [36mIDLE[0m
[robot_decision-1] [1746790996.421]: HealthCheck               [31mFAILURE[0m -> [36mIDLE[0m
[robot_decision-1] [INFO] [1746790996.420551966] [robot_decision]: [OurOutpostSub] our outpost health value: 1500
[robot_decision-1] [INFO] [1746790996.420629885] [robot_decision]: [EnemyOutpostSub] enemy outpost health value: 1500
[robot_decision-1] [1746790996.921]: Inverter                  [36mIDLE[0m -> [33mRUNNING[0m
[robot_decision-1] [1746790996.921]: Subscribers               [36mIDLE[0m -> [33mRUNNING[0m
[robot_decision-1] [INFO] [1746790996.921736318] [robot_decision]: [IfHealthSub] health value: 500
[robot_decision-1] [INFO] [1746790996.922001164] [robot_decision]: [OurOutpostSub] our outpost health value: 1500
[robot_decision-1] [INFO] [1746790996.922138527] [robot_decision]: [EnemyOutpostSub] enemy outpost health value: 1500
[robot_decision-1] [1746790996.922]: IfHealthSub               [36mIDLE[0m -> [32mSUCCESS[0m
[robot_decision-1] [1746790996.922]: OurOutpostSub             [36mIDLE[0m -> [32mSUCCESS[0m
[robot_decision-1] [1746790996.922]: EnemyOutpostSub           [36mIDLE[0m -> [32mSUCCESS[0m
[robot_decision-1] [1746790996.922]: IfHealthSub               [32mSUCCESS[0m -> [36mIDLE[0m
[robot_decision-1] [1746790996.922]: OurOutpostSub             [32mSUCCESS[0m -> [36mIDLE[0m
[robot_decision-1] [1746790996.922]: EnemyOutpostSub           [32mSUCCESS[0m -> [36mIDLE[0m
[robot_decision-1] [1746790996.922]: Subscribers               [33mRUNNING[0m -> [32mSUCCESS[0m
[robot_decision-1] [1746790996.922]: Subscribers               [32mSUCCESS[0m -> [36mIDLE[0m
[robot_decision-1] [1746790996.922]: Inverter                  [33mRUNNING[0m -> [31mFAILURE[0m
[robot_decision-1] [1746790996.922]: HealthCheck               [36mIDLE[0m -> [33mRUNNING[0m
[robot_decision-1] [1746790996.922]: CheckIfHealth             [36mIDLE[0m -> [31mFAILURE[0m
[robot_decision-1] [1746790996.922]: CheckIfHealth             [31mFAILURE[0m -> [36mIDLE[0m
[robot_decision-1] [1746790996.922]: HealthCheck               [33mRUNNING[0m -> [31mFAILURE[0m
[robot_decision-1] [1746790996.923]: Inverter                  [31mFAILURE[0m -> [36mIDLE[0m
[robot_decision-1] [1746790996.923]: HealthCheck               [31mFAILURE[0m -> [36mIDLE[0m
[robot_decision-1] [1746790997.423]: Inverter                  [36mIDLE[0m -> [33mRUNNING[0m
[robot_decision-1] [1746790997.423]: Subscribers               [36mIDLE[0m -> [33mRUNNING[0m
[robot_decision-1] [INFO] [1746790997.422906424] [robot_decision]: [IfHealthSub] health value: 500
[robot_decision-1] [INFO] [1746790997.423026263] [robot_decision]: [OurOutpostSub] our outpost health value: 1500
[robot_decision-1] [INFO] [1746790997.423091478] [robot_decision]: [EnemyOutpostSub] enemy outpost health value: 1500
[robot_decision-1] [1746790997.423]: IfHealthSub               [36mIDLE[0m -> [32mSUCCESS[0m
[robot_decision-1] [1746790997.423]: OurOutpostSub             [36mIDLE[0m -> [32mSUCCESS[0m
[robot_decision-1] [1746790997.423]: EnemyOutpostSub           [36mIDLE[0m -> [32mSUCCESS[0m
[robot_decision-1] [1746790997.423]: IfHealthSub               [32mSUCCESS[0m -> [36mIDLE[0m
[robot_decision-1] [1746790997.423]: OurOutpostSub             [32mSUCCESS[0m -> [36mIDLE[0m
[robot_decision-1] [1746790997.423]: EnemyOutpostSub           [32mSUCCESS[0m -> [36mIDLE[0m
[robot_decision-1] [1746790997.423]: Subscribers               [33mRUNNING[0m -> [32mSUCCESS[0m
[robot_decision-1] [1746790997.423]: Subscribers               [32mSUCCESS[0m -> [36mIDLE[0m
[robot_decision-1] [1746790997.423]: Inverter                  [33mRUNNING[0m -> [31mFAILURE[0m
[robot_decision-1] [1746790997.423]: HealthCheck               [36mIDLE[0m -> [33mRUNNING[0m
[robot_decision-1] [1746790997.423]: CheckIfHealth             [36mIDLE[0m -> [31mFAILURE[0m
[robot_decision-1] [1746790997.423]: CheckIfHealth             [31mFAILURE[0m -> [36mIDLE[0m
[robot_decision-1] [1746790997.423]: HealthCheck               [33mRUNNING[0m -> [31mFAILURE[0m
[robot_decision-1] [1746790997.423]: Inverter                  [31mFAILURE[0m -> [36mIDLE[0m
[robot_decision-1] [1746790997.423]: HealthCheck               [31mFAILURE[0m -> [36mIDLE[0m
[robot_decision-1] [1746790997.924]: Inverter                  [36mIDLE[0m -> [33mRUNNING[0m
[robot_decision-1] [1746790997.924]: Subscribers               [36mIDLE[0m -> [33mRUNNING[0m
[robot_decision-1] [INFO] [1746790997.924182819] [robot_decision]: [IfHealthSub] health value: 500
[robot_decision-1] [INFO] [1746790997.924344628] [robot_decision]: [OurOutpostSub] our outpost health value: 1500
[robot_decision-1] [INFO] [1746790997.924423228] [robot_decision]: [EnemyOutpostSub] enemy outpost health value: 1500
[robot_decision-1] [INFO] [1746790997.924630715] [robot_decision]: Navigation Success!
[robot_decision-1] [1746790997.924]: IfHealthSub               [36mIDLE[0m -> [32mSUCCESS[0m
[robot_decision-1] [1746790997.924]: OurOutpostSub             [36mIDLE[0m -> [32mSUCCESS[0m
[robot_decision-1] [1746790997.924]: EnemyOutpostSub           [36mIDLE[0m -> [32mSUCCESS[0m
[robot_decision-1] [1746790997.924]: IfHealthSub               [32mSUCCESS[0m -> [36mIDLE[0m
[robot_decision-1] [1746790997.924]: OurOutpostSub             [32mSUCCESS[0m -> [36mIDLE[0m
[robot_decision-1] [1746790997.924]: EnemyOutpostSub           [32mSUCCESS[0m -> [36mIDLE[0m
[robot_decision-1] [1746790997.924]: Subscribers               [33mRUNNING[0m -> [32mSUCCESS[0m
[robot_decision-1] [1746790997.924]: Subscribers               [32mSUCCESS[0m -> [36mIDLE[0m
[robot_decision-1] [1746790997.924]: Inverter                  [33mRUNNING[0m -> [31mFAILURE[0m
[robot_decision-1] [1746790997.924]: HealthCheck               [36mIDLE[0m -> [33mRUNNING[0m
[robot_decision-1] [1746790997.925]: CheckIfHealth             [36mIDLE[0m -> [31mFAILURE[0m
[robot_decision-1] [1746790997.925]: CheckIfHealth             [31mFAILURE[0m -> [36mIDLE[0m
[robot_decision-1] [1746790997.925]: HealthCheck               [33mRUNNING[0m -> [31mFAILURE[0m
[robot_decision-1] onResultReceived: 4
[robot_decision-1] [1746790997.925]: NavigateToPose            [33mRUNNING[0m -> [32mSUCCESS[0m
[robot_decision-1] [1746790997.925]: WaitNode                  [32mSUCCESS[0m -> [36mIDLE[0m
[robot_decision-1] [1746790997.925]: NavigateToPose            [32mSUCCESS[0m -> [36mIDLE[0m
[robot_decision-1] [1746790997.925]: Sequence                  [33mRUNNING[0m -> [32mSUCCESS[0m
[robot_decision-1] [1746790997.925]: Sequence                  [32mSUCCESS[0m -> [36mIDLE[0m
[robot_decision-1] [1746790997.925]: RetryUntilSuccessful      [33mRUNNING[0m -> [32mSUCCESS[0m
[robot_decision-1] [1746790997.925]: CheckIfHealth             [32mSUCCESS[0m -> [36mIDLE[0m
[robot_decision-1] [1746790997.925]: RetryUntilSuccessful      [32mSUCCESS[0m -> [36mIDLE[0m
[robot_decision-1] [1746790997.925]: BothOutpostAlive          [33mRUNNING[0m -> [32mSUCCESS[0m
[robot_decision-1] [1746790997.925]: OurOutpostDead            [31mFAILURE[0m -> [36mIDLE[0m
[robot_decision-1] [1746790997.925]: EnemyOutpostDead          [31mFAILURE[0m -> [36mIDLE[0m
[robot_decision-1] [1746790997.925]: BothOutpostAlive          [32mSUCCESS[0m -> [36mIDLE[0m
[robot_decision-1] [1746790997.925]: BaseStatusLogic           [33mRUNNING[0m -> [32mSUCCESS[0m
[robot_decision-1] [1746790997.925]: Inverter                  [31mFAILURE[0m -> [36mIDLE[0m
[robot_decision-1] [1746790997.925]: HealthCheck               [31mFAILURE[0m -> [36mIDLE[0m
[robot_decision-1] [1746790997.925]: BaseStatusLogic           [32mSUCCESS[0m -> [36mIDLE[0m
[robot_decision-1] [1746790997.925]: ActionSequence            [33mRUNNING[0m -> [32mSUCCESS[0m
[robot_decision-1] [1746790997.925]: ActionSequence            [32mSUCCESS[0m -> [36mIDLE[0m
[robot_decision-1] [1746790997.925]: ActionSequence            [36mIDLE[0m -> [33mRUNNING[0m
[robot_decision-1] [1746790997.925]: Inverter                  [36mIDLE[0m -> [33mRUNNING[0m
[robot_decision-1] [1746790997.925]: Subscribers               [36mIDLE[0m -> [33mRUNNING[0m
[robot_decision-1] [1746790997.925]: IfHealthSub               [36mIDLE[0m -> [32mSUCCESS[0m
[robot_decision-1] [1746790997.925]: OurOutpostSub             [36mIDLE[0m -> [31mFAILURE[0m
[robot_decision-1] [1746790997.925]: IfHealthSub               [32mSUCCESS[0m -> [36mIDLE[0m
[robot_decision-1] [1746790997.925]: OurOutpostSub             [31mFAILURE[0m -> [36mIDLE[0m
[robot_decision-1] [1746790997.925]: Subscribers               [33mRUNNING[0m -> [31mFAILURE[0m
[robot_decision-1] [1746790997.925]: Subscribers               [31mFAILURE[0m -> [36mIDLE[0m
[robot_decision-1] [1746790997.925]: Inverter                  [33mRUNNING[0m -> [32mSUCCESS[0m
[robot_decision-1] [1746790997.925]: Inverter                  [32mSUCCESS[0m -> [36mIDLE[0m
[robot_decision-1] [1746790997.925]: ActionSequence            [33mRUNNING[0m -> [32mSUCCESS[0m
[robot_decision-1] [1746790997.925]: ActionSequence            [32mSUCCESS[0m -> [36mIDLE[0m
[robot_decision-1] [INFO] [1746790997.924846768] [robot_decision]: [IfHealthSub] health value: 500
[robot_decision-1] [ERROR] [1746790997.924899298] [robot_decision]: [OurOutpostSub] invalid message
[robot_decision-1] [1746790998.425]: ActionSequence            [36mIDLE[0m -> [33mRUNNING[0m
[robot_decision-1] [1746790998.425]: Inverter                  [36mIDLE[0m -> [33mRUNNING[0m
[robot_decision-1] [1746790998.425]: Subscribers               [36mIDLE[0m -> [33mRUNNING[0m
[robot_decision-1] [INFO] [1746790998.425761252] [robot_decision]: [IfHealthSub] health value: 500
[robot_decision-1] [INFO] [1746790998.426906782] [robot_decision]: [OurOutpostSub] our outpost health value: 1500
[robot_decision-1] [1746790998.426]: IfHealthSub               [36mIDLE[0m -> [32mSUCCESS[0m
[robot_decision-1] [1746790998.427]: OurOutpostSub             [36mIDLE[0m -> [32mSUCCESS[0m
[robot_decision-1] [INFO] [1746790998.427703264] [robot_decision]: [EnemyOutpostSub] enemy outpost health value: 1500
[robot_decision-1] [INFO] [1746790998.428193692] [IfHealth]: [CheckIfHealth] amount of blood: 500
[robot_decision-1] [1746790998.428]: EnemyOutpostSub           [36mIDLE[0m -> [32mSUCCESS[0m
[robot_decision-1] [1746790998.428]: IfHealthSub               [32mSUCCESS[0m -> [36mIDLE[0m
[robot_decision-1] [1746790998.428]: OurOutpostSub             [32mSUCCESS[0m -> [36mIDLE[0m
[robot_decision-1] [1746790998.428]: EnemyOutpostSub           [32mSUCCESS[0m -> [36mIDLE[0m
[robot_decision-1] [1746790998.428]: Subscribers               [33mRUNNING[0m -> [32mSUCCESS[0m
[robot_decision-1] [1746790998.428]: Subscribers               [32mSUCCESS[0m -> [36mIDLE[0m
[robot_decision-1] [1746790998.428]: Inverter                  [33mRUNNING[0m -> [31mFAILURE[0m
[robot_decision-1] [1746790998.428]: HealthCheck               [36mIDLE[0m -> [33mRUNNING[0m
[robot_decision-1] [1746790998.428]: CheckIfHealth             [36mIDLE[0m -> [31mFAILURE[0m
[robot_decision-1] [1746790998.428]: CheckIfHealth             [31mFAILURE[0m -> [36mIDLE[0m
[robot_decision-1] [1746790998.428]: HealthCheck               [33mRUNNING[0m -> [31mFAILURE[0m
[robot_decision-1] [1746790998.428]: BaseStatusLogic           [36mIDLE[0m -> [33mRUNNING[0m
[robot_decision-1] [1746790998.428]: OurOutpostDead            [36mIDLE[0m -> [33mRUNNING[0m
[robot_decision-1] [1746790998.428]: CheckIfHealth             [36mIDLE[0m -> [32mSUCCESS[0m
[robot_decision-1] [1746790998.428]: IsOurOutpostDead          [36mIDLE[0m -> [31mFAILURE[0m
[robot_decision-1] [1746790998.428]: CheckIfHealth             [32mSUCCESS[0m -> [36mIDLE[0m
[robot_decision-1] [1746790998.428]: IsOurOutpostDead          [31mFAILURE[0m -> [36mIDLE[0m
[robot_decision-1] [1746790998.428]: OurOutpostDead            [33mRUNNING[0m -> [31mFAILURE[0m
[robot_decision-1] [1746790998.428]: EnemyOutpostDead          [36mIDLE[0m -> [33mRUNNING[0m
[robot_decision-1] [1746790998.428]: CheckIfHealth             [36mIDLE[0m -> [32mSUCCESS[0m
[robot_decision-1] [1746790998.429]: IsEnemyOutpostDead        [36mIDLE[0m -> [31mFAILURE[0m
[robot_decision-1] [1746790998.429]: CheckIfHealth             [32mSUCCESS[0m -> [36mIDLE[0m
[robot_decision-1] [1746790998.429]: IsEnemyOutpostDead        [31mFAILURE[0m -> [36mIDLE[0m
[robot_decision-1] [1746790998.429]: EnemyOutpostDead          [33mRUNNING[0m -> [31mFAILURE[0m
[robot_decision-1] [1746790998.429]: BothOutpostAlive          [36mIDLE[0m -> [33mRUNNING[0m
[robot_decision-1] [1746790998.429]: CheckIfHealth             [36mIDLE[0m -> [32mSUCCESS[0m
[robot_decision-1] [1746790998.429]: RetryUntilSuccessful      [36mIDLE[0m -> [33mRUNNING[0m
[robot_decision-1] [1746790998.429]: Sequence                  [36mIDLE[0m -> [33mRUNNING[0m
[robot_decision-1] [1746790998.429]: WaitNode                  [36mIDLE[0m -> [33mRUNNING[0m
[robot_decision-1] [1746790998.429]: Inverter                  [31mFAILURE[0m -> [36mIDLE[0m
[robot_decision-1] [1746790998.429]: HealthCheck               [31mFAILURE[0m -> [36mIDLE[0m
[robot_decision-1] [INFO] [1746790998.428278624] [CheckOutposet]: [IsOurOutpostDead] Our outpost health: 1500 (alive)
[robot_decision-1] [INFO] [1746790998.428424934] [IfHealth]: [CheckIfHealth] amount of blood: 500
[robot_decision-1] [INFO] [1746790998.428508494] [CheckEnemyposet]: [IsEnemyOutpostDead] Enemy outpost health: 1500 (alive)
[robot_decision-1] [INFO] [1746790998.428638833] [IfHealth]: [CheckIfHealth] amount of blood: 500
[robot_decision-1] [1746790998.929]: Inverter                  [36mIDLE[0m -> [33mRUNNING[0m
[robot_decision-1] [1746790998.929]: Subscribers               [36mIDLE[0m -> [33mRUNNING[0m
[robot_decision-1] [INFO] [1746790998.929363519] [robot_decision]: [IfHealthSub] health value: 500
[robot_decision-1] [1746790998.930]: IfHealthSub               [36mIDLE[0m -> [32mSUCCESS[0m
[robot_decision-1] [1746790998.930]: OurOutpostSub             [36mIDLE[0m -> [32mSUCCESS[0m
[robot_decision-1] [1746790998.930]: EnemyOutpostSub           [36mIDLE[0m -> [32mSUCCESS[0m
[robot_decision-1] [1746790998.930]: IfHealthSub               [32mSUCCESS[0m -> [36mIDLE[0m
[robot_decision-1] [1746790998.930]: OurOutpostSub             [32mSUCCESS[0m -> [36mIDLE[0m
[robot_decision-1] [1746790998.930]: EnemyOutpostSub           [32mSUCCESS[0m -> [36mIDLE[0m
[robot_decision-1] [1746790998.930]: Subscribers               [33mRUNNING[0m -> [32mSUCCESS[0m
[robot_decision-1] [1746790998.930]: Subscribers               [32mSUCCESS[0m -> [36mIDLE[0m
[robot_decision-1] [1746790998.930]: Inverter                  [33mRUNNING[0m -> [31mFAILURE[0m
[robot_decision-1] [1746790998.930]: HealthCheck               [36mIDLE[0m -> [33mRUNNING[0m
[robot_decision-1] [1746790998.930]: CheckIfHealth             [36mIDLE[0m -> [31mFAILURE[0m
[robot_decision-1] [1746790998.930]: CheckIfHealth             [31mFAILURE[0m -> [36mIDLE[0m
[robot_decision-1] [1746790998.930]: HealthCheck               [33mRUNNING[0m -> [31mFAILURE[0m
[robot_decision-1] [1746790998.930]: WaitNode                  [33mRUNNING[0m -> [32mSUCCESS[0m
[robot_decision-1] [1746790998.930]: NavigateToPose            [36mIDLE[0m -> [33mRUNNING[0m
[robot_decision-1] Point key: 1 x:3 y:0.45
[robot_decision-1] [INFO] [1746790998.929724309] [robot_decision]: [OurOutpostSub] our outpost health value: 1500
[robot_decision-1] [INFO] [1746790998.929908962] [robot_decision]: [EnemyOutpostSub] enemy outpost health value: 1500
[robot_decision-1] [1746790998.931]: Inverter                  [31mFAILURE[0m -> [36mIDLE[0m
[robot_decision-1] [1746790998.931]: HealthCheck               [31mFAILURE[0m -> [36mIDLE[0m
[robot_decision-1] [1746790999.431]: Inverter                  [36mIDLE[0m -> [33mRUNNING[0m
[robot_decision-1] [1746790999.431]: Subscribers               [36mIDLE[0m -> [33mRUNNING[0m
[robot_decision-1] [INFO] [1746790999.431194481] [robot_decision]: [IfHealthSub] health value: 500
[robot_decision-1] [INFO] [1746790999.431462614] [robot_decision]: [OurOutpostSub] our outpost health value: 1500
[robot_decision-1] [INFO] [1746790999.431562986] [robot_decision]: [EnemyOutpostSub] enemy outpost health value: 1500
[robot_decision-1] [1746790999.431]: IfHealthSub               [36mIDLE[0m -> [32mSUCCESS[0m
[robot_decision-1] [1746790999.431]: OurOutpostSub             [36mIDLE[0m -> [32mSUCCESS[0m
[robot_decision-1] [1746790999.432]: EnemyOutpostSub           [36mIDLE[0m -> [32mSUCCESS[0m
[robot_decision-1] [1746790999.432]: IfHealthSub               [32mSUCCESS[0m -> [36mIDLE[0m
[robot_decision-1] [1746790999.432]: OurOutpostSub             [32mSUCCESS[0m -> [36mIDLE[0m
[robot_decision-1] [1746790999.432]: EnemyOutpostSub           [32mSUCCESS[0m -> [36mIDLE[0m
[robot_decision-1] [1746790999.432]: Subscribers               [33mRUNNING[0m -> [32mSUCCESS[0m
[robot_decision-1] [1746790999.432]: Subscribers               [32mSUCCESS[0m -> [36mIDLE[0m
[robot_decision-1] [1746790999.432]: Inverter                  [33mRUNNING[0m -> [31mFAILURE[0m
[robot_decision-1] [1746790999.432]: HealthCheck               [36mIDLE[0m -> [33mRUNNING[0m
[robot_decision-1] [1746790999.432]: CheckIfHealth             [36mIDLE[0m -> [31mFAILURE[0m
[robot_decision-1] [1746790999.432]: CheckIfHealth             [31mFAILURE[0m -> [36mIDLE[0m
[robot_decision-1] [1746790999.432]: HealthCheck               [33mRUNNING[0m -> [31mFAILURE[0m
[robot_decision-1] [1746790999.432]: Inverter                  [31mFAILURE[0m -> [36mIDLE[0m
[robot_decision-1] [1746790999.432]: HealthCheck               [31mFAILURE[0m -> [36mIDLE[0m
[robot_decision-1] [1746790999.932]: Inverter                  [36mIDLE[0m -> [33mRUNNING[0m
[robot_decision-1] [1746790999.932]: Subscribers               [36mIDLE[0m -> [33mRUNNING[0m
[robot_decision-1] [INFO] [1746790999.932475467] [robot_decision]: [IfHealthSub] health value: 500
[robot_decision-1] [INFO] [1746790999.932698985] [robot_decision]: [OurOutpostSub] our outpost health value: 1500
[robot_decision-1] [INFO] [1746790999.932813243] [robot_decision]: [EnemyOutpostSub] enemy outpost health value: 1500
[robot_decision-1] [1746790999.933]: IfHealthSub               [36mIDLE[0m -> [32mSUCCESS[0m
[robot_decision-1] [1746790999.933]: OurOutpostSub             [36mIDLE[0m -> [32mSUCCESS[0m
[robot_decision-1] [1746790999.933]: EnemyOutpostSub           [36mIDLE[0m -> [32mSUCCESS[0m
[robot_decision-1] [1746790999.933]: IfHealthSub               [32mSUCCESS[0m -> [36mIDLE[0m
[robot_decision-1] [1746790999.933]: OurOutpostSub             [32mSUCCESS[0m -> [36mIDLE[0m
[robot_decision-1] [1746790999.933]: EnemyOutpostSub           [32mSUCCESS[0m -> [36mIDLE[0m
[robot_decision-1] [1746790999.933]: Subscribers               [33mRUNNING[0m -> [32mSUCCESS[0m
[robot_decision-1] [1746790999.933]: Subscribers               [32mSUCCESS[0m -> [36mIDLE[0m
[robot_decision-1] [1746790999.933]: Inverter                  [33mRUNNING[0m -> [31mFAILURE[0m
[robot_decision-1] [1746790999.933]: HealthCheck               [36mIDLE[0m -> [33mRUNNING[0m
[robot_decision-1] [1746790999.933]: CheckIfHealth             [36mIDLE[0m -> [31mFAILURE[0m
[robot_decision-1] [1746790999.933]: CheckIfHealth             [31mFAILURE[0m -> [36mIDLE[0m
[robot_decision-1] [1746790999.933]: HealthCheck               [33mRUNNING[0m -> [31mFAILURE[0m
[robot_decision-1] [1746790999.933]: Inverter                  [31mFAILURE[0m -> [36mIDLE[0m
[robot_decision-1] [1746790999.933]: HealthCheck               [31mFAILURE[0m -> [36mIDLE[0m
[robot_decision-1] [1746791000.433]: Inverter                  [36mIDLE[0m -> [33mRUNNING[0m
[robot_decision-1] [1746791000.433]: Subscribers               [36mIDLE[0m -> [33mRUNNING[0m
[robot_decision-1] [INFO] [1746791000.433342834] [robot_decision]: [IfHealthSub] health value: 500
[robot_decision-1] [INFO] [1746791000.433531425] [robot_decision]: [OurOutpostSub] our outpost health value: 1500
[robot_decision-1] [INFO] [1746791000.433670962] [robot_decision]: [EnemyOutpostSub] enemy outpost health value: 1500
[robot_decision-1] [1746791000.433]: IfHealthSub               [36mIDLE[0m -> [32mSUCCESS[0m
[robot_decision-1] [1746791000.434]: OurOutpostSub             [36mIDLE[0m -> [32mSUCCESS[0m
[robot_decision-1] [1746791000.434]: EnemyOutpostSub           [36mIDLE[0m -> [32mSUCCESS[0m
[robot_decision-1] [1746791000.434]: IfHealthSub               [32mSUCCESS[0m -> [36mIDLE[0m
[robot_decision-1] [1746791000.434]: OurOutpostSub             [32mSUCCESS[0m -> [36mIDLE[0m
[robot_decision-1] [1746791000.434]: EnemyOutpostSub           [32mSUCCESS[0m -> [36mIDLE[0m
[robot_decision-1] [1746791000.434]: Subscribers               [33mRUNNING[0m -> [32mSUCCESS[0m
[robot_decision-1] [1746791000.434]: Subscribers               [32mSUCCESS[0m -> [36mIDLE[0m
[robot_decision-1] [1746791000.434]: Inverter                  [33mRUNNING[0m -> [31mFAILURE[0m
[robot_decision-1] [1746791000.434]: HealthCheck               [36mIDLE[0m -> [33mRUNNING[0m
[robot_decision-1] [1746791000.434]: CheckIfHealth             [36mIDLE[0m -> [31mFAILURE[0m
[robot_decision-1] [1746791000.434]: CheckIfHealth             [31mFAILURE[0m -> [36mIDLE[0m
[robot_decision-1] [1746791000.434]: HealthCheck               [33mRUNNING[0m -> [31mFAILURE[0m
[robot_decision-1] [1746791000.434]: Inverter                  [31mFAILURE[0m -> [36mIDLE[0m
[robot_decision-1] [1746791000.434]: HealthCheck               [31mFAILURE[0m -> [36mIDLE[0m
[robot_decision-1] [1746791000.934]: Inverter                  [36mIDLE[0m -> [33mRUNNING[0m
[robot_decision-1] [1746791000.934]: Subscribers               [36mIDLE[0m -> [33mRUNNING[0m
[robot_decision-1] [INFO] [1746791000.934507705] [robot_decision]: [IfHealthSub] health value: 500
[robot_decision-1] [INFO] [1746791000.934739308] [robot_decision]: [OurOutpostSub] our outpost health value: 1500
[robot_decision-1] [INFO] [1746791000.934855089] [robot_decision]: [EnemyOutpostSub] enemy outpost health value: 1500
[robot_decision-1] [1746791000.935]: IfHealthSub               [36mIDLE[0m -> [32mSUCCESS[0m
[robot_decision-1] [1746791000.935]: OurOutpostSub             [36mIDLE[0m -> [32mSUCCESS[0m
[robot_decision-1] [1746791000.935]: EnemyOutpostSub           [36mIDLE[0m -> [32mSUCCESS[0m
[robot_decision-1] [1746791000.935]: IfHealthSub               [32mSUCCESS[0m -> [36mIDLE[0m
[robot_decision-1] [1746791000.935]: OurOutpostSub             [32mSUCCESS[0m -> [36mIDLE[0m
[robot_decision-1] [1746791000.935]: EnemyOutpostSub           [32mSUCCESS[0m -> [36mIDLE[0m
[robot_decision-1] [1746791000.935]: Subscribers               [33mRUNNING[0m -> [32mSUCCESS[0m
[robot_decision-1] [1746791000.935]: Subscribers               [32mSUCCESS[0m -> [36mIDLE[0m
[robot_decision-1] [1746791000.935]: Inverter                  [33mRUNNING[0m -> [31mFAILURE[0m
[robot_decision-1] [1746791000.935]: HealthCheck               [36mIDLE[0m -> [33mRUNNING[0m
[robot_decision-1] [1746791000.935]: CheckIfHealth             [36mIDLE[0m -> [31mFAILURE[0m
[robot_decision-1] [1746791000.935]: CheckIfHealth             [31mFAILURE[0m -> [36mIDLE[0m
[robot_decision-1] [1746791000.935]: HealthCheck               [33mRUNNING[0m -> [31mFAILURE[0m
[robot_decision-1] [1746791000.935]: Inverter                  [31mFAILURE[0m -> [36mIDLE[0m
[robot_decision-1] [1746791000.935]: HealthCheck               [31mFAILURE[0m -> [36mIDLE[0m
[robot_decision-1] [1746791001.436]: Inverter                  [36mIDLE[0m -> [33mRUNNING[0m
[robot_decision-1] [1746791001.436]: Subscribers               [36mIDLE[0m -> [33mRUNNING[0m
[robot_decision-1] [1746791001.436]: IfHealthSub               [36mIDLE[0m -> [32mSUCCESS[0m
[robot_decision-1] [1746791001.436]: OurOutpostSub             [36mIDLE[0m -> [32mSUCCESS[0m
[robot_decision-1] [1746791001.436]: EnemyOutpostSub           [36mIDLE[0m -> [32mSUCCESS[0m
[robot_decision-1] [1746791001.436]: IfHealthSub               [32mSUCCESS[0m -> [36mIDLE[0m
[robot_decision-1] [1746791001.436]: OurOutpostSub             [32mSUCCESS[0m -> [36mIDLE[0m
[robot_decision-1] [1746791001.436]: EnemyOutpostSub           [32mSUCCESS[0m -> [36mIDLE[0m
[robot_decision-1] [1746791001.436]: Subscribers               [33mRUNNING[0m -> [32mSUCCESS[0m
[robot_decision-1] [1746791001.436]: Subscribers               [32mSUCCESS[0m -> [36mIDLE[0m
[robot_decision-1] [1746791001.436]: Inverter                  [33mRUNNING[0m -> [31mFAILURE[0m
[robot_decision-1] [1746791001.436]: HealthCheck               [36mIDLE[0m -> [33mRUNNING[0m
[robot_decision-1] [INFO] [1746791001.435958493] [robot_decision]: [IfHealthSub] health value: 500
[robot_decision-1] [INFO] [1746791001.436201488] [robot_decision]: [OurOutpostSub] our outpost health value: 1500
[robot_decision-1] [INFO] [1746791001.436298834] [robot_decision]: [EnemyOutpostSub] enemy outpost health value: 1500
[robot_decision-1] [1746791001.436]: CheckIfHealth             [36mIDLE[0m -> [31mFAILURE[0m
[robot_decision-1] [1746791001.436]: CheckIfHealth             [31mFAILURE[0m -> [36mIDLE[0m
[robot_decision-1] [1746791001.436]: HealthCheck               [33mRUNNING[0m -> [31mFAILURE[0m
[robot_decision-1] onResultReceived: 4
[robot_decision-1] [1746791001.437]: NavigateToPose            [33mRUNNING[0m -> [32mSUCCESS[0m
[robot_decision-1] [1746791001.437]: WaitNode                  [32mSUCCESS[0m -> [36mIDLE[0m
[robot_decision-1] [1746791001.437]: NavigateToPose            [32mSUCCESS[0m -> [36mIDLE[0m
[robot_decision-1] [1746791001.437]: Sequence                  [33mRUNNING[0m -> [32mSUCCESS[0m
[robot_decision-1] [1746791001.437]: Sequence                  [32mSUCCESS[0m -> [36mIDLE[0m
[robot_decision-1] [1746791001.437]: RetryUntilSuccessful      [33mRUNNING[0m -> [32mSUCCESS[0m
[robot_decision-1] [1746791001.437]: CheckIfHealth             [32mSUCCESS[0m -> [36mIDLE[0m
[robot_decision-1] [1746791001.437]: RetryUntilSuccessful      [32mSUCCESS[0m -> [36mIDLE[0m
[robot_decision-1] [1746791001.437]: BothOutpostAlive          [33mRUNNING[0m -> [32mSUCCESS[0m
[robot_decision-1] [1746791001.437]: OurOutpostDead            [31mFAILURE[0m -> [36mIDLE[0m
[robot_decision-1] [1746791001.437]: EnemyOutpostDead          [31mFAILURE[0m -> [36mIDLE[0m
[robot_decision-1] [1746791001.437]: BothOutpostAlive          [32mSUCCESS[0m -> [36mIDLE[0m
[robot_decision-1] [1746791001.437]: BaseStatusLogic           [33mRUNNING[0m -> [32mSUCCESS[0m
[robot_decision-1] [1746791001.437]: Inverter                  [31mFAILURE[0m -> [36mIDLE[0m
[robot_decision-1] [1746791001.437]: HealthCheck               [31mFAILURE[0m -> [36mIDLE[0m
[robot_decision-1] [1746791001.437]: BaseStatusLogic           [32mSUCCESS[0m -> [36mIDLE[0m
[robot_decision-1] [1746791001.437]: ActionSequence            [33mRUNNING[0m -> [32mSUCCESS[0m
[robot_decision-1] [1746791001.437]: ActionSequence            [32mSUCCESS[0m -> [36mIDLE[0m
[robot_decision-1] [1746791001.437]: ActionSequence            [36mIDLE[0m -> [33mRUNNING[0m
[robot_decision-1] [1746791001.437]: Inverter                  [36mIDLE[0m -> [33mRUNNING[0m
[robot_decision-1] [1746791001.437]: Subscribers               [36mIDLE[0m -> [33mRUNNING[0m
[robot_decision-1] [1746791001.437]: IfHealthSub               [36mIDLE[0m -> [31mFAILURE[0m
[robot_decision-1] [1746791001.437]: IfHealthSub               [31mFAILURE[0m -> [36mIDLE[0m
[robot_decision-1] [1746791001.437]: Subscribers               [33mRUNNING[0m -> [31mFAILURE[0m
[robot_decision-1] [1746791001.437]: Subscribers               [31mFAILURE[0m -> [36mIDLE[0m
[robot_decision-1] [1746791001.437]: Inverter                  [33mRUNNING[0m -> [32mSUCCESS[0m
[robot_decision-1] [1746791001.437]: Inverter                  [32mSUCCESS[0m -> [36mIDLE[0m
[robot_decision-1] [1746791001.437]: ActionSequence            [33mRUNNING[0m -> [32mSUCCESS[0m
[robot_decision-1] [1746791001.437]: ActionSequence            [32mSUCCESS[0m -> [36mIDLE[0m
[robot_decision-1] [INFO] [1746791001.436638002] [robot_decision]: Navigation Success!
[robot_decision-1] [ERROR] [1746791001.436819549] [robot_decision]: [IfHealthSub] invalid message
[robot_decision-1] [1746791001.937]: ActionSequence            [36mIDLE[0m -> [33mRUNNING[0m
[robot_decision-1] [1746791001.937]: Inverter                  [36mIDLE[0m -> [33mRUNNING[0m
[robot_decision-1] [1746791001.937]: Subscribers               [36mIDLE[0m -> [33mRUNNING[0m
[robot_decision-1] [INFO] [1746791001.937213714] [robot_decision]: [IfHealthSub] health value: 500
[robot_decision-1] [INFO] [1746791001.937354723] [robot_decision]: [OurOutpostSub] our outpost health value: 1500
[robot_decision-1] [INFO] [1746791001.937417072] [robot_decision]: [EnemyOutpostSub] enemy outpost health value: 1500
[robot_decision-1] [INFO] [1746791001.937516923] [IfHealth]: [CheckIfHealth] amount of blood: 500
[robot_decision-1] [INFO] [1746791001.937545307] [CheckOutposet]: [IsOurOutpostDead] Our outpost health: 1500 (alive)
[robot_decision-1] [INFO] [1746791001.937724951] [IfHealth]: [CheckIfHealth] amount of blood: 500
[robot_decision-1] [INFO] [1746791001.937755439] [CheckEnemyposet]: [IsEnemyOutpostDead] Enemy outpost health: 1500 (alive)
[robot_decision-1] [INFO] [1746791001.937808060] [IfHealth]: [CheckIfHealth] amount of blood: 500
[robot_decision-1] [1746791001.937]: IfHealthSub               [36mIDLE[0m -> [32mSUCCESS[0m
[robot_decision-1] [1746791001.937]: OurOutpostSub             [36mIDLE[0m -> [32mSUCCESS[0m
[robot_decision-1] [1746791001.937]: EnemyOutpostSub           [36mIDLE[0m -> [32mSUCCESS[0m
[robot_decision-1] [1746791001.937]: IfHealthSub               [32mSUCCESS[0m -> [36mIDLE[0m
[robot_decision-1] [1746791001.937]: OurOutpostSub             [32mSUCCESS[0m -> [36mIDLE[0m
[robot_decision-1] [1746791001.937]: EnemyOutpostSub           [32mSUCCESS[0m -> [36mIDLE[0m
[robot_decision-1] [1746791001.937]: Subscribers               [33mRUNNING[0m -> [32mSUCCESS[0m
[robot_decision-1] [1746791001.937]: Subscribers               [32mSUCCESS[0m -> [36mIDLE[0m
[robot_decision-1] [1746791001.937]: Inverter                  [33mRUNNING[0m -> [31mFAILURE[0m
[robot_decision-1] [1746791001.937]: HealthCheck               [36mIDLE[0m -> [33mRUNNING[0m
[robot_decision-1] [1746791001.937]: CheckIfHealth             [36mIDLE[0m -> [31mFAILURE[0m
[robot_decision-1] [1746791001.937]: CheckIfHealth             [31mFAILURE[0m -> [36mIDLE[0m
[robot_decision-1] [1746791001.937]: HealthCheck               [33mRUNNING[0m -> [31mFAILURE[0m
[robot_decision-1] [1746791001.937]: BaseStatusLogic           [36mIDLE[0m -> [33mRUNNING[0m
[robot_decision-1] [1746791001.938]: OurOutpostDead            [36mIDLE[0m -> [33mRUNNING[0m
[robot_decision-1] [1746791001.938]: CheckIfHealth             [36mIDLE[0m -> [32mSUCCESS[0m
[robot_decision-1] [1746791001.938]: IsOurOutpostDead          [36mIDLE[0m -> [31mFAILURE[0m
[robot_decision-1] [1746791001.938]: CheckIfHealth             [32mSUCCESS[0m -> [36mIDLE[0m
[robot_decision-1] [1746791001.938]: IsOurOutpostDead          [31mFAILURE[0m -> [36mIDLE[0m
[robot_decision-1] [1746791001.938]: OurOutpostDead            [33mRUNNING[0m -> [31mFAILURE[0m
[robot_decision-1] [1746791001.938]: EnemyOutpostDead          [36mIDLE[0m -> [33mRUNNING[0m
[robot_decision-1] [1746791001.938]: CheckIfHealth             [36mIDLE[0m -> [32mSUCCESS[0m
[robot_decision-1] [1746791001.938]: IsEnemyOutpostDead        [36mIDLE[0m -> [31mFAILURE[0m
[robot_decision-1] [1746791001.938]: CheckIfHealth             [32mSUCCESS[0m -> [36mIDLE[0m
[robot_decision-1] [1746791001.938]: IsEnemyOutpostDead        [31mFAILURE[0m -> [36mIDLE[0m
[robot_decision-1] [1746791001.938]: EnemyOutpostDead          [33mRUNNING[0m -> [31mFAILURE[0m
[robot_decision-1] [1746791001.938]: BothOutpostAlive          [36mIDLE[0m -> [33mRUNNING[0m
[robot_decision-1] [1746791001.938]: CheckIfHealth             [36mIDLE[0m -> [32mSUCCESS[0m
[robot_decision-1] [1746791001.938]: RetryUntilSuccessful      [36mIDLE[0m -> [33mRUNNING[0m
[robot_decision-1] [1746791001.938]: Sequence                  [36mIDLE[0m -> [33mRUNNING[0m
[robot_decision-1] [1746791001.938]: WaitNode                  [36mIDLE[0m -> [33mRUNNING[0m
[robot_decision-1] [1746791001.938]: Inverter                  [31mFAILURE[0m -> [36mIDLE[0m
[robot_decision-1] [1746791001.938]: HealthCheck               [31mFAILURE[0m -> [36mIDLE[0m
[robot_decision-1] [1746791002.438]: Inverter                  [36mIDLE[0m -> [33mRUNNING[0m
[robot_decision-1] [1746791002.438]: Subscribers               [36mIDLE[0m -> [33mRUNNING[0m
[robot_decision-1] [INFO] [1746791002.438522778] [robot_decision]: [IfHealthSub] health value: 500
[robot_decision-1] [INFO] [1746791002.438788906] [robot_decision]: [OurOutpostSub] our outpost health value: 1500
[robot_decision-1] [INFO] [1746791002.438894488] [robot_decision]: [EnemyOutpostSub] enemy outpost health value: 1500
[robot_decision-1] [1746791002.439]: IfHealthSub               [36mIDLE[0m -> [32mSUCCESS[0m
[robot_decision-1] [1746791002.439]: OurOutpostSub             [36mIDLE[0m -> [32mSUCCESS[0m
[robot_decision-1] [1746791002.439]: EnemyOutpostSub           [36mIDLE[0m -> [32mSUCCESS[0m
[robot_decision-1] [1746791002.439]: IfHealthSub               [32mSUCCESS[0m -> [36mIDLE[0m
[robot_decision-1] [1746791002.439]: OurOutpostSub             [32mSUCCESS[0m -> [36mIDLE[0m
[robot_decision-1] [1746791002.439]: EnemyOutpostSub           [32mSUCCESS[0m -> [36mIDLE[0m
[robot_decision-1] [1746791002.439]: Subscribers               [33mRUNNING[0m -> [32mSUCCESS[0m
[robot_decision-1] [1746791002.439]: Subscribers               [32mSUCCESS[0m -> [36mIDLE[0m
[robot_decision-1] [1746791002.439]: Inverter                  [33mRUNNING[0m -> [31mFAILURE[0m
[robot_decision-1] [1746791002.439]: HealthCheck               [36mIDLE[0m -> [33mRUNNING[0m
[robot_decision-1] [1746791002.439]: CheckIfHealth             [36mIDLE[0m -> [31mFAILURE[0m
[robot_decision-1] [1746791002.439]: CheckIfHealth             [31mFAILURE[0m -> [36mIDLE[0m
[robot_decision-1] [1746791002.439]: HealthCheck               [33mRUNNING[0m -> [31mFAILURE[0m
[robot_decision-1] [1746791002.439]: WaitNode                  [33mRUNNING[0m -> [32mSUCCESS[0m
[robot_decision-1] [1746791002.439]: NavigateToPose            [36mIDLE[0m -> [33mRUNNING[0m
[robot_decision-1] Point key: 1 x:3 y:0.45
[robot_decision-1] [1746791002.440]: Inverter                  [31mFAILURE[0m -> [36mIDLE[0m
[robot_decision-1] [1746791002.440]: HealthCheck               [31mFAILURE[0m -> [36mIDLE[0m
[robot_decision-1] [1746791002.940]: Inverter                  [36mIDLE[0m -> [33mRUNNING[0m
[robot_decision-1] [1746791002.940]: Subscribers               [36mIDLE[0m -> [33mRUNNING[0m
[robot_decision-1] [INFO] [1746791002.940954804] [robot_decision]: [IfHealthSub] health value: 500
[robot_decision-1] [INFO] [1746791002.941385087] [robot_decision]: [OurOutpostSub] our outpost health value: 1500
[robot_decision-1] [INFO] [1746791002.941502321] [robot_decision]: [EnemyOutpostSub] enemy outpost health value: 1500
[robot_decision-1] [1746791002.941]: IfHealthSub               [36mIDLE[0m -> [32mSUCCESS[0m
[robot_decision-1] [1746791002.941]: OurOutpostSub             [36mIDLE[0m -> [32mSUCCESS[0m
[robot_decision-1] [1746791002.942]: EnemyOutpostSub           [36mIDLE[0m -> [32mSUCCESS[0m
[robot_decision-1] [1746791002.942]: IfHealthSub               [32mSUCCESS[0m -> [36mIDLE[0m
[robot_decision-1] [1746791002.942]: OurOutpostSub             [32mSUCCESS[0m -> [36mIDLE[0m
[robot_decision-1] [1746791002.942]: EnemyOutpostSub           [32mSUCCESS[0m -> [36mIDLE[0m
[robot_decision-1] [1746791002.942]: Subscribers               [33mRUNNING[0m -> [32mSUCCESS[0m
[robot_decision-1] [1746791002.942]: Subscribers               [32mSUCCESS[0m -> [36mIDLE[0m
[robot_decision-1] [1746791002.942]: Inverter                  [33mRUNNING[0m -> [31mFAILURE[0m
[robot_decision-1] [1746791002.942]: HealthCheck               [36mIDLE[0m -> [33mRUNNING[0m
[robot_decision-1] [1746791002.942]: CheckIfHealth             [36mIDLE[0m -> [31mFAILURE[0m
[robot_decision-1] [1746791002.942]: CheckIfHealth             [31mFAILURE[0m -> [36mIDLE[0m
[robot_decision-1] [1746791002.942]: HealthCheck               [33mRUNNING[0m -> [31mFAILURE[0m
[robot_decision-1] [1746791002.942]: Inverter                  [31mFAILURE[0m -> [36mIDLE[0m
[robot_decision-1] [1746791002.942]: HealthCheck               [31mFAILURE[0m -> [36mIDLE[0m
[robot_decision-1] [1746791003.445]: Inverter                  [36mIDLE[0m -> [33mRUNNING[0m
[robot_decision-1] [1746791003.445]: Subscribers               [36mIDLE[0m -> [33mRUNNING[0m
[robot_decision-1] [INFO] [1746791003.445694872] [robot_decision]: [IfHealthSub] health value: 500
[robot_decision-1] [INFO] [1746791003.445896458] [robot_decision]: [OurOutpostSub] our outpost health value: 1500
[robot_decision-1] [INFO] [1746791003.446015225] [robot_decision]: [EnemyOutpostSub] enemy outpost health value: 1500
[robot_decision-1] [1746791003.446]: IfHealthSub               [36mIDLE[0m -> [32mSUCCESS[0m
[robot_decision-1] [1746791003.446]: OurOutpostSub             [36mIDLE[0m -> [32mSUCCESS[0m
[robot_decision-1] [1746791003.446]: EnemyOutpostSub           [36mIDLE[0m -> [32mSUCCESS[0m
[robot_decision-1] [1746791003.446]: IfHealthSub               [32mSUCCESS[0m -> [36mIDLE[0m
[robot_decision-1] [1746791003.446]: OurOutpostSub             [32mSUCCESS[0m -> [36mIDLE[0m
[robot_decision-1] [1746791003.446]: EnemyOutpostSub           [32mSUCCESS[0m -> [36mIDLE[0m
[robot_decision-1] [1746791003.446]: Subscribers               [33mRUNNING[0m -> [32mSUCCESS[0m
[robot_decision-1] [1746791003.446]: Subscribers               [32mSUCCESS[0m -> [36mIDLE[0m
[robot_decision-1] [1746791003.446]: Inverter                  [33mRUNNING[0m -> [31mFAILURE[0m
[robot_decision-1] [1746791003.446]: HealthCheck               [36mIDLE[0m -> [33mRUNNING[0m
[robot_decision-1] [1746791003.446]: CheckIfHealth             [36mIDLE[0m -> [31mFAILURE[0m
[robot_decision-1] [1746791003.446]: CheckIfHealth             [31mFAILURE[0m -> [36mIDLE[0m
[robot_decision-1] [1746791003.446]: HealthCheck               [33mRUNNING[0m -> [31mFAILURE[0m
[robot_decision-1] [1746791003.446]: Inverter                  [31mFAILURE[0m -> [36mIDLE[0m
[robot_decision-1] [1746791003.446]: HealthCheck               [31mFAILURE[0m -> [36mIDLE[0m
[robot_decision-1] [1746791003.947]: Inverter                  [36mIDLE[0m -> [33mRUNNING[0m
[robot_decision-1] [1746791003.947]: Subscribers               [36mIDLE[0m -> [33mRUNNING[0m
[robot_decision-1] [INFO] [1746791003.946904569] [robot_decision]: [IfHealthSub] health value: 500
[robot_decision-1] [1746791003.947]: IfHealthSub               [36mIDLE[0m -> [32mSUCCESS[0m
[robot_decision-1] [1746791003.947]: OurOutpostSub             [36mIDLE[0m -> [32mSUCCESS[0m
[robot_decision-1] [1746791003.947]: EnemyOutpostSub           [36mIDLE[0m -> [32mSUCCESS[0m
[robot_decision-1] [1746791003.947]: IfHealthSub               [32mSUCCESS[0m -> [36mIDLE[0m
[robot_decision-1] [1746791003.947]: OurOutpostSub             [32mSUCCESS[0m -> [36mIDLE[0m
[robot_decision-1] [1746791003.947]: EnemyOutpostSub           [32mSUCCESS[0m -> [36mIDLE[0m
[robot_decision-1] [1746791003.947]: Subscribers               [33mRUNNING[0m -> [32mSUCCESS[0m
[robot_decision-1] [1746791003.947]: Subscribers               [32mSUCCESS[0m -> [36mIDLE[0m
[robot_decision-1] [1746791003.947]: Inverter                  [33mRUNNING[0m -> [31mFAILURE[0m
[robot_decision-1] [1746791003.947]: HealthCheck               [36mIDLE[0m -> [33mRUNNING[0m
[robot_decision-1] [1746791003.947]: CheckIfHealth             [36mIDLE[0m -> [31mFAILURE[0m
[robot_decision-1] [1746791003.947]: CheckIfHealth             [31mFAILURE[0m -> [36mIDLE[0m
[robot_decision-1] [1746791003.947]: HealthCheck               [33mRUNNING[0m -> [31mFAILURE[0m
[robot_decision-1] [1746791003.948]: Inverter                  [31mFAILURE[0m -> [36mIDLE[0m
[robot_decision-1] [1746791003.948]: HealthCheck               [31mFAILURE[0m -> [36mIDLE[0m
[robot_decision-1] [INFO] [1746791003.947269196] [robot_decision]: [OurOutpostSub] our outpost health value: 1500
[robot_decision-1] [INFO] [1746791003.947380298] [robot_decision]: [EnemyOutpostSub] enemy outpost health value: 1500
[robot_decision-1] [1746791004.448]: Inverter                  [36mIDLE[0m -> [33mRUNNING[0m
[robot_decision-1] [1746791004.448]: Subscribers               [36mIDLE[0m -> [33mRUNNING[0m
[robot_decision-1] [INFO] [1746791004.447992643] [robot_decision]: [IfHealthSub] health value: 500
[robot_decision-1] [INFO] [1746791004.448160314] [robot_decision]: [OurOutpostSub] our outpost health value: 1500
[robot_decision-1] [INFO] [1746791004.448243814] [robot_decision]: [EnemyOutpostSub] enemy outpost health value: 1500
[robot_decision-1] [1746791004.448]: IfHealthSub               [36mIDLE[0m -> [32mSUCCESS[0m
[robot_decision-1] [1746791004.448]: OurOutpostSub             [36mIDLE[0m -> [32mSUCCESS[0m
[robot_decision-1] [1746791004.448]: EnemyOutpostSub           [36mIDLE[0m -> [32mSUCCESS[0m
[robot_decision-1] [1746791004.448]: IfHealthSub               [32mSUCCESS[0m -> [36mIDLE[0m
[robot_decision-1] [1746791004.448]: OurOutpostSub             [32mSUCCESS[0m -> [36mIDLE[0m
[robot_decision-1] [1746791004.448]: EnemyOutpostSub           [32mSUCCESS[0m -> [36mIDLE[0m
[robot_decision-1] [1746791004.448]: Subscribers               [33mRUNNING[0m -> [32mSUCCESS[0m
[robot_decision-1] [1746791004.448]: Subscribers               [32mSUCCESS[0m -> [36mIDLE[0m
[robot_decision-1] [1746791004.448]: Inverter                  [33mRUNNING[0m -> [31mFAILURE[0m
[robot_decision-1] [1746791004.448]: HealthCheck               [36mIDLE[0m -> [33mRUNNING[0m
[robot_decision-1] [1746791004.448]: CheckIfHealth             [36mIDLE[0m -> [31mFAILURE[0m
[robot_decision-1] [1746791004.448]: CheckIfHealth             [31mFAILURE[0m -> [36mIDLE[0m
[robot_decision-1] [1746791004.448]: HealthCheck               [33mRUNNING[0m -> [31mFAILURE[0m
[robot_decision-1] [1746791004.449]: Inverter                  [31mFAILURE[0m -> [36mIDLE[0m
[robot_decision-1] [1746791004.449]: HealthCheck               [31mFAILURE[0m -> [36mIDLE[0m
[robot_decision-1] [1746791004.949]: Inverter                  [36mIDLE[0m -> [33mRUNNING[0m
[robot_decision-1] [1746791004.949]: Subscribers               [36mIDLE[0m -> [33mRUNNING[0m
[robot_decision-1] [INFO] [1746791004.949118827] [robot_decision]: [IfHealthSub] health value: 500
[robot_decision-1] [1746791004.949]: IfHealthSub               [36mIDLE[0m -> [32mSUCCESS[0m
[robot_decision-1] [1746791004.950]: OurOutpostSub             [36mIDLE[0m -> [32mSUCCESS[0m
[robot_decision-1] [1746791004.950]: EnemyOutpostSub           [36mIDLE[0m -> [32mSUCCESS[0m
[robot_decision-1] [1746791004.950]: IfHealthSub               [32mSUCCESS[0m -> [36mIDLE[0m
[robot_decision-1] [1746791004.950]: OurOutpostSub             [32mSUCCESS[0m -> [36mIDLE[0m
[robot_decision-1] [1746791004.950]: EnemyOutpostSub           [32mSUCCESS[0m -> [36mIDLE[0m
[robot_decision-1] [1746791004.950]: Subscribers               [33mRUNNING[0m -> [32mSUCCESS[0m
[robot_decision-1] [1746791004.950]: Subscribers               [32mSUCCESS[0m -> [36mIDLE[0m
[robot_decision-1] [1746791004.950]: Inverter                  [33mRUNNING[0m -> [31mFAILURE[0m
[robot_decision-1] [1746791004.950]: HealthCheck               [36mIDLE[0m -> [33mRUNNING[0m
[robot_decision-1] [1746791004.950]: CheckIfHealth             [36mIDLE[0m -> [31mFAILURE[0m
[robot_decision-1] [1746791004.950]: CheckIfHealth             [31mFAILURE[0m -> [36mIDLE[0m
[robot_decision-1] [1746791004.950]: HealthCheck               [33mRUNNING[0m -> [31mFAILURE[0m
[robot_decision-1] onResultReceived: 4
[robot_decision-1] [1746791004.950]: NavigateToPose            [33mRUNNING[0m -> [32mSUCCESS[0m
[robot_decision-1] [1746791004.950]: WaitNode                  [32mSUCCESS[0m -> [36mIDLE[0m
[robot_decision-1] [1746791004.950]: NavigateToPose            [32mSUCCESS[0m -> [36mIDLE[0m
[robot_decision-1] [1746791004.950]: Sequence                  [33mRUNNING[0m -> [32mSUCCESS[0m
[robot_decision-1] [1746791004.950]: Sequence                  [32mSUCCESS[0m -> [36mIDLE[0m
[robot_decision-1] [1746791004.950]: RetryUntilSuccessful      [33mRUNNING[0m -> [32mSUCCESS[0m
[robot_decision-1] [1746791004.950]: CheckIfHealth             [32mSUCCESS[0m -> [36mIDLE[0m
[robot_decision-1] [1746791004.950]: RetryUntilSuccessful      [32mSUCCESS[0m -> [36mIDLE[0m
[robot_decision-1] [1746791004.950]: BothOutpostAlive          [33mRUNNING[0m -> [32mSUCCESS[0m
[robot_decision-1] [1746791004.950]: OurOutpostDead            [31mFAILURE[0m -> [36mIDLE[0m
[robot_decision-1] [1746791004.950]: EnemyOutpostDead          [31mFAILURE[0m -> [36mIDLE[0m
[robot_decision-1] [1746791004.950]: BothOutpostAlive          [32mSUCCESS[0m -> [36mIDLE[0m
[robot_decision-1] [1746791004.950]: BaseStatusLogic           [33mRUNNING[0m -> [32mSUCCESS[0m
[robot_decision-1] [1746791004.950]: Inverter                  [31mFAILURE[0m -> [36mIDLE[0m
[robot_decision-1] [1746791004.950]: HealthCheck               [31mFAILURE[0m -> [36mIDLE[0m
[robot_decision-1] [1746791004.950]: BaseStatusLogic           [32mSUCCESS[0m -> [36mIDLE[0m
[robot_decision-1] [1746791004.950]: ActionSequence            [33mRUNNING[0m -> [32mSUCCESS[0m
[robot_decision-1] [1746791004.950]: ActionSequence            [32mSUCCESS[0m -> [36mIDLE[0m
[robot_decision-1] [1746791004.950]: ActionSequence            [36mIDLE[0m -> [33mRUNNING[0m
[robot_decision-1] [1746791004.950]: Inverter                  [36mIDLE[0m -> [33mRUNNING[0m
[robot_decision-1] [1746791004.950]: Subscribers               [36mIDLE[0m -> [33mRUNNING[0m
[robot_decision-1] [INFO] [1746791004.949521327] [robot_decision]: [OurOutpostSub] our outpost health value: 1500
[robot_decision-1] [INFO] [1746791004.949589858] [robot_decision]: [EnemyOutpostSub] enemy outpost health value: 1500
[robot_decision-1] [INFO] [1746791004.949785632] [robot_decision]: Navigation Success!
[robot_decision-1] [INFO] [1746791004.950043865] [robot_decision]: [IfHealthSub] health value: 500
[robot_decision-1] [1746791004.950]: IfHealthSub               [36mIDLE[0m -> [32mSUCCESS[0m
[robot_decision-1] [1746791004.950]: OurOutpostSub             [36mIDLE[0m -> [31mFAILURE[0m
[robot_decision-1] [1746791004.950]: IfHealthSub               [32mSUCCESS[0m -> [36mIDLE[0m
[robot_decision-1] [1746791004.950]: OurOutpostSub             [31mFAILURE[0m -> [36mIDLE[0m
[robot_decision-1] [1746791004.950]: Subscribers               [33mRUNNING[0m -> [31mFAILURE[0m
[robot_decision-1] [1746791004.950]: Subscribers               [31mFAILURE[0m -> [36mIDLE[0m
[robot_decision-1] [1746791004.950]: Inverter                  [33mRUNNING[0m -> [32mSUCCESS[0m
[robot_decision-1] [1746791004.950]: Inverter                  [32mSUCCESS[0m -> [36mIDLE[0m
[robot_decision-1] [1746791004.950]: ActionSequence            [33mRUNNING[0m -> [32mSUCCESS[0m
[robot_decision-1] [1746791004.950]: ActionSequence            [32mSUCCESS[0m -> [36mIDLE[0m
[robot_decision-1] [ERROR] [1746791004.950121624] [robot_decision]: [OurOutpostSub] invalid message
[robot_decision-1] [1746791005.450]: ActionSequence            [36mIDLE[0m -> [33mRUNNING[0m
[robot_decision-1] [1746791005.450]: Inverter                  [36mIDLE[0m -> [33mRUNNING[0m
[robot_decision-1] [1746791005.450]: Subscribers               [36mIDLE[0m -> [33mRUNNING[0m
[robot_decision-1] [INFO] [1746791005.450791507] [robot_decision]: [IfHealthSub] health value: 500
[robot_decision-1] [INFO] [1746791005.450994004] [robot_decision]: [OurOutpostSub] our outpost health value: 1500
[robot_decision-1] [1746791005.451]: IfHealthSub               [36mIDLE[0m -> [32mSUCCESS[0m
[robot_decision-1] [1746791005.451]: OurOutpostSub             [36mIDLE[0m -> [32mSUCCESS[0m
[robot_decision-1] [1746791005.451]: EnemyOutpostSub           [36mIDLE[0m -> [32mSUCCESS[0m
[robot_decision-1] [1746791005.451]: IfHealthSub               [32mSUCCESS[0m -> [36mIDLE[0m
[robot_decision-1] [1746791005.451]: OurOutpostSub             [32mSUCCESS[0m -> [36mIDLE[0m
[robot_decision-1] [1746791005.451]: EnemyOutpostSub           [32mSUCCESS[0m -> [36mIDLE[0m
[robot_decision-1] [1746791005.451]: Subscribers               [33mRUNNING[0m -> [32mSUCCESS[0m
[robot_decision-1] [1746791005.451]: Subscribers               [32mSUCCESS[0m -> [36mIDLE[0m
[robot_decision-1] [1746791005.451]: Inverter                  [33mRUNNING[0m -> [31mFAILURE[0m
[robot_decision-1] [1746791005.451]: HealthCheck               [36mIDLE[0m -> [33mRUNNING[0m
[robot_decision-1] [1746791005.451]: CheckIfHealth             [36mIDLE[0m -> [31mFAILURE[0m
[robot_decision-1] [1746791005.451]: CheckIfHealth             [31mFAILURE[0m -> [36mIDLE[0m
[robot_decision-1] [1746791005.451]: HealthCheck               [33mRUNNING[0m -> [31mFAILURE[0m
[robot_decision-1] [1746791005.451]: BaseStatusLogic           [36mIDLE[0m -> [33mRUNNING[0m
[robot_decision-1] [1746791005.451]: OurOutpostDead            [36mIDLE[0m -> [33mRUNNING[0m
[robot_decision-1] [1746791005.451]: CheckIfHealth             [36mIDLE[0m -> [32mSUCCESS[0m
[robot_decision-1] [1746791005.451]: IsOurOutpostDead          [36mIDLE[0m -> [31mFAILURE[0m
[robot_decision-1] [1746791005.451]: CheckIfHealth             [32mSUCCESS[0m -> [36mIDLE[0m
[robot_decision-1] [1746791005.451]: IsOurOutpostDead          [31mFAILURE[0m -> [36mIDLE[0m
[robot_decision-1] [1746791005.451]: OurOutpostDead            [33mRUNNING[0m -> [31mFAILURE[0m
[robot_decision-1] [1746791005.451]: EnemyOutpostDead          [36mIDLE[0m -> [33mRUNNING[0m
[robot_decision-1] [1746791005.451]: CheckIfHealth             [36mIDLE[0m -> [32mSUCCESS[0m
[robot_decision-1] [1746791005.451]: IsEnemyOutpostDead        [36mIDLE[0m -> [31mFAILURE[0m
[robot_decision-1] [1746791005.451]: CheckIfHealth             [32mSUCCESS[0m -> [36mIDLE[0m
[robot_decision-1] [1746791005.451]: IsEnemyOutpostDead        [31mFAILURE[0m -> [36mIDLE[0m
[robot_decision-1] [1746791005.451]: EnemyOutpostDead          [33mRUNNING[0m -> [31mFAILURE[0m
[robot_decision-1] [1746791005.451]: BothOutpostAlive          [36mIDLE[0m -> [33mRUNNING[0m
[robot_decision-1] [1746791005.451]: CheckIfHealth             [36mIDLE[0m -> [32mSUCCESS[0m
[robot_decision-1] [1746791005.451]: RetryUntilSuccessful      [36mIDLE[0m -> [33mRUNNING[0m
[robot_decision-1] [1746791005.451]: Sequence                  [36mIDLE[0m -> [33mRUNNING[0m
[robot_decision-1] [1746791005.451]: WaitNode                  [36mIDLE[0m -> [33mRUNNING[0m
[robot_decision-1] [1746791005.451]: Inverter                  [31mFAILURE[0m -> [36mIDLE[0m
[robot_decision-1] [1746791005.451]: HealthCheck               [31mFAILURE[0m -> [36mIDLE[0m
[robot_decision-1] [INFO] [1746791005.451119904] [robot_decision]: [EnemyOutpostSub] enemy outpost health value: 1500
[robot_decision-1] [INFO] [1746791005.451284839] [IfHealth]: [CheckIfHealth] amount of blood: 500
[robot_decision-1] [INFO] [1746791005.451317592] [CheckOutposet]: [IsOurOutpostDead] Our outpost health: 1500 (alive)
[robot_decision-1] [INFO] [1746791005.451373749] [IfHealth]: [CheckIfHealth] amount of blood: 500
[robot_decision-1] [INFO] [1746791005.451401442] [CheckEnemyposet]: [IsEnemyOutpostDead] Enemy outpost health: 1500 (alive)
[robot_decision-1] [INFO] [1746791005.451447400] [IfHealth]: [CheckIfHealth] amount of blood: 500
[robot_decision-1] [1746791005.952]: Inverter                  [36mIDLE[0m -> [33mRUNNING[0m
[robot_decision-1] [1746791005.952]: Subscribers               [36mIDLE[0m -> [33mRUNNING[0m
[robot_decision-1] [INFO] [1746791005.951926043] [robot_decision]: [IfHealthSub] health value: 500
[robot_decision-1] [INFO] [1746791005.952018991] [robot_decision]: [OurOutpostSub] our outpost health value: 1500
[robot_decision-1] [INFO] [1746791005.952067935] [robot_decision]: [EnemyOutpostSub] enemy outpost health value: 1500
[robot_decision-1] [1746791005.952]: IfHealthSub               [36mIDLE[0m -> [32mSUCCESS[0m
[robot_decision-1] [1746791005.952]: OurOutpostSub             [36mIDLE[0m -> [32mSUCCESS[0m
[robot_decision-1] [1746791005.952]: EnemyOutpostSub           [36mIDLE[0m -> [32mSUCCESS[0m
[robot_decision-1] [1746791005.952]: IfHealthSub               [32mSUCCESS[0m -> [36mIDLE[0m
[robot_decision-1] [1746791005.952]: OurOutpostSub             [32mSUCCESS[0m -> [36mIDLE[0m
[robot_decision-1] [1746791005.952]: EnemyOutpostSub           [32mSUCCESS[0m -> [36mIDLE[0m
[robot_decision-1] [1746791005.952]: Subscribers               [33mRUNNING[0m -> [32mSUCCESS[0m
[robot_decision-1] [1746791005.952]: Subscribers               [32mSUCCESS[0m -> [36mIDLE[0m
[robot_decision-1] [1746791005.952]: Inverter                  [33mRUNNING[0m -> [31mFAILURE[0m
[robot_decision-1] [1746791005.952]: HealthCheck               [36mIDLE[0m -> [33mRUNNING[0m
[robot_decision-1] [1746791005.952]: CheckIfHealth             [36mIDLE[0m -> [31mFAILURE[0m
[robot_decision-1] [1746791005.952]: CheckIfHealth             [31mFAILURE[0m -> [36mIDLE[0m
[robot_decision-1] [1746791005.952]: HealthCheck               [33mRUNNING[0m -> [31mFAILURE[0m
[robot_decision-1] [1746791005.952]: WaitNode                  [33mRUNNING[0m -> [32mSUCCESS[0m
[robot_decision-1] [1746791005.952]: NavigateToPose            [36mIDLE[0m -> [33mRUNNING[0m
[robot_decision-1] Point key: 1 x:3 y:0.45
[robot_decision-1] [1746791005.953]: Inverter                  [31mFAILURE[0m -> [36mIDLE[0m
[robot_decision-1] [1746791005.953]: HealthCheck               [31mFAILURE[0m -> [36mIDLE[0m
[robot_decision-1] [1746791006.453]: Inverter                  [36mIDLE[0m -> [33mRUNNING[0m
[robot_decision-1] [1746791006.453]: Subscribers               [36mIDLE[0m -> [33mRUNNING[0m
[robot_decision-1] [1746791006.453]: IfHealthSub               [36mIDLE[0m -> [32mSUCCESS[0m
[robot_decision-1] [1746791006.454]: OurOutpostSub             [36mIDLE[0m -> [32mSUCCESS[0m
[robot_decision-1] [1746791006.454]: EnemyOutpostSub           [36mIDLE[0m -> [32mSUCCESS[0m
[robot_decision-1] [1746791006.454]: IfHealthSub               [32mSUCCESS[0m -> [36mIDLE[0m
[robot_decision-1] [1746791006.454]: OurOutpostSub             [32mSUCCESS[0m -> [36mIDLE[0m
[robot_decision-1] [1746791006.454]: EnemyOutpostSub           [32mSUCCESS[0m -> [36mIDLE[0m
[robot_decision-1] [1746791006.454]: Subscribers               [33mRUNNING[0m -> [32mSUCCESS[0m
[robot_decision-1] [1746791006.454]: Subscribers               [32mSUCCESS[0m -> [36mIDLE[0m
[robot_decision-1] [INFO] [1746791006.453242619] [robot_decision]: [IfHealthSub] health value: 500
[robot_decision-1] [INFO] [1746791006.453496975] [robot_decision]: [OurOutpostSub] our outpost health value: 1500
[robot_decision-1] [INFO] [1746791006.453595703] [robot_decision]: [EnemyOutpostSub] enemy outpost health value: 1500
[robot_decision-1] [1746791006.454]: Inverter                  [33mRUNNING[0m -> [31mFAILURE[0m
[robot_decision-1] [1746791006.454]: HealthCheck               [36mIDLE[0m -> [33mRUNNING[0m
[robot_decision-1] [1746791006.454]: CheckIfHealth             [36mIDLE[0m -> [31mFAILURE[0m
[robot_decision-1] [1746791006.454]: CheckIfHealth             [31mFAILURE[0m -> [36mIDLE[0m
[robot_decision-1] [1746791006.454]: HealthCheck               [33mRUNNING[0m -> [31mFAILURE[0m
[robot_decision-1] [1746791006.454]: Inverter                  [31mFAILURE[0m -> [36mIDLE[0m
[robot_decision-1] [1746791006.454]: HealthCheck               [31mFAILURE[0m -> [36mIDLE[0m
[robot_decision-1] [1746791006.954]: Inverter                  [36mIDLE[0m -> [33mRUNNING[0m
[robot_decision-1] [1746791006.954]: Subscribers               [36mIDLE[0m -> [33mRUNNING[0m
[robot_decision-1] [1746791006.955]: IfHealthSub               [36mIDLE[0m -> [32mSUCCESS[0m
[robot_decision-1] [1746791006.955]: OurOutpostSub             [36mIDLE[0m -> [32mSUCCESS[0m
[robot_decision-1] [1746791006.955]: EnemyOutpostSub           [36mIDLE[0m -> [32mSUCCESS[0m
[robot_decision-1] [1746791006.955]: IfHealthSub               [32mSUCCESS[0m -> [36mIDLE[0m
[robot_decision-1] [1746791006.955]: OurOutpostSub             [32mSUCCESS[0m -> [36mIDLE[0m
[robot_decision-1] [1746791006.955]: EnemyOutpostSub           [32mSUCCESS[0m -> [36mIDLE[0m
[robot_decision-1] [1746791006.955]: Subscribers               [33mRUNNING[0m -> [32mSUCCESS[0m
[robot_decision-1] [1746791006.955]: Subscribers               [32mSUCCESS[0m -> [36mIDLE[0m
[robot_decision-1] [1746791006.955]: Inverter                  [33mRUNNING[0m -> [31mFAILURE[0m
[robot_decision-1] [1746791006.955]: HealthCheck               [36mIDLE[0m -> [33mRUNNING[0m
[robot_decision-1] [1746791006.955]: CheckIfHealth             [36mIDLE[0m -> [31mFAILURE[0m
[robot_decision-1] [1746791006.955]: CheckIfHealth             [31mFAILURE[0m -> [36mIDLE[0m
[robot_decision-1] [1746791006.955]: HealthCheck               [33mRUNNING[0m -> [31mFAILURE[0m
[robot_decision-1] [1746791006.956]: Inverter                  [31mFAILURE[0m -> [36mIDLE[0m
[robot_decision-1] [1746791006.956]: HealthCheck               [31mFAILURE[0m -> [36mIDLE[0m
[robot_decision-1] [INFO] [1746791006.954865956] [robot_decision]: [IfHealthSub] health value: 500
[robot_decision-1] [INFO] [1746791006.955158115] [robot_decision]: [OurOutpostSub] our outpost health value: 1500
[robot_decision-1] [INFO] [1746791006.955244380] [robot_decision]: [EnemyOutpostSub] enemy outpost health value: 1500
[robot_decision-1] [1746791007.460]: Inverter                  [36mIDLE[0m -> [33mRUNNING[0m
[robot_decision-1] [1746791007.460]: Subscribers               [36mIDLE[0m -> [33mRUNNING[0m
[robot_decision-1] [1746791007.460]: IfHealthSub               [36mIDLE[0m -> [32mSUCCESS[0m
[robot_decision-1] [1746791007.460]: OurOutpostSub             [36mIDLE[0m -> [32mSUCCESS[0m
[robot_decision-1] [1746791007.460]: EnemyOutpostSub           [36mIDLE[0m -> [32mSUCCESS[0m
[robot_decision-1] [1746791007.460]: IfHealthSub               [32mSUCCESS[0m -> [36mIDLE[0m
[robot_decision-1] [1746791007.460]: OurOutpostSub             [32mSUCCESS[0m -> [36mIDLE[0m
[robot_decision-1] [1746791007.460]: EnemyOutpostSub           [32mSUCCESS[0m -> [36mIDLE[0m
[robot_decision-1] [1746791007.460]: Subscribers               [33mRUNNING[0m -> [32mSUCCESS[0m
[robot_decision-1] [1746791007.460]: Subscribers               [32mSUCCESS[0m -> [36mIDLE[0m
[robot_decision-1] [1746791007.460]: Inverter                  [33mRUNNING[0m -> [31mFAILURE[0m
[robot_decision-1] [1746791007.460]: HealthCheck               [36mIDLE[0m -> [33mRUNNING[0m
[robot_decision-1] [1746791007.461]: CheckIfHealth             [36mIDLE[0m -> [31mFAILURE[0m
[robot_decision-1] [1746791007.461]: CheckIfHealth             [31mFAILURE[0m -> [36mIDLE[0m
[robot_decision-1] [1746791007.461]: HealthCheck               [33mRUNNING[0m -> [31mFAILURE[0m
[robot_decision-1] [1746791007.461]: Inverter                  [31mFAILURE[0m -> [36mIDLE[0m
[robot_decision-1] [1746791007.461]: HealthCheck               [31mFAILURE[0m -> [36mIDLE[0m
[robot_decision-1] [INFO] [1746791007.460220936] [robot_decision]: [IfHealthSub] health value: 500
[robot_decision-1] [INFO] [1746791007.460365693] [robot_decision]: [OurOutpostSub] our outpost health value: 1500
[robot_decision-1] [INFO] [1746791007.460433412] [robot_decision]: [EnemyOutpostSub] enemy outpost health value: 1500
[robot_decision-1] [1746791007.961]: Inverter                  [36mIDLE[0m -> [33mRUNNING[0m
[robot_decision-1] [1746791007.961]: Subscribers               [36mIDLE[0m -> [33mRUNNING[0m
[robot_decision-1] [1746791007.962]: IfHealthSub               [36mIDLE[0m -> [32mSUCCESS[0m
[robot_decision-1] [1746791007.962]: OurOutpostSub             [36mIDLE[0m -> [32mSUCCESS[0m
[robot_decision-1] [1746791007.962]: EnemyOutpostSub           [36mIDLE[0m -> [32mSUCCESS[0m
[robot_decision-1] [1746791007.962]: IfHealthSub               [32mSUCCESS[0m -> [36mIDLE[0m
[robot_decision-1] [1746791007.962]: OurOutpostSub             [32mSUCCESS[0m -> [36mIDLE[0m
[robot_decision-1] [1746791007.962]: EnemyOutpostSub           [32mSUCCESS[0m -> [36mIDLE[0m
[robot_decision-1] [1746791007.962]: Subscribers               [33mRUNNING[0m -> [32mSUCCESS[0m
[robot_decision-1] [1746791007.962]: Subscribers               [32mSUCCESS[0m -> [36mIDLE[0m
[robot_decision-1] [INFO] [1746791007.961674467] [robot_decision]: [IfHealthSub] health value: 500
[robot_decision-1] [INFO] [1746791007.961885190] [robot_decision]: [OurOutpostSub] our outpost health value: 1500
[robot_decision-1] [INFO] [1746791007.961996382] [robot_decision]: [EnemyOutpostSub] enemy outpost health value: 1500
[robot_decision-1] [1746791007.962]: Inverter                  [33mRUNNING[0m -> [31mFAILURE[0m
[robot_decision-1] [1746791007.962]: HealthCheck               [36mIDLE[0m -> [33mRUNNING[0m
[robot_decision-1] [1746791007.962]: CheckIfHealth             [36mIDLE[0m -> [31mFAILURE[0m
[robot_decision-1] [1746791007.962]: CheckIfHealth             [31mFAILURE[0m -> [36mIDLE[0m
[robot_decision-1] [1746791007.962]: HealthCheck               [33mRUNNING[0m -> [31mFAILURE[0m
[robot_decision-1] [1746791007.963]: Inverter                  [31mFAILURE[0m -> [36mIDLE[0m
[robot_decision-1] [1746791007.963]: HealthCheck               [31mFAILURE[0m -> [36mIDLE[0m
[robot_decision-1] [1746791008.463]: Inverter                  [36mIDLE[0m -> [33mRUNNING[0m
[robot_decision-1] [1746791008.463]: Subscribers               [36mIDLE[0m -> [33mRUNNING[0m
[robot_decision-1] [INFO] [1746791008.463028079] [robot_decision]: [IfHealthSub] health value: 500
[robot_decision-1] [INFO] [1746791008.463199216] [robot_decision]: [OurOutpostSub] our outpost health value: 1500
[robot_decision-1] [INFO] [1746791008.463271624] [robot_decision]: [EnemyOutpostSub] enemy outpost health value: 1500
[robot_decision-1] [INFO] [1746791008.463484471] [robot_decision]: Navigation Success!
[robot_decision-1] [ERROR] [1746791008.463630279] [robot_decision]: [IfHealthSub] invalid message
[robot_decision-1] [1746791008.463]: IfHealthSub               [36mIDLE[0m -> [32mSUCCESS[0m
[robot_decision-1] [1746791008.463]: OurOutpostSub             [36mIDLE[0m -> [32mSUCCESS[0m
[robot_decision-1] [1746791008.463]: EnemyOutpostSub           [36mIDLE[0m -> [32mSUCCESS[0m
[robot_decision-1] [1746791008.463]: IfHealthSub               [32mSUCCESS[0m -> [36mIDLE[0m
[robot_decision-1] [1746791008.463]: OurOutpostSub             [32mSUCCESS[0m -> [36mIDLE[0m
[robot_decision-1] [1746791008.463]: EnemyOutpostSub           [32mSUCCESS[0m -> [36mIDLE[0m
[robot_decision-1] [1746791008.463]: Subscribers               [33mRUNNING[0m -> [32mSUCCESS[0m
[robot_decision-1] [1746791008.463]: Subscribers               [32mSUCCESS[0m -> [36mIDLE[0m
[robot_decision-1] [1746791008.463]: Inverter                  [33mRUNNING[0m -> [31mFAILURE[0m
[robot_decision-1] [1746791008.463]: HealthCheck               [36mIDLE[0m -> [33mRUNNING[0m
[robot_decision-1] [1746791008.463]: CheckIfHealth             [36mIDLE[0m -> [31mFAILURE[0m
[robot_decision-1] [1746791008.463]: CheckIfHealth             [31mFAILURE[0m -> [36mIDLE[0m
[robot_decision-1] [1746791008.463]: HealthCheck               [33mRUNNING[0m -> [31mFAILURE[0m
[robot_decision-1] onResultReceived: 4
[robot_decision-1] [1746791008.464]: NavigateToPose            [33mRUNNING[0m -> [32mSUCCESS[0m
[robot_decision-1] [1746791008.464]: WaitNode                  [32mSUCCESS[0m -> [36mIDLE[0m
[robot_decision-1] [1746791008.464]: NavigateToPose            [32mSUCCESS[0m -> [36mIDLE[0m
[robot_decision-1] [1746791008.464]: Sequence                  [33mRUNNING[0m -> [32mSUCCESS[0m
[robot_decision-1] [1746791008.464]: Sequence                  [32mSUCCESS[0m -> [36mIDLE[0m
[robot_decision-1] [1746791008.464]: RetryUntilSuccessful      [33mRUNNING[0m -> [32mSUCCESS[0m
[robot_decision-1] [1746791008.464]: CheckIfHealth             [32mSUCCESS[0m -> [36mIDLE[0m
[robot_decision-1] [1746791008.464]: RetryUntilSuccessful      [32mSUCCESS[0m -> [36mIDLE[0m
[robot_decision-1] [1746791008.464]: BothOutpostAlive          [33mRUNNING[0m -> [32mSUCCESS[0m
[robot_decision-1] [1746791008.464]: OurOutpostDead            [31mFAILURE[0m -> [36mIDLE[0m
[robot_decision-1] [1746791008.464]: EnemyOutpostDead          [31mFAILURE[0m -> [36mIDLE[0m
[robot_decision-1] [1746791008.464]: BothOutpostAlive          [32mSUCCESS[0m -> [36mIDLE[0m
[robot_decision-1] [1746791008.464]: BaseStatusLogic           [33mRUNNING[0m -> [32mSUCCESS[0m
[robot_decision-1] [1746791008.464]: Inverter                  [31mFAILURE[0m -> [36mIDLE[0m
[robot_decision-1] [1746791008.464]: HealthCheck               [31mFAILURE[0m -> [36mIDLE[0m
[robot_decision-1] [1746791008.464]: BaseStatusLogic           [32mSUCCESS[0m -> [36mIDLE[0m
[robot_decision-1] [1746791008.464]: ActionSequence            [33mRUNNING[0m -> [32mSUCCESS[0m
[robot_decision-1] [1746791008.464]: ActionSequence            [32mSUCCESS[0m -> [36mIDLE[0m
[robot_decision-1] [1746791008.464]: ActionSequence            [36mIDLE[0m -> [33mRUNNING[0m
[robot_decision-1] [1746791008.464]: Inverter                  [36mIDLE[0m -> [33mRUNNING[0m
[robot_decision-1] [1746791008.464]: Subscribers               [36mIDLE[0m -> [33mRUNNING[0m
[robot_decision-1] [1746791008.464]: IfHealthSub               [36mIDLE[0m -> [31mFAILURE[0m
[robot_decision-1] [1746791008.464]: IfHealthSub               [31mFAILURE[0m -> [36mIDLE[0m
[robot_decision-1] [1746791008.464]: Subscribers               [33mRUNNING[0m -> [31mFAILURE[0m
[robot_decision-1] [1746791008.464]: Subscribers               [31mFAILURE[0m -> [36mIDLE[0m
[robot_decision-1] [1746791008.464]: Inverter                  [33mRUNNING[0m -> [32mSUCCESS[0m
[robot_decision-1] [1746791008.464]: Inverter                  [32mSUCCESS[0m -> [36mIDLE[0m
[robot_decision-1] [1746791008.464]: ActionSequence            [33mRUNNING[0m -> [32mSUCCESS[0m
[robot_decision-1] [1746791008.464]: ActionSequence            [32mSUCCESS[0m -> [36mIDLE[0m
[robot_decision-1] [1746791008.964]: ActionSequence            [36mIDLE[0m -> [33mRUNNING[0m
[robot_decision-1] [1746791008.964]: Inverter                  [36mIDLE[0m -> [33mRUNNING[0m
[robot_decision-1] [1746791008.964]: Subscribers               [36mIDLE[0m -> [33mRUNNING[0m
[robot_decision-1] [INFO] [1746791008.964033572] [robot_decision]: [IfHealthSub] health value: 500
[robot_decision-1] [INFO] [1746791008.964216582] [robot_decision]: [OurOutpostSub] our outpost health value: 1500
[robot_decision-1] [INFO] [1746791008.964292948] [robot_decision]: [EnemyOutpostSub] enemy outpost health value: 1500
[robot_decision-1] [INFO] [1746791008.964406685] [IfHealth]: [CheckIfHealth] amount of blood: 500
[robot_decision-1] [INFO] [1746791008.964435721] [CheckOutposet]: [IsOurOutpostDead] Our outpost health: 1500 (alive)
[robot_decision-1] [INFO] [1746791008.964477721] [IfHealth]: [CheckIfHealth] amount of blood: 500
[robot_decision-1] [INFO] [1746791008.964495034] [CheckEnemyposet]: [IsEnemyOutpostDead] Enemy outpost health: 1500 (alive)
[robot_decision-1] [INFO] [1746791008.964533167] [IfHealth]: [CheckIfHealth] amount of blood: 500
[robot_decision-1] [1746791008.964]: IfHealthSub               [36mIDLE[0m -> [32mSUCCESS[0m
[robot_decision-1] [1746791008.964]: OurOutpostSub             [36mIDLE[0m -> [32mSUCCESS[0m
[robot_decision-1] [1746791008.964]: EnemyOutpostSub           [36mIDLE[0m -> [32mSUCCESS[0m
[robot_decision-1] [1746791008.964]: IfHealthSub               [32mSUCCESS[0m -> [36mIDLE[0m
[robot_decision-1] [1746791008.964]: OurOutpostSub             [32mSUCCESS[0m -> [36mIDLE[0m
[robot_decision-1] [1746791008.964]: EnemyOutpostSub           [32mSUCCESS[0m -> [36mIDLE[0m
[robot_decision-1] [1746791008.964]: Subscribers               [33mRUNNING[0m -> [32mSUCCESS[0m
[robot_decision-1] [1746791008.964]: Subscribers               [32mSUCCESS[0m -> [36mIDLE[0m
[robot_decision-1] [1746791008.964]: Inverter                  [33mRUNNING[0m -> [31mFAILURE[0m
[robot_decision-1] [1746791008.964]: HealthCheck               [36mIDLE[0m -> [33mRUNNING[0m
[robot_decision-1] [1746791008.964]: CheckIfHealth             [36mIDLE[0m -> [31mFAILURE[0m
[robot_decision-1] [1746791008.964]: CheckIfHealth             [31mFAILURE[0m -> [36mIDLE[0m
[robot_decision-1] [1746791008.964]: HealthCheck               [33mRUNNING[0m -> [31mFAILURE[0m
[robot_decision-1] [1746791008.964]: BaseStatusLogic           [36mIDLE[0m -> [33mRUNNING[0m
[robot_decision-1] [1746791008.964]: OurOutpostDead            [36mIDLE[0m -> [33mRUNNING[0m
[robot_decision-1] [1746791008.964]: CheckIfHealth             [36mIDLE[0m -> [32mSUCCESS[0m
[robot_decision-1] [1746791008.964]: IsOurOutpostDead          [36mIDLE[0m -> [31mFAILURE[0m
[robot_decision-1] [1746791008.964]: CheckIfHealth             [32mSUCCESS[0m -> [36mIDLE[0m
[robot_decision-1] [1746791008.964]: IsOurOutpostDead          [31mFAILURE[0m -> [36mIDLE[0m
[robot_decision-1] [1746791008.964]: OurOutpostDead            [33mRUNNING[0m -> [31mFAILURE[0m
[robot_decision-1] [1746791008.964]: EnemyOutpostDead          [36mIDLE[0m -> [33mRUNNING[0m
[robot_decision-1] [1746791008.964]: CheckIfHealth             [36mIDLE[0m -> [32mSUCCESS[0m
[robot_decision-1] [1746791008.965]: IsEnemyOutpostDead        [36mIDLE[0m -> [31mFAILURE[0m
[robot_decision-1] [1746791008.965]: CheckIfHealth             [32mSUCCESS[0m -> [36mIDLE[0m
[robot_decision-1] [1746791008.965]: IsEnemyOutpostDead        [31mFAILURE[0m -> [36mIDLE[0m
[robot_decision-1] [1746791008.965]: EnemyOutpostDead          [33mRUNNING[0m -> [31mFAILURE[0m
[robot_decision-1] [1746791008.965]: BothOutpostAlive          [36mIDLE[0m -> [33mRUNNING[0m
[robot_decision-1] [1746791008.965]: CheckIfHealth             [36mIDLE[0m -> [32mSUCCESS[0m
[robot_decision-1] [1746791008.965]: RetryUntilSuccessful      [36mIDLE[0m -> [33mRUNNING[0m
[robot_decision-1] [1746791008.965]: Sequence                  [36mIDLE[0m -> [33mRUNNING[0m
[robot_decision-1] [1746791008.965]: WaitNode                  [36mIDLE[0m -> [33mRUNNING[0m
[robot_decision-1] [1746791008.965]: Inverter                  [31mFAILURE[0m -> [36mIDLE[0m
[robot_decision-1] [1746791008.965]: HealthCheck               [31mFAILURE[0m -> [36mIDLE[0m
[robot_decision-1] [1746791009.465]: Inverter                  [36mIDLE[0m -> [33mRUNNING[0m
[robot_decision-1] [1746791009.465]: Subscribers               [36mIDLE[0m -> [33mRUNNING[0m
[robot_decision-1] [INFO] [1746791009.465581520] [robot_decision]: [IfHealthSub] health value: 500
[robot_decision-1] [INFO] [1746791009.465844543] [robot_decision]: [OurOutpostSub] our outpost health value: 1500
[robot_decision-1] [1746791009.466]: IfHealthSub               [36mIDLE[0m -> [32mSUCCESS[0m
[robot_decision-1] [1746791009.466]: OurOutpostSub             [36mIDLE[0m -> [32mSUCCESS[0m
[robot_decision-1] [1746791009.466]: EnemyOutpostSub           [36mIDLE[0m -> [32mSUCCESS[0m
[robot_decision-1] [1746791009.466]: IfHealthSub               [32mSUCCESS[0m -> [36mIDLE[0m
[robot_decision-1] [1746791009.466]: OurOutpostSub             [32mSUCCESS[0m -> [36mIDLE[0m
[robot_decision-1] [1746791009.466]: EnemyOutpostSub           [32mSUCCESS[0m -> [36mIDLE[0m
[robot_decision-1] [1746791009.466]: Subscribers               [33mRUNNING[0m -> [32mSUCCESS[0m
[robot_decision-1] [1746791009.466]: Subscribers               [32mSUCCESS[0m -> [36mIDLE[0m
[robot_decision-1] [1746791009.466]: Inverter                  [33mRUNNING[0m -> [31mFAILURE[0m
[robot_decision-1] [1746791009.466]: HealthCheck               [36mIDLE[0m -> [33mRUNNING[0m
[robot_decision-1] [1746791009.466]: CheckIfHealth             [36mIDLE[0m -> [31mFAILURE[0m
[robot_decision-1] [1746791009.466]: CheckIfHealth             [31mFAILURE[0m -> [36mIDLE[0m
[robot_decision-1] [1746791009.466]: HealthCheck               [33mRUNNING[0m -> [31mFAILURE[0m
[robot_decision-1] [1746791009.466]: WaitNode                  [33mRUNNING[0m -> [32mSUCCESS[0m
[robot_decision-1] [1746791009.466]: NavigateToPose            [36mIDLE[0m -> [33mRUNNING[0m
[robot_decision-1] Point key: 1 x:3 y:0.45
[robot_decision-1] [INFO] [1746791009.465936669] [robot_decision]: [EnemyOutpostSub] enemy outpost health value: 1500
[robot_decision-1] [1746791009.467]: Inverter                  [31mFAILURE[0m -> [36mIDLE[0m
[robot_decision-1] [1746791009.467]: HealthCheck               [31mFAILURE[0m -> [36mIDLE[0m
[robot_decision-1] [1746791009.967]: Inverter                  [36mIDLE[0m -> [33mRUNNING[0m
[robot_decision-1] [1746791009.967]: Subscribers               [36mIDLE[0m -> [33mRUNNING[0m
[robot_decision-1] [INFO] [1746791009.967597440] [robot_decision]: [IfHealthSub] health value: 500
[robot_decision-1] [INFO] [1746791009.967718611] [robot_decision]: [OurOutpostSub] our outpost health value: 1500
[robot_decision-1] [INFO] [1746791009.967782213] [robot_decision]: [EnemyOutpostSub] enemy outpost health value: 1500
[robot_decision-1] [1746791009.968]: IfHealthSub               [36mIDLE[0m -> [32mSUCCESS[0m
[robot_decision-1] [1746791009.968]: OurOutpostSub             [36mIDLE[0m -> [32mSUCCESS[0m
[robot_decision-1] [1746791009.968]: EnemyOutpostSub           [36mIDLE[0m -> [32mSUCCESS[0m
[robot_decision-1] [1746791009.968]: IfHealthSub               [32mSUCCESS[0m -> [36mIDLE[0m
[robot_decision-1] [1746791009.968]: OurOutpostSub             [32mSUCCESS[0m -> [36mIDLE[0m
[robot_decision-1] [1746791009.968]: EnemyOutpostSub           [32mSUCCESS[0m -> [36mIDLE[0m
[robot_decision-1] [1746791009.968]: Subscribers               [33mRUNNING[0m -> [32mSUCCESS[0m
[robot_decision-1] [1746791009.968]: Subscribers               [32mSUCCESS[0m -> [36mIDLE[0m
[robot_decision-1] [1746791009.968]: Inverter                  [33mRUNNING[0m -> [31mFAILURE[0m
[robot_decision-1] [1746791009.968]: HealthCheck               [36mIDLE[0m -> [33mRUNNING[0m
[robot_decision-1] [1746791009.968]: CheckIfHealth             [36mIDLE[0m -> [31mFAILURE[0m
[robot_decision-1] [1746791009.968]: CheckIfHealth             [31mFAILURE[0m -> [36mIDLE[0m
[robot_decision-1] [1746791009.968]: HealthCheck               [33mRUNNING[0m -> [31mFAILURE[0m
[robot_decision-1] [1746791009.968]: Inverter                  [31mFAILURE[0m -> [36mIDLE[0m
[robot_decision-1] [1746791009.968]: HealthCheck               [31mFAILURE[0m -> [36mIDLE[0m
[robot_decision-1] [1746791010.468]: Inverter                  [36mIDLE[0m -> [33mRUNNING[0m
[robot_decision-1] [1746791010.468]: Subscribers               [36mIDLE[0m -> [33mRUNNING[0m
[robot_decision-1] [INFO] [1746791010.468439956] [robot_decision]: [IfHealthSub] health value: 500
[robot_decision-1] [INFO] [1746791010.468737625] [robot_decision]: [OurOutpostSub] our outpost health value: 1500
[robot_decision-1] [INFO] [1746791010.468969498] [robot_decision]: [EnemyOutpostSub] enemy outpost health value: 1500
[robot_decision-1] [1746791010.469]: IfHealthSub               [36mIDLE[0m -> [32mSUCCESS[0m
[robot_decision-1] [1746791010.469]: OurOutpostSub             [36mIDLE[0m -> [32mSUCCESS[0m
[robot_decision-1] [1746791010.469]: EnemyOutpostSub           [36mIDLE[0m -> [32mSUCCESS[0m
[robot_decision-1] [1746791010.469]: IfHealthSub               [32mSUCCESS[0m -> [36mIDLE[0m
[robot_decision-1] [1746791010.469]: OurOutpostSub             [32mSUCCESS[0m -> [36mIDLE[0m
[robot_decision-1] [1746791010.469]: EnemyOutpostSub           [32mSUCCESS[0m -> [36mIDLE[0m
[robot_decision-1] [1746791010.469]: Subscribers               [33mRUNNING[0m -> [32mSUCCESS[0m
[robot_decision-1] [1746791010.469]: Subscribers               [32mSUCCESS[0m -> [36mIDLE[0m
[robot_decision-1] [1746791010.469]: Inverter                  [33mRUNNING[0m -> [31mFAILURE[0m
[robot_decision-1] [1746791010.469]: HealthCheck               [36mIDLE[0m -> [33mRUNNING[0m
[robot_decision-1] [1746791010.469]: CheckIfHealth             [36mIDLE[0m -> [31mFAILURE[0m
[robot_decision-1] [1746791010.469]: CheckIfHealth             [31mFAILURE[0m -> [36mIDLE[0m
[robot_decision-1] [1746791010.469]: HealthCheck               [33mRUNNING[0m -> [31mFAILURE[0m
[robot_decision-1] [1746791010.469]: Inverter                  [31mFAILURE[0m -> [36mIDLE[0m
[robot_decision-1] [1746791010.469]: HealthCheck               [31mFAILURE[0m -> [36mIDLE[0m
[robot_decision-1] [1746791010.969]: Inverter                  [36mIDLE[0m -> [33mRUNNING[0m
[robot_decision-1] [1746791010.970]: Subscribers               [36mIDLE[0m -> [33mRUNNING[0m
[robot_decision-1] [1746791010.970]: IfHealthSub               [36mIDLE[0m -> [32mSUCCESS[0m
[robot_decision-1] [1746791010.970]: OurOutpostSub             [36mIDLE[0m -> [32mSUCCESS[0m
[robot_decision-1] [1746791010.971]: EnemyOutpostSub           [36mIDLE[0m -> [32mSUCCESS[0m
[robot_decision-1] [1746791010.971]: IfHealthSub               [32mSUCCESS[0m -> [36mIDLE[0m
[robot_decision-1] [1746791010.971]: OurOutpostSub             [32mSUCCESS[0m -> [36mIDLE[0m
[robot_decision-1] [1746791010.971]: EnemyOutpostSub           [32mSUCCESS[0m -> [36mIDLE[0m
[robot_decision-1] [1746791010.971]: Subscribers               [33mRUNNING[0m -> [32mSUCCESS[0m
[robot_decision-1] [1746791010.971]: Subscribers               [32mSUCCESS[0m -> [36mIDLE[0m
[robot_decision-1] [1746791010.971]: Inverter                  [33mRUNNING[0m -> [31mFAILURE[0m
[robot_decision-1] [1746791010.971]: HealthCheck               [36mIDLE[0m -> [33mRUNNING[0m
[robot_decision-1] [INFO] [1746791010.970117807] [robot_decision]: [IfHealthSub] health value: 500
[robot_decision-1] [INFO] [1746791010.970423361] [robot_decision]: [OurOutpostSub] our outpost health value: 1500
[robot_decision-1] [INFO] [1746791010.970559260] [robot_decision]: [EnemyOutpostSub] enemy outpost health value: 1500
[robot_decision-1] [1746791010.971]: CheckIfHealth             [36mIDLE[0m -> [31mFAILURE[0m
[robot_decision-1] [1746791010.971]: CheckIfHealth             [31mFAILURE[0m -> [36mIDLE[0m
[robot_decision-1] [1746791010.971]: HealthCheck               [33mRUNNING[0m -> [31mFAILURE[0m
[robot_decision-1] [1746791010.971]: Inverter                  [31mFAILURE[0m -> [36mIDLE[0m
[robot_decision-1] [1746791010.971]: HealthCheck               [31mFAILURE[0m -> [36mIDLE[0m
[robot_decision-1] [1746791011.471]: Inverter                  [36mIDLE[0m -> [33mRUNNING[0m
[robot_decision-1] [1746791011.471]: Subscribers               [36mIDLE[0m -> [33mRUNNING[0m
[robot_decision-1] [INFO] [1746791011.471303416] [robot_decision]: [IfHealthSub] health value: 500
[robot_decision-1] [INFO] [1746791011.471441921] [robot_decision]: [OurOutpostSub] our outpost health value: 1500
[robot_decision-1] [INFO] [1746791011.471495503] [robot_decision]: [EnemyOutpostSub] enemy outpost health value: 1500
[robot_decision-1] [1746791011.471]: IfHealthSub               [36mIDLE[0m -> [32mSUCCESS[0m
[robot_decision-1] [1746791011.471]: OurOutpostSub             [36mIDLE[0m -> [32mSUCCESS[0m
[robot_decision-1] [1746791011.472]: EnemyOutpostSub           [36mIDLE[0m -> [32mSUCCESS[0m
[robot_decision-1] [1746791011.472]: IfHealthSub               [32mSUCCESS[0m -> [36mIDLE[0m
[robot_decision-1] [1746791011.472]: OurOutpostSub             [32mSUCCESS[0m -> [36mIDLE[0m
[robot_decision-1] [1746791011.472]: EnemyOutpostSub           [32mSUCCESS[0m -> [36mIDLE[0m
[robot_decision-1] [1746791011.472]: Subscribers               [33mRUNNING[0m -> [32mSUCCESS[0m
[robot_decision-1] [1746791011.472]: Subscribers               [32mSUCCESS[0m -> [36mIDLE[0m
[robot_decision-1] [1746791011.472]: Inverter                  [33mRUNNING[0m -> [31mFAILURE[0m
[robot_decision-1] [1746791011.472]: HealthCheck               [36mIDLE[0m -> [33mRUNNING[0m
[robot_decision-1] [1746791011.472]: CheckIfHealth             [36mIDLE[0m -> [31mFAILURE[0m
[robot_decision-1] [1746791011.472]: CheckIfHealth             [31mFAILURE[0m -> [36mIDLE[0m
[robot_decision-1] [1746791011.472]: HealthCheck               [33mRUNNING[0m -> [31mFAILURE[0m
[robot_decision-1] [1746791011.472]: Inverter                  [31mFAILURE[0m -> [36mIDLE[0m
[robot_decision-1] [1746791011.472]: HealthCheck               [31mFAILURE[0m -> [36mIDLE[0m
[robot_decision-1] [1746791011.972]: Inverter                  [36mIDLE[0m -> [33mRUNNING[0m
[robot_decision-1] [1746791011.972]: Subscribers               [36mIDLE[0m -> [33mRUNNING[0m
[robot_decision-1] [INFO] [1746791011.972146609] [robot_decision]: [IfHealthSub] health value: 500
[robot_decision-1] [INFO] [1746791011.972267610] [robot_decision]: [OurOutpostSub] our outpost health value: 1500
[robot_decision-1] [INFO] [1746791011.972333867] [robot_decision]: [EnemyOutpostSub] enemy outpost health value: 1500
[robot_decision-1] [INFO] [1746791011.972518159] [robot_decision]: Navigation Success!
[robot_decision-1] [ERROR] [1746791011.972662355] [robot_decision]: [IfHealthSub] invalid message
[robot_decision-1] [1746791011.972]: IfHealthSub               [36mIDLE[0m -> [32mSUCCESS[0m
[robot_decision-1] [1746791011.972]: OurOutpostSub             [36mIDLE[0m -> [32mSUCCESS[0m
[robot_decision-1] [1746791011.972]: EnemyOutpostSub           [36mIDLE[0m -> [32mSUCCESS[0m
[robot_decision-1] [1746791011.972]: IfHealthSub               [32mSUCCESS[0m -> [36mIDLE[0m
[robot_decision-1] [1746791011.972]: OurOutpostSub             [32mSUCCESS[0m -> [36mIDLE[0m
[robot_decision-1] [1746791011.972]: EnemyOutpostSub           [32mSUCCESS[0m -> [36mIDLE[0m
[robot_decision-1] [1746791011.972]: Subscribers               [33mRUNNING[0m -> [32mSUCCESS[0m
[robot_decision-1] [1746791011.972]: Subscribers               [32mSUCCESS[0m -> [36mIDLE[0m
[robot_decision-1] [1746791011.972]: Inverter                  [33mRUNNING[0m -> [31mFAILURE[0m
[robot_decision-1] [1746791011.972]: HealthCheck               [36mIDLE[0m -> [33mRUNNING[0m
[robot_decision-1] [1746791011.972]: CheckIfHealth             [36mIDLE[0m -> [31mFAILURE[0m
[robot_decision-1] [1746791011.972]: CheckIfHealth             [31mFAILURE[0m -> [36mIDLE[0m
[robot_decision-1] [1746791011.972]: HealthCheck               [33mRUNNING[0m -> [31mFAILURE[0m
[robot_decision-1] onResultReceived: 4
[robot_decision-1] [1746791011.973]: NavigateToPose            [33mRUNNING[0m -> [32mSUCCESS[0m
[robot_decision-1] [1746791011.973]: WaitNode                  [32mSUCCESS[0m -> [36mIDLE[0m
[robot_decision-1] [1746791011.973]: NavigateToPose            [32mSUCCESS[0m -> [36mIDLE[0m
[robot_decision-1] [1746791011.973]: Sequence                  [33mRUNNING[0m -> [32mSUCCESS[0m
[robot_decision-1] [1746791011.973]: Sequence                  [32mSUCCESS[0m -> [36mIDLE[0m
[robot_decision-1] [1746791011.973]: RetryUntilSuccessful      [33mRUNNING[0m -> [32mSUCCESS[0m
[robot_decision-1] [1746791011.973]: CheckIfHealth             [32mSUCCESS[0m -> [36mIDLE[0m
[robot_decision-1] [1746791011.973]: RetryUntilSuccessful      [32mSUCCESS[0m -> [36mIDLE[0m
[robot_decision-1] [1746791011.973]: BothOutpostAlive          [33mRUNNING[0m -> [32mSUCCESS[0m
[robot_decision-1] [1746791011.973]: OurOutpostDead            [31mFAILURE[0m -> [36mIDLE[0m
[robot_decision-1] [1746791011.973]: EnemyOutpostDead          [31mFAILURE[0m -> [36mIDLE[0m
[robot_decision-1] [1746791011.973]: BothOutpostAlive          [32mSUCCESS[0m -> [36mIDLE[0m
[robot_decision-1] [1746791011.973]: BaseStatusLogic           [33mRUNNING[0m -> [32mSUCCESS[0m
[robot_decision-1] [1746791011.973]: Inverter                  [31mFAILURE[0m -> [36mIDLE[0m
[robot_decision-1] [1746791011.973]: HealthCheck               [31mFAILURE[0m -> [36mIDLE[0m
[robot_decision-1] [1746791011.973]: BaseStatusLogic           [32mSUCCESS[0m -> [36mIDLE[0m
[robot_decision-1] [1746791011.973]: ActionSequence            [33mRUNNING[0m -> [32mSUCCESS[0m
[robot_decision-1] [1746791011.973]: ActionSequence            [32mSUCCESS[0m -> [36mIDLE[0m
[robot_decision-1] [1746791011.973]: ActionSequence            [36mIDLE[0m -> [33mRUNNING[0m
[robot_decision-1] [1746791011.973]: Inverter                  [36mIDLE[0m -> [33mRUNNING[0m
[robot_decision-1] [1746791011.973]: Subscribers               [36mIDLE[0m -> [33mRUNNING[0m
[robot_decision-1] [1746791011.973]: IfHealthSub               [36mIDLE[0m -> [31mFAILURE[0m
[robot_decision-1] [1746791011.973]: IfHealthSub               [31mFAILURE[0m -> [36mIDLE[0m
[robot_decision-1] [1746791011.973]: Subscribers               [33mRUNNING[0m -> [31mFAILURE[0m
[robot_decision-1] [1746791011.973]: Subscribers               [31mFAILURE[0m -> [36mIDLE[0m
[robot_decision-1] [1746791011.973]: Inverter                  [33mRUNNING[0m -> [32mSUCCESS[0m
[robot_decision-1] [1746791011.973]: Inverter                  [32mSUCCESS[0m -> [36mIDLE[0m
[robot_decision-1] [1746791011.973]: ActionSequence            [33mRUNNING[0m -> [32mSUCCESS[0m
[robot_decision-1] [1746791011.973]: ActionSequence            [32mSUCCESS[0m -> [36mIDLE[0m
[robot_decision-1] [1746791012.473]: ActionSequence            [36mIDLE[0m -> [33mRUNNING[0m
[robot_decision-1] [1746791012.473]: Inverter                  [36mIDLE[0m -> [33mRUNNING[0m
[robot_decision-1] [1746791012.473]: Subscribers               [36mIDLE[0m -> [33mRUNNING[0m
[robot_decision-1] [INFO] [1746791012.473219410] [robot_decision]: [IfHealthSub] health value: 500
[robot_decision-1] [INFO] [1746791012.473421236] [robot_decision]: [OurOutpostSub] our outpost health value: 1500
[robot_decision-1] [1746791012.473]: IfHealthSub               [36mIDLE[0m -> [32mSUCCESS[0m
[robot_decision-1] [1746791012.473]: OurOutpostSub             [36mIDLE[0m -> [32mSUCCESS[0m
[robot_decision-1] [1746791012.474]: EnemyOutpostSub           [36mIDLE[0m -> [32mSUCCESS[0m
[robot_decision-1] [1746791012.474]: IfHealthSub               [32mSUCCESS[0m -> [36mIDLE[0m
[robot_decision-1] [1746791012.474]: OurOutpostSub             [32mSUCCESS[0m -> [36mIDLE[0m
[robot_decision-1] [1746791012.474]: EnemyOutpostSub           [32mSUCCESS[0m -> [36mIDLE[0m
[robot_decision-1] [1746791012.474]: Subscribers               [33mRUNNING[0m -> [32mSUCCESS[0m
[robot_decision-1] [1746791012.474]: Subscribers               [32mSUCCESS[0m -> [36mIDLE[0m
[robot_decision-1] [1746791012.474]: Inverter                  [33mRUNNING[0m -> [31mFAILURE[0m
[robot_decision-1] [1746791012.474]: HealthCheck               [36mIDLE[0m -> [33mRUNNING[0m
[robot_decision-1] [1746791012.474]: CheckIfHealth             [36mIDLE[0m -> [31mFAILURE[0m
[robot_decision-1] [1746791012.474]: CheckIfHealth             [31mFAILURE[0m -> [36mIDLE[0m
[robot_decision-1] [1746791012.474]: HealthCheck               [33mRUNNING[0m -> [31mFAILURE[0m
[robot_decision-1] [1746791012.474]: BaseStatusLogic           [36mIDLE[0m -> [33mRUNNING[0m
[robot_decision-1] [1746791012.474]: OurOutpostDead            [36mIDLE[0m -> [33mRUNNING[0m
[robot_decision-1] [1746791012.474]: CheckIfHealth             [36mIDLE[0m -> [32mSUCCESS[0m
[robot_decision-1] [1746791012.474]: IsOurOutpostDead          [36mIDLE[0m -> [31mFAILURE[0m
[robot_decision-1] [1746791012.474]: CheckIfHealth             [32mSUCCESS[0m -> [36mIDLE[0m
[robot_decision-1] [1746791012.474]: IsOurOutpostDead          [31mFAILURE[0m -> [36mIDLE[0m
[robot_decision-1] [1746791012.474]: OurOutpostDead            [33mRUNNING[0m -> [31mFAILURE[0m
[robot_decision-1] [1746791012.474]: EnemyOutpostDead          [36mIDLE[0m -> [33mRUNNING[0m
[robot_decision-1] [1746791012.474]: CheckIfHealth             [36mIDLE[0m -> [32mSUCCESS[0m
[robot_decision-1] [1746791012.474]: IsEnemyOutpostDead        [36mIDLE[0m -> [31mFAILURE[0m
[robot_decision-1] [1746791012.474]: CheckIfHealth             [32mSUCCESS[0m -> [36mIDLE[0m
[robot_decision-1] [1746791012.474]: IsEnemyOutpostDead        [31mFAILURE[0m -> [36mIDLE[0m
[robot_decision-1] [1746791012.474]: EnemyOutpostDead          [33mRUNNING[0m -> [31mFAILURE[0m
[robot_decision-1] [1746791012.474]: BothOutpostAlive          [36mIDLE[0m -> [33mRUNNING[0m
[robot_decision-1] [1746791012.474]: CheckIfHealth             [36mIDLE[0m -> [32mSUCCESS[0m
[robot_decision-1] [1746791012.474]: RetryUntilSuccessful      [36mIDLE[0m -> [33mRUNNING[0m
[robot_decision-1] [1746791012.474]: Sequence                  [36mIDLE[0m -> [33mRUNNING[0m
[robot_decision-1] [1746791012.474]: WaitNode                  [36mIDLE[0m -> [33mRUNNING[0m
[robot_decision-1] [1746791012.474]: Inverter                  [31mFAILURE[0m -> [36mIDLE[0m
[robot_decision-1] [1746791012.474]: HealthCheck               [31mFAILURE[0m -> [36mIDLE[0m
[robot_decision-1] [INFO] [1746791012.473521908] [robot_decision]: [EnemyOutpostSub] enemy outpost health value: 1500
[robot_decision-1] [INFO] [1746791012.473678277] [IfHealth]: [CheckIfHealth] amount of blood: 500
[robot_decision-1] [INFO] [1746791012.473710409] [CheckOutposet]: [IsOurOutpostDead] Our outpost health: 1500 (alive)
[robot_decision-1] [INFO] [1746791012.473761677] [IfHealth]: [CheckIfHealth] amount of blood: 500
[robot_decision-1] [INFO] [1746791012.473788989] [CheckEnemyposet]: [IsEnemyOutpostDead] Enemy outpost health: 1500 (alive)
[robot_decision-1] [INFO] [1746791012.473839946] [IfHealth]: [CheckIfHealth] amount of blood: 500
[robot_decision-1] [1746791012.974]: Inverter                  [36mIDLE[0m -> [33mRUNNING[0m
[robot_decision-1] [1746791012.974]: Subscribers               [36mIDLE[0m -> [33mRUNNING[0m
[robot_decision-1] [INFO] [1746791012.974527129] [robot_decision]: [IfHealthSub] health value: 500
[robot_decision-1] [INFO] [1746791012.974667126] [robot_decision]: [OurOutpostSub] our outpost health value: 1500
[robot_decision-1] [INFO] [1746791012.974734425] [robot_decision]: [EnemyOutpostSub] enemy outpost health value: 1500
[robot_decision-1] [1746791012.975]: IfHealthSub               [36mIDLE[0m -> [32mSUCCESS[0m
[robot_decision-1] [1746791012.975]: OurOutpostSub             [36mIDLE[0m -> [32mSUCCESS[0m
[robot_decision-1] [1746791012.975]: EnemyOutpostSub           [36mIDLE[0m -> [32mSUCCESS[0m
[robot_decision-1] [1746791012.975]: IfHealthSub               [32mSUCCESS[0m -> [36mIDLE[0m
[robot_decision-1] [1746791012.975]: OurOutpostSub             [32mSUCCESS[0m -> [36mIDLE[0m
[robot_decision-1] [1746791012.975]: EnemyOutpostSub           [32mSUCCESS[0m -> [36mIDLE[0m
[robot_decision-1] [1746791012.975]: Subscribers               [33mRUNNING[0m -> [32mSUCCESS[0m
[robot_decision-1] [1746791012.975]: Subscribers               [32mSUCCESS[0m -> [36mIDLE[0m
[robot_decision-1] [1746791012.975]: Inverter                  [33mRUNNING[0m -> [31mFAILURE[0m
[robot_decision-1] [1746791012.975]: HealthCheck               [36mIDLE[0m -> [33mRUNNING[0m
[robot_decision-1] [1746791012.975]: CheckIfHealth             [36mIDLE[0m -> [31mFAILURE[0m
[robot_decision-1] [1746791012.975]: CheckIfHealth             [31mFAILURE[0m -> [36mIDLE[0m
[robot_decision-1] [1746791012.975]: HealthCheck               [33mRUNNING[0m -> [31mFAILURE[0m
[robot_decision-1] [1746791012.975]: WaitNode                  [33mRUNNING[0m -> [32mSUCCESS[0m
[robot_decision-1] [1746791012.975]: NavigateToPose            [36mIDLE[0m -> [33mRUNNING[0m
[robot_decision-1] Point key: 1 x:3 y:0.45
[robot_decision-1] [1746791012.975]: Inverter                  [31mFAILURE[0m -> [36mIDLE[0m
[robot_decision-1] [1746791012.975]: HealthCheck               [31mFAILURE[0m -> [36mIDLE[0m
[robot_decision-1] [1746791013.476]: Inverter                  [36mIDLE[0m -> [33mRUNNING[0m
[robot_decision-1] [1746791013.476]: Subscribers               [36mIDLE[0m -> [33mRUNNING[0m
[robot_decision-1] [INFO] [1746791013.475712572] [robot_decision]: [IfHealthSub] health value: 500
[robot_decision-1] [INFO] [1746791013.475856006] [robot_decision]: [OurOutpostSub] our outpost health value: 1500
[robot_decision-1] [INFO] [1746791013.475927934] [robot_decision]: [EnemyOutpostSub] enemy outpost health value: 1500
[robot_decision-1] [1746791013.476]: IfHealthSub               [36mIDLE[0m -> [32mSUCCESS[0m
[robot_decision-1] [1746791013.476]: OurOutpostSub             [36mIDLE[0m -> [32mSUCCESS[0m
[robot_decision-1] [1746791013.476]: EnemyOutpostSub           [36mIDLE[0m -> [32mSUCCESS[0m
[robot_decision-1] [1746791013.476]: IfHealthSub               [32mSUCCESS[0m -> [36mIDLE[0m
[robot_decision-1] [1746791013.476]: OurOutpostSub             [32mSUCCESS[0m -> [36mIDLE[0m
[robot_decision-1] [1746791013.476]: EnemyOutpostSub           [32mSUCCESS[0m -> [36mIDLE[0m
[robot_decision-1] [1746791013.476]: Subscribers               [33mRUNNING[0m -> [32mSUCCESS[0m
[robot_decision-1] [1746791013.476]: Subscribers               [32mSUCCESS[0m -> [36mIDLE[0m
[robot_decision-1] [1746791013.476]: Inverter                  [33mRUNNING[0m -> [31mFAILURE[0m
[robot_decision-1] [1746791013.476]: HealthCheck               [36mIDLE[0m -> [33mRUNNING[0m
[robot_decision-1] [1746791013.476]: CheckIfHealth             [36mIDLE[0m -> [31mFAILURE[0m
[robot_decision-1] [1746791013.476]: CheckIfHealth             [31mFAILURE[0m -> [36mIDLE[0m
[robot_decision-1] [1746791013.476]: HealthCheck               [33mRUNNING[0m -> [31mFAILURE[0m
[robot_decision-1] [1746791013.476]: Inverter                  [31mFAILURE[0m -> [36mIDLE[0m
[robot_decision-1] [1746791013.476]: HealthCheck               [31mFAILURE[0m -> [36mIDLE[0m
[robot_decision-1] [1746791013.977]: Inverter                  [36mIDLE[0m -> [33mRUNNING[0m
[robot_decision-1] [1746791013.977]: Subscribers               [36mIDLE[0m -> [33mRUNNING[0m
[robot_decision-1] [INFO] [1746791013.977324860] [robot_decision]: [IfHealthSub] health value: 500
[robot_decision-1] [INFO] [1746791013.977668086] [robot_decision]: [OurOutpostSub] our outpost health value: 1500
[robot_decision-1] [1746791013.977]: IfHealthSub               [36mIDLE[0m -> [32mSUCCESS[0m
[robot_decision-1] [1746791013.978]: OurOutpostSub             [36mIDLE[0m -> [32mSUCCESS[0m
[robot_decision-1] [1746791013.978]: EnemyOutpostSub           [36mIDLE[0m -> [32mSUCCESS[0m
[robot_decision-1] [1746791013.978]: IfHealthSub               [32mSUCCESS[0m -> [36mIDLE[0m
[robot_decision-1] [1746791013.978]: OurOutpostSub             [32mSUCCESS[0m -> [36mIDLE[0m
[robot_decision-1] [1746791013.978]: EnemyOutpostSub           [32mSUCCESS[0m -> [36mIDLE[0m
[robot_decision-1] [1746791013.978]: Subscribers               [33mRUNNING[0m -> [32mSUCCESS[0m
[robot_decision-1] [1746791013.978]: Subscribers               [32mSUCCESS[0m -> [36mIDLE[0m
[robot_decision-1] [1746791013.978]: Inverter                  [33mRUNNING[0m -> [31mFAILURE[0m
[robot_decision-1] [1746791013.978]: HealthCheck               [36mIDLE[0m -> [33mRUNNING[0m
[robot_decision-1] [1746791013.978]: CheckIfHealth             [36mIDLE[0m -> [31mFAILURE[0m
[robot_decision-1] [1746791013.978]: CheckIfHealth             [31mFAILURE[0m -> [36mIDLE[0m
[robot_decision-1] [1746791013.978]: HealthCheck               [33mRUNNING[0m -> [31mFAILURE[0m
[robot_decision-1] [1746791013.978]: Inverter                  [31mFAILURE[0m -> [36mIDLE[0m
[robot_decision-1] [1746791013.978]: HealthCheck               [31mFAILURE[0m -> [36mIDLE[0m
[robot_decision-1] [INFO] [1746791013.977830346] [robot_decision]: [EnemyOutpostSub] enemy outpost health value: 1500
[robot_decision-1] [1746791014.478]: Inverter                  [36mIDLE[0m -> [33mRUNNING[0m
[robot_decision-1] [1746791014.479]: Subscribers               [36mIDLE[0m -> [33mRUNNING[0m
[robot_decision-1] [INFO] [1746791014.479065903] [robot_decision]: [IfHealthSub] health value: 500
[robot_decision-1] [INFO] [1746791014.479448444] [robot_decision]: [OurOutpostSub] our outpost health value: 1500
[robot_decision-1] [1746791014.479]: IfHealthSub               [36mIDLE[0m -> [32mSUCCESS[0m
[robot_decision-1] [1746791014.479]: OurOutpostSub             [36mIDLE[0m -> [32mSUCCESS[0m
[robot_decision-1] [1746791014.480]: EnemyOutpostSub           [36mIDLE[0m -> [32mSUCCESS[0m
[robot_decision-1] [1746791014.480]: IfHealthSub               [32mSUCCESS[0m -> [36mIDLE[0m
[robot_decision-1] [1746791014.480]: OurOutpostSub             [32mSUCCESS[0m -> [36mIDLE[0m
[robot_decision-1] [1746791014.480]: EnemyOutpostSub           [32mSUCCESS[0m -> [36mIDLE[0m
[robot_decision-1] [1746791014.480]: Subscribers               [33mRUNNING[0m -> [32mSUCCESS[0m
[robot_decision-1] [1746791014.480]: Subscribers               [32mSUCCESS[0m -> [36mIDLE[0m
[robot_decision-1] [1746791014.480]: Inverter                  [33mRUNNING[0m -> [31mFAILURE[0m
[robot_decision-1] [1746791014.480]: HealthCheck               [36mIDLE[0m -> [33mRUNNING[0m
[robot_decision-1] [1746791014.480]: CheckIfHealth             [36mIDLE[0m -> [31mFAILURE[0m
[robot_decision-1] [1746791014.480]: CheckIfHealth             [31mFAILURE[0m -> [36mIDLE[0m
[robot_decision-1] [1746791014.480]: HealthCheck               [33mRUNNING[0m -> [31mFAILURE[0m
[robot_decision-1] [1746791014.480]: Inverter                  [31mFAILURE[0m -> [36mIDLE[0m
[robot_decision-1] [1746791014.480]: HealthCheck               [31mFAILURE[0m -> [36mIDLE[0m
[robot_decision-1] [INFO] [1746791014.479576278] [robot_decision]: [EnemyOutpostSub] enemy outpost health value: 1500
[robot_decision-1] [1746791014.980]: Inverter                  [36mIDLE[0m -> [33mRUNNING[0m
[robot_decision-1] [1746791014.980]: Subscribers               [36mIDLE[0m -> [33mRUNNING[0m
[robot_decision-1] [INFO] [1746791014.982136444] [robot_decision]: [IfHealthSub] health value: 500
[robot_decision-1] [INFO] [1746791014.982304916] [robot_decision]: [OurOutpostSub] our outpost health value: 1500
[robot_decision-1] [INFO] [1746791014.982581515] [robot_decision]: [EnemyOutpostSub] enemy outpost health value: 1500
[robot_decision-1] [1746791014.982]: IfHealthSub               [36mIDLE[0m -> [32mSUCCESS[0m
[robot_decision-1] [1746791014.982]: OurOutpostSub             [36mIDLE[0m -> [32mSUCCESS[0m
[robot_decision-1] [1746791014.983]: EnemyOutpostSub           [36mIDLE[0m -> [32mSUCCESS[0m
[robot_decision-1] [1746791014.983]: IfHealthSub               [32mSUCCESS[0m -> [36mIDLE[0m
[robot_decision-1] [1746791014.983]: OurOutpostSub             [32mSUCCESS[0m -> [36mIDLE[0m
[robot_decision-1] [1746791014.983]: EnemyOutpostSub           [32mSUCCESS[0m -> [36mIDLE[0m
[robot_decision-1] [1746791014.983]: Subscribers               [33mRUNNING[0m -> [32mSUCCESS[0m
[robot_decision-1] [1746791014.983]: Subscribers               [32mSUCCESS[0m -> [36mIDLE[0m
[robot_decision-1] [1746791014.983]: Inverter                  [33mRUNNING[0m -> [31mFAILURE[0m
[robot_decision-1] [1746791014.983]: HealthCheck               [36mIDLE[0m -> [33mRUNNING[0m
[robot_decision-1] [1746791014.983]: CheckIfHealth             [36mIDLE[0m -> [31mFAILURE[0m
[robot_decision-1] [1746791014.983]: CheckIfHealth             [31mFAILURE[0m -> [36mIDLE[0m
[robot_decision-1] [1746791014.983]: HealthCheck               [33mRUNNING[0m -> [31mFAILURE[0m
[robot_decision-1] [1746791014.983]: Inverter                  [31mFAILURE[0m -> [36mIDLE[0m
[robot_decision-1] [1746791014.983]: HealthCheck               [31mFAILURE[0m -> [36mIDLE[0m
[robot_decision-1] [1746791015.483]: Inverter                  [36mIDLE[0m -> [33mRUNNING[0m
[robot_decision-1] [1746791015.483]: Subscribers               [36mIDLE[0m -> [33mRUNNING[0m
[robot_decision-1] [INFO] [1746791015.483729972] [robot_decision]: [IfHealthSub] health value: 500
[robot_decision-1] [INFO] [1746791015.484105831] [robot_decision]: [OurOutpostSub] our outpost health value: 1500
[robot_decision-1] [INFO] [1746791015.484266989] [robot_decision]: [EnemyOutpostSub] enemy outpost health value: 1500
[robot_decision-1] [INFO] [1746791015.484703062] [robot_decision]: Navigation Success!
[robot_decision-1] [INFO] [1746791015.484994218] [robot_decision]: [IfHealthSub] health value: 500
[robot_decision-1] [INFO] [1746791015.485111652] [robot_decision]: [OurOutpostSub] our outpost health value: 1500
[robot_decision-1] [INFO] [1746791015.485187107] [robot_decision]: [EnemyOutpostSub] enemy outpost health value: 1500
[robot_decision-1] [1746791015.484]: IfHealthSub               [36mIDLE[0m -> [32mSUCCESS[0m
[robot_decision-1] [1746791015.484]: OurOutpostSub             [36mIDLE[0m -> [32mSUCCESS[0m
[robot_decision-1] [1746791015.484]: EnemyOutpostSub           [36mIDLE[0m -> [32mSUCCESS[0m
[robot_decision-1] [1746791015.484]: IfHealthSub               [32mSUCCESS[0m -> [36mIDLE[0m
[robot_decision-1] [1746791015.484]: OurOutpostSub             [32mSUCCESS[0m -> [36mIDLE[0m
[robot_decision-1] [1746791015.484]: EnemyOutpostSub           [32mSUCCESS[0m -> [36mIDLE[0m
[robot_decision-1] [1746791015.484]: Subscribers               [33mRUNNING[0m -> [32mSUCCESS[0m
[robot_decision-1] [1746791015.484]: Subscribers               [32mSUCCESS[0m -> [36mIDLE[0m
[robot_decision-1] [1746791015.484]: Inverter                  [33mRUNNING[0m -> [31mFAILURE[0m
[robot_decision-1] [1746791015.484]: HealthCheck               [36mIDLE[0m -> [33mRUNNING[0m
[robot_decision-1] [1746791015.484]: CheckIfHealth             [36mIDLE[0m -> [31mFAILURE[0m
[robot_decision-1] [1746791015.484]: CheckIfHealth             [31mFAILURE[0m -> [36mIDLE[0m
[robot_decision-1] [1746791015.484]: HealthCheck               [33mRUNNING[0m -> [31mFAILURE[0m
[robot_decision-1] onResultReceived: 4
[robot_decision-1] [1746791015.485]: NavigateToPose            [33mRUNNING[0m -> [32mSUCCESS[0m
[robot_decision-1] [1746791015.485]: WaitNode                  [32mSUCCESS[0m -> [36mIDLE[0m
[robot_decision-1] [1746791015.485]: NavigateToPose            [32mSUCCESS[0m -> [36mIDLE[0m
[robot_decision-1] [1746791015.485]: Sequence                  [33mRUNNING[0m -> [32mSUCCESS[0m
[robot_decision-1] [1746791015.485]: Sequence                  [32mSUCCESS[0m -> [36mIDLE[0m
[robot_decision-1] [1746791015.485]: RetryUntilSuccessful      [33mRUNNING[0m -> [32mSUCCESS[0m
[robot_decision-1] [1746791015.485]: CheckIfHealth             [32mSUCCESS[0m -> [36mIDLE[0m
[robot_decision-1] [1746791015.485]: RetryUntilSuccessful      [32mSUCCESS[0m -> [36mIDLE[0m
[robot_decision-1] [1746791015.485]: BothOutpostAlive          [33mRUNNING[0m -> [32mSUCCESS[0m
[robot_decision-1] [1746791015.485]: OurOutpostDead            [31mFAILURE[0m -> [36mIDLE[0m
[robot_decision-1] [1746791015.485]: EnemyOutpostDead          [31mFAILURE[0m -> [36mIDLE[0m
[robot_decision-1] [1746791015.485]: BothOutpostAlive          [32mSUCCESS[0m -> [36mIDLE[0m
[robot_decision-1] [1746791015.485]: BaseStatusLogic           [33mRUNNING[0m -> [32mSUCCESS[0m
[robot_decision-1] [1746791015.485]: Inverter                  [31mFAILURE[0m -> [36mIDLE[0m
[robot_decision-1] [1746791015.485]: HealthCheck               [31mFAILURE[0m -> [36mIDLE[0m
[robot_decision-1] [1746791015.485]: BaseStatusLogic           [32mSUCCESS[0m -> [36mIDLE[0m
[robot_decision-1] [1746791015.485]: ActionSequence            [33mRUNNING[0m -> [32mSUCCESS[0m
[robot_decision-1] [1746791015.485]: ActionSequence            [32mSUCCESS[0m -> [36mIDLE[0m
[robot_decision-1] [1746791015.485]: ActionSequence            [36mIDLE[0m -> [33mRUNNING[0m
[robot_decision-1] [1746791015.485]: Inverter                  [36mIDLE[0m -> [33mRUNNING[0m
[robot_decision-1] [1746791015.485]: Subscribers               [36mIDLE[0m -> [33mRUNNING[0m
[robot_decision-1] [1746791015.485]: IfHealthSub               [36mIDLE[0m -> [32mSUCCESS[0m
[robot_decision-1] [1746791015.485]: OurOutpostSub             [36mIDLE[0m -> [32mSUCCESS[0m
[robot_decision-1] [1746791015.485]: EnemyOutpostSub           [36mIDLE[0m -> [32mSUCCESS[0m
[robot_decision-1] [1746791015.485]: IfHealthSub               [32mSUCCESS[0m -> [36mIDLE[0m
[robot_decision-1] [1746791015.485]: OurOutpostSub             [32mSUCCESS[0m -> [36mIDLE[0m
[robot_decision-1] [1746791015.485]: EnemyOutpostSub           [32mSUCCESS[0m -> [36mIDLE[0m
[robot_decision-1] [1746791015.485]: Subscribers               [33mRUNNING[0m -> [32mSUCCESS[0m
[robot_decision-1] [1746791015.485]: Subscribers               [32mSUCCESS[0m -> [36mIDLE[0m
[robot_decision-1] [1746791015.485]: Inverter                  [33mRUNNING[0m -> [31mFAILURE[0m
[robot_decision-1] [1746791015.485]: HealthCheck               [36mIDLE[0m -> [33mRUNNING[0m
[robot_decision-1] [1746791015.485]: CheckIfHealth             [36mIDLE[0m -> [31mFAILURE[0m
[robot_decision-1] [1746791015.485]: CheckIfHealth             [31mFAILURE[0m -> [36mIDLE[0m
[robot_decision-1] [1746791015.485]: HealthCheck               [33mRUNNING[0m -> [31mFAILURE[0m
[robot_decision-1] [1746791015.485]: BaseStatusLogic           [36mIDLE[0m -> [33mRUNNING[0m
[robot_decision-1] [1746791015.485]: OurOutpostDead            [36mIDLE[0m -> [33mRUNNING[0m
[robot_decision-1] [1746791015.485]: CheckIfHealth             [36mIDLE[0m -> [32mSUCCESS[0m
[robot_decision-1] [1746791015.485]: IsOurOutpostDead          [36mIDLE[0m -> [31mFAILURE[0m
[robot_decision-1] [1746791015.485]: CheckIfHealth             [32mSUCCESS[0m -> [36mIDLE[0m
[robot_decision-1] [1746791015.485]: IsOurOutpostDead          [31mFAILURE[0m -> [36mIDLE[0m
[robot_decision-1] [1746791015.485]: OurOutpostDead            [33mRUNNING[0m -> [31mFAILURE[0m
[robot_decision-1] [1746791015.485]: EnemyOutpostDead          [36mIDLE[0m -> [33mRUNNING[0m
[robot_decision-1] [1746791015.485]: CheckIfHealth             [36mIDLE[0m -> [32mSUCCESS[0m
[robot_decision-1] [INFO] [1746791015.485315852] [IfHealth]: [CheckIfHealth] amount of blood: 500
[robot_decision-1] [INFO] [1746791015.485350068] [CheckOutposet]: [IsOurOutpostDead] Our outpost health: 1500 (alive)
[robot_decision-1] [INFO] [1746791015.485404201] [IfHealth]: [CheckIfHealth] amount of blood: 500
[robot_decision-1] [INFO] [1746791015.485433066] [CheckEnemyposet]: [IsEnemyOutpostDead] Enemy outpost health: 1500 (alive)
[robot_decision-1] [INFO] [1746791015.485561692] [IfHealth]: [CheckIfHealth] amount of blood: 500
[robot_decision-1] [1746791015.486]: IsEnemyOutpostDead        [36mIDLE[0m -> [31mFAILURE[0m
[robot_decision-1] [1746791015.486]: CheckIfHealth             [32mSUCCESS[0m -> [36mIDLE[0m
[robot_decision-1] [1746791015.486]: IsEnemyOutpostDead        [31mFAILURE[0m -> [36mIDLE[0m
[robot_decision-1] [1746791015.486]: EnemyOutpostDead          [33mRUNNING[0m -> [31mFAILURE[0m
[robot_decision-1] [1746791015.486]: BothOutpostAlive          [36mIDLE[0m -> [33mRUNNING[0m
[robot_decision-1] [1746791015.486]: CheckIfHealth             [36mIDLE[0m -> [32mSUCCESS[0m
[robot_decision-1] [1746791015.486]: RetryUntilSuccessful      [36mIDLE[0m -> [33mRUNNING[0m
[robot_decision-1] [1746791015.486]: Sequence                  [36mIDLE[0m -> [33mRUNNING[0m
[robot_decision-1] [1746791015.486]: WaitNode                  [36mIDLE[0m -> [33mRUNNING[0m
[robot_decision-1] [1746791015.486]: Inverter                  [31mFAILURE[0m -> [36mIDLE[0m
[robot_decision-1] [1746791015.486]: HealthCheck               [31mFAILURE[0m -> [36mIDLE[0m
[robot_decision-1] [1746791015.986]: Inverter                  [36mIDLE[0m -> [33mRUNNING[0m
[robot_decision-1] [1746791015.986]: Subscribers               [36mIDLE[0m -> [33mRUNNING[0m
[robot_decision-1] [1746791015.986]: IfHealthSub               [36mIDLE[0m -> [32mSUCCESS[0m
[robot_decision-1] [1746791015.986]: OurOutpostSub             [36mIDLE[0m -> [32mSUCCESS[0m
[robot_decision-1] [1746791015.986]: EnemyOutpostSub           [36mIDLE[0m -> [32mSUCCESS[0m
[robot_decision-1] [1746791015.986]: IfHealthSub               [32mSUCCESS[0m -> [36mIDLE[0m
[robot_decision-1] [1746791015.986]: OurOutpostSub             [32mSUCCESS[0m -> [36mIDLE[0m
[robot_decision-1] [1746791015.986]: EnemyOutpostSub           [32mSUCCESS[0m -> [36mIDLE[0m
[robot_decision-1] [1746791015.986]: Subscribers               [33mRUNNING[0m -> [32mSUCCESS[0m
[robot_decision-1] [1746791015.986]: Subscribers               [32mSUCCESS[0m -> [36mIDLE[0m
[robot_decision-1] [1746791015.986]: Inverter                  [33mRUNNING[0m -> [31mFAILURE[0m
[robot_decision-1] [1746791015.986]: HealthCheck               [36mIDLE[0m -> [33mRUNNING[0m
[robot_decision-1] [1746791015.986]: CheckIfHealth             [36mIDLE[0m -> [31mFAILURE[0m
[robot_decision-1] [1746791015.986]: CheckIfHealth             [31mFAILURE[0m -> [36mIDLE[0m
[robot_decision-1] [1746791015.986]: HealthCheck               [33mRUNNING[0m -> [31mFAILURE[0m
[robot_decision-1] [1746791015.986]: WaitNode                  [33mRUNNING[0m -> [32mSUCCESS[0m
[robot_decision-1] [1746791015.986]: NavigateToPose            [36mIDLE[0m -> [33mRUNNING[0m
[robot_decision-1] Point key: 1 x:3 y:0.45
[robot_decision-1] [1746791015.987]: Inverter                  [31mFAILURE[0m -> [36mIDLE[0m
[robot_decision-1] [1746791015.987]: HealthCheck               [31mFAILURE[0m -> [36mIDLE[0m
[robot_decision-1] [INFO] [1746791015.985982819] [robot_decision]: [IfHealthSub] health value: 500
[robot_decision-1] [INFO] [1746791015.986146461] [robot_decision]: [OurOutpostSub] our outpost health value: 1500
[robot_decision-1] [INFO] [1746791015.986226705] [robot_decision]: [EnemyOutpostSub] enemy outpost health value: 1500
[robot_decision-1] [1746791016.487]: Inverter                  [36mIDLE[0m -> [33mRUNNING[0m
[robot_decision-1] [1746791016.487]: Subscribers               [36mIDLE[0m -> [33mRUNNING[0m
[robot_decision-1] [INFO] [1746791016.487420236] [robot_decision]: [IfHealthSub] health value: 500
[robot_decision-1] [1746791016.488]: IfHealthSub               [36mIDLE[0m -> [32mSUCCESS[0m
[robot_decision-1] [1746791016.488]: OurOutpostSub             [36mIDLE[0m -> [32mSUCCESS[0m
[robot_decision-1] [1746791016.488]: EnemyOutpostSub           [36mIDLE[0m -> [32mSUCCESS[0m
[robot_decision-1] [1746791016.488]: IfHealthSub               [32mSUCCESS[0m -> [36mIDLE[0m
[robot_decision-1] [1746791016.488]: OurOutpostSub             [32mSUCCESS[0m -> [36mIDLE[0m
[robot_decision-1] [1746791016.488]: EnemyOutpostSub           [32mSUCCESS[0m -> [36mIDLE[0m
[robot_decision-1] [1746791016.488]: Subscribers               [33mRUNNING[0m -> [32mSUCCESS[0m
[robot_decision-1] [1746791016.488]: Subscribers               [32mSUCCESS[0m -> [36mIDLE[0m
[robot_decision-1] [1746791016.488]: Inverter                  [33mRUNNING[0m -> [31mFAILURE[0m
[robot_decision-1] [1746791016.488]: HealthCheck               [36mIDLE[0m -> [33mRUNNING[0m
[robot_decision-1] [1746791016.488]: CheckIfHealth             [36mIDLE[0m -> [31mFAILURE[0m
[robot_decision-1] [1746791016.488]: CheckIfHealth             [31mFAILURE[0m -> [36mIDLE[0m
[robot_decision-1] [1746791016.488]: HealthCheck               [33mRUNNING[0m -> [31mFAILURE[0m
[robot_decision-1] [1746791016.488]: Inverter                  [31mFAILURE[0m -> [36mIDLE[0m
[robot_decision-1] [1746791016.488]: HealthCheck               [31mFAILURE[0m -> [36mIDLE[0m
[robot_decision-1] [INFO] [1746791016.487763642] [robot_decision]: [OurOutpostSub] our outpost health value: 1500
[robot_decision-1] [INFO] [1746791016.487952282] [robot_decision]: [EnemyOutpostSub] enemy outpost health value: 1500
[robot_decision-1] [1746791016.988]: Inverter                  [36mIDLE[0m -> [33mRUNNING[0m
[robot_decision-1] [1746791016.989]: Subscribers               [36mIDLE[0m -> [33mRUNNING[0m
[robot_decision-1] [INFO] [1746791016.988837243] [robot_decision]: [IfHealthSub] health value: 500
[robot_decision-1] [INFO] [1746791016.989021746] [robot_decision]: [OurOutpostSub] our outpost health value: 1500
[robot_decision-1] [INFO] [1746791016.989119442] [robot_decision]: [EnemyOutpostSub] enemy outpost health value: 1500
[robot_decision-1] [1746791016.989]: IfHealthSub               [36mIDLE[0m -> [32mSUCCESS[0m
[robot_decision-1] [1746791016.989]: OurOutpostSub             [36mIDLE[0m -> [32mSUCCESS[0m
[robot_decision-1] [1746791016.989]: EnemyOutpostSub           [36mIDLE[0m -> [32mSUCCESS[0m
[robot_decision-1] [1746791016.989]: IfHealthSub               [32mSUCCESS[0m -> [36mIDLE[0m
[robot_decision-1] [1746791016.989]: OurOutpostSub             [32mSUCCESS[0m -> [36mIDLE[0m
[robot_decision-1] [1746791016.989]: EnemyOutpostSub           [32mSUCCESS[0m -> [36mIDLE[0m
[robot_decision-1] [1746791016.989]: Subscribers               [33mRUNNING[0m -> [32mSUCCESS[0m
[robot_decision-1] [1746791016.989]: Subscribers               [32mSUCCESS[0m -> [36mIDLE[0m
[robot_decision-1] [1746791016.989]: Inverter                  [33mRUNNING[0m -> [31mFAILURE[0m
[robot_decision-1] [1746791016.989]: HealthCheck               [36mIDLE[0m -> [33mRUNNING[0m
[robot_decision-1] [1746791016.989]: CheckIfHealth             [36mIDLE[0m -> [31mFAILURE[0m
[robot_decision-1] [1746791016.989]: CheckIfHealth             [31mFAILURE[0m -> [36mIDLE[0m
[robot_decision-1] [1746791016.989]: HealthCheck               [33mRUNNING[0m -> [31mFAILURE[0m
[robot_decision-1] [1746791016.989]: Inverter                  [31mFAILURE[0m -> [36mIDLE[0m
[robot_decision-1] [1746791016.989]: HealthCheck               [31mFAILURE[0m -> [36mIDLE[0m
[robot_decision-1] [1746791017.490]: Inverter                  [36mIDLE[0m -> [33mRUNNING[0m
[robot_decision-1] [1746791017.490]: Subscribers               [36mIDLE[0m -> [33mRUNNING[0m
[robot_decision-1] [INFO] [1746791017.489778119] [robot_decision]: [IfHealthSub] health value: 500
[robot_decision-1] [INFO] [1746791017.489896415] [robot_decision]: [OurOutpostSub] our outpost health value: 1500
[robot_decision-1] [INFO] [1746791017.489955047] [robot_decision]: [EnemyOutpostSub] enemy outpost health value: 1500
[robot_decision-1] [1746791017.490]: IfHealthSub               [36mIDLE[0m -> [32mSUCCESS[0m
[robot_decision-1] [1746791017.490]: OurOutpostSub             [36mIDLE[0m -> [32mSUCCESS[0m
[robot_decision-1] [1746791017.490]: EnemyOutpostSub           [36mIDLE[0m -> [32mSUCCESS[0m
[robot_decision-1] [1746791017.490]: IfHealthSub               [32mSUCCESS[0m -> [36mIDLE[0m
[robot_decision-1] [1746791017.490]: OurOutpostSub             [32mSUCCESS[0m -> [36mIDLE[0m
[robot_decision-1] [1746791017.490]: EnemyOutpostSub           [32mSUCCESS[0m -> [36mIDLE[0m
[robot_decision-1] [1746791017.490]: Subscribers               [33mRUNNING[0m -> [32mSUCCESS[0m
[robot_decision-1] [1746791017.490]: Subscribers               [32mSUCCESS[0m -> [36mIDLE[0m
[robot_decision-1] [1746791017.490]: Inverter                  [33mRUNNING[0m -> [31mFAILURE[0m
[robot_decision-1] [1746791017.490]: HealthCheck               [36mIDLE[0m -> [33mRUNNING[0m
[robot_decision-1] [1746791017.490]: CheckIfHealth             [36mIDLE[0m -> [31mFAILURE[0m
[robot_decision-1] [1746791017.490]: CheckIfHealth             [31mFAILURE[0m -> [36mIDLE[0m
[robot_decision-1] [1746791017.490]: HealthCheck               [33mRUNNING[0m -> [31mFAILURE[0m
[robot_decision-1] [1746791017.490]: Inverter                  [31mFAILURE[0m -> [36mIDLE[0m
[robot_decision-1] [1746791017.490]: HealthCheck               [31mFAILURE[0m -> [36mIDLE[0m
[robot_decision-1] [1746791017.990]: Inverter                  [36mIDLE[0m -> [33mRUNNING[0m
[robot_decision-1] [1746791017.990]: Subscribers               [36mIDLE[0m -> [33mRUNNING[0m
[robot_decision-1] [INFO] [1746791017.991146461] [robot_decision]: [IfHealthSub] health value: 500
[robot_decision-1] [INFO] [1746791017.991414493] [robot_decision]: [OurOutpostSub] our outpost health value: 1500
[robot_decision-1] [1746791017.991]: IfHealthSub               [36mIDLE[0m -> [32mSUCCESS[0m
[robot_decision-1] [1746791017.991]: OurOutpostSub             [36mIDLE[0m -> [32mSUCCESS[0m
[robot_decision-1] [1746791017.992]: EnemyOutpostSub           [36mIDLE[0m -> [32mSUCCESS[0m
[robot_decision-1] [1746791017.992]: IfHealthSub               [32mSUCCESS[0m -> [36mIDLE[0m
[robot_decision-1] [1746791017.992]: OurOutpostSub             [32mSUCCESS[0m -> [36mIDLE[0m
[robot_decision-1] [1746791017.992]: EnemyOutpostSub           [32mSUCCESS[0m -> [36mIDLE[0m
[robot_decision-1] [1746791017.992]: Subscribers               [33mRUNNING[0m -> [32mSUCCESS[0m
[robot_decision-1] [1746791017.992]: Subscribers               [32mSUCCESS[0m -> [36mIDLE[0m
[robot_decision-1] [1746791017.992]: Inverter                  [33mRUNNING[0m -> [31mFAILURE[0m
[robot_decision-1] [1746791017.992]: HealthCheck               [36mIDLE[0m -> [33mRUNNING[0m
[robot_decision-1] [1746791017.992]: CheckIfHealth             [36mIDLE[0m -> [31mFAILURE[0m
[robot_decision-1] [1746791017.992]: CheckIfHealth             [31mFAILURE[0m -> [36mIDLE[0m
[robot_decision-1] [1746791017.992]: HealthCheck               [33mRUNNING[0m -> [31mFAILURE[0m
[robot_decision-1] [1746791017.992]: Inverter                  [31mFAILURE[0m -> [36mIDLE[0m
[robot_decision-1] [1746791017.992]: HealthCheck               [31mFAILURE[0m -> [36mIDLE[0m
[robot_decision-1] [INFO] [1746791017.991528882] [robot_decision]: [EnemyOutpostSub] enemy outpost health value: 1500
[robot_decision-1] [1746791018.492]: Inverter                  [36mIDLE[0m -> [33mRUNNING[0m
[robot_decision-1] [1746791018.493]: Subscribers               [36mIDLE[0m -> [33mRUNNING[0m
[robot_decision-1] [INFO] [1746791018.493204750] [robot_decision]: [IfHealthSub] health value: 500
[robot_decision-1] [INFO] [1746791018.493527646] [robot_decision]: [OurOutpostSub] our outpost health value: 1500
[robot_decision-1] [INFO] [1746791018.493666141] [robot_decision]: [EnemyOutpostSub] enemy outpost health value: 1500
[robot_decision-1] [INFO] [1746791018.494031850] [robot_decision]: Navigation Success!
[robot_decision-1] [ERROR] [1746791018.494297658] [robot_decision]: [IfHealthSub] invalid message
[robot_decision-1] [1746791018.493]: IfHealthSub               [36mIDLE[0m -> [32mSUCCESS[0m
[robot_decision-1] [1746791018.494]: OurOutpostSub             [36mIDLE[0m -> [32mSUCCESS[0m
[robot_decision-1] [1746791018.494]: EnemyOutpostSub           [36mIDLE[0m -> [32mSUCCESS[0m
[robot_decision-1] [1746791018.494]: IfHealthSub               [32mSUCCESS[0m -> [36mIDLE[0m
[robot_decision-1] [1746791018.494]: OurOutpostSub             [32mSUCCESS[0m -> [36mIDLE[0m
[robot_decision-1] [1746791018.494]: EnemyOutpostSub           [32mSUCCESS[0m -> [36mIDLE[0m
[robot_decision-1] [1746791018.494]: Subscribers               [33mRUNNING[0m -> [32mSUCCESS[0m
[robot_decision-1] [1746791018.494]: Subscribers               [32mSUCCESS[0m -> [36mIDLE[0m
[robot_decision-1] [1746791018.494]: Inverter                  [33mRUNNING[0m -> [31mFAILURE[0m
[robot_decision-1] [1746791018.494]: HealthCheck               [36mIDLE[0m -> [33mRUNNING[0m
[robot_decision-1] [1746791018.494]: CheckIfHealth             [36mIDLE[0m -> [31mFAILURE[0m
[robot_decision-1] [1746791018.494]: CheckIfHealth             [31mFAILURE[0m -> [36mIDLE[0m
[robot_decision-1] [1746791018.494]: HealthCheck               [33mRUNNING[0m -> [31mFAILURE[0m
[robot_decision-1] onResultReceived: 4
[robot_decision-1] [1746791018.494]: NavigateToPose            [33mRUNNING[0m -> [32mSUCCESS[0m
[robot_decision-1] [1746791018.494]: WaitNode                  [32mSUCCESS[0m -> [36mIDLE[0m
[robot_decision-1] [1746791018.494]: NavigateToPose            [32mSUCCESS[0m -> [36mIDLE[0m
[robot_decision-1] [1746791018.494]: Sequence                  [33mRUNNING[0m -> [32mSUCCESS[0m
[robot_decision-1] [1746791018.494]: Sequence                  [32mSUCCESS[0m -> [36mIDLE[0m
[robot_decision-1] [1746791018.494]: RetryUntilSuccessful      [33mRUNNING[0m -> [32mSUCCESS[0m
[robot_decision-1] [1746791018.494]: CheckIfHealth             [32mSUCCESS[0m -> [36mIDLE[0m
[robot_decision-1] [1746791018.494]: RetryUntilSuccessful      [32mSUCCESS[0m -> [36mIDLE[0m
[robot_decision-1] [1746791018.494]: BothOutpostAlive          [33mRUNNING[0m -> [32mSUCCESS[0m
[robot_decision-1] [1746791018.494]: OurOutpostDead            [31mFAILURE[0m -> [36mIDLE[0m
[robot_decision-1] [1746791018.494]: EnemyOutpostDead          [31mFAILURE[0m -> [36mIDLE[0m
[robot_decision-1] [1746791018.494]: BothOutpostAlive          [32mSUCCESS[0m -> [36mIDLE[0m
[robot_decision-1] [1746791018.494]: BaseStatusLogic           [33mRUNNING[0m -> [32mSUCCESS[0m
[robot_decision-1] [1746791018.494]: Inverter                  [31mFAILURE[0m -> [36mIDLE[0m
[robot_decision-1] [1746791018.494]: HealthCheck               [31mFAILURE[0m -> [36mIDLE[0m
[robot_decision-1] [1746791018.494]: BaseStatusLogic           [32mSUCCESS[0m -> [36mIDLE[0m
[robot_decision-1] [1746791018.494]: ActionSequence            [33mRUNNING[0m -> [32mSUCCESS[0m
[robot_decision-1] [1746791018.494]: ActionSequence            [32mSUCCESS[0m -> [36mIDLE[0m
[robot_decision-1] [1746791018.494]: ActionSequence            [36mIDLE[0m -> [33mRUNNING[0m
[robot_decision-1] [1746791018.494]: Inverter                  [36mIDLE[0m -> [33mRUNNING[0m
[robot_decision-1] [1746791018.494]: Subscribers               [36mIDLE[0m -> [33mRUNNING[0m
[robot_decision-1] [1746791018.494]: IfHealthSub               [36mIDLE[0m -> [31mFAILURE[0m
[robot_decision-1] [1746791018.494]: IfHealthSub               [31mFAILURE[0m -> [36mIDLE[0m
[robot_decision-1] [1746791018.494]: Subscribers               [33mRUNNING[0m -> [31mFAILURE[0m
[robot_decision-1] [1746791018.494]: Subscribers               [31mFAILURE[0m -> [36mIDLE[0m
[robot_decision-1] [1746791018.494]: Inverter                  [33mRUNNING[0m -> [32mSUCCESS[0m
[robot_decision-1] [1746791018.494]: Inverter                  [32mSUCCESS[0m -> [36mIDLE[0m
[robot_decision-1] [1746791018.494]: ActionSequence            [33mRUNNING[0m -> [32mSUCCESS[0m
[robot_decision-1] [1746791018.494]: ActionSequence            [32mSUCCESS[0m -> [36mIDLE[0m
[robot_decision-1] [1746791018.995]: ActionSequence            [36mIDLE[0m -> [33mRUNNING[0m
[robot_decision-1] [1746791018.995]: Inverter                  [36mIDLE[0m -> [33mRUNNING[0m
[robot_decision-1] [1746791018.995]: Subscribers               [36mIDLE[0m -> [33mRUNNING[0m
[robot_decision-1] [INFO] [1746791018.994876980] [robot_decision]: [IfHealthSub] health value: 500
[robot_decision-1] [INFO] [1746791018.994971881] [robot_decision]: [OurOutpostSub] our outpost health value: 1500
[robot_decision-1] [1746791018.995]: IfHealthSub               [36mIDLE[0m -> [32mSUCCESS[0m
[robot_decision-1] [1746791018.995]: OurOutpostSub             [36mIDLE[0m -> [32mSUCCESS[0m
[robot_decision-1] [1746791018.995]: EnemyOutpostSub           [36mIDLE[0m -> [32mSUCCESS[0m
[robot_decision-1] [1746791018.995]: IfHealthSub               [32mSUCCESS[0m -> [36mIDLE[0m
[robot_decision-1] [1746791018.995]: OurOutpostSub             [32mSUCCESS[0m -> [36mIDLE[0m
[robot_decision-1] [1746791018.995]: EnemyOutpostSub           [32mSUCCESS[0m -> [36mIDLE[0m
[robot_decision-1] [1746791018.995]: Subscribers               [33mRUNNING[0m -> [32mSUCCESS[0m
[robot_decision-1] [1746791018.995]: Subscribers               [32mSUCCESS[0m -> [36mIDLE[0m
[robot_decision-1] [1746791018.995]: Inverter                  [33mRUNNING[0m -> [31mFAILURE[0m
[robot_decision-1] [1746791018.995]: HealthCheck               [36mIDLE[0m -> [33mRUNNING[0m
[robot_decision-1] [1746791018.995]: CheckIfHealth             [36mIDLE[0m -> [31mFAILURE[0m
[robot_decision-1] [1746791018.995]: CheckIfHealth             [31mFAILURE[0m -> [36mIDLE[0m
[robot_decision-1] [1746791018.995]: HealthCheck               [33mRUNNING[0m -> [31mFAILURE[0m
[robot_decision-1] [1746791018.995]: BaseStatusLogic           [36mIDLE[0m -> [33mRUNNING[0m
[robot_decision-1] [1746791018.995]: OurOutpostDead            [36mIDLE[0m -> [33mRUNNING[0m
[robot_decision-1] [1746791018.995]: CheckIfHealth             [36mIDLE[0m -> [32mSUCCESS[0m
[robot_decision-1] [1746791018.995]: IsOurOutpostDead          [36mIDLE[0m -> [31mFAILURE[0m
[robot_decision-1] [1746791018.995]: CheckIfHealth             [32mSUCCESS[0m -> [36mIDLE[0m
[robot_decision-1] [1746791018.995]: IsOurOutpostDead          [31mFAILURE[0m -> [36mIDLE[0m
[robot_decision-1] [1746791018.995]: OurOutpostDead            [33mRUNNING[0m -> [31mFAILURE[0m
[robot_decision-1] [1746791018.995]: EnemyOutpostDead          [36mIDLE[0m -> [33mRUNNING[0m
[robot_decision-1] [1746791018.995]: CheckIfHealth             [36mIDLE[0m -> [32mSUCCESS[0m
[robot_decision-1] [1746791018.995]: IsEnemyOutpostDead        [36mIDLE[0m -> [31mFAILURE[0m
[robot_decision-1] [1746791018.995]: CheckIfHealth             [32mSUCCESS[0m -> [36mIDLE[0m
[robot_decision-1] [1746791018.995]: IsEnemyOutpostDead        [31mFAILURE[0m -> [36mIDLE[0m
[robot_decision-1] [1746791018.995]: EnemyOutpostDead          [33mRUNNING[0m -> [31mFAILURE[0m
[robot_decision-1] [1746791018.995]: BothOutpostAlive          [36mIDLE[0m -> [33mRUNNING[0m
[robot_decision-1] [1746791018.995]: CheckIfHealth             [36mIDLE[0m -> [32mSUCCESS[0m
[robot_decision-1] [1746791018.995]: RetryUntilSuccessful      [36mIDLE[0m -> [33mRUNNING[0m
[robot_decision-1] [1746791018.995]: Sequence                  [36mIDLE[0m -> [33mRUNNING[0m
[robot_decision-1] [1746791018.995]: WaitNode                  [36mIDLE[0m -> [33mRUNNING[0m
[robot_decision-1] [1746791018.995]: Inverter                  [31mFAILURE[0m -> [36mIDLE[0m
[robot_decision-1] [1746791018.995]: HealthCheck               [31mFAILURE[0m -> [36mIDLE[0m
[robot_decision-1] [INFO] [1746791018.995014683] [robot_decision]: [EnemyOutpostSub] enemy outpost health value: 1500
[robot_decision-1] [INFO] [1746791018.995114063] [IfHealth]: [CheckIfHealth] amount of blood: 500
[robot_decision-1] [INFO] [1746791018.995136335] [CheckOutposet]: [IsOurOutpostDead] Our outpost health: 1500 (alive)
[robot_decision-1] [INFO] [1746791018.995175701] [IfHealth]: [CheckIfHealth] amount of blood: 500
[robot_decision-1] [INFO] [1746791018.995199095] [CheckEnemyposet]: [IsEnemyOutpostDead] Enemy outpost health: 1500 (alive)
[robot_decision-1] [INFO] [1746791018.995242608] [IfHealth]: [CheckIfHealth] amount of blood: 500
[robot_decision-1] [1746791019.498]: Inverter                  [36mIDLE[0m -> [33mRUNNING[0m
[robot_decision-1] [1746791019.498]: Subscribers               [36mIDLE[0m -> [33mRUNNING[0m
[robot_decision-1] [INFO] [1746791019.498704225] [robot_decision]: [IfHealthSub] health value: 500
[robot_decision-1] [INFO] [1746791019.498904468] [robot_decision]: [OurOutpostSub] our outpost health value: 1500
[robot_decision-1] [INFO] [1746791019.498985292] [robot_decision]: [EnemyOutpostSub] enemy outpost health value: 1500
[robot_decision-1] [1746791019.499]: IfHealthSub               [36mIDLE[0m -> [32mSUCCESS[0m
[robot_decision-1] [1746791019.499]: OurOutpostSub             [36mIDLE[0m -> [32mSUCCESS[0m
[robot_decision-1] [1746791019.499]: EnemyOutpostSub           [36mIDLE[0m -> [32mSUCCESS[0m
[robot_decision-1] [1746791019.499]: IfHealthSub               [32mSUCCESS[0m -> [36mIDLE[0m
[robot_decision-1] [1746791019.499]: OurOutpostSub             [32mSUCCESS[0m -> [36mIDLE[0m
[robot_decision-1] [1746791019.499]: EnemyOutpostSub           [32mSUCCESS[0m -> [36mIDLE[0m
[robot_decision-1] [1746791019.499]: Subscribers               [33mRUNNING[0m -> [32mSUCCESS[0m
[robot_decision-1] [1746791019.499]: Subscribers               [32mSUCCESS[0m -> [36mIDLE[0m
[robot_decision-1] [1746791019.499]: Inverter                  [33mRUNNING[0m -> [31mFAILURE[0m
[robot_decision-1] [1746791019.499]: HealthCheck               [36mIDLE[0m -> [33mRUNNING[0m
[robot_decision-1] [1746791019.499]: CheckIfHealth             [36mIDLE[0m -> [31mFAILURE[0m
[robot_decision-1] [1746791019.499]: CheckIfHealth             [31mFAILURE[0m -> [36mIDLE[0m
[robot_decision-1] [1746791019.499]: HealthCheck               [33mRUNNING[0m -> [31mFAILURE[0m
[robot_decision-1] [1746791019.499]: WaitNode                  [33mRUNNING[0m -> [32mSUCCESS[0m
[robot_decision-1] [1746791019.499]: NavigateToPose            [36mIDLE[0m -> [33mRUNNING[0m
[robot_decision-1] Point key: 1 x:3 y:0.45
[robot_decision-1] [1746791019.500]: Inverter                  [31mFAILURE[0m -> [36mIDLE[0m
[robot_decision-1] [1746791019.500]: HealthCheck               [31mFAILURE[0m -> [36mIDLE[0m
[robot_decision-1] [1746791020.001]: Inverter                  [36mIDLE[0m -> [33mRUNNING[0m
[robot_decision-1] [1746791020.001]: Subscribers               [36mIDLE[0m -> [33mRUNNING[0m
[robot_decision-1] [INFO] [1746791020.001056973] [robot_decision]: [IfHealthSub] health value: 500
[robot_decision-1] [INFO] [1746791020.001624397] [robot_decision]: [OurOutpostSub] our outpost health value: 1500
[robot_decision-1] [INFO] [1746791020.001750849] [robot_decision]: [EnemyOutpostSub] enemy outpost health value: 1500
[robot_decision-1] [1746791020.001]: IfHealthSub               [36mIDLE[0m -> [32mSUCCESS[0m
[robot_decision-1] [1746791020.002]: OurOutpostSub             [36mIDLE[0m -> [32mSUCCESS[0m
[robot_decision-1] [1746791020.002]: EnemyOutpostSub           [36mIDLE[0m -> [32mSUCCESS[0m
[robot_decision-1] [1746791020.002]: IfHealthSub               [32mSUCCESS[0m -> [36mIDLE[0m
[robot_decision-1] [1746791020.002]: OurOutpostSub             [32mSUCCESS[0m -> [36mIDLE[0m
[robot_decision-1] [1746791020.002]: EnemyOutpostSub           [32mSUCCESS[0m -> [36mIDLE[0m
[robot_decision-1] [1746791020.002]: Subscribers               [33mRUNNING[0m -> [32mSUCCESS[0m
[robot_decision-1] [1746791020.002]: Subscribers               [32mSUCCESS[0m -> [36mIDLE[0m
[robot_decision-1] [1746791020.002]: Inverter                  [33mRUNNING[0m -> [31mFAILURE[0m
[robot_decision-1] [1746791020.002]: HealthCheck               [36mIDLE[0m -> [33mRUNNING[0m
[robot_decision-1] [1746791020.002]: CheckIfHealth             [36mIDLE[0m -> [31mFAILURE[0m
[robot_decision-1] [1746791020.002]: CheckIfHealth             [31mFAILURE[0m -> [36mIDLE[0m
[robot_decision-1] [1746791020.002]: HealthCheck               [33mRUNNING[0m -> [31mFAILURE[0m
[robot_decision-1] [1746791020.002]: Inverter                  [31mFAILURE[0m -> [36mIDLE[0m
[robot_decision-1] [1746791020.002]: HealthCheck               [31mFAILURE[0m -> [36mIDLE[0m
[robot_decision-1] [1746791020.502]: Inverter                  [36mIDLE[0m -> [33mRUNNING[0m
[robot_decision-1] [1746791020.502]: Subscribers               [36mIDLE[0m -> [33mRUNNING[0m
[robot_decision-1] [INFO] [1746791020.502864227] [robot_decision]: [IfHealthSub] health value: 500
[robot_decision-1] [INFO] [1746791020.503165012] [robot_decision]: [OurOutpostSub] our outpost health value: 1500
[robot_decision-1] [INFO] [1746791020.503312624] [robot_decision]: [EnemyOutpostSub] enemy outpost health value: 1500
[robot_decision-1] [1746791020.503]: IfHealthSub               [36mIDLE[0m -> [32mSUCCESS[0m
[robot_decision-1] [1746791020.503]: OurOutpostSub             [36mIDLE[0m -> [32mSUCCESS[0m
[robot_decision-1] [1746791020.503]: EnemyOutpostSub           [36mIDLE[0m -> [32mSUCCESS[0m
[robot_decision-1] [1746791020.503]: IfHealthSub               [32mSUCCESS[0m -> [36mIDLE[0m
[robot_decision-1] [1746791020.503]: OurOutpostSub             [32mSUCCESS[0m -> [36mIDLE[0m
[robot_decision-1] [1746791020.503]: EnemyOutpostSub           [32mSUCCESS[0m -> [36mIDLE[0m
[robot_decision-1] [1746791020.503]: Subscribers               [33mRUNNING[0m -> [32mSUCCESS[0m
[robot_decision-1] [1746791020.503]: Subscribers               [32mSUCCESS[0m -> [36mIDLE[0m
[robot_decision-1] [1746791020.503]: Inverter                  [33mRUNNING[0m -> [31mFAILURE[0m
[robot_decision-1] [1746791020.503]: HealthCheck               [36mIDLE[0m -> [33mRUNNING[0m
[robot_decision-1] [1746791020.503]: CheckIfHealth             [36mIDLE[0m -> [31mFAILURE[0m
[robot_decision-1] [1746791020.503]: CheckIfHealth             [31mFAILURE[0m -> [36mIDLE[0m
[robot_decision-1] [1746791020.503]: HealthCheck               [33mRUNNING[0m -> [31mFAILURE[0m
[robot_decision-1] [1746791020.504]: Inverter                  [31mFAILURE[0m -> [36mIDLE[0m
[robot_decision-1] [1746791020.504]: HealthCheck               [31mFAILURE[0m -> [36mIDLE[0m
[robot_decision-1] [1746791021.004]: Inverter                  [36mIDLE[0m -> [33mRUNNING[0m
[robot_decision-1] [1746791021.004]: Subscribers               [36mIDLE[0m -> [33mRUNNING[0m
[robot_decision-1] [INFO] [1746791021.004420992] [robot_decision]: [IfHealthSub] health value: 500
[robot_decision-1] [INFO] [1746791021.004687852] [robot_decision]: [OurOutpostSub] our outpost health value: 1500
[robot_decision-1] [INFO] [1746791021.004802331] [robot_decision]: [EnemyOutpostSub] enemy outpost health value: 1500
[robot_decision-1] [1746791021.005]: IfHealthSub               [36mIDLE[0m -> [32mSUCCESS[0m
[robot_decision-1] [1746791021.005]: OurOutpostSub             [36mIDLE[0m -> [32mSUCCESS[0m
[robot_decision-1] [1746791021.005]: EnemyOutpostSub           [36mIDLE[0m -> [32mSUCCESS[0m
[robot_decision-1] [1746791021.005]: IfHealthSub               [32mSUCCESS[0m -> [36mIDLE[0m
[robot_decision-1] [1746791021.005]: OurOutpostSub             [32mSUCCESS[0m -> [36mIDLE[0m
[robot_decision-1] [1746791021.005]: EnemyOutpostSub           [32mSUCCESS[0m -> [36mIDLE[0m
[robot_decision-1] [1746791021.005]: Subscribers               [33mRUNNING[0m -> [32mSUCCESS[0m
[robot_decision-1] [1746791021.005]: Subscribers               [32mSUCCESS[0m -> [36mIDLE[0m
[robot_decision-1] [1746791021.005]: Inverter                  [33mRUNNING[0m -> [31mFAILURE[0m
[robot_decision-1] [1746791021.005]: HealthCheck               [36mIDLE[0m -> [33mRUNNING[0m
[robot_decision-1] [1746791021.005]: CheckIfHealth             [36mIDLE[0m -> [31mFAILURE[0m
[robot_decision-1] [1746791021.005]: CheckIfHealth             [31mFAILURE[0m -> [36mIDLE[0m
[robot_decision-1] [1746791021.005]: HealthCheck               [33mRUNNING[0m -> [31mFAILURE[0m
[robot_decision-1] [1746791021.005]: Inverter                  [31mFAILURE[0m -> [36mIDLE[0m
[robot_decision-1] [1746791021.005]: HealthCheck               [31mFAILURE[0m -> [36mIDLE[0m
[robot_decision-1] [1746791021.505]: Inverter                  [36mIDLE[0m -> [33mRUNNING[0m
[robot_decision-1] [1746791021.505]: Subscribers               [36mIDLE[0m -> [33mRUNNING[0m
[robot_decision-1] [INFO] [1746791021.505528778] [robot_decision]: [IfHealthSub] health value: 500
[robot_decision-1] [INFO] [1746791021.505738869] [robot_decision]: [OurOutpostSub] our outpost health value: 1500
[robot_decision-1] [INFO] [1746791021.505828400] [robot_decision]: [EnemyOutpostSub] enemy outpost health value: 1500
[robot_decision-1] [1746791021.506]: IfHealthSub               [36mIDLE[0m -> [32mSUCCESS[0m
[robot_decision-1] [1746791021.506]: OurOutpostSub             [36mIDLE[0m -> [32mSUCCESS[0m
[robot_decision-1] [1746791021.506]: EnemyOutpostSub           [36mIDLE[0m -> [32mSUCCESS[0m
[robot_decision-1] [1746791021.506]: IfHealthSub               [32mSUCCESS[0m -> [36mIDLE[0m
[robot_decision-1] [1746791021.506]: OurOutpostSub             [32mSUCCESS[0m -> [36mIDLE[0m
[robot_decision-1] [1746791021.506]: EnemyOutpostSub           [32mSUCCESS[0m -> [36mIDLE[0m
[robot_decision-1] [1746791021.506]: Subscribers               [33mRUNNING[0m -> [32mSUCCESS[0m
[robot_decision-1] [1746791021.506]: Subscribers               [32mSUCCESS[0m -> [36mIDLE[0m
[robot_decision-1] [1746791021.506]: Inverter                  [33mRUNNING[0m -> [31mFAILURE[0m
[robot_decision-1] [1746791021.506]: HealthCheck               [36mIDLE[0m -> [33mRUNNING[0m
[robot_decision-1] [1746791021.506]: CheckIfHealth             [36mIDLE[0m -> [31mFAILURE[0m
[robot_decision-1] [1746791021.506]: CheckIfHealth             [31mFAILURE[0m -> [36mIDLE[0m
[robot_decision-1] [1746791021.506]: HealthCheck               [33mRUNNING[0m -> [31mFAILURE[0m
[robot_decision-1] [1746791021.506]: Inverter                  [31mFAILURE[0m -> [36mIDLE[0m
[robot_decision-1] [1746791021.506]: HealthCheck               [31mFAILURE[0m -> [36mIDLE[0m
[robot_decision-1] [1746791022.007]: Inverter                  [36mIDLE[0m -> [33mRUNNING[0m
[robot_decision-1] [1746791022.007]: Subscribers               [36mIDLE[0m -> [33mRUNNING[0m
[robot_decision-1] [INFO] [1746791022.007133933] [robot_decision]: [IfHealthSub] health value: 500
[robot_decision-1] [INFO] [1746791022.007580647] [robot_decision]: [OurOutpostSub] our outpost health value: 1500
[robot_decision-1] [INFO] [1746791022.007705966] [robot_decision]: [EnemyOutpostSub] enemy outpost health value: 1500
[robot_decision-1] [INFO] [1746791022.008238774] [robot_decision]: Navigation Success!
[robot_decision-1] [ERROR] [1746791022.008472400] [robot_decision]: [IfHealthSub] invalid message
[robot_decision-1] [1746791022.007]: IfHealthSub               [36mIDLE[0m -> [32mSUCCESS[0m
[robot_decision-1] [1746791022.008]: OurOutpostSub             [36mIDLE[0m -> [32mSUCCESS[0m
[robot_decision-1] [1746791022.008]: EnemyOutpostSub           [36mIDLE[0m -> [32mSUCCESS[0m
[robot_decision-1] [1746791022.008]: IfHealthSub               [32mSUCCESS[0m -> [36mIDLE[0m
[robot_decision-1] [1746791022.008]: OurOutpostSub             [32mSUCCESS[0m -> [36mIDLE[0m
[robot_decision-1] [1746791022.008]: EnemyOutpostSub           [32mSUCCESS[0m -> [36mIDLE[0m
[robot_decision-1] [1746791022.008]: Subscribers               [33mRUNNING[0m -> [32mSUCCESS[0m
[robot_decision-1] [1746791022.008]: Subscribers               [32mSUCCESS[0m -> [36mIDLE[0m
[robot_decision-1] [1746791022.008]: Inverter                  [33mRUNNING[0m -> [31mFAILURE[0m
[robot_decision-1] [1746791022.008]: HealthCheck               [36mIDLE[0m -> [33mRUNNING[0m
[robot_decision-1] [1746791022.008]: CheckIfHealth             [36mIDLE[0m -> [31mFAILURE[0m
[robot_decision-1] [1746791022.008]: CheckIfHealth             [31mFAILURE[0m -> [36mIDLE[0m
[robot_decision-1] [1746791022.008]: HealthCheck               [33mRUNNING[0m -> [31mFAILURE[0m
[robot_decision-1] onResultReceived: 4
[robot_decision-1] [1746791022.008]: NavigateToPose            [33mRUNNING[0m -> [32mSUCCESS[0m
[robot_decision-1] [1746791022.008]: WaitNode                  [32mSUCCESS[0m -> [36mIDLE[0m
[robot_decision-1] [1746791022.008]: NavigateToPose            [32mSUCCESS[0m -> [36mIDLE[0m
[robot_decision-1] [1746791022.008]: Sequence                  [33mRUNNING[0m -> [32mSUCCESS[0m
[robot_decision-1] [1746791022.008]: Sequence                  [32mSUCCESS[0m -> [36mIDLE[0m
[robot_decision-1] [1746791022.008]: RetryUntilSuccessful      [33mRUNNING[0m -> [32mSUCCESS[0m
[robot_decision-1] [1746791022.008]: CheckIfHealth             [32mSUCCESS[0m -> [36mIDLE[0m
[robot_decision-1] [1746791022.008]: RetryUntilSuccessful      [32mSUCCESS[0m -> [36mIDLE[0m
[robot_decision-1] [1746791022.008]: BothOutpostAlive          [33mRUNNING[0m -> [32mSUCCESS[0m
[robot_decision-1] [1746791022.008]: OurOutpostDead            [31mFAILURE[0m -> [36mIDLE[0m
[robot_decision-1] [1746791022.008]: EnemyOutpostDead          [31mFAILURE[0m -> [36mIDLE[0m
[robot_decision-1] [1746791022.008]: BothOutpostAlive          [32mSUCCESS[0m -> [36mIDLE[0m
[robot_decision-1] [1746791022.008]: BaseStatusLogic           [33mRUNNING[0m -> [32mSUCCESS[0m
[robot_decision-1] [1746791022.008]: Inverter                  [31mFAILURE[0m -> [36mIDLE[0m
[robot_decision-1] [1746791022.008]: HealthCheck               [31mFAILURE[0m -> [36mIDLE[0m
[robot_decision-1] [1746791022.008]: BaseStatusLogic           [32mSUCCESS[0m -> [36mIDLE[0m
[robot_decision-1] [1746791022.008]: ActionSequence            [33mRUNNING[0m -> [32mSUCCESS[0m
[robot_decision-1] [1746791022.008]: ActionSequence            [32mSUCCESS[0m -> [36mIDLE[0m
[robot_decision-1] [1746791022.008]: ActionSequence            [36mIDLE[0m -> [33mRUNNING[0m
[robot_decision-1] [1746791022.008]: Inverter                  [36mIDLE[0m -> [33mRUNNING[0m
[robot_decision-1] [1746791022.008]: Subscribers               [36mIDLE[0m -> [33mRUNNING[0m
[robot_decision-1] [1746791022.009]: IfHealthSub               [36mIDLE[0m -> [31mFAILURE[0m
[robot_decision-1] [1746791022.009]: IfHealthSub               [31mFAILURE[0m -> [36mIDLE[0m
[robot_decision-1] [1746791022.009]: Subscribers               [33mRUNNING[0m -> [31mFAILURE[0m
[robot_decision-1] [1746791022.009]: Subscribers               [31mFAILURE[0m -> [36mIDLE[0m
[robot_decision-1] [1746791022.009]: Inverter                  [33mRUNNING[0m -> [32mSUCCESS[0m
[robot_decision-1] [1746791022.009]: Inverter                  [32mSUCCESS[0m -> [36mIDLE[0m
[robot_decision-1] [1746791022.009]: ActionSequence            [33mRUNNING[0m -> [32mSUCCESS[0m
[robot_decision-1] [1746791022.009]: ActionSequence            [32mSUCCESS[0m -> [36mIDLE[0m
[robot_decision-1] [1746791022.509]: ActionSequence            [36mIDLE[0m -> [33mRUNNING[0m
[robot_decision-1] [1746791022.509]: Inverter                  [36mIDLE[0m -> [33mRUNNING[0m
[robot_decision-1] [1746791022.509]: Subscribers               [36mIDLE[0m -> [33mRUNNING[0m
[robot_decision-1] [INFO] [1746791022.509203264] [robot_decision]: [IfHealthSub] health value: 500
[robot_decision-1] [INFO] [1746791022.509453161] [robot_decision]: [OurOutpostSub] our outpost health value: 1500
[robot_decision-1] [1746791022.509]: IfHealthSub               [36mIDLE[0m -> [32mSUCCESS[0m
[robot_decision-1] [1746791022.509]: OurOutpostSub             [36mIDLE[0m -> [32mSUCCESS[0m
[robot_decision-1] [1746791022.510]: EnemyOutpostSub           [36mIDLE[0m -> [32mSUCCESS[0m
[robot_decision-1] [1746791022.510]: IfHealthSub               [32mSUCCESS[0m -> [36mIDLE[0m
[robot_decision-1] [1746791022.510]: OurOutpostSub             [32mSUCCESS[0m -> [36mIDLE[0m
[robot_decision-1] [1746791022.510]: EnemyOutpostSub           [32mSUCCESS[0m -> [36mIDLE[0m
[robot_decision-1] [1746791022.510]: Subscribers               [33mRUNNING[0m -> [32mSUCCESS[0m
[robot_decision-1] [1746791022.510]: Subscribers               [32mSUCCESS[0m -> [36mIDLE[0m
[robot_decision-1] [1746791022.510]: Inverter                  [33mRUNNING[0m -> [31mFAILURE[0m
[robot_decision-1] [1746791022.510]: HealthCheck               [36mIDLE[0m -> [33mRUNNING[0m
[robot_decision-1] [1746791022.510]: CheckIfHealth             [36mIDLE[0m -> [31mFAILURE[0m
[robot_decision-1] [1746791022.510]: CheckIfHealth             [31mFAILURE[0m -> [36mIDLE[0m
[robot_decision-1] [1746791022.510]: HealthCheck               [33mRUNNING[0m -> [31mFAILURE[0m
[robot_decision-1] [1746791022.510]: BaseStatusLogic           [36mIDLE[0m -> [33mRUNNING[0m
[robot_decision-1] [1746791022.510]: OurOutpostDead            [36mIDLE[0m -> [33mRUNNING[0m
[robot_decision-1] [1746791022.510]: CheckIfHealth             [36mIDLE[0m -> [32mSUCCESS[0m
[robot_decision-1] [1746791022.510]: IsOurOutpostDead          [36mIDLE[0m -> [31mFAILURE[0m
[robot_decision-1] [1746791022.510]: CheckIfHealth             [32mSUCCESS[0m -> [36mIDLE[0m
[robot_decision-1] [1746791022.510]: IsOurOutpostDead          [31mFAILURE[0m -> [36mIDLE[0m
[robot_decision-1] [1746791022.510]: OurOutpostDead            [33mRUNNING[0m -> [31mFAILURE[0m
[robot_decision-1] [1746791022.510]: EnemyOutpostDead          [36mIDLE[0m -> [33mRUNNING[0m
[robot_decision-1] [1746791022.510]: CheckIfHealth             [36mIDLE[0m -> [32mSUCCESS[0m
[robot_decision-1] [1746791022.510]: IsEnemyOutpostDead        [36mIDLE[0m -> [31mFAILURE[0m
[robot_decision-1] [1746791022.510]: CheckIfHealth             [32mSUCCESS[0m -> [36mIDLE[0m
[robot_decision-1] [1746791022.510]: IsEnemyOutpostDead        [31mFAILURE[0m -> [36mIDLE[0m
[robot_decision-1] [1746791022.510]: EnemyOutpostDead          [33mRUNNING[0m -> [31mFAILURE[0m
[robot_decision-1] [1746791022.510]: BothOutpostAlive          [36mIDLE[0m -> [33mRUNNING[0m
[robot_decision-1] [1746791022.510]: CheckIfHealth             [36mIDLE[0m -> [32mSUCCESS[0m
[robot_decision-1] [1746791022.510]: RetryUntilSuccessful      [36mIDLE[0m -> [33mRUNNING[0m
[robot_decision-1] [1746791022.510]: Sequence                  [36mIDLE[0m -> [33mRUNNING[0m
[robot_decision-1] [1746791022.510]: WaitNode                  [36mIDLE[0m -> [33mRUNNING[0m
[robot_decision-1] [1746791022.510]: Inverter                  [31mFAILURE[0m -> [36mIDLE[0m
[robot_decision-1] [1746791022.510]: HealthCheck               [31mFAILURE[0m -> [36mIDLE[0m
[robot_decision-1] [INFO] [1746791022.509582037] [robot_decision]: [EnemyOutpostSub] enemy outpost health value: 1500
[robot_decision-1] [INFO] [1746791022.509781007] [IfHealth]: [CheckIfHealth] amount of blood: 500
[robot_decision-1] [INFO] [1746791022.509824500] [CheckOutposet]: [IsOurOutpostDead] Our outpost health: 1500 (alive)
[robot_decision-1] [INFO] [1746791022.509898321] [IfHealth]: [CheckIfHealth] amount of blood: 500
[robot_decision-1] [INFO] [1746791022.509928008] [CheckEnemyposet]: [IsEnemyOutpostDead] Enemy outpost health: 1500 (alive)
[robot_decision-1] [INFO] [1746791022.509985498] [IfHealth]: [CheckIfHealth] amount of blood: 500
[robot_decision-1] [1746791023.010]: Inverter                  [36mIDLE[0m -> [33mRUNNING[0m
[robot_decision-1] [1746791023.010]: Subscribers               [36mIDLE[0m -> [33mRUNNING[0m
[robot_decision-1] [INFO] [1746791023.010694880] [robot_decision]: [IfHealthSub] health value: 500
[robot_decision-1] [INFO] [1746791023.010902337] [robot_decision]: [OurOutpostSub] our outpost health value: 1500
[robot_decision-1] [INFO] [1746791023.010972881] [robot_decision]: [EnemyOutpostSub] enemy outpost health value: 1500
[robot_decision-1] [1746791023.011]: IfHealthSub               [36mIDLE[0m -> [32mSUCCESS[0m
[robot_decision-1] [1746791023.011]: OurOutpostSub             [36mIDLE[0m -> [32mSUCCESS[0m
[robot_decision-1] [1746791023.011]: EnemyOutpostSub           [36mIDLE[0m -> [32mSUCCESS[0m
[robot_decision-1] [1746791023.011]: IfHealthSub               [32mSUCCESS[0m -> [36mIDLE[0m
[robot_decision-1] [1746791023.011]: OurOutpostSub             [32mSUCCESS[0m -> [36mIDLE[0m
[robot_decision-1] [1746791023.011]: EnemyOutpostSub           [32mSUCCESS[0m -> [36mIDLE[0m
[robot_decision-1] [1746791023.011]: Subscribers               [33mRUNNING[0m -> [32mSUCCESS[0m
[robot_decision-1] [1746791023.011]: Subscribers               [32mSUCCESS[0m -> [36mIDLE[0m
[robot_decision-1] [1746791023.011]: Inverter                  [33mRUNNING[0m -> [31mFAILURE[0m
[robot_decision-1] [1746791023.011]: HealthCheck               [36mIDLE[0m -> [33mRUNNING[0m
[robot_decision-1] [1746791023.011]: CheckIfHealth             [36mIDLE[0m -> [31mFAILURE[0m
[robot_decision-1] [1746791023.011]: CheckIfHealth             [31mFAILURE[0m -> [36mIDLE[0m
[robot_decision-1] [1746791023.011]: HealthCheck               [33mRUNNING[0m -> [31mFAILURE[0m
[robot_decision-1] [1746791023.011]: WaitNode                  [33mRUNNING[0m -> [32mSUCCESS[0m
[robot_decision-1] [1746791023.011]: NavigateToPose            [36mIDLE[0m -> [33mRUNNING[0m
[robot_decision-1] Point key: 1 x:3 y:0.45
[robot_decision-1] [1746791023.012]: Inverter                  [31mFAILURE[0m -> [36mIDLE[0m
[robot_decision-1] [1746791023.012]: HealthCheck               [31mFAILURE[0m -> [36mIDLE[0m
[robot_decision-1] [1746791023.513]: Inverter                  [36mIDLE[0m -> [33mRUNNING[0m
[robot_decision-1] [1746791023.513]: Subscribers               [36mIDLE[0m -> [33mRUNNING[0m
[robot_decision-1] [INFO] [1746791023.513552033] [robot_decision]: [IfHealthSub] health value: 500
[robot_decision-1] [INFO] [1746791023.513821077] [robot_decision]: [OurOutpostSub] our outpost health value: 1500
[robot_decision-1] [INFO] [1746791023.513939894] [robot_decision]: [EnemyOutpostSub] enemy outpost health value: 1500
[robot_decision-1] [1746791023.514]: IfHealthSub               [36mIDLE[0m -> [32mSUCCESS[0m
[robot_decision-1] [1746791023.514]: OurOutpostSub             [36mIDLE[0m -> [32mSUCCESS[0m
[robot_decision-1] [1746791023.514]: EnemyOutpostSub           [36mIDLE[0m -> [32mSUCCESS[0m
[robot_decision-1] [1746791023.514]: IfHealthSub               [32mSUCCESS[0m -> [36mIDLE[0m
[robot_decision-1] [1746791023.514]: OurOutpostSub             [32mSUCCESS[0m -> [36mIDLE[0m
[robot_decision-1] [1746791023.514]: EnemyOutpostSub           [32mSUCCESS[0m -> [36mIDLE[0m
[robot_decision-1] [1746791023.514]: Subscribers               [33mRUNNING[0m -> [32mSUCCESS[0m
[robot_decision-1] [1746791023.514]: Subscribers               [32mSUCCESS[0m -> [36mIDLE[0m
[robot_decision-1] [1746791023.514]: Inverter                  [33mRUNNING[0m -> [31mFAILURE[0m
[robot_decision-1] [1746791023.514]: HealthCheck               [36mIDLE[0m -> [33mRUNNING[0m
[robot_decision-1] [1746791023.514]: CheckIfHealth             [36mIDLE[0m -> [31mFAILURE[0m
[robot_decision-1] [1746791023.514]: CheckIfHealth             [31mFAILURE[0m -> [36mIDLE[0m
[robot_decision-1] [1746791023.514]: HealthCheck               [33mRUNNING[0m -> [31mFAILURE[0m
[robot_decision-1] [1746791023.514]: Inverter                  [31mFAILURE[0m -> [36mIDLE[0m
[robot_decision-1] [1746791023.514]: HealthCheck               [31mFAILURE[0m -> [36mIDLE[0m
[robot_decision-1] [1746791024.015]: Inverter                  [36mIDLE[0m -> [33mRUNNING[0m
[robot_decision-1] [1746791024.015]: Subscribers               [36mIDLE[0m -> [33mRUNNING[0m
[robot_decision-1] [INFO] [1746791024.014704480] [robot_decision]: [IfHealthSub] health value: 500
[robot_decision-1] [INFO] [1746791024.014809761] [robot_decision]: [OurOutpostSub] our outpost health value: 1500
[robot_decision-1] [INFO] [1746791024.014853374] [robot_decision]: [EnemyOutpostSub] enemy outpost health value: 1500
[robot_decision-1] [1746791024.015]: IfHealthSub               [36mIDLE[0m -> [32mSUCCESS[0m
[robot_decision-1] [1746791024.015]: OurOutpostSub             [36mIDLE[0m -> [32mSUCCESS[0m
[robot_decision-1] [1746791024.015]: EnemyOutpostSub           [36mIDLE[0m -> [32mSUCCESS[0m
[robot_decision-1] [1746791024.015]: IfHealthSub               [32mSUCCESS[0m -> [36mIDLE[0m
[robot_decision-1] [1746791024.015]: OurOutpostSub             [32mSUCCESS[0m -> [36mIDLE[0m
[robot_decision-1] [1746791024.015]: EnemyOutpostSub           [32mSUCCESS[0m -> [36mIDLE[0m
[robot_decision-1] [1746791024.015]: Subscribers               [33mRUNNING[0m -> [32mSUCCESS[0m
[robot_decision-1] [1746791024.015]: Subscribers               [32mSUCCESS[0m -> [36mIDLE[0m
[robot_decision-1] [1746791024.015]: Inverter                  [33mRUNNING[0m -> [31mFAILURE[0m
[robot_decision-1] [1746791024.015]: HealthCheck               [36mIDLE[0m -> [33mRUNNING[0m
[robot_decision-1] [1746791024.015]: CheckIfHealth             [36mIDLE[0m -> [31mFAILURE[0m
[robot_decision-1] [1746791024.015]: CheckIfHealth             [31mFAILURE[0m -> [36mIDLE[0m
[robot_decision-1] [1746791024.015]: HealthCheck               [33mRUNNING[0m -> [31mFAILURE[0m
[robot_decision-1] [1746791024.015]: Inverter                  [31mFAILURE[0m -> [36mIDLE[0m
[robot_decision-1] [1746791024.015]: HealthCheck               [31mFAILURE[0m -> [36mIDLE[0m
[robot_decision-1] [1746791024.515]: Inverter                  [36mIDLE[0m -> [33mRUNNING[0m
[robot_decision-1] [1746791024.515]: Subscribers               [36mIDLE[0m -> [33mRUNNING[0m
[robot_decision-1] [INFO] [1746791024.515399491] [robot_decision]: [IfHealthSub] health value: 500
[robot_decision-1] [INFO] [1746791024.515551381] [robot_decision]: [OurOutpostSub] our outpost health value: 1500
[robot_decision-1] [INFO] [1746791024.515642675] [robot_decision]: [EnemyOutpostSub] enemy outpost health value: 1500
[robot_decision-1] [1746791024.515]: IfHealthSub               [36mIDLE[0m -> [32mSUCCESS[0m
[robot_decision-1] [1746791024.516]: OurOutpostSub             [36mIDLE[0m -> [32mSUCCESS[0m
[robot_decision-1] [1746791024.516]: EnemyOutpostSub           [36mIDLE[0m -> [32mSUCCESS[0m
[robot_decision-1] [1746791024.516]: IfHealthSub               [32mSUCCESS[0m -> [36mIDLE[0m
[robot_decision-1] [1746791024.516]: OurOutpostSub             [32mSUCCESS[0m -> [36mIDLE[0m
[robot_decision-1] [1746791024.516]: EnemyOutpostSub           [32mSUCCESS[0m -> [36mIDLE[0m
[robot_decision-1] [1746791024.516]: Subscribers               [33mRUNNING[0m -> [32mSUCCESS[0m
[robot_decision-1] [1746791024.516]: Subscribers               [32mSUCCESS[0m -> [36mIDLE[0m
[robot_decision-1] [1746791024.516]: Inverter                  [33mRUNNING[0m -> [31mFAILURE[0m
[robot_decision-1] [1746791024.516]: HealthCheck               [36mIDLE[0m -> [33mRUNNING[0m
[robot_decision-1] [1746791024.516]: CheckIfHealth             [36mIDLE[0m -> [31mFAILURE[0m
[robot_decision-1] [1746791024.516]: CheckIfHealth             [31mFAILURE[0m -> [36mIDLE[0m
[robot_decision-1] [1746791024.516]: HealthCheck               [33mRUNNING[0m -> [31mFAILURE[0m
[robot_decision-1] [1746791024.516]: Inverter                  [31mFAILURE[0m -> [36mIDLE[0m
[robot_decision-1] [1746791024.516]: HealthCheck               [31mFAILURE[0m -> [36mIDLE[0m
[robot_decision-1] [1746791025.016]: Inverter                  [36mIDLE[0m -> [33mRUNNING[0m
[robot_decision-1] [1746791025.016]: Subscribers               [36mIDLE[0m -> [33mRUNNING[0m
[robot_decision-1] [INFO] [1746791025.017046039] [robot_decision]: [IfHealthSub] health value: 500
[robot_decision-1] [INFO] [1746791025.017472634] [robot_decision]: [OurOutpostSub] our outpost health value: 1500
[robot_decision-1] [INFO] [1746791025.017657256] [robot_decision]: [EnemyOutpostSub] enemy outpost health value: 1500
[robot_decision-1] [1746791025.017]: IfHealthSub               [36mIDLE[0m -> [32mSUCCESS[0m
[robot_decision-1] [1746791025.018]: OurOutpostSub             [36mIDLE[0m -> [32mSUCCESS[0m
[robot_decision-1] [1746791025.018]: EnemyOutpostSub           [36mIDLE[0m -> [32mSUCCESS[0m
[robot_decision-1] [1746791025.018]: IfHealthSub               [32mSUCCESS[0m -> [36mIDLE[0m
[robot_decision-1] [1746791025.018]: OurOutpostSub             [32mSUCCESS[0m -> [36mIDLE[0m
[robot_decision-1] [1746791025.018]: EnemyOutpostSub           [32mSUCCESS[0m -> [36mIDLE[0m
[robot_decision-1] [1746791025.018]: Subscribers               [33mRUNNING[0m -> [32mSUCCESS[0m
[robot_decision-1] [1746791025.018]: Subscribers               [32mSUCCESS[0m -> [36mIDLE[0m
[robot_decision-1] [1746791025.018]: Inverter                  [33mRUNNING[0m -> [31mFAILURE[0m
[robot_decision-1] [1746791025.018]: HealthCheck               [36mIDLE[0m -> [33mRUNNING[0m
[robot_decision-1] [1746791025.018]: CheckIfHealth             [36mIDLE[0m -> [31mFAILURE[0m
[robot_decision-1] [1746791025.018]: CheckIfHealth             [31mFAILURE[0m -> [36mIDLE[0m
[robot_decision-1] [1746791025.018]: HealthCheck               [33mRUNNING[0m -> [31mFAILURE[0m
[robot_decision-1] [1746791025.018]: Inverter                  [31mFAILURE[0m -> [36mIDLE[0m
[robot_decision-1] [1746791025.019]: HealthCheck               [31mFAILURE[0m -> [36mIDLE[0m
[robot_decision-1] [1746791025.519]: Inverter                  [36mIDLE[0m -> [33mRUNNING[0m
[robot_decision-1] [1746791025.519]: Subscribers               [36mIDLE[0m -> [33mRUNNING[0m
[robot_decision-1] [INFO] [1746791025.519202420] [robot_decision]: [IfHealthSub] health value: 500
[robot_decision-1] [INFO] [1746791025.519408854] [robot_decision]: [OurOutpostSub] our outpost health value: 1500
[robot_decision-1] [INFO] [1746791025.519484769] [robot_decision]: [EnemyOutpostSub] enemy outpost health value: 1500
[robot_decision-1] [INFO] [1746791025.519741940] [robot_decision]: Navigation Success!
[robot_decision-1] [INFO] [1746791025.519900633] [robot_decision]: [IfHealthSub] health value: 500
[robot_decision-1] [1746791025.519]: IfHealthSub               [36mIDLE[0m -> [32mSUCCESS[0m
[robot_decision-1] [1746791025.519]: OurOutpostSub             [36mIDLE[0m -> [32mSUCCESS[0m
[robot_decision-1] [1746791025.520]: EnemyOutpostSub           [36mIDLE[0m -> [32mSUCCESS[0m
[robot_decision-1] [1746791025.520]: IfHealthSub               [32mSUCCESS[0m -> [36mIDLE[0m
[robot_decision-1] [1746791025.520]: OurOutpostSub             [32mSUCCESS[0m -> [36mIDLE[0m
[robot_decision-1] [1746791025.520]: EnemyOutpostSub           [32mSUCCESS[0m -> [36mIDLE[0m
[robot_decision-1] [1746791025.520]: Subscribers               [33mRUNNING[0m -> [32mSUCCESS[0m
[robot_decision-1] [1746791025.520]: Subscribers               [32mSUCCESS[0m -> [36mIDLE[0m
[robot_decision-1] [1746791025.520]: Inverter                  [33mRUNNING[0m -> [31mFAILURE[0m
[robot_decision-1] [1746791025.520]: HealthCheck               [36mIDLE[0m -> [33mRUNNING[0m
[robot_decision-1] [1746791025.520]: CheckIfHealth             [36mIDLE[0m -> [31mFAILURE[0m
[robot_decision-1] [1746791025.520]: CheckIfHealth             [31mFAILURE[0m -> [36mIDLE[0m
[robot_decision-1] [1746791025.520]: HealthCheck               [33mRUNNING[0m -> [31mFAILURE[0m
[robot_decision-1] onResultReceived: 4
[robot_decision-1] [1746791025.520]: NavigateToPose            [33mRUNNING[0m -> [32mSUCCESS[0m
[robot_decision-1] [1746791025.520]: WaitNode                  [32mSUCCESS[0m -> [36mIDLE[0m
[robot_decision-1] [1746791025.520]: NavigateToPose            [32mSUCCESS[0m -> [36mIDLE[0m
[robot_decision-1] [1746791025.520]: Sequence                  [33mRUNNING[0m -> [32mSUCCESS[0m
[robot_decision-1] [1746791025.520]: Sequence                  [32mSUCCESS[0m -> [36mIDLE[0m
[robot_decision-1] [1746791025.520]: RetryUntilSuccessful      [33mRUNNING[0m -> [32mSUCCESS[0m
[robot_decision-1] [1746791025.520]: CheckIfHealth             [32mSUCCESS[0m -> [36mIDLE[0m
[robot_decision-1] [1746791025.520]: RetryUntilSuccessful      [32mSUCCESS[0m -> [36mIDLE[0m
[robot_decision-1] [1746791025.520]: BothOutpostAlive          [33mRUNNING[0m -> [32mSUCCESS[0m
[robot_decision-1] [1746791025.520]: OurOutpostDead            [31mFAILURE[0m -> [36mIDLE[0m
[robot_decision-1] [1746791025.520]: EnemyOutpostDead          [31mFAILURE[0m -> [36mIDLE[0m
[robot_decision-1] [1746791025.520]: BothOutpostAlive          [32mSUCCESS[0m -> [36mIDLE[0m
[robot_decision-1] [1746791025.520]: BaseStatusLogic           [33mRUNNING[0m -> [32mSUCCESS[0m
[robot_decision-1] [1746791025.520]: Inverter                  [31mFAILURE[0m -> [36mIDLE[0m
[robot_decision-1] [1746791025.520]: HealthCheck               [31mFAILURE[0m -> [36mIDLE[0m
[robot_decision-1] [1746791025.520]: BaseStatusLogic           [32mSUCCESS[0m -> [36mIDLE[0m
[robot_decision-1] [1746791025.520]: ActionSequence            [33mRUNNING[0m -> [32mSUCCESS[0m
[robot_decision-1] [1746791025.520]: ActionSequence            [32mSUCCESS[0m -> [36mIDLE[0m
[robot_decision-1] [1746791025.520]: ActionSequence            [36mIDLE[0m -> [33mRUNNING[0m
[robot_decision-1] [1746791025.520]: Inverter                  [36mIDLE[0m -> [33mRUNNING[0m
[robot_decision-1] [1746791025.520]: Subscribers               [36mIDLE[0m -> [33mRUNNING[0m
[robot_decision-1] [1746791025.520]: IfHealthSub               [36mIDLE[0m -> [32mSUCCESS[0m
[robot_decision-1] [INFO] [1746791025.519950048] [robot_decision]: [OurOutpostSub] our outpost health value: 1500
[robot_decision-1] [INFO] [1746791025.521125924] [robot_decision]: [EnemyOutpostSub] enemy outpost health value: 1500
[robot_decision-1] [INFO] [1746791025.521212148] [IfHealth]: [CheckIfHealth] amount of blood: 500
[robot_decision-1] [INFO] [1746791025.521232738] [CheckOutposet]: [IsOurOutpostDead] Our outpost health: 1500 (alive)
[robot_decision-1] [INFO] [1746791025.521268436] [IfHealth]: [CheckIfHealth] amount of blood: 500
[robot_decision-1] [INFO] [1746791025.521286260] [CheckEnemyposet]: [IsEnemyOutpostDead] Enemy outpost health: 1500 (alive)
[robot_decision-1] [INFO] [1746791025.521317429] [IfHealth]: [CheckIfHealth] amount of blood: 500
[robot_decision-1] [1746791025.521]: OurOutpostSub             [36mIDLE[0m -> [32mSUCCESS[0m
[robot_decision-1] [1746791025.521]: EnemyOutpostSub           [36mIDLE[0m -> [32mSUCCESS[0m
[robot_decision-1] [1746791025.521]: IfHealthSub               [32mSUCCESS[0m -> [36mIDLE[0m
[robot_decision-1] [1746791025.521]: OurOutpostSub             [32mSUCCESS[0m -> [36mIDLE[0m
[robot_decision-1] [1746791025.521]: EnemyOutpostSub           [32mSUCCESS[0m -> [36mIDLE[0m
[robot_decision-1] [1746791025.521]: Subscribers               [33mRUNNING[0m -> [32mSUCCESS[0m
[robot_decision-1] [1746791025.521]: Subscribers               [32mSUCCESS[0m -> [36mIDLE[0m
[robot_decision-1] [1746791025.521]: Inverter                  [33mRUNNING[0m -> [31mFAILURE[0m
[robot_decision-1] [1746791025.521]: HealthCheck               [36mIDLE[0m -> [33mRUNNING[0m
[robot_decision-1] [1746791025.521]: CheckIfHealth             [36mIDLE[0m -> [31mFAILURE[0m
[robot_decision-1] [1746791025.521]: CheckIfHealth             [31mFAILURE[0m -> [36mIDLE[0m
[robot_decision-1] [1746791025.521]: HealthCheck               [33mRUNNING[0m -> [31mFAILURE[0m
[robot_decision-1] [1746791025.521]: BaseStatusLogic           [36mIDLE[0m -> [33mRUNNING[0m
[robot_decision-1] [1746791025.521]: OurOutpostDead            [36mIDLE[0m -> [33mRUNNING[0m
[robot_decision-1] [1746791025.521]: CheckIfHealth             [36mIDLE[0m -> [32mSUCCESS[0m
[robot_decision-1] [1746791025.521]: IsOurOutpostDead          [36mIDLE[0m -> [31mFAILURE[0m
[robot_decision-1] [1746791025.521]: CheckIfHealth             [32mSUCCESS[0m -> [36mIDLE[0m
[robot_decision-1] [1746791025.521]: IsOurOutpostDead          [31mFAILURE[0m -> [36mIDLE[0m
[robot_decision-1] [1746791025.521]: OurOutpostDead            [33mRUNNING[0m -> [31mFAILURE[0m
[robot_decision-1] [1746791025.521]: EnemyOutpostDead          [36mIDLE[0m -> [33mRUNNING[0m
[robot_decision-1] [1746791025.521]: CheckIfHealth             [36mIDLE[0m -> [32mSUCCESS[0m
[robot_decision-1] [1746791025.521]: IsEnemyOutpostDead        [36mIDLE[0m -> [31mFAILURE[0m
[robot_decision-1] [1746791025.521]: CheckIfHealth             [32mSUCCESS[0m -> [36mIDLE[0m
[robot_decision-1] [1746791025.521]: IsEnemyOutpostDead        [31mFAILURE[0m -> [36mIDLE[0m
[robot_decision-1] [1746791025.521]: EnemyOutpostDead          [33mRUNNING[0m -> [31mFAILURE[0m
[robot_decision-1] [1746791025.521]: BothOutpostAlive          [36mIDLE[0m -> [33mRUNNING[0m
[robot_decision-1] [1746791025.521]: CheckIfHealth             [36mIDLE[0m -> [32mSUCCESS[0m
[robot_decision-1] [1746791025.521]: RetryUntilSuccessful      [36mIDLE[0m -> [33mRUNNING[0m
[robot_decision-1] [1746791025.521]: Sequence                  [36mIDLE[0m -> [33mRUNNING[0m
[robot_decision-1] [1746791025.521]: WaitNode                  [36mIDLE[0m -> [33mRUNNING[0m
[robot_decision-1] [1746791025.521]: Inverter                  [31mFAILURE[0m -> [36mIDLE[0m
[robot_decision-1] [1746791025.521]: HealthCheck               [31mFAILURE[0m -> [36mIDLE[0m
[robot_decision-1] [1746791026.022]: Inverter                  [36mIDLE[0m -> [33mRUNNING[0m
[robot_decision-1] [1746791026.022]: Subscribers               [36mIDLE[0m -> [33mRUNNING[0m
[robot_decision-1] [INFO] [1746791026.021885626] [robot_decision]: [IfHealthSub] health value: 500
[robot_decision-1] [INFO] [1746791026.022107650] [robot_decision]: [OurOutpostSub] our outpost health value: 1500
[robot_decision-1] [INFO] [1746791026.022201610] [robot_decision]: [EnemyOutpostSub] enemy outpost health value: 1500
[robot_decision-1] [1746791026.022]: IfHealthSub               [36mIDLE[0m -> [32mSUCCESS[0m
[robot_decision-1] [1746791026.022]: OurOutpostSub             [36mIDLE[0m -> [32mSUCCESS[0m
[robot_decision-1] [1746791026.022]: EnemyOutpostSub           [36mIDLE[0m -> [32mSUCCESS[0m
[robot_decision-1] [1746791026.022]: IfHealthSub               [32mSUCCESS[0m -> [36mIDLE[0m
[robot_decision-1] [1746791026.022]: OurOutpostSub             [32mSUCCESS[0m -> [36mIDLE[0m
[robot_decision-1] [1746791026.022]: EnemyOutpostSub           [32mSUCCESS[0m -> [36mIDLE[0m
[robot_decision-1] [1746791026.022]: Subscribers               [33mRUNNING[0m -> [32mSUCCESS[0m
[robot_decision-1] [1746791026.022]: Subscribers               [32mSUCCESS[0m -> [36mIDLE[0m
[robot_decision-1] [1746791026.022]: Inverter                  [33mRUNNING[0m -> [31mFAILURE[0m
[robot_decision-1] [1746791026.022]: HealthCheck               [36mIDLE[0m -> [33mRUNNING[0m
[robot_decision-1] [1746791026.022]: CheckIfHealth             [36mIDLE[0m -> [31mFAILURE[0m
[robot_decision-1] [1746791026.022]: CheckIfHealth             [31mFAILURE[0m -> [36mIDLE[0m
[robot_decision-1] [1746791026.022]: HealthCheck               [33mRUNNING[0m -> [31mFAILURE[0m
[robot_decision-1] [1746791026.022]: WaitNode                  [33mRUNNING[0m -> [32mSUCCESS[0m
[robot_decision-1] [1746791026.022]: NavigateToPose            [36mIDLE[0m -> [33mRUNNING[0m
[robot_decision-1] Point key: 1 x:3 y:0.45
[robot_decision-1] [1746791026.023]: Inverter                  [31mFAILURE[0m -> [36mIDLE[0m
[robot_decision-1] [1746791026.023]: HealthCheck               [31mFAILURE[0m -> [36mIDLE[0m
[robot_decision-1] [1746791026.525]: Inverter                  [36mIDLE[0m -> [33mRUNNING[0m
[robot_decision-1] [1746791026.525]: Subscribers               [36mIDLE[0m -> [33mRUNNING[0m
[robot_decision-1] [INFO] [1746791026.525915683] [robot_decision]: [IfHealthSub] health value: 500
[robot_decision-1] [INFO] [1746791026.526779553] [robot_decision]: [OurOutpostSub] our outpost health value: 1500
[robot_decision-1] [INFO] [1746791026.526988633] [robot_decision]: [EnemyOutpostSub] enemy outpost health value: 1500
[robot_decision-1] [1746791026.526]: IfHealthSub               [36mIDLE[0m -> [32mSUCCESS[0m
[robot_decision-1] [1746791026.527]: OurOutpostSub             [36mIDLE[0m -> [32mSUCCESS[0m
[robot_decision-1] [1746791026.527]: EnemyOutpostSub           [36mIDLE[0m -> [32mSUCCESS[0m
[robot_decision-1] [1746791026.527]: IfHealthSub               [32mSUCCESS[0m -> [36mIDLE[0m
[robot_decision-1] [1746791026.527]: OurOutpostSub             [32mSUCCESS[0m -> [36mIDLE[0m
[robot_decision-1] [1746791026.527]: EnemyOutpostSub           [32mSUCCESS[0m -> [36mIDLE[0m
[robot_decision-1] [1746791026.527]: Subscribers               [33mRUNNING[0m -> [32mSUCCESS[0m
[robot_decision-1] [1746791026.527]: Subscribers               [32mSUCCESS[0m -> [36mIDLE[0m
[robot_decision-1] [1746791026.527]: Inverter                  [33mRUNNING[0m -> [31mFAILURE[0m
[robot_decision-1] [1746791026.527]: HealthCheck               [36mIDLE[0m -> [33mRUNNING[0m
[robot_decision-1] [1746791026.527]: CheckIfHealth             [36mIDLE[0m -> [31mFAILURE[0m
[robot_decision-1] [1746791026.527]: CheckIfHealth             [31mFAILURE[0m -> [36mIDLE[0m
[robot_decision-1] [1746791026.527]: HealthCheck               [33mRUNNING[0m -> [31mFAILURE[0m
[robot_decision-1] [1746791026.527]: Inverter                  [31mFAILURE[0m -> [36mIDLE[0m
[robot_decision-1] [1746791026.527]: HealthCheck               [31mFAILURE[0m -> [36mIDLE[0m
[robot_decision-1] [1746791027.028]: Inverter                  [36mIDLE[0m -> [33mRUNNING[0m
[robot_decision-1] [1746791027.028]: Subscribers               [36mIDLE[0m -> [33mRUNNING[0m
[robot_decision-1] [INFO] [1746791027.028581594] [robot_decision]: [IfHealthSub] health value: 500
[robot_decision-1] [INFO] [1746791027.028803789] [robot_decision]: [OurOutpostSub] our outpost health value: 1500
[robot_decision-1] [INFO] [1746791027.028910623] [robot_decision]: [EnemyOutpostSub] enemy outpost health value: 1500
[robot_decision-1] [1746791027.029]: IfHealthSub               [36mIDLE[0m -> [32mSUCCESS[0m
[robot_decision-1] [1746791027.029]: OurOutpostSub             [36mIDLE[0m -> [32mSUCCESS[0m
[robot_decision-1] [1746791027.029]: EnemyOutpostSub           [36mIDLE[0m -> [32mSUCCESS[0m
[robot_decision-1] [1746791027.029]: IfHealthSub               [32mSUCCESS[0m -> [36mIDLE[0m
[robot_decision-1] [1746791027.029]: OurOutpostSub             [32mSUCCESS[0m -> [36mIDLE[0m
[robot_decision-1] [1746791027.029]: EnemyOutpostSub           [32mSUCCESS[0m -> [36mIDLE[0m
[robot_decision-1] [1746791027.029]: Subscribers               [33mRUNNING[0m -> [32mSUCCESS[0m
[robot_decision-1] [1746791027.029]: Subscribers               [32mSUCCESS[0m -> [36mIDLE[0m
[robot_decision-1] [1746791027.029]: Inverter                  [33mRUNNING[0m -> [31mFAILURE[0m
[robot_decision-1] [1746791027.029]: HealthCheck               [36mIDLE[0m -> [33mRUNNING[0m
[robot_decision-1] [1746791027.029]: CheckIfHealth             [36mIDLE[0m -> [31mFAILURE[0m
[robot_decision-1] [1746791027.029]: CheckIfHealth             [31mFAILURE[0m -> [36mIDLE[0m
[robot_decision-1] [1746791027.029]: HealthCheck               [33mRUNNING[0m -> [31mFAILURE[0m
[robot_decision-1] [1746791027.029]: Inverter                  [31mFAILURE[0m -> [36mIDLE[0m
[robot_decision-1] [1746791027.029]: HealthCheck               [31mFAILURE[0m -> [36mIDLE[0m
[robot_decision-1] [1746791027.530]: Inverter                  [36mIDLE[0m -> [33mRUNNING[0m
[robot_decision-1] [1746791027.530]: Subscribers               [36mIDLE[0m -> [33mRUNNING[0m
[robot_decision-1] [INFO] [1746791027.529968402] [robot_decision]: [IfHealthSub] health value: 500
[robot_decision-1] [INFO] [1746791027.530185477] [robot_decision]: [OurOutpostSub] our outpost health value: 1500
[robot_decision-1] [INFO] [1746791027.530273394] [robot_decision]: [EnemyOutpostSub] enemy outpost health value: 1500
[robot_decision-1] [1746791027.530]: IfHealthSub               [36mIDLE[0m -> [32mSUCCESS[0m
[robot_decision-1] [1746791027.530]: OurOutpostSub             [36mIDLE[0m -> [32mSUCCESS[0m
[robot_decision-1] [1746791027.530]: EnemyOutpostSub           [36mIDLE[0m -> [32mSUCCESS[0m
[robot_decision-1] [1746791027.530]: IfHealthSub               [32mSUCCESS[0m -> [36mIDLE[0m
[robot_decision-1] [1746791027.530]: OurOutpostSub             [32mSUCCESS[0m -> [36mIDLE[0m
[robot_decision-1] [1746791027.530]: EnemyOutpostSub           [32mSUCCESS[0m -> [36mIDLE[0m
[robot_decision-1] [1746791027.530]: Subscribers               [33mRUNNING[0m -> [32mSUCCESS[0m
[robot_decision-1] [1746791027.530]: Subscribers               [32mSUCCESS[0m -> [36mIDLE[0m
[robot_decision-1] [1746791027.530]: Inverter                  [33mRUNNING[0m -> [31mFAILURE[0m
[robot_decision-1] [1746791027.530]: HealthCheck               [36mIDLE[0m -> [33mRUNNING[0m
[robot_decision-1] [1746791027.530]: CheckIfHealth             [36mIDLE[0m -> [31mFAILURE[0m
[robot_decision-1] [1746791027.530]: CheckIfHealth             [31mFAILURE[0m -> [36mIDLE[0m
[robot_decision-1] [1746791027.530]: HealthCheck               [33mRUNNING[0m -> [31mFAILURE[0m
[robot_decision-1] [1746791027.531]: Inverter                  [31mFAILURE[0m -> [36mIDLE[0m
[robot_decision-1] [1746791027.531]: HealthCheck               [31mFAILURE[0m -> [36mIDLE[0m
[robot_decision-1] [1746791028.031]: Inverter                  [36mIDLE[0m -> [33mRUNNING[0m
[robot_decision-1] [1746791028.031]: Subscribers               [36mIDLE[0m -> [33mRUNNING[0m
[robot_decision-1] [INFO] [1746791028.030929154] [robot_decision]: [IfHealthSub] health value: 500
[robot_decision-1] [INFO] [1746791028.031063300] [robot_decision]: [OurOutpostSub] our outpost health value: 1500
[robot_decision-1] [INFO] [1746791028.031139005] [robot_decision]: [EnemyOutpostSub] enemy outpost health value: 1500
[robot_decision-1] [1746791028.031]: IfHealthSub               [36mIDLE[0m -> [32mSUCCESS[0m
[robot_decision-1] [1746791028.031]: OurOutpostSub             [36mIDLE[0m -> [32mSUCCESS[0m
[robot_decision-1] [1746791028.031]: EnemyOutpostSub           [36mIDLE[0m -> [32mSUCCESS[0m
[robot_decision-1] [1746791028.031]: IfHealthSub               [32mSUCCESS[0m -> [36mIDLE[0m
[robot_decision-1] [1746791028.031]: OurOutpostSub             [32mSUCCESS[0m -> [36mIDLE[0m
[robot_decision-1] [1746791028.031]: EnemyOutpostSub           [32mSUCCESS[0m -> [36mIDLE[0m
[robot_decision-1] [1746791028.031]: Subscribers               [33mRUNNING[0m -> [32mSUCCESS[0m
[robot_decision-1] [1746791028.031]: Subscribers               [32mSUCCESS[0m -> [36mIDLE[0m
[robot_decision-1] [1746791028.031]: Inverter                  [33mRUNNING[0m -> [31mFAILURE[0m
[robot_decision-1] [1746791028.031]: HealthCheck               [36mIDLE[0m -> [33mRUNNING[0m
[robot_decision-1] [1746791028.031]: CheckIfHealth             [36mIDLE[0m -> [31mFAILURE[0m
[robot_decision-1] [1746791028.031]: CheckIfHealth             [31mFAILURE[0m -> [36mIDLE[0m
[robot_decision-1] [1746791028.031]: HealthCheck               [33mRUNNING[0m -> [31mFAILURE[0m
[robot_decision-1] [1746791028.031]: Inverter                  [31mFAILURE[0m -> [36mIDLE[0m
[robot_decision-1] [1746791028.031]: HealthCheck               [31mFAILURE[0m -> [36mIDLE[0m
[robot_decision-1] [1746791028.532]: Inverter                  [36mIDLE[0m -> [33mRUNNING[0m
[robot_decision-1] [1746791028.532]: Subscribers               [36mIDLE[0m -> [33mRUNNING[0m
[robot_decision-1] [INFO] [1746791028.531740852] [robot_decision]: [IfHealthSub] health value: 500
[robot_decision-1] [INFO] [1746791028.531845131] [robot_decision]: [OurOutpostSub] our outpost health value: 1500
[robot_decision-1] [INFO] [1746791028.531900507] [robot_decision]: [EnemyOutpostSub] enemy outpost health value: 1500
[robot_decision-1] [INFO] [1746791028.532099316] [robot_decision]: Navigation Success!
[robot_decision-1] [ERROR] [1746791028.532254823] [robot_decision]: [IfHealthSub] invalid message
[robot_decision-1] [1746791028.532]: IfHealthSub               [36mIDLE[0m -> [32mSUCCESS[0m
[robot_decision-1] [1746791028.532]: OurOutpostSub             [36mIDLE[0m -> [32mSUCCESS[0m
[robot_decision-1] [1746791028.532]: EnemyOutpostSub           [36mIDLE[0m -> [32mSUCCESS[0m
[robot_decision-1] [1746791028.532]: IfHealthSub               [32mSUCCESS[0m -> [36mIDLE[0m
[robot_decision-1] [1746791028.532]: OurOutpostSub             [32mSUCCESS[0m -> [36mIDLE[0m
[robot_decision-1] [1746791028.532]: EnemyOutpostSub           [32mSUCCESS[0m -> [36mIDLE[0m
[robot_decision-1] [1746791028.532]: Subscribers               [33mRUNNING[0m -> [32mSUCCESS[0m
[robot_decision-1] [1746791028.532]: Subscribers               [32mSUCCESS[0m -> [36mIDLE[0m
[robot_decision-1] [1746791028.532]: Inverter                  [33mRUNNING[0m -> [31mFAILURE[0m
[robot_decision-1] [1746791028.532]: HealthCheck               [36mIDLE[0m -> [33mRUNNING[0m
[robot_decision-1] [1746791028.532]: CheckIfHealth             [36mIDLE[0m -> [31mFAILURE[0m
[robot_decision-1] [1746791028.532]: CheckIfHealth             [31mFAILURE[0m -> [36mIDLE[0m
[robot_decision-1] [1746791028.532]: HealthCheck               [33mRUNNING[0m -> [31mFAILURE[0m
[robot_decision-1] onResultReceived: 4
[robot_decision-1] [1746791028.532]: NavigateToPose            [33mRUNNING[0m -> [32mSUCCESS[0m
[robot_decision-1] [1746791028.532]: WaitNode                  [32mSUCCESS[0m -> [36mIDLE[0m
[robot_decision-1] [1746791028.532]: NavigateToPose            [32mSUCCESS[0m -> [36mIDLE[0m
[robot_decision-1] [1746791028.532]: Sequence                  [33mRUNNING[0m -> [32mSUCCESS[0m
[robot_decision-1] [1746791028.532]: Sequence                  [32mSUCCESS[0m -> [36mIDLE[0m
[robot_decision-1] [1746791028.532]: RetryUntilSuccessful      [33mRUNNING[0m -> [32mSUCCESS[0m
[robot_decision-1] [1746791028.532]: CheckIfHealth             [32mSUCCESS[0m -> [36mIDLE[0m
[robot_decision-1] [1746791028.532]: RetryUntilSuccessful      [32mSUCCESS[0m -> [36mIDLE[0m
[robot_decision-1] [1746791028.532]: BothOutpostAlive          [33mRUNNING[0m -> [32mSUCCESS[0m
[robot_decision-1] [1746791028.532]: OurOutpostDead            [31mFAILURE[0m -> [36mIDLE[0m
[robot_decision-1] [1746791028.532]: EnemyOutpostDead          [31mFAILURE[0m -> [36mIDLE[0m
[robot_decision-1] [1746791028.532]: BothOutpostAlive          [32mSUCCESS[0m -> [36mIDLE[0m
[robot_decision-1] [1746791028.532]: BaseStatusLogic           [33mRUNNING[0m -> [32mSUCCESS[0m
[robot_decision-1] [1746791028.532]: Inverter                  [31mFAILURE[0m -> [36mIDLE[0m
[robot_decision-1] [1746791028.532]: HealthCheck               [31mFAILURE[0m -> [36mIDLE[0m
[robot_decision-1] [1746791028.532]: BaseStatusLogic           [32mSUCCESS[0m -> [36mIDLE[0m
[robot_decision-1] [1746791028.532]: ActionSequence            [33mRUNNING[0m -> [32mSUCCESS[0m
[robot_decision-1] [1746791028.532]: ActionSequence            [32mSUCCESS[0m -> [36mIDLE[0m
[robot_decision-1] [1746791028.532]: ActionSequence            [36mIDLE[0m -> [33mRUNNING[0m
[robot_decision-1] [1746791028.532]: Inverter                  [36mIDLE[0m -> [33mRUNNING[0m
[robot_decision-1] [1746791028.532]: Subscribers               [36mIDLE[0m -> [33mRUNNING[0m
[robot_decision-1] [1746791028.532]: IfHealthSub               [36mIDLE[0m -> [31mFAILURE[0m
[robot_decision-1] [1746791028.532]: IfHealthSub               [31mFAILURE[0m -> [36mIDLE[0m
[robot_decision-1] [1746791028.532]: Subscribers               [33mRUNNING[0m -> [31mFAILURE[0m
[robot_decision-1] [1746791028.532]: Subscribers               [31mFAILURE[0m -> [36mIDLE[0m
[robot_decision-1] [1746791028.532]: Inverter                  [33mRUNNING[0m -> [32mSUCCESS[0m
[robot_decision-1] [1746791028.532]: Inverter                  [32mSUCCESS[0m -> [36mIDLE[0m
[robot_decision-1] [1746791028.532]: ActionSequence            [33mRUNNING[0m -> [32mSUCCESS[0m
[robot_decision-1] [1746791028.532]: ActionSequence            [32mSUCCESS[0m -> [36mIDLE[0m
[robot_decision-1] [1746791029.033]: ActionSequence            [36mIDLE[0m -> [33mRUNNING[0m
[robot_decision-1] [1746791029.033]: Inverter                  [36mIDLE[0m -> [33mRUNNING[0m
[robot_decision-1] [1746791029.033]: Subscribers               [36mIDLE[0m -> [33mRUNNING[0m
[robot_decision-1] [INFO] [1746791029.033036933] [robot_decision]: [IfHealthSub] health value: 500
[robot_decision-1] [INFO] [1746791029.033283073] [robot_decision]: [OurOutpostSub] our outpost health value: 1500
[robot_decision-1] [1746791029.033]: IfHealthSub               [36mIDLE[0m -> [32mSUCCESS[0m
[robot_decision-1] [1746791029.033]: OurOutpostSub             [36mIDLE[0m -> [32mSUCCESS[0m
[robot_decision-1] [1746791029.033]: EnemyOutpostSub           [36mIDLE[0m -> [32mSUCCESS[0m
[robot_decision-1] [1746791029.033]: IfHealthSub               [32mSUCCESS[0m -> [36mIDLE[0m
[robot_decision-1] [1746791029.033]: OurOutpostSub             [32mSUCCESS[0m -> [36mIDLE[0m
[robot_decision-1] [1746791029.033]: EnemyOutpostSub           [32mSUCCESS[0m -> [36mIDLE[0m
[robot_decision-1] [1746791029.033]: Subscribers               [33mRUNNING[0m -> [32mSUCCESS[0m
[robot_decision-1] [1746791029.033]: Subscribers               [32mSUCCESS[0m -> [36mIDLE[0m
[robot_decision-1] [1746791029.033]: Inverter                  [33mRUNNING[0m -> [31mFAILURE[0m
[robot_decision-1] [1746791029.033]: HealthCheck               [36mIDLE[0m -> [33mRUNNING[0m
[robot_decision-1] [1746791029.034]: CheckIfHealth             [36mIDLE[0m -> [31mFAILURE[0m
[robot_decision-1] [1746791029.034]: CheckIfHealth             [31mFAILURE[0m -> [36mIDLE[0m
[robot_decision-1] [1746791029.034]: HealthCheck               [33mRUNNING[0m -> [31mFAILURE[0m
[robot_decision-1] [1746791029.034]: BaseStatusLogic           [36mIDLE[0m -> [33mRUNNING[0m
[robot_decision-1] [1746791029.034]: OurOutpostDead            [36mIDLE[0m -> [33mRUNNING[0m
[robot_decision-1] [1746791029.034]: CheckIfHealth             [36mIDLE[0m -> [32mSUCCESS[0m
[robot_decision-1] [1746791029.034]: IsOurOutpostDead          [36mIDLE[0m -> [31mFAILURE[0m
[robot_decision-1] [1746791029.034]: CheckIfHealth             [32mSUCCESS[0m -> [36mIDLE[0m
[robot_decision-1] [1746791029.034]: IsOurOutpostDead          [31mFAILURE[0m -> [36mIDLE[0m
[robot_decision-1] [1746791029.034]: OurOutpostDead            [33mRUNNING[0m -> [31mFAILURE[0m
[robot_decision-1] [1746791029.034]: EnemyOutpostDead          [36mIDLE[0m -> [33mRUNNING[0m
[robot_decision-1] [1746791029.034]: CheckIfHealth             [36mIDLE[0m -> [32mSUCCESS[0m
[robot_decision-1] [1746791029.034]: IsEnemyOutpostDead        [36mIDLE[0m -> [31mFAILURE[0m
[robot_decision-1] [1746791029.034]: CheckIfHealth             [32mSUCCESS[0m -> [36mIDLE[0m
[robot_decision-1] [1746791029.034]: IsEnemyOutpostDead        [31mFAILURE[0m -> [36mIDLE[0m
[robot_decision-1] [1746791029.034]: EnemyOutpostDead          [33mRUNNING[0m -> [31mFAILURE[0m
[robot_decision-1] [1746791029.034]: BothOutpostAlive          [36mIDLE[0m -> [33mRUNNING[0m
[robot_decision-1] [1746791029.034]: CheckIfHealth             [36mIDLE[0m -> [32mSUCCESS[0m
[robot_decision-1] [1746791029.034]: RetryUntilSuccessful      [36mIDLE[0m -> [33mRUNNING[0m
[robot_decision-1] [1746791029.034]: Sequence                  [36mIDLE[0m -> [33mRUNNING[0m
[robot_decision-1] [1746791029.034]: WaitNode                  [36mIDLE[0m -> [33mRUNNING[0m
[robot_decision-1] [1746791029.034]: Inverter                  [31mFAILURE[0m -> [36mIDLE[0m
[robot_decision-1] [1746791029.034]: HealthCheck               [31mFAILURE[0m -> [36mIDLE[0m
[robot_decision-1] [INFO] [1746791029.033397772] [robot_decision]: [EnemyOutpostSub] enemy outpost health value: 1500
[robot_decision-1] [INFO] [1746791029.033582495] [IfHealth]: [CheckIfHealth] amount of blood: 500
[robot_decision-1] [INFO] [1746791029.033624515] [CheckOutposet]: [IsOurOutpostDead] Our outpost health: 1500 (alive)
[robot_decision-1] [INFO] [1746791029.033682015] [IfHealth]: [CheckIfHealth] amount of blood: 500
[robot_decision-1] [INFO] [1746791029.033712403] [CheckEnemyposet]: [IsEnemyOutpostDead] Enemy outpost health: 1500 (alive)
[robot_decision-1] [INFO] [1746791029.033772217] [IfHealth]: [CheckIfHealth] amount of blood: 500
[robot_decision-1] [1746791029.534]: Inverter                  [36mIDLE[0m -> [33mRUNNING[0m
[robot_decision-1] [1746791029.534]: Subscribers               [36mIDLE[0m -> [33mRUNNING[0m
[robot_decision-1] [1746791029.534]: IfHealthSub               [36mIDLE[0m -> [32mSUCCESS[0m
[robot_decision-1] [1746791029.534]: OurOutpostSub             [36mIDLE[0m -> [32mSUCCESS[0m
[robot_decision-1] [1746791029.535]: EnemyOutpostSub           [36mIDLE[0m -> [32mSUCCESS[0m
[robot_decision-1] [1746791029.535]: IfHealthSub               [32mSUCCESS[0m -> [36mIDLE[0m
[robot_decision-1] [1746791029.535]: OurOutpostSub             [32mSUCCESS[0m -> [36mIDLE[0m
[robot_decision-1] [1746791029.535]: EnemyOutpostSub           [32mSUCCESS[0m -> [36mIDLE[0m
[robot_decision-1] [1746791029.535]: Subscribers               [33mRUNNING[0m -> [32mSUCCESS[0m
[robot_decision-1] [1746791029.535]: Subscribers               [32mSUCCESS[0m -> [36mIDLE[0m
[robot_decision-1] [1746791029.535]: Inverter                  [33mRUNNING[0m -> [31mFAILURE[0m
[robot_decision-1] [1746791029.535]: HealthCheck               [36mIDLE[0m -> [33mRUNNING[0m
[robot_decision-1] [1746791029.535]: CheckIfHealth             [36mIDLE[0m -> [31mFAILURE[0m
[robot_decision-1] [1746791029.535]: CheckIfHealth             [31mFAILURE[0m -> [36mIDLE[0m
[robot_decision-1] [1746791029.535]: HealthCheck               [33mRUNNING[0m -> [31mFAILURE[0m
[robot_decision-1] [1746791029.535]: WaitNode                  [33mRUNNING[0m -> [32mSUCCESS[0m
[robot_decision-1] [1746791029.535]: NavigateToPose            [36mIDLE[0m -> [33mRUNNING[0m
[robot_decision-1] Point key: 1 x:3 y:0.45
[robot_decision-1] [1746791029.535]: Inverter                  [31mFAILURE[0m -> [36mIDLE[0m
[robot_decision-1] [1746791029.535]: HealthCheck               [31mFAILURE[0m -> [36mIDLE[0m
[robot_decision-1] [INFO] [1746791029.534339145] [robot_decision]: [IfHealthSub] health value: 500
[robot_decision-1] [INFO] [1746791029.534470486] [robot_decision]: [OurOutpostSub] our outpost health value: 1500
[robot_decision-1] [INFO] [1746791029.534539137] [robot_decision]: [EnemyOutpostSub] enemy outpost health value: 1500
[robot_decision-1] [1746791030.039]: Inverter                  [36mIDLE[0m -> [33mRUNNING[0m
[robot_decision-1] [1746791030.039]: Subscribers               [36mIDLE[0m -> [33mRUNNING[0m
[robot_decision-1] [1746791030.039]: IfHealthSub               [36mIDLE[0m -> [32mSUCCESS[0m
[robot_decision-1] [1746791030.039]: OurOutpostSub             [36mIDLE[0m -> [32mSUCCESS[0m
[robot_decision-1] [1746791030.039]: EnemyOutpostSub           [36mIDLE[0m -> [32mSUCCESS[0m
[robot_decision-1] [1746791030.039]: IfHealthSub               [32mSUCCESS[0m -> [36mIDLE[0m
[robot_decision-1] [1746791030.039]: OurOutpostSub             [32mSUCCESS[0m -> [36mIDLE[0m
[robot_decision-1] [1746791030.039]: EnemyOutpostSub           [32mSUCCESS[0m -> [36mIDLE[0m
[robot_decision-1] [1746791030.039]: Subscribers               [33mRUNNING[0m -> [32mSUCCESS[0m
[robot_decision-1] [1746791030.039]: Subscribers               [32mSUCCESS[0m -> [36mIDLE[0m
[robot_decision-1] [1746791030.039]: Inverter                  [33mRUNNING[0m -> [31mFAILURE[0m
[robot_decision-1] [1746791030.039]: HealthCheck               [36mIDLE[0m -> [33mRUNNING[0m
[robot_decision-1] [1746791030.039]: CheckIfHealth             [36mIDLE[0m -> [31mFAILURE[0m
[robot_decision-1] [1746791030.039]: CheckIfHealth             [31mFAILURE[0m -> [36mIDLE[0m
[robot_decision-1] [1746791030.039]: HealthCheck               [33mRUNNING[0m -> [31mFAILURE[0m
[robot_decision-1] [1746791030.040]: Inverter                  [31mFAILURE[0m -> [36mIDLE[0m
[robot_decision-1] [1746791030.040]: HealthCheck               [31mFAILURE[0m -> [36mIDLE[0m
[robot_decision-1] [INFO] [1746791030.039221543] [robot_decision]: [IfHealthSub] health value: 500
[robot_decision-1] [INFO] [1746791030.039341252] [robot_decision]: [OurOutpostSub] our outpost health value: 1500
[robot_decision-1] [INFO] [1746791030.039395736] [robot_decision]: [EnemyOutpostSub] enemy outpost health value: 1500
[robot_decision-1] [1746791030.540]: Inverter                  [36mIDLE[0m -> [33mRUNNING[0m
[robot_decision-1] [1746791030.540]: Subscribers               [36mIDLE[0m -> [33mRUNNING[0m
[robot_decision-1] [1746791030.540]: IfHealthSub               [36mIDLE[0m -> [32mSUCCESS[0m
[robot_decision-1] [1746791030.540]: OurOutpostSub             [36mIDLE[0m -> [32mSUCCESS[0m
[robot_decision-1] [INFO] [1746791030.540272044] [robot_decision]: [IfHealthSub] health value: 500
[robot_decision-1] [INFO] [1746791030.540391612] [robot_decision]: [OurOutpostSub] our outpost health value: 1500
[robot_decision-1] [INFO] [1746791030.540463229] [robot_decision]: [EnemyOutpostSub] enemy outpost health value: 1500
[robot_decision-1] [1746791030.540]: EnemyOutpostSub           [36mIDLE[0m -> [32mSUCCESS[0m
[robot_decision-1] [1746791030.540]: IfHealthSub               [32mSUCCESS[0m -> [36mIDLE[0m
[robot_decision-1] [1746791030.540]: OurOutpostSub             [32mSUCCESS[0m -> [36mIDLE[0m
[robot_decision-1] [1746791030.541]: EnemyOutpostSub           [32mSUCCESS[0m -> [36mIDLE[0m
[robot_decision-1] [1746791030.541]: Subscribers               [33mRUNNING[0m -> [32mSUCCESS[0m
[robot_decision-1] [1746791030.541]: Subscribers               [32mSUCCESS[0m -> [36mIDLE[0m
[robot_decision-1] [1746791030.541]: Inverter                  [33mRUNNING[0m -> [31mFAILURE[0m
[robot_decision-1] [1746791030.541]: HealthCheck               [36mIDLE[0m -> [33mRUNNING[0m
[robot_decision-1] [1746791030.541]: CheckIfHealth             [36mIDLE[0m -> [31mFAILURE[0m
[robot_decision-1] [1746791030.541]: CheckIfHealth             [31mFAILURE[0m -> [36mIDLE[0m
[robot_decision-1] [1746791030.541]: HealthCheck               [33mRUNNING[0m -> [31mFAILURE[0m
[robot_decision-1] [1746791030.541]: Inverter                  [31mFAILURE[0m -> [36mIDLE[0m
[robot_decision-1] [1746791030.541]: HealthCheck               [31mFAILURE[0m -> [36mIDLE[0m
[robot_decision-1] [1746791031.041]: Inverter                  [36mIDLE[0m -> [33mRUNNING[0m
[robot_decision-1] [1746791031.041]: Subscribers               [36mIDLE[0m -> [33mRUNNING[0m
[robot_decision-1] [1746791031.042]: IfHealthSub               [36mIDLE[0m -> [32mSUCCESS[0m
[robot_decision-1] [INFO] [1746791031.041749537] [robot_decision]: [IfHealthSub] health value: 500
[robot_decision-1] [INFO] [1746791031.042195619] [robot_decision]: [OurOutpostSub] our outpost health value: 1500
[robot_decision-1] [1746791031.042]: OurOutpostSub             [36mIDLE[0m -> [32mSUCCESS[0m
[robot_decision-1] [1746791031.042]: EnemyOutpostSub           [36mIDLE[0m -> [32mSUCCESS[0m
[robot_decision-1] [1746791031.042]: IfHealthSub               [32mSUCCESS[0m -> [36mIDLE[0m
[robot_decision-1] [1746791031.042]: OurOutpostSub             [32mSUCCESS[0m -> [36mIDLE[0m
[robot_decision-1] [1746791031.042]: EnemyOutpostSub           [32mSUCCESS[0m -> [36mIDLE[0m
[robot_decision-1] [1746791031.042]: Subscribers               [33mRUNNING[0m -> [32mSUCCESS[0m
[robot_decision-1] [1746791031.042]: Subscribers               [32mSUCCESS[0m -> [36mIDLE[0m
[robot_decision-1] [1746791031.042]: Inverter                  [33mRUNNING[0m -> [31mFAILURE[0m
[robot_decision-1] [1746791031.042]: HealthCheck               [36mIDLE[0m -> [33mRUNNING[0m
[robot_decision-1] [1746791031.043]: CheckIfHealth             [36mIDLE[0m -> [31mFAILURE[0m
[robot_decision-1] [1746791031.043]: CheckIfHealth             [31mFAILURE[0m -> [36mIDLE[0m
[robot_decision-1] [1746791031.043]: HealthCheck               [33mRUNNING[0m -> [31mFAILURE[0m
[robot_decision-1] [INFO] [1746791031.042365514] [robot_decision]: [EnemyOutpostSub] enemy outpost health value: 1500
[robot_decision-1] [1746791031.043]: Inverter                  [31mFAILURE[0m -> [36mIDLE[0m
[robot_decision-1] [1746791031.043]: HealthCheck               [31mFAILURE[0m -> [36mIDLE[0m
[robot_decision-1] [1746791031.543]: Inverter                  [36mIDLE[0m -> [33mRUNNING[0m
[robot_decision-1] [1746791031.543]: Subscribers               [36mIDLE[0m -> [33mRUNNING[0m
[robot_decision-1] [INFO] [1746791031.543159253] [robot_decision]: [IfHealthSub] health value: 500
[robot_decision-1] [INFO] [1746791031.543273431] [robot_decision]: [OurOutpostSub] our outpost health value: 1500
[robot_decision-1] [INFO] [1746791031.543339828] [robot_decision]: [EnemyOutpostSub] enemy outpost health value: 1500
[robot_decision-1] [1746791031.543]: IfHealthSub               [36mIDLE[0m -> [32mSUCCESS[0m
[robot_decision-1] [1746791031.543]: OurOutpostSub             [36mIDLE[0m -> [32mSUCCESS[0m
[robot_decision-1] [1746791031.543]: EnemyOutpostSub           [36mIDLE[0m -> [32mSUCCESS[0m
[robot_decision-1] [1746791031.543]: IfHealthSub               [32mSUCCESS[0m -> [36mIDLE[0m
[robot_decision-1] [1746791031.543]: OurOutpostSub             [32mSUCCESS[0m -> [36mIDLE[0m
[robot_decision-1] [1746791031.543]: EnemyOutpostSub           [32mSUCCESS[0m -> [36mIDLE[0m
[robot_decision-1] [1746791031.543]: Subscribers               [33mRUNNING[0m -> [32mSUCCESS[0m
[robot_decision-1] [1746791031.543]: Subscribers               [32mSUCCESS[0m -> [36mIDLE[0m
[robot_decision-1] [1746791031.543]: Inverter                  [33mRUNNING[0m -> [31mFAILURE[0m
[robot_decision-1] [1746791031.543]: HealthCheck               [36mIDLE[0m -> [33mRUNNING[0m
[robot_decision-1] [1746791031.543]: CheckIfHealth             [36mIDLE[0m -> [31mFAILURE[0m
[robot_decision-1] [1746791031.543]: CheckIfHealth             [31mFAILURE[0m -> [36mIDLE[0m
[robot_decision-1] [1746791031.543]: HealthCheck               [33mRUNNING[0m -> [31mFAILURE[0m
[robot_decision-1] [1746791031.544]: Inverter                  [31mFAILURE[0m -> [36mIDLE[0m
[robot_decision-1] [1746791031.544]: HealthCheck               [31mFAILURE[0m -> [36mIDLE[0m
[robot_decision-1] [1746791032.044]: Inverter                  [36mIDLE[0m -> [33mRUNNING[0m
[robot_decision-1] [1746791032.044]: Subscribers               [36mIDLE[0m -> [33mRUNNING[0m
[robot_decision-1] [INFO] [1746791032.044122773] [robot_decision]: [IfHealthSub] health value: 500
[robot_decision-1] [INFO] [1746791032.044335219] [robot_decision]: [OurOutpostSub] our outpost health value: 1500
[robot_decision-1] [INFO] [1746791032.044402567] [robot_decision]: [EnemyOutpostSub] enemy outpost health value: 1500
[robot_decision-1] [INFO] [1746791032.044668495] [robot_decision]: Navigation Success!
[robot_decision-1] [ERROR] [1746791032.044817460] [robot_decision]: [IfHealthSub] invalid message
[robot_decision-1] [1746791032.044]: IfHealthSub               [36mIDLE[0m -> [32mSUCCESS[0m
[robot_decision-1] [1746791032.044]: OurOutpostSub             [36mIDLE[0m -> [32mSUCCESS[0m
[robot_decision-1] [1746791032.044]: EnemyOutpostSub           [36mIDLE[0m -> [32mSUCCESS[0m
[robot_decision-1] [1746791032.044]: IfHealthSub               [32mSUCCESS[0m -> [36mIDLE[0m
[robot_decision-1] [1746791032.044]: OurOutpostSub             [32mSUCCESS[0m -> [36mIDLE[0m
[robot_decision-1] [1746791032.044]: EnemyOutpostSub           [32mSUCCESS[0m -> [36mIDLE[0m
[robot_decision-1] [1746791032.044]: Subscribers               [33mRUNNING[0m -> [32mSUCCESS[0m
[robot_decision-1] [1746791032.044]: Subscribers               [32mSUCCESS[0m -> [36mIDLE[0m
[robot_decision-1] [1746791032.044]: Inverter                  [33mRUNNING[0m -> [31mFAILURE[0m
[robot_decision-1] [1746791032.044]: HealthCheck               [36mIDLE[0m -> [33mRUNNING[0m
[robot_decision-1] [1746791032.044]: CheckIfHealth             [36mIDLE[0m -> [31mFAILURE[0m
[robot_decision-1] [1746791032.044]: CheckIfHealth             [31mFAILURE[0m -> [36mIDLE[0m
[robot_decision-1] [1746791032.044]: HealthCheck               [33mRUNNING[0m -> [31mFAILURE[0m
[robot_decision-1] onResultReceived: 4
[robot_decision-1] [1746791032.045]: NavigateToPose            [33mRUNNING[0m -> [32mSUCCESS[0m
[robot_decision-1] [1746791032.045]: WaitNode                  [32mSUCCESS[0m -> [36mIDLE[0m
[robot_decision-1] [1746791032.045]: NavigateToPose            [32mSUCCESS[0m -> [36mIDLE[0m
[robot_decision-1] [1746791032.045]: Sequence                  [33mRUNNING[0m -> [32mSUCCESS[0m
[robot_decision-1] [1746791032.045]: Sequence                  [32mSUCCESS[0m -> [36mIDLE[0m
[robot_decision-1] [1746791032.045]: RetryUntilSuccessful      [33mRUNNING[0m -> [32mSUCCESS[0m
[robot_decision-1] [1746791032.045]: CheckIfHealth             [32mSUCCESS[0m -> [36mIDLE[0m
[robot_decision-1] [1746791032.045]: RetryUntilSuccessful      [32mSUCCESS[0m -> [36mIDLE[0m
[robot_decision-1] [1746791032.045]: BothOutpostAlive          [33mRUNNING[0m -> [32mSUCCESS[0m
[robot_decision-1] [1746791032.045]: OurOutpostDead            [31mFAILURE[0m -> [36mIDLE[0m
[robot_decision-1] [1746791032.045]: EnemyOutpostDead          [31mFAILURE[0m -> [36mIDLE[0m
[robot_decision-1] [1746791032.045]: BothOutpostAlive          [32mSUCCESS[0m -> [36mIDLE[0m
[robot_decision-1] [1746791032.045]: BaseStatusLogic           [33mRUNNING[0m -> [32mSUCCESS[0m
[robot_decision-1] [1746791032.045]: Inverter                  [31mFAILURE[0m -> [36mIDLE[0m
[robot_decision-1] [1746791032.045]: HealthCheck               [31mFAILURE[0m -> [36mIDLE[0m
[robot_decision-1] [1746791032.045]: BaseStatusLogic           [32mSUCCESS[0m -> [36mIDLE[0m
[robot_decision-1] [1746791032.045]: ActionSequence            [33mRUNNING[0m -> [32mSUCCESS[0m
[robot_decision-1] [1746791032.045]: ActionSequence            [32mSUCCESS[0m -> [36mIDLE[0m
[robot_decision-1] [1746791032.045]: ActionSequence            [36mIDLE[0m -> [33mRUNNING[0m
[robot_decision-1] [1746791032.045]: Inverter                  [36mIDLE[0m -> [33mRUNNING[0m
[robot_decision-1] [1746791032.045]: Subscribers               [36mIDLE[0m -> [33mRUNNING[0m
[robot_decision-1] [1746791032.045]: IfHealthSub               [36mIDLE[0m -> [31mFAILURE[0m
[robot_decision-1] [1746791032.045]: IfHealthSub               [31mFAILURE[0m -> [36mIDLE[0m
[robot_decision-1] [1746791032.045]: Subscribers               [33mRUNNING[0m -> [31mFAILURE[0m
[robot_decision-1] [1746791032.045]: Subscribers               [31mFAILURE[0m -> [36mIDLE[0m
[robot_decision-1] [1746791032.045]: Inverter                  [33mRUNNING[0m -> [32mSUCCESS[0m
[robot_decision-1] [1746791032.045]: Inverter                  [32mSUCCESS[0m -> [36mIDLE[0m
[robot_decision-1] [1746791032.045]: ActionSequence            [33mRUNNING[0m -> [32mSUCCESS[0m
[robot_decision-1] [1746791032.045]: ActionSequence            [32mSUCCESS[0m -> [36mIDLE[0m
[robot_decision-1] [1746791032.545]: ActionSequence            [36mIDLE[0m -> [33mRUNNING[0m
[robot_decision-1] [1746791032.545]: Inverter                  [36mIDLE[0m -> [33mRUNNING[0m
[robot_decision-1] [1746791032.545]: Subscribers               [36mIDLE[0m -> [33mRUNNING[0m
[robot_decision-1] [INFO] [1746791032.545433919] [robot_decision]: [IfHealthSub] health value: 500
[robot_decision-1] [INFO] [1746791032.545674348] [robot_decision]: [OurOutpostSub] our outpost health value: 1500
[robot_decision-1] [1746791032.546]: IfHealthSub               [36mIDLE[0m -> [32mSUCCESS[0m
[robot_decision-1] [1746791032.546]: OurOutpostSub             [36mIDLE[0m -> [32mSUCCESS[0m
[robot_decision-1] [1746791032.546]: EnemyOutpostSub           [36mIDLE[0m -> [32mSUCCESS[0m
[robot_decision-1] [1746791032.546]: IfHealthSub               [32mSUCCESS[0m -> [36mIDLE[0m
[robot_decision-1] [1746791032.546]: OurOutpostSub             [32mSUCCESS[0m -> [36mIDLE[0m
[robot_decision-1] [1746791032.546]: EnemyOutpostSub           [32mSUCCESS[0m -> [36mIDLE[0m
[robot_decision-1] [1746791032.546]: Subscribers               [33mRUNNING[0m -> [32mSUCCESS[0m
[robot_decision-1] [1746791032.546]: Subscribers               [32mSUCCESS[0m -> [36mIDLE[0m
[robot_decision-1] [1746791032.546]: Inverter                  [33mRUNNING[0m -> [31mFAILURE[0m
[robot_decision-1] [1746791032.546]: HealthCheck               [36mIDLE[0m -> [33mRUNNING[0m
[robot_decision-1] [1746791032.546]: CheckIfHealth             [36mIDLE[0m -> [31mFAILURE[0m
[robot_decision-1] [1746791032.546]: CheckIfHealth             [31mFAILURE[0m -> [36mIDLE[0m
[robot_decision-1] [1746791032.546]: HealthCheck               [33mRUNNING[0m -> [31mFAILURE[0m
[robot_decision-1] [1746791032.546]: BaseStatusLogic           [36mIDLE[0m -> [33mRUNNING[0m
[robot_decision-1] [1746791032.546]: OurOutpostDead            [36mIDLE[0m -> [33mRUNNING[0m
[robot_decision-1] [1746791032.546]: CheckIfHealth             [36mIDLE[0m -> [32mSUCCESS[0m
[robot_decision-1] [1746791032.546]: IsOurOutpostDead          [36mIDLE[0m -> [31mFAILURE[0m
[robot_decision-1] [1746791032.546]: CheckIfHealth             [32mSUCCESS[0m -> [36mIDLE[0m
[robot_decision-1] [1746791032.546]: IsOurOutpostDead          [31mFAILURE[0m -> [36mIDLE[0m
[robot_decision-1] [1746791032.546]: OurOutpostDead            [33mRUNNING[0m -> [31mFAILURE[0m
[robot_decision-1] [1746791032.546]: EnemyOutpostDead          [36mIDLE[0m -> [33mRUNNING[0m
[robot_decision-1] [1746791032.546]: CheckIfHealth             [36mIDLE[0m -> [32mSUCCESS[0m
[robot_decision-1] [1746791032.546]: IsEnemyOutpostDead        [36mIDLE[0m -> [32mSUCCESS[0m
[robot_decision-1] [1746791032.546]: RetryUntilSuccessful      [36mIDLE[0m -> [33mRUNNING[0m
[robot_decision-1] [1746791032.546]: Sequence                  [36mIDLE[0m -> [33mRUNNING[0m
[robot_decision-1] [1746791032.546]: WaitNode                  [36mIDLE[0m -> [33mRUNNING[0m
[robot_decision-1] [1746791032.546]: Inverter                  [31mFAILURE[0m -> [36mIDLE[0m
[robot_decision-1] [1746791032.546]: HealthCheck               [31mFAILURE[0m -> [36mIDLE[0m
[robot_decision-1] [INFO] [1746791032.545791842] [robot_decision]: [EnemyOutpostSub] enemy outpost health value: 0
[robot_decision-1] [INFO] [1746791032.545943773] [IfHealth]: [CheckIfHealth] amount of blood: 500
[robot_decision-1] [INFO] [1746791032.545976565] [CheckOutposet]: [IsOurOutpostDead] Our outpost health: 1500 (alive)
[robot_decision-1] [INFO] [1746791032.546290645] [IfHealth]: [CheckIfHealth] amount of blood: 500
[robot_decision-1] [INFO] [1746791032.546342945] [CheckEnemyposet]: [IsEnemyOutpostDead] Enemy outpost health: 0 (dead/critical)
[robot_decision-1] [1746791033.047]: Inverter                  [36mIDLE[0m -> [33mRUNNING[0m
[robot_decision-1] [1746791033.047]: Subscribers               [36mIDLE[0m -> [33mRUNNING[0m
[robot_decision-1] [INFO] [1746791033.046914015] [robot_decision]: [IfHealthSub] health value: 500
[robot_decision-1] [INFO] [1746791033.047012483] [robot_decision]: [OurOutpostSub] our outpost health value: 1500
[robot_decision-1] [INFO] [1746791033.047059903] [robot_decision]: [EnemyOutpostSub] enemy outpost health value: 0
[robot_decision-1] [1746791033.047]: IfHealthSub               [36mIDLE[0m -> [32mSUCCESS[0m
[robot_decision-1] [1746791033.047]: OurOutpostSub             [36mIDLE[0m -> [32mSUCCESS[0m
[robot_decision-1] [1746791033.047]: EnemyOutpostSub           [36mIDLE[0m -> [32mSUCCESS[0m
[robot_decision-1] [1746791033.047]: IfHealthSub               [32mSUCCESS[0m -> [36mIDLE[0m
[robot_decision-1] [1746791033.047]: OurOutpostSub             [32mSUCCESS[0m -> [36mIDLE[0m
[robot_decision-1] [1746791033.047]: EnemyOutpostSub           [32mSUCCESS[0m -> [36mIDLE[0m
[robot_decision-1] [1746791033.047]: Subscribers               [33mRUNNING[0m -> [32mSUCCESS[0m
[robot_decision-1] [1746791033.047]: Subscribers               [32mSUCCESS[0m -> [36mIDLE[0m
[robot_decision-1] [1746791033.047]: Inverter                  [33mRUNNING[0m -> [31mFAILURE[0m
[robot_decision-1] [1746791033.047]: HealthCheck               [36mIDLE[0m -> [33mRUNNING[0m
[robot_decision-1] [1746791033.047]: CheckIfHealth             [36mIDLE[0m -> [31mFAILURE[0m
[robot_decision-1] [1746791033.047]: CheckIfHealth             [31mFAILURE[0m -> [36mIDLE[0m
[robot_decision-1] [1746791033.047]: HealthCheck               [33mRUNNING[0m -> [31mFAILURE[0m
[robot_decision-1] [1746791033.047]: WaitNode                  [33mRUNNING[0m -> [32mSUCCESS[0m
[robot_decision-1] [1746791033.047]: NavigateToPose            [36mIDLE[0m -> [33mRUNNING[0m
[robot_decision-1] Point key: 4 x:4 y:0.45
[robot_decision-1] [1746791033.048]: Inverter                  [31mFAILURE[0m -> [36mIDLE[0m
[robot_decision-1] [1746791033.048]: HealthCheck               [31mFAILURE[0m -> [36mIDLE[0m
[robot_decision-1] [1746791033.548]: Inverter                  [36mIDLE[0m -> [33mRUNNING[0m
[robot_decision-1] [1746791033.548]: Subscribers               [36mIDLE[0m -> [33mRUNNING[0m
[robot_decision-1] [1746791033.548]: IfHealthSub               [36mIDLE[0m -> [32mSUCCESS[0m
[robot_decision-1] [1746791033.548]: OurOutpostSub             [36mIDLE[0m -> [32mSUCCESS[0m
[robot_decision-1] [1746791033.549]: EnemyOutpostSub           [36mIDLE[0m -> [32mSUCCESS[0m
[robot_decision-1] [1746791033.549]: IfHealthSub               [32mSUCCESS[0m -> [36mIDLE[0m
[robot_decision-1] [1746791033.549]: OurOutpostSub             [32mSUCCESS[0m -> [36mIDLE[0m
[robot_decision-1] [1746791033.549]: EnemyOutpostSub           [32mSUCCESS[0m -> [36mIDLE[0m
[robot_decision-1] [1746791033.549]: Subscribers               [33mRUNNING[0m -> [32mSUCCESS[0m
[robot_decision-1] [1746791033.549]: Subscribers               [32mSUCCESS[0m -> [36mIDLE[0m
[robot_decision-1] [1746791033.549]: Inverter                  [33mRUNNING[0m -> [31mFAILURE[0m
[robot_decision-1] [1746791033.549]: HealthCheck               [36mIDLE[0m -> [33mRUNNING[0m
[robot_decision-1] [1746791033.549]: CheckIfHealth             [36mIDLE[0m -> [31mFAILURE[0m
[robot_decision-1] [1746791033.549]: CheckIfHealth             [31mFAILURE[0m -> [36mIDLE[0m
[robot_decision-1] [1746791033.549]: HealthCheck               [33mRUNNING[0m -> [31mFAILURE[0m
[robot_decision-1] [INFO] [1746791033.548229958] [robot_decision]: [IfHealthSub] health value: 500
[robot_decision-1] [INFO] [1746791033.548439659] [robot_decision]: [OurOutpostSub] our outpost health value: 1500
[robot_decision-1] [INFO] [1746791033.548522787] [robot_decision]: [EnemyOutpostSub] enemy outpost health value: 0
[robot_decision-1] [1746791033.549]: Inverter                  [31mFAILURE[0m -> [36mIDLE[0m
[robot_decision-1] [1746791033.549]: HealthCheck               [31mFAILURE[0m -> [36mIDLE[0m
[robot_decision-1] [1746791034.049]: Inverter                  [36mIDLE[0m -> [33mRUNNING[0m
[robot_decision-1] [1746791034.049]: Subscribers               [36mIDLE[0m -> [33mRUNNING[0m
[robot_decision-1] [1746791034.050]: IfHealthSub               [36mIDLE[0m -> [32mSUCCESS[0m
[robot_decision-1] [1746791034.050]: OurOutpostSub             [36mIDLE[0m -> [32mSUCCESS[0m
[robot_decision-1] [1746791034.050]: EnemyOutpostSub           [36mIDLE[0m -> [32mSUCCESS[0m
[robot_decision-1] [1746791034.050]: IfHealthSub               [32mSUCCESS[0m -> [36mIDLE[0m
[robot_decision-1] [1746791034.050]: OurOutpostSub             [32mSUCCESS[0m -> [36mIDLE[0m
[robot_decision-1] [1746791034.050]: EnemyOutpostSub           [32mSUCCESS[0m -> [36mIDLE[0m
[robot_decision-1] [1746791034.050]: Subscribers               [33mRUNNING[0m -> [32mSUCCESS[0m
[robot_decision-1] [1746791034.050]: Subscribers               [32mSUCCESS[0m -> [36mIDLE[0m
[robot_decision-1] [INFO] [1746791034.049492106] [robot_decision]: [IfHealthSub] health value: 500
[robot_decision-1] [INFO] [1746791034.049768314] [robot_decision]: [OurOutpostSub] our outpost health value: 1500
[robot_decision-1] [INFO] [1746791034.049911307] [robot_decision]: [EnemyOutpostSub] enemy outpost health value: 0
[robot_decision-1] [1746791034.050]: Inverter                  [33mRUNNING[0m -> [31mFAILURE[0m
[robot_decision-1] [1746791034.050]: HealthCheck               [36mIDLE[0m -> [33mRUNNING[0m
[robot_decision-1] [1746791034.050]: CheckIfHealth             [36mIDLE[0m -> [31mFAILURE[0m
[robot_decision-1] [1746791034.050]: CheckIfHealth             [31mFAILURE[0m -> [36mIDLE[0m
[robot_decision-1] [1746791034.050]: HealthCheck               [33mRUNNING[0m -> [31mFAILURE[0m
[robot_decision-1] [1746791034.050]: Inverter                  [31mFAILURE[0m -> [36mIDLE[0m
[robot_decision-1] [1746791034.050]: HealthCheck               [31mFAILURE[0m -> [36mIDLE[0m
[robot_decision-1] [1746791034.553]: Inverter                  [36mIDLE[0m -> [33mRUNNING[0m
[robot_decision-1] [1746791034.553]: Subscribers               [36mIDLE[0m -> [33mRUNNING[0m
[robot_decision-1] [INFO] [1746791034.553355463] [robot_decision]: [IfHealthSub] health value: 500
[robot_decision-1] [INFO] [1746791034.553466875] [robot_decision]: [OurOutpostSub] our outpost health value: 1500
[robot_decision-1] [INFO] [1746791034.553530757] [robot_decision]: [EnemyOutpostSub] enemy outpost health value: 0
[robot_decision-1] [1746791034.553]: IfHealthSub               [36mIDLE[0m -> [32mSUCCESS[0m
[robot_decision-1] [1746791034.553]: OurOutpostSub             [36mIDLE[0m -> [32mSUCCESS[0m
[robot_decision-1] [1746791034.554]: EnemyOutpostSub           [36mIDLE[0m -> [32mSUCCESS[0m
[robot_decision-1] [1746791034.554]: IfHealthSub               [32mSUCCESS[0m -> [36mIDLE[0m
[robot_decision-1] [1746791034.554]: OurOutpostSub             [32mSUCCESS[0m -> [36mIDLE[0m
[robot_decision-1] [1746791034.554]: EnemyOutpostSub           [32mSUCCESS[0m -> [36mIDLE[0m
[robot_decision-1] [1746791034.554]: Subscribers               [33mRUNNING[0m -> [32mSUCCESS[0m
[robot_decision-1] [1746791034.554]: Subscribers               [32mSUCCESS[0m -> [36mIDLE[0m
[robot_decision-1] [1746791034.554]: Inverter                  [33mRUNNING[0m -> [31mFAILURE[0m
[robot_decision-1] [1746791034.554]: HealthCheck               [36mIDLE[0m -> [33mRUNNING[0m
[robot_decision-1] [1746791034.554]: CheckIfHealth             [36mIDLE[0m -> [31mFAILURE[0m
[robot_decision-1] [1746791034.554]: CheckIfHealth             [31mFAILURE[0m -> [36mIDLE[0m
[robot_decision-1] [1746791034.554]: HealthCheck               [33mRUNNING[0m -> [31mFAILURE[0m
[robot_decision-1] [1746791034.554]: Inverter                  [31mFAILURE[0m -> [36mIDLE[0m
[robot_decision-1] [1746791034.554]: HealthCheck               [31mFAILURE[0m -> [36mIDLE[0m
[robot_decision-1] [1746791035.054]: Inverter                  [36mIDLE[0m -> [33mRUNNING[0m
[robot_decision-1] [1746791035.054]: Subscribers               [36mIDLE[0m -> [33mRUNNING[0m
[robot_decision-1] [INFO] [1746791035.054400925] [robot_decision]: [IfHealthSub] health value: 500
[robot_decision-1] [INFO] [1746791035.054710747] [robot_decision]: [OurOutpostSub] our outpost health value: 1500
[robot_decision-1] [INFO] [1746791035.054809696] [robot_decision]: [EnemyOutpostSub] enemy outpost health value: 0
[robot_decision-1] [1746791035.055]: IfHealthSub               [36mIDLE[0m -> [32mSUCCESS[0m
[robot_decision-1] [1746791035.055]: OurOutpostSub             [36mIDLE[0m -> [32mSUCCESS[0m
[robot_decision-1] [1746791035.055]: EnemyOutpostSub           [36mIDLE[0m -> [32mSUCCESS[0m
[robot_decision-1] [1746791035.055]: IfHealthSub               [32mSUCCESS[0m -> [36mIDLE[0m
[robot_decision-1] [1746791035.055]: OurOutpostSub             [32mSUCCESS[0m -> [36mIDLE[0m
[robot_decision-1] [1746791035.055]: EnemyOutpostSub           [32mSUCCESS[0m -> [36mIDLE[0m
[robot_decision-1] [1746791035.055]: Subscribers               [33mRUNNING[0m -> [32mSUCCESS[0m
[robot_decision-1] [1746791035.055]: Subscribers               [32mSUCCESS[0m -> [36mIDLE[0m
[robot_decision-1] [1746791035.055]: Inverter                  [33mRUNNING[0m -> [31mFAILURE[0m
[robot_decision-1] [1746791035.055]: HealthCheck               [36mIDLE[0m -> [33mRUNNING[0m
[robot_decision-1] [1746791035.055]: CheckIfHealth             [36mIDLE[0m -> [31mFAILURE[0m
[robot_decision-1] [1746791035.055]: CheckIfHealth             [31mFAILURE[0m -> [36mIDLE[0m
[robot_decision-1] [1746791035.055]: HealthCheck               [33mRUNNING[0m -> [31mFAILURE[0m
[robot_decision-1] [1746791035.055]: Inverter                  [31mFAILURE[0m -> [36mIDLE[0m
[robot_decision-1] [1746791035.055]: HealthCheck               [31mFAILURE[0m -> [36mIDLE[0m
[robot_decision-1] [1746791035.556]: Inverter                  [36mIDLE[0m -> [33mRUNNING[0m
[robot_decision-1] [1746791035.556]: Subscribers               [36mIDLE[0m -> [33mRUNNING[0m
[robot_decision-1] [INFO] [1746791035.555717738] [robot_decision]: [IfHealthSub] health value: 500
[robot_decision-1] [INFO] [1746791035.555839941] [robot_decision]: [OurOutpostSub] our outpost health value: 1500
[robot_decision-1] [INFO] [1746791035.555909875] [robot_decision]: [EnemyOutpostSub] enemy outpost health value: 0
[robot_decision-1] [1746791035.556]: IfHealthSub               [36mIDLE[0m -> [32mSUCCESS[0m
[robot_decision-1] [1746791035.556]: OurOutpostSub             [36mIDLE[0m -> [32mSUCCESS[0m
[robot_decision-1] [1746791035.556]: EnemyOutpostSub           [36mIDLE[0m -> [32mSUCCESS[0m
[robot_decision-1] [1746791035.556]: IfHealthSub               [32mSUCCESS[0m -> [36mIDLE[0m
[robot_decision-1] [1746791035.556]: OurOutpostSub             [32mSUCCESS[0m -> [36mIDLE[0m
[robot_decision-1] [1746791035.556]: EnemyOutpostSub           [32mSUCCESS[0m -> [36mIDLE[0m
[robot_decision-1] [1746791035.556]: Subscribers               [33mRUNNING[0m -> [32mSUCCESS[0m
[robot_decision-1] [1746791035.556]: Subscribers               [32mSUCCESS[0m -> [36mIDLE[0m
[robot_decision-1] [1746791035.556]: Inverter                  [33mRUNNING[0m -> [31mFAILURE[0m
[robot_decision-1] [1746791035.556]: HealthCheck               [36mIDLE[0m -> [33mRUNNING[0m
[robot_decision-1] [1746791035.556]: CheckIfHealth             [36mIDLE[0m -> [31mFAILURE[0m
[robot_decision-1] [1746791035.556]: CheckIfHealth             [31mFAILURE[0m -> [36mIDLE[0m
[robot_decision-1] [1746791035.556]: HealthCheck               [33mRUNNING[0m -> [31mFAILURE[0m
[robot_decision-1] [1746791035.556]: Inverter                  [31mFAILURE[0m -> [36mIDLE[0m
[robot_decision-1] [1746791035.556]: HealthCheck               [31mFAILURE[0m -> [36mIDLE[0m
[robot_decision-1] [1746791036.056]: Inverter                  [36mIDLE[0m -> [33mRUNNING[0m
[robot_decision-1] [1746791036.056]: Subscribers               [36mIDLE[0m -> [33mRUNNING[0m
[robot_decision-1] [INFO] [1746791036.056618553] [robot_decision]: [IfHealthSub] health value: 500
[robot_decision-1] [INFO] [1746791036.056783438] [robot_decision]: [OurOutpostSub] our outpost health value: 1500
[robot_decision-1] [INFO] [1746791036.056837822] [robot_decision]: [EnemyOutpostSub] enemy outpost health value: 0
[robot_decision-1] [1746791036.057]: IfHealthSub               [36mIDLE[0m -> [32mSUCCESS[0m
[robot_decision-1] [1746791036.057]: OurOutpostSub             [36mIDLE[0m -> [32mSUCCESS[0m
[robot_decision-1] [1746791036.057]: EnemyOutpostSub           [36mIDLE[0m -> [32mSUCCESS[0m
[robot_decision-1] [1746791036.057]: IfHealthSub               [32mSUCCESS[0m -> [36mIDLE[0m
[robot_decision-1] [1746791036.057]: OurOutpostSub             [32mSUCCESS[0m -> [36mIDLE[0m
[robot_decision-1] [1746791036.057]: EnemyOutpostSub           [32mSUCCESS[0m -> [36mIDLE[0m
[robot_decision-1] [1746791036.057]: Subscribers               [33mRUNNING[0m -> [32mSUCCESS[0m
[robot_decision-1] [1746791036.057]: Subscribers               [32mSUCCESS[0m -> [36mIDLE[0m
[robot_decision-1] [1746791036.057]: Inverter                  [33mRUNNING[0m -> [31mFAILURE[0m
[robot_decision-1] [1746791036.057]: HealthCheck               [36mIDLE[0m -> [33mRUNNING[0m
[robot_decision-1] [1746791036.057]: CheckIfHealth             [36mIDLE[0m -> [31mFAILURE[0m
[robot_decision-1] [1746791036.057]: CheckIfHealth             [31mFAILURE[0m -> [36mIDLE[0m
[robot_decision-1] [1746791036.057]: HealthCheck               [33mRUNNING[0m -> [31mFAILURE[0m
[robot_decision-1] [1746791036.057]: Inverter                  [31mFAILURE[0m -> [36mIDLE[0m
[robot_decision-1] [1746791036.057]: HealthCheck               [31mFAILURE[0m -> [36mIDLE[0m
[robot_decision-1] [1746791036.557]: Inverter                  [36mIDLE[0m -> [33mRUNNING[0m
[robot_decision-1] [1746791036.557]: Subscribers               [36mIDLE[0m -> [33mRUNNING[0m
[robot_decision-1] [1746791036.558]: IfHealthSub               [36mIDLE[0m -> [32mSUCCESS[0m
[robot_decision-1] [1746791036.558]: OurOutpostSub             [36mIDLE[0m -> [32mSUCCESS[0m
[robot_decision-1] [1746791036.558]: EnemyOutpostSub           [36mIDLE[0m -> [32mSUCCESS[0m
[robot_decision-1] [1746791036.558]: IfHealthSub               [32mSUCCESS[0m -> [36mIDLE[0m
[robot_decision-1] [1746791036.558]: OurOutpostSub             [32mSUCCESS[0m -> [36mIDLE[0m
[robot_decision-1] [1746791036.558]: EnemyOutpostSub           [32mSUCCESS[0m -> [36mIDLE[0m
[robot_decision-1] [1746791036.558]: Subscribers               [33mRUNNING[0m -> [32mSUCCESS[0m
[robot_decision-1] [1746791036.558]: Subscribers               [32mSUCCESS[0m -> [36mIDLE[0m
[robot_decision-1] [1746791036.558]: Inverter                  [33mRUNNING[0m -> [31mFAILURE[0m
[robot_decision-1] [1746791036.558]: HealthCheck               [36mIDLE[0m -> [33mRUNNING[0m
[robot_decision-1] [1746791036.558]: CheckIfHealth             [36mIDLE[0m -> [31mFAILURE[0m
[robot_decision-1] [1746791036.558]: CheckIfHealth             [31mFAILURE[0m -> [36mIDLE[0m
[robot_decision-1] [1746791036.558]: HealthCheck               [33mRUNNING[0m -> [31mFAILURE[0m
[robot_decision-1] [INFO] [1746791036.557631134] [robot_decision]: [IfHealthSub] health value: 500
[robot_decision-1] [INFO] [1746791036.557853549] [robot_decision]: [OurOutpostSub] our outpost health value: 1500
[robot_decision-1] [INFO] [1746791036.557975141] [robot_decision]: [EnemyOutpostSub] enemy outpost health value: 0
[robot_decision-1] [1746791036.558]: Inverter                  [31mFAILURE[0m -> [36mIDLE[0m
[robot_decision-1] [1746791036.558]: HealthCheck               [31mFAILURE[0m -> [36mIDLE[0m
[robot_decision-1] [1746791037.059]: Inverter                  [36mIDLE[0m -> [33mRUNNING[0m
[robot_decision-1] [1746791037.059]: Subscribers               [36mIDLE[0m -> [33mRUNNING[0m
[robot_decision-1] [1746791037.059]: IfHealthSub               [36mIDLE[0m -> [32mSUCCESS[0m
[robot_decision-1] [1746791037.059]: OurOutpostSub             [36mIDLE[0m -> [32mSUCCESS[0m
[robot_decision-1] [1746791037.059]: EnemyOutpostSub           [36mIDLE[0m -> [32mSUCCESS[0m
[robot_decision-1] [1746791037.059]: IfHealthSub               [32mSUCCESS[0m -> [36mIDLE[0m
[robot_decision-1] [1746791037.059]: OurOutpostSub             [32mSUCCESS[0m -> [36mIDLE[0m
[robot_decision-1] [1746791037.059]: EnemyOutpostSub           [32mSUCCESS[0m -> [36mIDLE[0m
[robot_decision-1] [1746791037.059]: Subscribers               [33mRUNNING[0m -> [32mSUCCESS[0m
[robot_decision-1] [1746791037.059]: Subscribers               [32mSUCCESS[0m -> [36mIDLE[0m
[robot_decision-1] [1746791037.059]: Inverter                  [33mRUNNING[0m -> [31mFAILURE[0m
[robot_decision-1] [1746791037.059]: HealthCheck               [36mIDLE[0m -> [33mRUNNING[0m
[robot_decision-1] [1746791037.059]: CheckIfHealth             [36mIDLE[0m -> [31mFAILURE[0m
[robot_decision-1] [1746791037.060]: CheckIfHealth             [31mFAILURE[0m -> [36mIDLE[0m
[robot_decision-1] [1746791037.060]: HealthCheck               [33mRUNNING[0m -> [31mFAILURE[0m
[robot_decision-1] [1746791037.060]: Inverter                  [31mFAILURE[0m -> [36mIDLE[0m
[robot_decision-1] [1746791037.060]: HealthCheck               [31mFAILURE[0m -> [36mIDLE[0m
[robot_decision-1] [INFO] [1746791037.059018309] [robot_decision]: [IfHealthSub] health value: 500
[robot_decision-1] [INFO] [1746791037.059295748] [robot_decision]: [OurOutpostSub] our outpost health value: 1500
[robot_decision-1] [INFO] [1746791037.059401981] [robot_decision]: [EnemyOutpostSub] enemy outpost health value: 0
[robot_decision-1] [1746791037.560]: Inverter                  [36mIDLE[0m -> [33mRUNNING[0m
[robot_decision-1] [1746791037.560]: Subscribers               [36mIDLE[0m -> [33mRUNNING[0m
[robot_decision-1] [1746791037.560]: IfHealthSub               [36mIDLE[0m -> [32mSUCCESS[0m
[robot_decision-1] [1746791037.560]: OurOutpostSub             [36mIDLE[0m -> [32mSUCCESS[0m
[robot_decision-1] [1746791037.560]: EnemyOutpostSub           [36mIDLE[0m -> [32mSUCCESS[0m
[robot_decision-1] [1746791037.560]: IfHealthSub               [32mSUCCESS[0m -> [36mIDLE[0m
[robot_decision-1] [1746791037.560]: OurOutpostSub             [32mSUCCESS[0m -> [36mIDLE[0m
[robot_decision-1] [1746791037.560]: EnemyOutpostSub           [32mSUCCESS[0m -> [36mIDLE[0m
[robot_decision-1] [1746791037.560]: Subscribers               [33mRUNNING[0m -> [32mSUCCESS[0m
[robot_decision-1] [1746791037.560]: Subscribers               [32mSUCCESS[0m -> [36mIDLE[0m
[robot_decision-1] [1746791037.560]: Inverter                  [33mRUNNING[0m -> [31mFAILURE[0m
[robot_decision-1] [1746791037.560]: HealthCheck               [36mIDLE[0m -> [33mRUNNING[0m
[robot_decision-1] [1746791037.560]: CheckIfHealth             [36mIDLE[0m -> [31mFAILURE[0m
[robot_decision-1] [1746791037.560]: CheckIfHealth             [31mFAILURE[0m -> [36mIDLE[0m
[robot_decision-1] [1746791037.560]: HealthCheck               [33mRUNNING[0m -> [31mFAILURE[0m
[robot_decision-1] [1746791037.560]: Inverter                  [31mFAILURE[0m -> [36mIDLE[0m
[robot_decision-1] [1746791037.561]: HealthCheck               [31mFAILURE[0m -> [36mIDLE[0m
[robot_decision-1] [INFO] [1746791037.560150637] [robot_decision]: [IfHealthSub] health value: 500
[robot_decision-1] [INFO] [1746791037.560280545] [robot_decision]: [OurOutpostSub] our outpost health value: 1500
[robot_decision-1] [INFO] [1746791037.560338576] [robot_decision]: [EnemyOutpostSub] enemy outpost health value: 0
[robot_decision-1] [1746791038.061]: Inverter                  [36mIDLE[0m -> [33mRUNNING[0m
[robot_decision-1] [1746791038.061]: Subscribers               [36mIDLE[0m -> [33mRUNNING[0m
[robot_decision-1] [INFO] [1746791038.061844403] [robot_decision]: [IfHealthSub] health value: 500
[robot_decision-1] [INFO] [1746791038.062207236] [robot_decision]: [OurOutpostSub] our outpost health value: 1500
[robot_decision-1] [INFO] [1746791038.062331864] [robot_decision]: [EnemyOutpostSub] enemy outpost health value: 0
[robot_decision-1] [WARN] [1746791038.062693925] [robot_decision]: NavigateToPose failure: SEND_GOAL_TIMEOUT
[robot_decision-1] [1746791038.062]: IfHealthSub               [36mIDLE[0m -> [32mSUCCESS[0m
[robot_decision-1] [1746791038.062]: OurOutpostSub             [36mIDLE[0m -> [32mSUCCESS[0m
[robot_decision-1] [1746791038.062]: EnemyOutpostSub           [36mIDLE[0m -> [32mSUCCESS[0m
[robot_decision-1] [1746791038.062]: IfHealthSub               [32mSUCCESS[0m -> [36mIDLE[0m
[robot_decision-1] [1746791038.062]: OurOutpostSub             [32mSUCCESS[0m -> [36mIDLE[0m
[robot_decision-1] [1746791038.062]: EnemyOutpostSub           [32mSUCCESS[0m -> [36mIDLE[0m
[robot_decision-1] [1746791038.062]: Subscribers               [33mRUNNING[0m -> [32mSUCCESS[0m
[robot_decision-1] [1746791038.062]: Subscribers               [32mSUCCESS[0m -> [36mIDLE[0m
[robot_decision-1] [1746791038.062]: Inverter                  [33mRUNNING[0m -> [31mFAILURE[0m
[robot_decision-1] [1746791038.062]: HealthCheck               [36mIDLE[0m -> [33mRUNNING[0m
[robot_decision-1] [1746791038.062]: CheckIfHealth             [36mIDLE[0m -> [31mFAILURE[0m
[robot_decision-1] [1746791038.062]: CheckIfHealth             [31mFAILURE[0m -> [36mIDLE[0m
[robot_decision-1] [1746791038.062]: HealthCheck               [33mRUNNING[0m -> [31mFAILURE[0m
[robot_decision-1] [1746791038.063]: NavigateToPose            [33mRUNNING[0m -> [31mFAILURE[0m
[robot_decision-1] [1746791038.063]: WaitNode                  [32mSUCCESS[0m -> [36mIDLE[0m
[robot_decision-1] [1746791038.063]: NavigateToPose            [31mFAILURE[0m -> [36mIDLE[0m
[robot_decision-1] [1746791038.063]: Sequence                  [33mRUNNING[0m -> [31mFAILURE[0m
[robot_decision-1] [1746791038.063]: Sequence                  [31mFAILURE[0m -> [36mIDLE[0m
[robot_decision-1] [1746791038.063]: Sequence                  [36mIDLE[0m -> [33mRUNNING[0m
[robot_decision-1] [1746791038.063]: WaitNode                  [36mIDLE[0m -> [33mRUNNING[0m
[robot_decision-1] [1746791038.063]: Inverter                  [31mFAILURE[0m -> [36mIDLE[0m
[robot_decision-1] [1746791038.063]: HealthCheck               [31mFAILURE[0m -> [36mIDLE[0m
[robot_decision-1] [1746791038.563]: Inverter                  [36mIDLE[0m -> [33mRUNNING[0m
[robot_decision-1] [1746791038.563]: Subscribers               [36mIDLE[0m -> [33mRUNNING[0m
[robot_decision-1] [INFO] [1746791038.563229233] [robot_decision]: [IfHealthSub] health value: 500
[robot_decision-1] [INFO] [1746791038.563364230] [robot_decision]: [OurOutpostSub] our outpost health value: 1500
[robot_decision-1] [INFO] [1746791038.563441929] [robot_decision]: [EnemyOutpostSub] enemy outpost health value: 0
[robot_decision-1] [1746791038.563]: IfHealthSub               [36mIDLE[0m -> [32mSUCCESS[0m
[robot_decision-1] [1746791038.563]: OurOutpostSub             [36mIDLE[0m -> [32mSUCCESS[0m
[robot_decision-1] [1746791038.563]: EnemyOutpostSub           [36mIDLE[0m -> [32mSUCCESS[0m
[robot_decision-1] [1746791038.563]: IfHealthSub               [32mSUCCESS[0m -> [36mIDLE[0m
[robot_decision-1] [1746791038.563]: OurOutpostSub             [32mSUCCESS[0m -> [36mIDLE[0m
[robot_decision-1] [1746791038.563]: EnemyOutpostSub           [32mSUCCESS[0m -> [36mIDLE[0m
[robot_decision-1] [1746791038.563]: Subscribers               [33mRUNNING[0m -> [32mSUCCESS[0m
[robot_decision-1] [1746791038.563]: Subscribers               [32mSUCCESS[0m -> [36mIDLE[0m
[robot_decision-1] [1746791038.564]: Inverter                  [33mRUNNING[0m -> [31mFAILURE[0m
[robot_decision-1] [1746791038.564]: HealthCheck               [36mIDLE[0m -> [33mRUNNING[0m
[robot_decision-1] [1746791038.564]: CheckIfHealth             [36mIDLE[0m -> [31mFAILURE[0m
[robot_decision-1] [1746791038.564]: CheckIfHealth             [31mFAILURE[0m -> [36mIDLE[0m
[robot_decision-1] [1746791038.564]: HealthCheck               [33mRUNNING[0m -> [31mFAILURE[0m
[robot_decision-1] [1746791038.564]: WaitNode                  [33mRUNNING[0m -> [32mSUCCESS[0m
[robot_decision-1] [1746791038.564]: NavigateToPose            [36mIDLE[0m -> [33mRUNNING[0m
[robot_decision-1] Point key: 4 x:4 y:0.45
[robot_decision-1] [1746791038.564]: Inverter                  [31mFAILURE[0m -> [36mIDLE[0m
[robot_decision-1] [1746791038.564]: HealthCheck               [31mFAILURE[0m -> [36mIDLE[0m
[robot_decision-1] [1746791039.064]: Inverter                  [36mIDLE[0m -> [33mRUNNING[0m
[robot_decision-1] [1746791039.064]: Subscribers               [36mIDLE[0m -> [33mRUNNING[0m
[robot_decision-1] [INFO] [1746791039.064471677] [robot_decision]: [IfHealthSub] health value: 500
[robot_decision-1] [INFO] [1746791039.064608187] [robot_decision]: [OurOutpostSub] our outpost health value: 1500
[robot_decision-1] [INFO] [1746791039.064670486] [robot_decision]: [EnemyOutpostSub] enemy outpost health value: 0
[robot_decision-1] [1746791039.065]: IfHealthSub               [36mIDLE[0m -> [32mSUCCESS[0m
[robot_decision-1] [1746791039.065]: OurOutpostSub             [36mIDLE[0m -> [32mSUCCESS[0m
[robot_decision-1] [1746791039.065]: EnemyOutpostSub           [36mIDLE[0m -> [32mSUCCESS[0m
[robot_decision-1] [1746791039.065]: IfHealthSub               [32mSUCCESS[0m -> [36mIDLE[0m
[robot_decision-1] [1746791039.065]: OurOutpostSub             [32mSUCCESS[0m -> [36mIDLE[0m
[robot_decision-1] [1746791039.065]: EnemyOutpostSub           [32mSUCCESS[0m -> [36mIDLE[0m
[robot_decision-1] [1746791039.065]: Subscribers               [33mRUNNING[0m -> [32mSUCCESS[0m
[robot_decision-1] [1746791039.065]: Subscribers               [32mSUCCESS[0m -> [36mIDLE[0m
[robot_decision-1] [1746791039.065]: Inverter                  [33mRUNNING[0m -> [31mFAILURE[0m
[robot_decision-1] [1746791039.065]: HealthCheck               [36mIDLE[0m -> [33mRUNNING[0m
[robot_decision-1] [1746791039.065]: CheckIfHealth             [36mIDLE[0m -> [31mFAILURE[0m
[robot_decision-1] [1746791039.065]: CheckIfHealth             [31mFAILURE[0m -> [36mIDLE[0m
[robot_decision-1] [1746791039.065]: HealthCheck               [33mRUNNING[0m -> [31mFAILURE[0m
[robot_decision-1] [1746791039.065]: Inverter                  [31mFAILURE[0m -> [36mIDLE[0m
[robot_decision-1] [1746791039.065]: HealthCheck               [31mFAILURE[0m -> [36mIDLE[0m
[robot_decision-1] [1746791039.565]: Inverter                  [36mIDLE[0m -> [33mRUNNING[0m
[robot_decision-1] [1746791039.565]: Subscribers               [36mIDLE[0m -> [33mRUNNING[0m
[robot_decision-1] [1746791039.566]: IfHealthSub               [36mIDLE[0m -> [32mSUCCESS[0m
[robot_decision-1] [1746791039.566]: OurOutpostSub             [36mIDLE[0m -> [32mSUCCESS[0m
[robot_decision-1] [INFO] [1746791039.565497490] [robot_decision]: [IfHealthSub] health value: 500
[robot_decision-1] [INFO] [1746791039.565840434] [robot_decision]: [OurOutpostSub] our outpost health value: 1500
[robot_decision-1] [INFO] [1746791039.566008285] [robot_decision]: [EnemyOutpostSub] enemy outpost health value: 0
[robot_decision-1] [1746791039.566]: EnemyOutpostSub           [36mIDLE[0m -> [32mSUCCESS[0m
[robot_decision-1] [1746791039.566]: IfHealthSub               [32mSUCCESS[0m -> [36mIDLE[0m
[robot_decision-1] [1746791039.566]: OurOutpostSub             [32mSUCCESS[0m -> [36mIDLE[0m
[robot_decision-1] [1746791039.566]: EnemyOutpostSub           [32mSUCCESS[0m -> [36mIDLE[0m
[robot_decision-1] [1746791039.566]: Subscribers               [33mRUNNING[0m -> [32mSUCCESS[0m
[robot_decision-1] [1746791039.566]: Subscribers               [32mSUCCESS[0m -> [36mIDLE[0m
[robot_decision-1] [1746791039.566]: Inverter                  [33mRUNNING[0m -> [31mFAILURE[0m
[robot_decision-1] [1746791039.566]: HealthCheck               [36mIDLE[0m -> [33mRUNNING[0m
[robot_decision-1] [1746791039.566]: CheckIfHealth             [36mIDLE[0m -> [31mFAILURE[0m
[robot_decision-1] [1746791039.566]: CheckIfHealth             [31mFAILURE[0m -> [36mIDLE[0m
[robot_decision-1] [1746791039.566]: HealthCheck               [33mRUNNING[0m -> [31mFAILURE[0m
[robot_decision-1] [1746791039.567]: Inverter                  [31mFAILURE[0m -> [36mIDLE[0m
[robot_decision-1] [1746791039.567]: HealthCheck               [31mFAILURE[0m -> [36mIDLE[0m
[robot_decision-1] [1746791040.067]: Inverter                  [36mIDLE[0m -> [33mRUNNING[0m
[robot_decision-1] [1746791040.067]: Subscribers               [36mIDLE[0m -> [33mRUNNING[0m
[robot_decision-1] [INFO] [1746791040.067507057] [robot_decision]: [IfHealthSub] health value: 500
[robot_decision-1] [INFO] [1746791040.067805817] [robot_decision]: [OurOutpostSub] our outpost health value: 1500
[robot_decision-1] [INFO] [1746791040.067925225] [robot_decision]: [EnemyOutpostSub] enemy outpost health value: 0
[robot_decision-1] [1746791040.068]: IfHealthSub               [36mIDLE[0m -> [32mSUCCESS[0m
[robot_decision-1] [1746791040.068]: OurOutpostSub             [36mIDLE[0m -> [32mSUCCESS[0m
[robot_decision-1] [1746791040.068]: EnemyOutpostSub           [36mIDLE[0m -> [32mSUCCESS[0m
[robot_decision-1] [1746791040.068]: IfHealthSub               [32mSUCCESS[0m -> [36mIDLE[0m
[robot_decision-1] [1746791040.068]: OurOutpostSub             [32mSUCCESS[0m -> [36mIDLE[0m
[robot_decision-1] [1746791040.068]: EnemyOutpostSub           [32mSUCCESS[0m -> [36mIDLE[0m
[robot_decision-1] [1746791040.068]: Subscribers               [33mRUNNING[0m -> [32mSUCCESS[0m
[robot_decision-1] [1746791040.068]: Subscribers               [32mSUCCESS[0m -> [36mIDLE[0m
[robot_decision-1] [1746791040.068]: Inverter                  [33mRUNNING[0m -> [31mFAILURE[0m
[robot_decision-1] [1746791040.068]: HealthCheck               [36mIDLE[0m -> [33mRUNNING[0m
[robot_decision-1] [1746791040.068]: CheckIfHealth             [36mIDLE[0m -> [31mFAILURE[0m
[robot_decision-1] [1746791040.068]: CheckIfHealth             [31mFAILURE[0m -> [36mIDLE[0m
[robot_decision-1] [1746791040.068]: HealthCheck               [33mRUNNING[0m -> [31mFAILURE[0m
[robot_decision-1] [1746791040.068]: Inverter                  [31mFAILURE[0m -> [36mIDLE[0m
[robot_decision-1] [1746791040.068]: HealthCheck               [31mFAILURE[0m -> [36mIDLE[0m
[robot_decision-1] [1746791040.569]: Inverter                  [36mIDLE[0m -> [33mRUNNING[0m
[robot_decision-1] [1746791040.569]: Subscribers               [36mIDLE[0m -> [33mRUNNING[0m
[robot_decision-1] [1746791040.569]: IfHealthSub               [36mIDLE[0m -> [32mSUCCESS[0m
[robot_decision-1] [1746791040.569]: OurOutpostSub             [36mIDLE[0m -> [32mSUCCESS[0m
[robot_decision-1] [1746791040.569]: EnemyOutpostSub           [36mIDLE[0m -> [32mSUCCESS[0m
[robot_decision-1] [1746791040.569]: IfHealthSub               [32mSUCCESS[0m -> [36mIDLE[0m
[robot_decision-1] [1746791040.569]: OurOutpostSub             [32mSUCCESS[0m -> [36mIDLE[0m
[robot_decision-1] [1746791040.569]: EnemyOutpostSub           [32mSUCCESS[0m -> [36mIDLE[0m
[robot_decision-1] [1746791040.569]: Subscribers               [33mRUNNING[0m -> [32mSUCCESS[0m
[robot_decision-1] [1746791040.569]: Subscribers               [32mSUCCESS[0m -> [36mIDLE[0m
[robot_decision-1] [1746791040.569]: Inverter                  [33mRUNNING[0m -> [31mFAILURE[0m
[robot_decision-1] [1746791040.569]: HealthCheck               [36mIDLE[0m -> [33mRUNNING[0m
[robot_decision-1] [1746791040.569]: CheckIfHealth             [36mIDLE[0m -> [31mFAILURE[0m
[robot_decision-1] [1746791040.569]: CheckIfHealth             [31mFAILURE[0m -> [36mIDLE[0m
[robot_decision-1] [1746791040.569]: HealthCheck               [33mRUNNING[0m -> [31mFAILURE[0m
[robot_decision-1] [1746791040.569]: Inverter                  [31mFAILURE[0m -> [36mIDLE[0m
[robot_decision-1] [1746791040.569]: HealthCheck               [31mFAILURE[0m -> [36mIDLE[0m
[robot_decision-1] [INFO] [1746791040.568708735] [robot_decision]: [IfHealthSub] health value: 500
[robot_decision-1] [INFO] [1746791040.568838603] [robot_decision]: [OurOutpostSub] our outpost health value: 1500
[robot_decision-1] [INFO] [1746791040.568911943] [robot_decision]: [EnemyOutpostSub] enemy outpost health value: 0
[robot_decision-1] [1746791041.069]: Inverter                  [36mIDLE[0m -> [33mRUNNING[0m
[robot_decision-1] [1746791041.069]: Subscribers               [36mIDLE[0m -> [33mRUNNING[0m
[robot_decision-1] [INFO] [1746791041.069727960] [robot_decision]: [IfHealthSub] health value: 500
[robot_decision-1] [INFO] [1746791041.069999298] [robot_decision]: [OurOutpostSub] our outpost health value: 1500
[robot_decision-1] [INFO] [1746791041.070154966] [robot_decision]: [EnemyOutpostSub] enemy outpost health value: 0
[robot_decision-1] [1746791041.070]: IfHealthSub               [36mIDLE[0m -> [32mSUCCESS[0m
[robot_decision-1] [1746791041.070]: OurOutpostSub             [36mIDLE[0m -> [32mSUCCESS[0m
[robot_decision-1] [1746791041.070]: EnemyOutpostSub           [36mIDLE[0m -> [32mSUCCESS[0m
[robot_decision-1] [1746791041.070]: IfHealthSub               [32mSUCCESS[0m -> [36mIDLE[0m
[robot_decision-1] [1746791041.070]: OurOutpostSub             [32mSUCCESS[0m -> [36mIDLE[0m
[robot_decision-1] [1746791041.070]: EnemyOutpostSub           [32mSUCCESS[0m -> [36mIDLE[0m
[robot_decision-1] [1746791041.070]: Subscribers               [33mRUNNING[0m -> [32mSUCCESS[0m
[robot_decision-1] [1746791041.070]: Subscribers               [32mSUCCESS[0m -> [36mIDLE[0m
[robot_decision-1] [1746791041.070]: Inverter                  [33mRUNNING[0m -> [31mFAILURE[0m
[robot_decision-1] [1746791041.070]: HealthCheck               [36mIDLE[0m -> [33mRUNNING[0m
[robot_decision-1] [1746791041.070]: CheckIfHealth             [36mIDLE[0m -> [31mFAILURE[0m
[robot_decision-1] [1746791041.070]: CheckIfHealth             [31mFAILURE[0m -> [36mIDLE[0m
[robot_decision-1] [1746791041.070]: HealthCheck               [33mRUNNING[0m -> [31mFAILURE[0m
[robot_decision-1] [1746791041.071]: Inverter                  [31mFAILURE[0m -> [36mIDLE[0m
[robot_decision-1] [1746791041.071]: HealthCheck               [31mFAILURE[0m -> [36mIDLE[0m
[robot_decision-1] [1746791041.571]: Inverter                  [36mIDLE[0m -> [33mRUNNING[0m
[robot_decision-1] [1746791041.571]: Subscribers               [36mIDLE[0m -> [33mRUNNING[0m
[robot_decision-1] [INFO] [1746791041.571272753] [robot_decision]: [IfHealthSub] health value: 500
[robot_decision-1] [INFO] [1746791041.571507782] [robot_decision]: [OurOutpostSub] our outpost health value: 1500
[robot_decision-1] [INFO] [1746791041.571765704] [robot_decision]: [EnemyOutpostSub] enemy outpost health value: 0
[robot_decision-1] [1746791041.571]: IfHealthSub               [36mIDLE[0m -> [32mSUCCESS[0m
[robot_decision-1] [1746791041.572]: OurOutpostSub             [36mIDLE[0m -> [32mSUCCESS[0m
[robot_decision-1] [1746791041.572]: EnemyOutpostSub           [36mIDLE[0m -> [32mSUCCESS[0m
[robot_decision-1] [1746791041.572]: IfHealthSub               [32mSUCCESS[0m -> [36mIDLE[0m
[robot_decision-1] [1746791041.572]: OurOutpostSub             [32mSUCCESS[0m -> [36mIDLE[0m
[robot_decision-1] [1746791041.572]: EnemyOutpostSub           [32mSUCCESS[0m -> [36mIDLE[0m
[robot_decision-1] [1746791041.572]: Subscribers               [33mRUNNING[0m -> [32mSUCCESS[0m
[robot_decision-1] [1746791041.572]: Subscribers               [32mSUCCESS[0m -> [36mIDLE[0m
[robot_decision-1] [1746791041.572]: Inverter                  [33mRUNNING[0m -> [31mFAILURE[0m
[robot_decision-1] [1746791041.572]: HealthCheck               [36mIDLE[0m -> [33mRUNNING[0m
[robot_decision-1] [1746791041.572]: CheckIfHealth             [36mIDLE[0m -> [31mFAILURE[0m
[robot_decision-1] [1746791041.572]: CheckIfHealth             [31mFAILURE[0m -> [36mIDLE[0m
[robot_decision-1] [1746791041.572]: HealthCheck               [33mRUNNING[0m -> [31mFAILURE[0m
[robot_decision-1] [1746791041.572]: Inverter                  [31mFAILURE[0m -> [36mIDLE[0m
[robot_decision-1] [1746791041.572]: HealthCheck               [31mFAILURE[0m -> [36mIDLE[0m
[robot_decision-1] [1746791042.072]: Inverter                  [36mIDLE[0m -> [33mRUNNING[0m
[robot_decision-1] [1746791042.072]: Subscribers               [36mIDLE[0m -> [33mRUNNING[0m
[robot_decision-1] [INFO] [1746791042.072557875] [robot_decision]: [IfHealthSub] health value: 500
[robot_decision-1] [INFO] [1746791042.072698013] [robot_decision]: [OurOutpostSub] our outpost health value: 1500
[robot_decision-1] [INFO] [1746791042.072771052] [robot_decision]: [EnemyOutpostSub] enemy outpost health value: 0
[robot_decision-1] [1746791042.073]: IfHealthSub               [36mIDLE[0m -> [32mSUCCESS[0m
[robot_decision-1] [1746791042.073]: OurOutpostSub             [36mIDLE[0m -> [32mSUCCESS[0m
[robot_decision-1] [1746791042.073]: EnemyOutpostSub           [36mIDLE[0m -> [32mSUCCESS[0m
[robot_decision-1] [1746791042.073]: IfHealthSub               [32mSUCCESS[0m -> [36mIDLE[0m
[robot_decision-1] [1746791042.073]: OurOutpostSub             [32mSUCCESS[0m -> [36mIDLE[0m
[robot_decision-1] [1746791042.073]: EnemyOutpostSub           [32mSUCCESS[0m -> [36mIDLE[0m
[robot_decision-1] [1746791042.073]: Subscribers               [33mRUNNING[0m -> [32mSUCCESS[0m
[robot_decision-1] [1746791042.073]: Subscribers               [32mSUCCESS[0m -> [36mIDLE[0m
[robot_decision-1] [1746791042.073]: Inverter                  [33mRUNNING[0m -> [31mFAILURE[0m
[robot_decision-1] [1746791042.073]: HealthCheck               [36mIDLE[0m -> [33mRUNNING[0m
[robot_decision-1] [1746791042.073]: CheckIfHealth             [36mIDLE[0m -> [31mFAILURE[0m
[robot_decision-1] [1746791042.073]: CheckIfHealth             [31mFAILURE[0m -> [36mIDLE[0m
[robot_decision-1] [1746791042.073]: HealthCheck               [33mRUNNING[0m -> [31mFAILURE[0m
[robot_decision-1] [1746791042.073]: Inverter                  [31mFAILURE[0m -> [36mIDLE[0m
[robot_decision-1] [1746791042.073]: HealthCheck               [31mFAILURE[0m -> [36mIDLE[0m
[robot_decision-1] [1746791042.573]: Inverter                  [36mIDLE[0m -> [33mRUNNING[0m
[robot_decision-1] [1746791042.573]: Subscribers               [36mIDLE[0m -> [33mRUNNING[0m
[robot_decision-1] [INFO] [1746791042.573698054] [robot_decision]: [IfHealthSub] health value: 500
[robot_decision-1] [INFO] [1746791042.573972849] [robot_decision]: [OurOutpostSub] our outpost health value: 1500
[robot_decision-1] [INFO] [1746791042.574118507] [robot_decision]: [EnemyOutpostSub] enemy outpost health value: 0
[robot_decision-1] [1746791042.574]: IfHealthSub               [36mIDLE[0m -> [32mSUCCESS[0m
[robot_decision-1] [1746791042.574]: OurOutpostSub             [36mIDLE[0m -> [32mSUCCESS[0m
[robot_decision-1] [1746791042.574]: EnemyOutpostSub           [36mIDLE[0m -> [32mSUCCESS[0m
[robot_decision-1] [1746791042.574]: IfHealthSub               [32mSUCCESS[0m -> [36mIDLE[0m
[robot_decision-1] [1746791042.574]: OurOutpostSub             [32mSUCCESS[0m -> [36mIDLE[0m
[robot_decision-1] [1746791042.574]: EnemyOutpostSub           [32mSUCCESS[0m -> [36mIDLE[0m
[robot_decision-1] [1746791042.574]: Subscribers               [33mRUNNING[0m -> [32mSUCCESS[0m
[robot_decision-1] [1746791042.574]: Subscribers               [32mSUCCESS[0m -> [36mIDLE[0m
[robot_decision-1] [1746791042.574]: Inverter                  [33mRUNNING[0m -> [31mFAILURE[0m
[robot_decision-1] [1746791042.574]: HealthCheck               [36mIDLE[0m -> [33mRUNNING[0m
[robot_decision-1] [1746791042.574]: CheckIfHealth             [36mIDLE[0m -> [31mFAILURE[0m
[robot_decision-1] [1746791042.574]: CheckIfHealth             [31mFAILURE[0m -> [36mIDLE[0m
[robot_decision-1] [1746791042.574]: HealthCheck               [33mRUNNING[0m -> [31mFAILURE[0m
[robot_decision-1] [1746791042.575]: Inverter                  [31mFAILURE[0m -> [36mIDLE[0m
[robot_decision-1] [1746791042.575]: HealthCheck               [31mFAILURE[0m -> [36mIDLE[0m
[robot_decision-1] [1746791043.075]: Inverter                  [36mIDLE[0m -> [33mRUNNING[0m
[robot_decision-1] [1746791043.075]: Subscribers               [36mIDLE[0m -> [33mRUNNING[0m
[robot_decision-1] [INFO] [1746791043.076544676] [robot_decision]: [IfHealthSub] health value: 500
[robot_decision-1] [INFO] [1746791043.076850179] [robot_decision]: [OurOutpostSub] our outpost health value: 1500
[robot_decision-1] [INFO] [1746791043.076933789] [robot_decision]: [EnemyOutpostSub] enemy outpost health value: 0
[robot_decision-1] [1746791043.077]: IfHealthSub               [36mIDLE[0m -> [32mSUCCESS[0m
[robot_decision-1] [1746791043.077]: OurOutpostSub             [36mIDLE[0m -> [32mSUCCESS[0m
[robot_decision-1] [1746791043.077]: EnemyOutpostSub           [36mIDLE[0m -> [32mSUCCESS[0m
[robot_decision-1] [1746791043.077]: IfHealthSub               [32mSUCCESS[0m -> [36mIDLE[0m
[robot_decision-1] [1746791043.077]: OurOutpostSub             [32mSUCCESS[0m -> [36mIDLE[0m
[robot_decision-1] [1746791043.077]: EnemyOutpostSub           [32mSUCCESS[0m -> [36mIDLE[0m
[robot_decision-1] [1746791043.077]: Subscribers               [33mRUNNING[0m -> [32mSUCCESS[0m
[robot_decision-1] [1746791043.077]: Subscribers               [32mSUCCESS[0m -> [36mIDLE[0m
[robot_decision-1] [1746791043.077]: Inverter                  [33mRUNNING[0m -> [31mFAILURE[0m
[robot_decision-1] [1746791043.077]: HealthCheck               [36mIDLE[0m -> [33mRUNNING[0m
[robot_decision-1] [1746791043.077]: CheckIfHealth             [36mIDLE[0m -> [31mFAILURE[0m
[robot_decision-1] [1746791043.077]: CheckIfHealth             [31mFAILURE[0m -> [36mIDLE[0m
[robot_decision-1] [1746791043.077]: HealthCheck               [33mRUNNING[0m -> [31mFAILURE[0m
[robot_decision-1] [1746791043.077]: Inverter                  [31mFAILURE[0m -> [36mIDLE[0m
[robot_decision-1] [1746791043.077]: HealthCheck               [31mFAILURE[0m -> [36mIDLE[0m
[robot_decision-1] [1746791043.578]: Inverter                  [36mIDLE[0m -> [33mRUNNING[0m
[robot_decision-1] [1746791043.578]: Subscribers               [36mIDLE[0m -> [33mRUNNING[0m
[robot_decision-1] [INFO] [1746791043.577749408] [robot_decision]: [IfHealthSub] health value: 500
[robot_decision-1] [INFO] [1746791043.577858165] [robot_decision]: [OurOutpostSub] our outpost health value: 1500
[robot_decision-1] [INFO] [1746791043.577912940] [robot_decision]: [EnemyOutpostSub] enemy outpost health value: 0
[robot_decision-1] [INFO] [1746791043.578296071] [robot_decision]: Navigation Success!
[robot_decision-1] [ERROR] [1746791043.578433914] [robot_decision]: [IfHealthSub] invalid message
[robot_decision-1] [1746791043.578]: IfHealthSub               [36mIDLE[0m -> [32mSUCCESS[0m
[robot_decision-1] [1746791043.578]: OurOutpostSub             [36mIDLE[0m -> [32mSUCCESS[0m
[robot_decision-1] [1746791043.578]: EnemyOutpostSub           [36mIDLE[0m -> [32mSUCCESS[0m
[robot_decision-1] [1746791043.578]: IfHealthSub               [32mSUCCESS[0m -> [36mIDLE[0m
[robot_decision-1] [1746791043.578]: OurOutpostSub             [32mSUCCESS[0m -> [36mIDLE[0m
[robot_decision-1] [1746791043.578]: EnemyOutpostSub           [32mSUCCESS[0m -> [36mIDLE[0m
[robot_decision-1] [1746791043.578]: Subscribers               [33mRUNNING[0m -> [32mSUCCESS[0m
[robot_decision-1] [1746791043.578]: Subscribers               [32mSUCCESS[0m -> [36mIDLE[0m
[robot_decision-1] [1746791043.578]: Inverter                  [33mRUNNING[0m -> [31mFAILURE[0m
[robot_decision-1] [1746791043.578]: HealthCheck               [36mIDLE[0m -> [33mRUNNING[0m
[robot_decision-1] [1746791043.578]: CheckIfHealth             [36mIDLE[0m -> [31mFAILURE[0m
[robot_decision-1] [1746791043.578]: CheckIfHealth             [31mFAILURE[0m -> [36mIDLE[0m
[robot_decision-1] [1746791043.578]: HealthCheck               [33mRUNNING[0m -> [31mFAILURE[0m
[robot_decision-1] onResultReceived: 4
[robot_decision-1] [1746791043.578]: NavigateToPose            [33mRUNNING[0m -> [32mSUCCESS[0m
[robot_decision-1] [1746791043.578]: WaitNode                  [32mSUCCESS[0m -> [36mIDLE[0m
[robot_decision-1] [1746791043.578]: NavigateToPose            [32mSUCCESS[0m -> [36mIDLE[0m
[robot_decision-1] [1746791043.578]: Sequence                  [33mRUNNING[0m -> [32mSUCCESS[0m
[robot_decision-1] [1746791043.578]: Sequence                  [32mSUCCESS[0m -> [36mIDLE[0m
[robot_decision-1] [1746791043.578]: RetryUntilSuccessful      [33mRUNNING[0m -> [32mSUCCESS[0m
[robot_decision-1] [1746791043.578]: CheckIfHealth             [32mSUCCESS[0m -> [36mIDLE[0m
[robot_decision-1] [1746791043.578]: IsEnemyOutpostDead        [32mSUCCESS[0m -> [36mIDLE[0m
[robot_decision-1] [1746791043.578]: RetryUntilSuccessful      [32mSUCCESS[0m -> [36mIDLE[0m
[robot_decision-1] [1746791043.578]: EnemyOutpostDead          [33mRUNNING[0m -> [32mSUCCESS[0m
[robot_decision-1] [1746791043.578]: OurOutpostDead            [31mFAILURE[0m -> [36mIDLE[0m
[robot_decision-1] [1746791043.578]: EnemyOutpostDead          [32mSUCCESS[0m -> [36mIDLE[0m
[robot_decision-1] [1746791043.578]: BaseStatusLogic           [33mRUNNING[0m -> [32mSUCCESS[0m
[robot_decision-1] [1746791043.578]: Inverter                  [31mFAILURE[0m -> [36mIDLE[0m
[robot_decision-1] [1746791043.578]: HealthCheck               [31mFAILURE[0m -> [36mIDLE[0m
[robot_decision-1] [1746791043.578]: BaseStatusLogic           [32mSUCCESS[0m -> [36mIDLE[0m
[robot_decision-1] [1746791043.578]: ActionSequence            [33mRUNNING[0m -> [32mSUCCESS[0m
[robot_decision-1] [1746791043.578]: ActionSequence            [32mSUCCESS[0m -> [36mIDLE[0m
[robot_decision-1] [1746791043.578]: ActionSequence            [36mIDLE[0m -> [33mRUNNING[0m
[robot_decision-1] [1746791043.578]: Inverter                  [36mIDLE[0m -> [33mRUNNING[0m
[robot_decision-1] [1746791043.578]: Subscribers               [36mIDLE[0m -> [33mRUNNING[0m
[robot_decision-1] [1746791043.578]: IfHealthSub               [36mIDLE[0m -> [31mFAILURE[0m
[robot_decision-1] [1746791043.578]: IfHealthSub               [31mFAILURE[0m -> [36mIDLE[0m
[robot_decision-1] [1746791043.578]: Subscribers               [33mRUNNING[0m -> [31mFAILURE[0m
[robot_decision-1] [1746791043.578]: Subscribers               [31mFAILURE[0m -> [36mIDLE[0m
[robot_decision-1] [1746791043.578]: Inverter                  [33mRUNNING[0m -> [32mSUCCESS[0m
[robot_decision-1] [1746791043.578]: Inverter                  [32mSUCCESS[0m -> [36mIDLE[0m
[robot_decision-1] [1746791043.578]: ActionSequence            [33mRUNNING[0m -> [32mSUCCESS[0m
[robot_decision-1] [1746791043.578]: ActionSequence            [32mSUCCESS[0m -> [36mIDLE[0m
[robot_decision-1] [1746791044.079]: ActionSequence            [36mIDLE[0m -> [33mRUNNING[0m
[robot_decision-1] [1746791044.079]: Inverter                  [36mIDLE[0m -> [33mRUNNING[0m
[robot_decision-1] [1746791044.079]: Subscribers               [36mIDLE[0m -> [33mRUNNING[0m
[robot_decision-1] [1746791044.080]: IfHealthSub               [36mIDLE[0m -> [32mSUCCESS[0m
[robot_decision-1] [1746791044.080]: OurOutpostSub             [36mIDLE[0m -> [32mSUCCESS[0m
[robot_decision-1] [1746791044.080]: EnemyOutpostSub           [36mIDLE[0m -> [32mSUCCESS[0m
[robot_decision-1] [1746791044.080]: IfHealthSub               [32mSUCCESS[0m -> [36mIDLE[0m
[robot_decision-1] [1746791044.080]: OurOutpostSub             [32mSUCCESS[0m -> [36mIDLE[0m
[robot_decision-1] [1746791044.080]: EnemyOutpostSub           [32mSUCCESS[0m -> [36mIDLE[0m
[robot_decision-1] [1746791044.080]: Subscribers               [33mRUNNING[0m -> [32mSUCCESS[0m
[robot_decision-1] [1746791044.080]: Subscribers               [32mSUCCESS[0m -> [36mIDLE[0m
[robot_decision-1] [1746791044.080]: Inverter                  [33mRUNNING[0m -> [31mFAILURE[0m
[robot_decision-1] [1746791044.080]: HealthCheck               [36mIDLE[0m -> [33mRUNNING[0m
[robot_decision-1] [INFO] [1746791044.079382603] [robot_decision]: [IfHealthSub] health value: 500
[robot_decision-1] [INFO] [1746791044.079736528] [robot_decision]: [OurOutpostSub] our outpost health value: 1500
[robot_decision-1] [INFO] [1746791044.079883168] [robot_decision]: [EnemyOutpostSub] enemy outpost health value: 0
[robot_decision-1] [1746791044.080]: CheckIfHealth             [36mIDLE[0m -> [31mFAILURE[0m
[robot_decision-1] [1746791044.080]: CheckIfHealth             [31mFAILURE[0m -> [36mIDLE[0m
[robot_decision-1] [1746791044.080]: HealthCheck               [33mRUNNING[0m -> [31mFAILURE[0m
[robot_decision-1] [1746791044.080]: BaseStatusLogic           [36mIDLE[0m -> [33mRUNNING[0m
[robot_decision-1] [1746791044.080]: OurOutpostDead            [36mIDLE[0m -> [33mRUNNING[0m
[robot_decision-1] [1746791044.080]: CheckIfHealth             [36mIDLE[0m -> [32mSUCCESS[0m
[robot_decision-1] [1746791044.080]: IsOurOutpostDead          [36mIDLE[0m -> [31mFAILURE[0m
[robot_decision-1] [1746791044.080]: CheckIfHealth             [32mSUCCESS[0m -> [36mIDLE[0m
[robot_decision-1] [1746791044.080]: IsOurOutpostDead          [31mFAILURE[0m -> [36mIDLE[0m
[robot_decision-1] [1746791044.080]: OurOutpostDead            [33mRUNNING[0m -> [31mFAILURE[0m
[robot_decision-1] [1746791044.080]: EnemyOutpostDead          [36mIDLE[0m -> [33mRUNNING[0m
[robot_decision-1] [1746791044.080]: CheckIfHealth             [36mIDLE[0m -> [32mSUCCESS[0m
[robot_decision-1] [1746791044.080]: IsEnemyOutpostDead        [36mIDLE[0m -> [32mSUCCESS[0m
[robot_decision-1] [1746791044.080]: RetryUntilSuccessful      [36mIDLE[0m -> [33mRUNNING[0m
[robot_decision-1] [1746791044.080]: Sequence                  [36mIDLE[0m -> [33mRUNNING[0m
[robot_decision-1] [1746791044.080]: WaitNode                  [36mIDLE[0m -> [33mRUNNING[0m
[robot_decision-1] [1746791044.080]: Inverter                  [31mFAILURE[0m -> [36mIDLE[0m
[robot_decision-1] [1746791044.080]: HealthCheck               [31mFAILURE[0m -> [36mIDLE[0m
[robot_decision-1] [INFO] [1746791044.080060667] [IfHealth]: [CheckIfHealth] amount of blood: 500
[robot_decision-1] [INFO] [1746791044.080121403] [CheckOutposet]: [IsOurOutpostDead] Our outpost health: 1500 (alive)
[robot_decision-1] [INFO] [1746791044.080181447] [IfHealth]: [CheckIfHealth] amount of blood: 500
[robot_decision-1] [INFO] [1746791044.080206565] [CheckEnemyposet]: [IsEnemyOutpostDead] Enemy outpost health: 0 (dead/critical)
[robot_decision-1] [1746791044.581]: Inverter                  [36mIDLE[0m -> [33mRUNNING[0m
[robot_decision-1] [1746791044.581]: Subscribers               [36mIDLE[0m -> [33mRUNNING[0m
[robot_decision-1] [INFO] [1746791044.580732922] [robot_decision]: [IfHealthSub] health value: 500
[robot_decision-1] [INFO] [1746791044.580843974] [robot_decision]: [OurOutpostSub] our outpost health value: 1500
[robot_decision-1] [INFO] [1746791044.580893749] [robot_decision]: [EnemyOutpostSub] enemy outpost health value: 0
[robot_decision-1] [1746791044.581]: IfHealthSub               [36mIDLE[0m -> [32mSUCCESS[0m
[robot_decision-1] [1746791044.581]: OurOutpostSub             [36mIDLE[0m -> [32mSUCCESS[0m
[robot_decision-1] [1746791044.581]: EnemyOutpostSub           [36mIDLE[0m -> [32mSUCCESS[0m
[robot_decision-1] [1746791044.581]: IfHealthSub               [32mSUCCESS[0m -> [36mIDLE[0m
[robot_decision-1] [1746791044.581]: OurOutpostSub             [32mSUCCESS[0m -> [36mIDLE[0m
[robot_decision-1] [1746791044.581]: EnemyOutpostSub           [32mSUCCESS[0m -> [36mIDLE[0m
[robot_decision-1] [1746791044.581]: Subscribers               [33mRUNNING[0m -> [32mSUCCESS[0m
[robot_decision-1] [1746791044.581]: Subscribers               [32mSUCCESS[0m -> [36mIDLE[0m
[robot_decision-1] [1746791044.581]: Inverter                  [33mRUNNING[0m -> [31mFAILURE[0m
[robot_decision-1] [1746791044.581]: HealthCheck               [36mIDLE[0m -> [33mRUNNING[0m
[robot_decision-1] [1746791044.581]: CheckIfHealth             [36mIDLE[0m -> [31mFAILURE[0m
[robot_decision-1] [1746791044.581]: CheckIfHealth             [31mFAILURE[0m -> [36mIDLE[0m
[robot_decision-1] [1746791044.581]: HealthCheck               [33mRUNNING[0m -> [31mFAILURE[0m
[robot_decision-1] [1746791044.581]: WaitNode                  [33mRUNNING[0m -> [32mSUCCESS[0m
[robot_decision-1] [1746791044.581]: NavigateToPose            [36mIDLE[0m -> [33mRUNNING[0m
[robot_decision-1] Point key: 4 x:4 y:0.45
[robot_decision-1] [1746791044.582]: Inverter                  [31mFAILURE[0m -> [36mIDLE[0m
[robot_decision-1] [1746791044.582]: HealthCheck               [31mFAILURE[0m -> [36mIDLE[0m
[robot_decision-1] [1746791045.082]: Inverter                  [36mIDLE[0m -> [33mRUNNING[0m
[robot_decision-1] [1746791045.082]: Subscribers               [36mIDLE[0m -> [33mRUNNING[0m
[robot_decision-1] [INFO] [1746791045.082111019] [robot_decision]: [IfHealthSub] health value: 500
[robot_decision-1] [INFO] [1746791045.082857824] [robot_decision]: [OurOutpostSub] our outpost health value: 1500
[robot_decision-1] [INFO] [1746791045.082946353] [robot_decision]: [EnemyOutpostSub] enemy outpost health value: 0
[robot_decision-1] [1746791045.083]: IfHealthSub               [36mIDLE[0m -> [32mSUCCESS[0m
[robot_decision-1] [1746791045.083]: OurOutpostSub             [36mIDLE[0m -> [32mSUCCESS[0m
[robot_decision-1] [1746791045.083]: EnemyOutpostSub           [36mIDLE[0m -> [32mSUCCESS[0m
[robot_decision-1] [1746791045.083]: IfHealthSub               [32mSUCCESS[0m -> [36mIDLE[0m
[robot_decision-1] [1746791045.083]: OurOutpostSub             [32mSUCCESS[0m -> [36mIDLE[0m
[robot_decision-1] [1746791045.083]: EnemyOutpostSub           [32mSUCCESS[0m -> [36mIDLE[0m
[robot_decision-1] [1746791045.083]: Subscribers               [33mRUNNING[0m -> [32mSUCCESS[0m
[robot_decision-1] [1746791045.083]: Subscribers               [32mSUCCESS[0m -> [36mIDLE[0m
[robot_decision-1] [1746791045.083]: Inverter                  [33mRUNNING[0m -> [31mFAILURE[0m
[robot_decision-1] [1746791045.083]: HealthCheck               [36mIDLE[0m -> [33mRUNNING[0m
[robot_decision-1] [1746791045.083]: CheckIfHealth             [36mIDLE[0m -> [31mFAILURE[0m
[robot_decision-1] [1746791045.083]: CheckIfHealth             [31mFAILURE[0m -> [36mIDLE[0m
[robot_decision-1] [1746791045.083]: HealthCheck               [33mRUNNING[0m -> [31mFAILURE[0m
[robot_decision-1] [1746791045.083]: Inverter                  [31mFAILURE[0m -> [36mIDLE[0m
[robot_decision-1] [1746791045.083]: HealthCheck               [31mFAILURE[0m -> [36mIDLE[0m
[robot_decision-1] [1746791045.583]: Inverter                  [36mIDLE[0m -> [33mRUNNING[0m
[robot_decision-1] [1746791045.584]: Subscribers               [36mIDLE[0m -> [33mRUNNING[0m
[robot_decision-1] [INFO] [1746791045.584395801] [robot_decision]: [IfHealthSub] health value: 500
[robot_decision-1] [INFO] [1746791045.584725149] [robot_decision]: [OurOutpostSub] our outpost health value: 1500
[robot_decision-1] [INFO] [1746791045.584841481] [robot_decision]: [EnemyOutpostSub] enemy outpost health value: 0
[robot_decision-1] [1746791045.585]: IfHealthSub               [36mIDLE[0m -> [32mSUCCESS[0m
[robot_decision-1] [1746791045.585]: OurOutpostSub             [36mIDLE[0m -> [32mSUCCESS[0m
[robot_decision-1] [1746791045.585]: EnemyOutpostSub           [36mIDLE[0m -> [32mSUCCESS[0m
[robot_decision-1] [1746791045.585]: IfHealthSub               [32mSUCCESS[0m -> [36mIDLE[0m
[robot_decision-1] [1746791045.585]: OurOutpostSub             [32mSUCCESS[0m -> [36mIDLE[0m
[robot_decision-1] [1746791045.585]: EnemyOutpostSub           [32mSUCCESS[0m -> [36mIDLE[0m
[robot_decision-1] [1746791045.585]: Subscribers               [33mRUNNING[0m -> [32mSUCCESS[0m
[robot_decision-1] [1746791045.585]: Subscribers               [32mSUCCESS[0m -> [36mIDLE[0m
[robot_decision-1] [1746791045.585]: Inverter                  [33mRUNNING[0m -> [31mFAILURE[0m
[robot_decision-1] [1746791045.585]: HealthCheck               [36mIDLE[0m -> [33mRUNNING[0m
[robot_decision-1] [1746791045.585]: CheckIfHealth             [36mIDLE[0m -> [31mFAILURE[0m
[robot_decision-1] [1746791045.585]: CheckIfHealth             [31mFAILURE[0m -> [36mIDLE[0m
[robot_decision-1] [1746791045.585]: HealthCheck               [33mRUNNING[0m -> [31mFAILURE[0m
[robot_decision-1] [1746791045.585]: Inverter                  [31mFAILURE[0m -> [36mIDLE[0m
[robot_decision-1] [1746791045.585]: HealthCheck               [31mFAILURE[0m -> [36mIDLE[0m
[robot_decision-1] [1746791046.085]: Inverter                  [36mIDLE[0m -> [33mRUNNING[0m
[robot_decision-1] [1746791046.085]: Subscribers               [36mIDLE[0m -> [33mRUNNING[0m
[robot_decision-1] [1746791046.086]: IfHealthSub               [36mIDLE[0m -> [32mSUCCESS[0m
[robot_decision-1] [1746791046.086]: OurOutpostSub             [36mIDLE[0m -> [32mSUCCESS[0m
[robot_decision-1] [1746791046.086]: EnemyOutpostSub           [36mIDLE[0m -> [32mSUCCESS[0m
[robot_decision-1] [1746791046.086]: IfHealthSub               [32mSUCCESS[0m -> [36mIDLE[0m
[robot_decision-1] [1746791046.086]: OurOutpostSub             [32mSUCCESS[0m -> [36mIDLE[0m
[robot_decision-1] [1746791046.086]: EnemyOutpostSub           [32mSUCCESS[0m -> [36mIDLE[0m
[robot_decision-1] [1746791046.086]: Subscribers               [33mRUNNING[0m -> [32mSUCCESS[0m
[robot_decision-1] [1746791046.086]: Subscribers               [32mSUCCESS[0m -> [36mIDLE[0m
[robot_decision-1] [1746791046.086]: Inverter                  [33mRUNNING[0m -> [31mFAILURE[0m
[robot_decision-1] [1746791046.086]: HealthCheck               [36mIDLE[0m -> [33mRUNNING[0m
[robot_decision-1] [1746791046.086]: CheckIfHealth             [36mIDLE[0m -> [31mFAILURE[0m
[robot_decision-1] [1746791046.086]: CheckIfHealth             [31mFAILURE[0m -> [36mIDLE[0m
[robot_decision-1] [1746791046.086]: HealthCheck               [33mRUNNING[0m -> [31mFAILURE[0m
[robot_decision-1] [1746791046.086]: Inverter                  [31mFAILURE[0m -> [36mIDLE[0m
[robot_decision-1] [1746791046.086]: HealthCheck               [31mFAILURE[0m -> [36mIDLE[0m
[robot_decision-1] [INFO] [1746791046.085665209] [robot_decision]: [IfHealthSub] health value: 500
[robot_decision-1] [INFO] [1746791046.085840734] [robot_decision]: [OurOutpostSub] our outpost health value: 1500
[robot_decision-1] [INFO] [1746791046.085939763] [robot_decision]: [EnemyOutpostSub] enemy outpost health value: 0
[robot_decision-1] [1746791046.587]: Inverter                  [36mIDLE[0m -> [33mRUNNING[0m
[robot_decision-1] [1746791046.587]: Subscribers               [36mIDLE[0m -> [33mRUNNING[0m
[robot_decision-1] [INFO] [1746791046.587659306] [robot_decision]: [IfHealthSub] health value: 500
[robot_decision-1] [1746791046.588]: IfHealthSub               [36mIDLE[0m -> [32mSUCCESS[0m
[robot_decision-1] [1746791046.588]: OurOutpostSub             [36mIDLE[0m -> [32mSUCCESS[0m
[robot_decision-1] [1746791046.588]: EnemyOutpostSub           [36mIDLE[0m -> [32mSUCCESS[0m
[robot_decision-1] [1746791046.588]: IfHealthSub               [32mSUCCESS[0m -> [36mIDLE[0m
[robot_decision-1] [1746791046.588]: OurOutpostSub             [32mSUCCESS[0m -> [36mIDLE[0m
[robot_decision-1] [1746791046.588]: EnemyOutpostSub           [32mSUCCESS[0m -> [36mIDLE[0m
[robot_decision-1] [1746791046.588]: Subscribers               [33mRUNNING[0m -> [32mSUCCESS[0m
[robot_decision-1] [1746791046.588]: Subscribers               [32mSUCCESS[0m -> [36mIDLE[0m
[robot_decision-1] [1746791046.588]: Inverter                  [33mRUNNING[0m -> [31mFAILURE[0m
[robot_decision-1] [1746791046.588]: HealthCheck               [36mIDLE[0m -> [33mRUNNING[0m
[robot_decision-1] [1746791046.588]: CheckIfHealth             [36mIDLE[0m -> [31mFAILURE[0m
[robot_decision-1] [1746791046.588]: CheckIfHealth             [31mFAILURE[0m -> [36mIDLE[0m
[robot_decision-1] [1746791046.588]: HealthCheck               [33mRUNNING[0m -> [31mFAILURE[0m
[robot_decision-1] [1746791046.588]: Inverter                  [31mFAILURE[0m -> [36mIDLE[0m
[robot_decision-1] [1746791046.588]: HealthCheck               [31mFAILURE[0m -> [36mIDLE[0m
[robot_decision-1] [INFO] [1746791046.587980539] [robot_decision]: [OurOutpostSub] our outpost health value: 1500
[robot_decision-1] [INFO] [1746791046.588111619] [robot_decision]: [EnemyOutpostSub] enemy outpost health value: 0
[robot_decision-1] [1746791047.089]: Inverter                  [36mIDLE[0m -> [33mRUNNING[0m
[robot_decision-1] [1746791047.089]: Subscribers               [36mIDLE[0m -> [33mRUNNING[0m
[robot_decision-1] [INFO] [1746791047.089053051] [robot_decision]: [IfHealthSub] health value: 500
[robot_decision-1] [INFO] [1746791047.089478463] [robot_decision]: [OurOutpostSub] our outpost health value: 1500
[robot_decision-1] [INFO] [1746791047.089662034] [robot_decision]: [EnemyOutpostSub] enemy outpost health value: 0
[robot_decision-1] [1746791047.089]: IfHealthSub               [36mIDLE[0m -> [32mSUCCESS[0m
[robot_decision-1] [1746791047.090]: OurOutpostSub             [36mIDLE[0m -> [32mSUCCESS[0m
[robot_decision-1] [1746791047.090]: EnemyOutpostSub           [36mIDLE[0m -> [32mSUCCESS[0m
[robot_decision-1] [1746791047.090]: IfHealthSub               [32mSUCCESS[0m -> [36mIDLE[0m
[robot_decision-1] [1746791047.090]: OurOutpostSub             [32mSUCCESS[0m -> [36mIDLE[0m
[robot_decision-1] [1746791047.090]: EnemyOutpostSub           [32mSUCCESS[0m -> [36mIDLE[0m
[robot_decision-1] [1746791047.090]: Subscribers               [33mRUNNING[0m -> [32mSUCCESS[0m
[robot_decision-1] [1746791047.090]: Subscribers               [32mSUCCESS[0m -> [36mIDLE[0m
[robot_decision-1] [1746791047.090]: Inverter                  [33mRUNNING[0m -> [31mFAILURE[0m
[robot_decision-1] [1746791047.090]: HealthCheck               [36mIDLE[0m -> [33mRUNNING[0m
[robot_decision-1] [1746791047.090]: CheckIfHealth             [36mIDLE[0m -> [31mFAILURE[0m
[robot_decision-1] [1746791047.090]: CheckIfHealth             [31mFAILURE[0m -> [36mIDLE[0m
[robot_decision-1] [1746791047.090]: HealthCheck               [33mRUNNING[0m -> [31mFAILURE[0m
[robot_decision-1] [1746791047.090]: Inverter                  [31mFAILURE[0m -> [36mIDLE[0m
[robot_decision-1] [1746791047.090]: HealthCheck               [31mFAILURE[0m -> [36mIDLE[0m
[robot_decision-1] [1746791047.590]: Inverter                  [36mIDLE[0m -> [33mRUNNING[0m
[robot_decision-1] [1746791047.591]: Subscribers               [36mIDLE[0m -> [33mRUNNING[0m
[robot_decision-1] [INFO] [1746791047.590691298] [robot_decision]: [IfHealthSub] health value: 500
[robot_decision-1] [INFO] [1746791047.590844310] [robot_decision]: [OurOutpostSub] our outpost health value: 1500
[robot_decision-1] [INFO] [1746791047.590946054] [robot_decision]: [EnemyOutpostSub] enemy outpost health value: 0
[robot_decision-1] [1746791047.591]: IfHealthSub               [36mIDLE[0m -> [32mSUCCESS[0m
[robot_decision-1] [1746791047.591]: OurOutpostSub             [36mIDLE[0m -> [32mSUCCESS[0m
[robot_decision-1] [1746791047.591]: EnemyOutpostSub           [36mIDLE[0m -> [32mSUCCESS[0m
[robot_decision-1] [1746791047.591]: IfHealthSub               [32mSUCCESS[0m -> [36mIDLE[0m
[robot_decision-1] [1746791047.591]: OurOutpostSub             [32mSUCCESS[0m -> [36mIDLE[0m
[robot_decision-1] [1746791047.591]: EnemyOutpostSub           [32mSUCCESS[0m -> [36mIDLE[0m
[robot_decision-1] [1746791047.591]: Subscribers               [33mRUNNING[0m -> [32mSUCCESS[0m
[robot_decision-1] [1746791047.591]: Subscribers               [32mSUCCESS[0m -> [36mIDLE[0m
[robot_decision-1] [1746791047.591]: Inverter                  [33mRUNNING[0m -> [31mFAILURE[0m
[robot_decision-1] [1746791047.591]: HealthCheck               [36mIDLE[0m -> [33mRUNNING[0m
[robot_decision-1] [1746791047.591]: CheckIfHealth             [36mIDLE[0m -> [31mFAILURE[0m
[robot_decision-1] [1746791047.591]: CheckIfHealth             [31mFAILURE[0m -> [36mIDLE[0m
[robot_decision-1] [1746791047.591]: HealthCheck               [33mRUNNING[0m -> [31mFAILURE[0m
[robot_decision-1] [1746791047.591]: Inverter                  [31mFAILURE[0m -> [36mIDLE[0m
[robot_decision-1] [1746791047.591]: HealthCheck               [31mFAILURE[0m -> [36mIDLE[0m
[robot_decision-1] [1746791048.092]: Inverter                  [36mIDLE[0m -> [33mRUNNING[0m
[robot_decision-1] [1746791048.092]: Subscribers               [36mIDLE[0m -> [33mRUNNING[0m
[robot_decision-1] [1746791048.092]: IfHealthSub               [36mIDLE[0m -> [32mSUCCESS[0m
[robot_decision-1] [1746791048.092]: OurOutpostSub             [36mIDLE[0m -> [32mSUCCESS[0m
[robot_decision-1] [1746791048.092]: EnemyOutpostSub           [36mIDLE[0m -> [32mSUCCESS[0m
[robot_decision-1] [1746791048.092]: IfHealthSub               [32mSUCCESS[0m -> [36mIDLE[0m
[robot_decision-1] [1746791048.092]: OurOutpostSub             [32mSUCCESS[0m -> [36mIDLE[0m
[robot_decision-1] [1746791048.092]: EnemyOutpostSub           [32mSUCCESS[0m -> [36mIDLE[0m
[robot_decision-1] [1746791048.092]: Subscribers               [33mRUNNING[0m -> [32mSUCCESS[0m
[robot_decision-1] [1746791048.092]: Subscribers               [32mSUCCESS[0m -> [36mIDLE[0m
[robot_decision-1] [1746791048.092]: Inverter                  [33mRUNNING[0m -> [31mFAILURE[0m
[robot_decision-1] [1746791048.092]: HealthCheck               [36mIDLE[0m -> [33mRUNNING[0m
[robot_decision-1] [1746791048.092]: CheckIfHealth             [36mIDLE[0m -> [31mFAILURE[0m
[robot_decision-1] [1746791048.092]: CheckIfHealth             [31mFAILURE[0m -> [36mIDLE[0m
[robot_decision-1] [1746791048.092]: HealthCheck               [33mRUNNING[0m -> [31mFAILURE[0m
[robot_decision-1] [INFO] [1746791048.091741898] [robot_decision]: [IfHealthSub] health value: 500
[robot_decision-1] [INFO] [1746791048.091910299] [robot_decision]: [OurOutpostSub] our outpost health value: 1500
[robot_decision-1] [INFO] [1746791048.092000532] [robot_decision]: [EnemyOutpostSub] enemy outpost health value: 0
[robot_decision-1] [1746791048.092]: Inverter                  [31mFAILURE[0m -> [36mIDLE[0m
[robot_decision-1] [1746791048.092]: HealthCheck               [31mFAILURE[0m -> [36mIDLE[0m
[robot_decision-1] [1746791048.592]: Inverter                  [36mIDLE[0m -> [33mRUNNING[0m
[robot_decision-1] [1746791048.593]: Subscribers               [36mIDLE[0m -> [33mRUNNING[0m
[robot_decision-1] [INFO] [1746791048.592952328] [robot_decision]: [IfHealthSub] health value: 500
[robot_decision-1] [INFO] [1746791048.593246840] [robot_decision]: [OurOutpostSub] our outpost health value: 1500
[robot_decision-1] [INFO] [1746791048.593380054] [robot_decision]: [EnemyOutpostSub] enemy outpost health value: 0
[robot_decision-1] [1746791048.593]: IfHealthSub               [36mIDLE[0m -> [32mSUCCESS[0m
[robot_decision-1] [1746791048.593]: OurOutpostSub             [36mIDLE[0m -> [32mSUCCESS[0m
[robot_decision-1] [1746791048.593]: EnemyOutpostSub           [36mIDLE[0m -> [32mSUCCESS[0m
[robot_decision-1] [1746791048.593]: IfHealthSub               [32mSUCCESS[0m -> [36mIDLE[0m
[robot_decision-1] [1746791048.593]: OurOutpostSub             [32mSUCCESS[0m -> [36mIDLE[0m
[robot_decision-1] [1746791048.593]: EnemyOutpostSub           [32mSUCCESS[0m -> [36mIDLE[0m
[robot_decision-1] [1746791048.593]: Subscribers               [33mRUNNING[0m -> [32mSUCCESS[0m
[robot_decision-1] [1746791048.593]: Subscribers               [32mSUCCESS[0m -> [36mIDLE[0m
[robot_decision-1] [1746791048.593]: Inverter                  [33mRUNNING[0m -> [31mFAILURE[0m
[robot_decision-1] [1746791048.593]: HealthCheck               [36mIDLE[0m -> [33mRUNNING[0m
[robot_decision-1] [1746791048.594]: CheckIfHealth             [36mIDLE[0m -> [31mFAILURE[0m
[robot_decision-1] [1746791048.594]: CheckIfHealth             [31mFAILURE[0m -> [36mIDLE[0m
[robot_decision-1] [1746791048.594]: HealthCheck               [33mRUNNING[0m -> [31mFAILURE[0m
[robot_decision-1] [1746791048.594]: Inverter                  [31mFAILURE[0m -> [36mIDLE[0m
[robot_decision-1] [1746791048.594]: HealthCheck               [31mFAILURE[0m -> [36mIDLE[0m
[robot_decision-1] [1746791049.094]: Inverter                  [36mIDLE[0m -> [33mRUNNING[0m
[robot_decision-1] [1746791049.094]: Subscribers               [36mIDLE[0m -> [33mRUNNING[0m
[robot_decision-1] [INFO] [1746791049.094434391] [robot_decision]: [IfHealthSub] health value: 500
[robot_decision-1] [INFO] [1746791049.094677224] [robot_decision]: [OurOutpostSub] our outpost health value: 1500
[robot_decision-1] [INFO] [1746791049.094779319] [robot_decision]: [EnemyOutpostSub] enemy outpost health value: 0
[robot_decision-1] [1746791049.095]: IfHealthSub               [36mIDLE[0m -> [32mSUCCESS[0m
[robot_decision-1] [1746791049.095]: OurOutpostSub             [36mIDLE[0m -> [32mSUCCESS[0m
[robot_decision-1] [1746791049.095]: EnemyOutpostSub           [36mIDLE[0m -> [32mSUCCESS[0m
[robot_decision-1] [1746791049.095]: IfHealthSub               [32mSUCCESS[0m -> [36mIDLE[0m
[robot_decision-1] [1746791049.095]: OurOutpostSub             [32mSUCCESS[0m -> [36mIDLE[0m
[robot_decision-1] [1746791049.095]: EnemyOutpostSub           [32mSUCCESS[0m -> [36mIDLE[0m
[robot_decision-1] [1746791049.095]: Subscribers               [33mRUNNING[0m -> [32mSUCCESS[0m
[robot_decision-1] [1746791049.095]: Subscribers               [32mSUCCESS[0m -> [36mIDLE[0m
[robot_decision-1] [1746791049.095]: Inverter                  [33mRUNNING[0m -> [31mFAILURE[0m
[robot_decision-1] [1746791049.095]: HealthCheck               [36mIDLE[0m -> [33mRUNNING[0m
[robot_decision-1] [1746791049.095]: CheckIfHealth             [36mIDLE[0m -> [31mFAILURE[0m
[robot_decision-1] [1746791049.095]: CheckIfHealth             [31mFAILURE[0m -> [36mIDLE[0m
[robot_decision-1] [1746791049.095]: HealthCheck               [33mRUNNING[0m -> [31mFAILURE[0m
[robot_decision-1] [1746791049.095]: Inverter                  [31mFAILURE[0m -> [36mIDLE[0m
[robot_decision-1] [1746791049.095]: HealthCheck               [31mFAILURE[0m -> [36mIDLE[0m
[robot_decision-1] [1746791049.595]: Inverter                  [36mIDLE[0m -> [33mRUNNING[0m
[robot_decision-1] [1746791049.595]: Subscribers               [36mIDLE[0m -> [33mRUNNING[0m
[robot_decision-1] [INFO] [1746791049.595775770] [robot_decision]: [IfHealthSub] health value: 500
[robot_decision-1] [INFO] [1746791049.596022742] [robot_decision]: [OurOutpostSub] our outpost health value: 1500
[robot_decision-1] [1746791049.596]: IfHealthSub               [36mIDLE[0m -> [32mSUCCESS[0m
[robot_decision-1] [1746791049.596]: OurOutpostSub             [36mIDLE[0m -> [32mSUCCESS[0m
[robot_decision-1] [1746791049.596]: EnemyOutpostSub           [36mIDLE[0m -> [32mSUCCESS[0m
[robot_decision-1] [1746791049.596]: IfHealthSub               [32mSUCCESS[0m -> [36mIDLE[0m
[robot_decision-1] [1746791049.596]: OurOutpostSub             [32mSUCCESS[0m -> [36mIDLE[0m
[robot_decision-1] [1746791049.596]: EnemyOutpostSub           [32mSUCCESS[0m -> [36mIDLE[0m
[robot_decision-1] [1746791049.596]: Subscribers               [33mRUNNING[0m -> [32mSUCCESS[0m
[robot_decision-1] [1746791049.596]: Subscribers               [32mSUCCESS[0m -> [36mIDLE[0m
[robot_decision-1] [1746791049.596]: Inverter                  [33mRUNNING[0m -> [31mFAILURE[0m
[robot_decision-1] [1746791049.596]: HealthCheck               [36mIDLE[0m -> [33mRUNNING[0m
[robot_decision-1] [1746791049.596]: CheckIfHealth             [36mIDLE[0m -> [31mFAILURE[0m
[robot_decision-1] [1746791049.596]: CheckIfHealth             [31mFAILURE[0m -> [36mIDLE[0m
[robot_decision-1] [1746791049.596]: HealthCheck               [33mRUNNING[0m -> [31mFAILURE[0m
[robot_decision-1] [1746791049.596]: NavigateToPose            [33mRUNNING[0m -> [31mFAILURE[0m
[robot_decision-1] [1746791049.596]: WaitNode                  [32mSUCCESS[0m -> [36mIDLE[0m
[robot_decision-1] [1746791049.596]: NavigateToPose            [31mFAILURE[0m -> [36mIDLE[0m
[robot_decision-1] [1746791049.596]: Sequence                  [33mRUNNING[0m -> [31mFAILURE[0m
[robot_decision-1] [1746791049.596]: Sequence                  [31mFAILURE[0m -> [36mIDLE[0m
[robot_decision-1] [1746791049.596]: Sequence                  [36mIDLE[0m -> [33mRUNNING[0m
[robot_decision-1] [1746791049.597]: WaitNode                  [36mIDLE[0m -> [33mRUNNING[0m
[robot_decision-1] [1746791049.597]: Inverter                  [31mFAILURE[0m -> [36mIDLE[0m
[robot_decision-1] [1746791049.597]: HealthCheck               [31mFAILURE[0m -> [36mIDLE[0m
[robot_decision-1] [INFO] [1746791049.596142541] [robot_decision]: [EnemyOutpostSub] enemy outpost health value: 0
[robot_decision-1] [WARN] [1746791049.596425831] [robot_decision]: NavigateToPose failure: SEND_GOAL_TIMEOUT
[robot_decision-1] [1746791050.097]: Inverter                  [36mIDLE[0m -> [33mRUNNING[0m
[robot_decision-1] [1746791050.097]: Subscribers               [36mIDLE[0m -> [33mRUNNING[0m
[robot_decision-1] [1746791050.097]: IfHealthSub               [36mIDLE[0m -> [32mSUCCESS[0m
[robot_decision-1] [1746791050.097]: OurOutpostSub             [36mIDLE[0m -> [32mSUCCESS[0m
[robot_decision-1] [1746791050.098]: EnemyOutpostSub           [36mIDLE[0m -> [32mSUCCESS[0m
[robot_decision-1] [1746791050.098]: IfHealthSub               [32mSUCCESS[0m -> [36mIDLE[0m
[robot_decision-1] [1746791050.098]: OurOutpostSub             [32mSUCCESS[0m -> [36mIDLE[0m
[robot_decision-1] [1746791050.098]: EnemyOutpostSub           [32mSUCCESS[0m -> [36mIDLE[0m
[robot_decision-1] [1746791050.098]: Subscribers               [33mRUNNING[0m -> [32mSUCCESS[0m
[robot_decision-1] [1746791050.098]: Subscribers               [32mSUCCESS[0m -> [36mIDLE[0m
[robot_decision-1] [1746791050.098]: Inverter                  [33mRUNNING[0m -> [31mFAILURE[0m
[robot_decision-1] [1746791050.098]: HealthCheck               [36mIDLE[0m -> [33mRUNNING[0m
[robot_decision-1] [1746791050.098]: CheckIfHealth             [36mIDLE[0m -> [31mFAILURE[0m
[robot_decision-1] [1746791050.098]: CheckIfHealth             [31mFAILURE[0m -> [36mIDLE[0m
[robot_decision-1] [1746791050.098]: HealthCheck               [33mRUNNING[0m -> [31mFAILURE[0m
[robot_decision-1] [1746791050.098]: WaitNode                  [33mRUNNING[0m -> [32mSUCCESS[0m
[robot_decision-1] [1746791050.098]: NavigateToPose            [36mIDLE[0m -> [33mRUNNING[0m
[robot_decision-1] Point key: 4 x:4 y:0.45
[robot_decision-1] [1746791050.098]: Inverter                  [31mFAILURE[0m -> [36mIDLE[0m
[robot_decision-1] [1746791050.098]: HealthCheck               [31mFAILURE[0m -> [36mIDLE[0m
[robot_decision-1] [INFO] [1746791050.097183581] [robot_decision]: [IfHealthSub] health value: 500
[robot_decision-1] [INFO] [1746791050.097466892] [robot_decision]: [OurOutpostSub] our outpost health value: 1500
[robot_decision-1] [INFO] [1746791050.097576731] [robot_decision]: [EnemyOutpostSub] enemy outpost health value: 0
[robot_decision-1] [1746791050.599]: Inverter                  [36mIDLE[0m -> [33mRUNNING[0m
[robot_decision-1] [1746791050.599]: Subscribers               [36mIDLE[0m -> [33mRUNNING[0m
[robot_decision-1] [INFO] [1746791050.599117511] [robot_decision]: [IfHealthSub] health value: 500
[robot_decision-1] [INFO] [1746791050.599265564] [robot_decision]: [OurOutpostSub] our outpost health value: 1500
[robot_decision-1] [INFO] [1746791050.599349624] [robot_decision]: [EnemyOutpostSub] enemy outpost health value: 0
[robot_decision-1] [1746791050.599]: IfHealthSub               [36mIDLE[0m -> [32mSUCCESS[0m
[robot_decision-1] [1746791050.599]: OurOutpostSub             [36mIDLE[0m -> [32mSUCCESS[0m
[robot_decision-1] [1746791050.599]: EnemyOutpostSub           [36mIDLE[0m -> [32mSUCCESS[0m
[robot_decision-1] [1746791050.599]: IfHealthSub               [32mSUCCESS[0m -> [36mIDLE[0m
[robot_decision-1] [1746791050.599]: OurOutpostSub             [32mSUCCESS[0m -> [36mIDLE[0m
[robot_decision-1] [1746791050.599]: EnemyOutpostSub           [32mSUCCESS[0m -> [36mIDLE[0m
[robot_decision-1] [1746791050.599]: Subscribers               [33mRUNNING[0m -> [32mSUCCESS[0m
[robot_decision-1] [1746791050.599]: Subscribers               [32mSUCCESS[0m -> [36mIDLE[0m
[robot_decision-1] [1746791050.599]: Inverter                  [33mRUNNING[0m -> [31mFAILURE[0m
[robot_decision-1] [1746791050.599]: HealthCheck               [36mIDLE[0m -> [33mRUNNING[0m
[robot_decision-1] [1746791050.599]: CheckIfHealth             [36mIDLE[0m -> [31mFAILURE[0m
[robot_decision-1] [1746791050.599]: CheckIfHealth             [31mFAILURE[0m -> [36mIDLE[0m
[robot_decision-1] [1746791050.599]: HealthCheck               [33mRUNNING[0m -> [31mFAILURE[0m
[robot_decision-1] [1746791050.600]: Inverter                  [31mFAILURE[0m -> [36mIDLE[0m
[robot_decision-1] [1746791050.600]: HealthCheck               [31mFAILURE[0m -> [36mIDLE[0m
[robot_decision-1] [1746791051.100]: Inverter                  [36mIDLE[0m -> [33mRUNNING[0m
[robot_decision-1] [1746791051.100]: Subscribers               [36mIDLE[0m -> [33mRUNNING[0m
[robot_decision-1] [1746791051.104]: IfHealthSub               [36mIDLE[0m -> [32mSUCCESS[0m
[robot_decision-1] [1746791051.104]: OurOutpostSub             [36mIDLE[0m -> [32mSUCCESS[0m
[robot_decision-1] [1746791051.104]: EnemyOutpostSub           [36mIDLE[0m -> [32mSUCCESS[0m
[robot_decision-1] [1746791051.104]: IfHealthSub               [32mSUCCESS[0m -> [36mIDLE[0m
[robot_decision-1] [1746791051.104]: OurOutpostSub             [32mSUCCESS[0m -> [36mIDLE[0m
[robot_decision-1] [1746791051.104]: EnemyOutpostSub           [32mSUCCESS[0m -> [36mIDLE[0m
[robot_decision-1] [1746791051.105]: Subscribers               [33mRUNNING[0m -> [32mSUCCESS[0m
[robot_decision-1] [1746791051.105]: Subscribers               [32mSUCCESS[0m -> [36mIDLE[0m
[robot_decision-1] [1746791051.105]: Inverter                  [33mRUNNING[0m -> [31mFAILURE[0m
[robot_decision-1] [1746791051.105]: HealthCheck               [36mIDLE[0m -> [33mRUNNING[0m
[robot_decision-1] [1746791051.105]: CheckIfHealth             [36mIDLE[0m -> [31mFAILURE[0m
[robot_decision-1] [1746791051.105]: CheckIfHealth             [31mFAILURE[0m -> [36mIDLE[0m
[robot_decision-1] [1746791051.105]: HealthCheck               [33mRUNNING[0m -> [31mFAILURE[0m
[robot_decision-1] [1746791051.105]: Inverter                  [31mFAILURE[0m -> [36mIDLE[0m
[robot_decision-1] [1746791051.105]: HealthCheck               [31mFAILURE[0m -> [36mIDLE[0m
[robot_decision-1] [INFO] [1746791051.103879973] [robot_decision]: [IfHealthSub] health value: 500
[robot_decision-1] [INFO] [1746791051.104257934] [robot_decision]: [OurOutpostSub] our outpost health value: 1500
[robot_decision-1] [INFO] [1746791051.104431886] [robot_decision]: [EnemyOutpostSub] enemy outpost health value: 0
[robot_decision-1] [1746791051.605]: Inverter                  [36mIDLE[0m -> [33mRUNNING[0m
[robot_decision-1] [1746791051.605]: Subscribers               [36mIDLE[0m -> [33mRUNNING[0m
[robot_decision-1] [INFO] [1746791051.605499152] [robot_decision]: [IfHealthSub] health value: 500
[robot_decision-1] [INFO] [1746791051.605731496] [robot_decision]: [OurOutpostSub] our outpost health value: 1500
[robot_decision-1] [1746791051.606]: IfHealthSub               [36mIDLE[0m -> [32mSUCCESS[0m
[robot_decision-1] [1746791051.606]: OurOutpostSub             [36mIDLE[0m -> [32mSUCCESS[0m
[robot_decision-1] [1746791051.606]: EnemyOutpostSub           [36mIDLE[0m -> [32mSUCCESS[0m
[robot_decision-1] [1746791051.606]: IfHealthSub               [32mSUCCESS[0m -> [36mIDLE[0m
[robot_decision-1] [1746791051.606]: OurOutpostSub             [32mSUCCESS[0m -> [36mIDLE[0m
[robot_decision-1] [1746791051.606]: EnemyOutpostSub           [32mSUCCESS[0m -> [36mIDLE[0m
[robot_decision-1] [1746791051.606]: Subscribers               [33mRUNNING[0m -> [32mSUCCESS[0m
[robot_decision-1] [1746791051.606]: Subscribers               [32mSUCCESS[0m -> [36mIDLE[0m
[robot_decision-1] [1746791051.606]: Inverter                  [33mRUNNING[0m -> [31mFAILURE[0m
[robot_decision-1] [1746791051.606]: HealthCheck               [36mIDLE[0m -> [33mRUNNING[0m
[robot_decision-1] [1746791051.606]: CheckIfHealth             [36mIDLE[0m -> [31mFAILURE[0m
[robot_decision-1] [1746791051.606]: CheckIfHealth             [31mFAILURE[0m -> [36mIDLE[0m
[robot_decision-1] [1746791051.606]: HealthCheck               [33mRUNNING[0m -> [31mFAILURE[0m
[robot_decision-1] [1746791051.606]: Inverter                  [31mFAILURE[0m -> [36mIDLE[0m
[robot_decision-1] [1746791051.606]: HealthCheck               [31mFAILURE[0m -> [36mIDLE[0m
[robot_decision-1] [INFO] [1746791051.605834733] [robot_decision]: [EnemyOutpostSub] enemy outpost health value: 0
[robot_decision-1] [1746791052.106]: Inverter                  [36mIDLE[0m -> [33mRUNNING[0m
[robot_decision-1] [1746791052.106]: Subscribers               [36mIDLE[0m -> [33mRUNNING[0m
[robot_decision-1] [INFO] [1746791052.108214447] [robot_decision]: [IfHealthSub] health value: 500
[robot_decision-1] [1746791052.108]: IfHealthSub               [36mIDLE[0m -> [32mSUCCESS[0m
[robot_decision-1] [INFO] [1746791052.109004154] [robot_decision]: [OurOutpostSub] our outpost health value: 1500
[robot_decision-1] [INFO] [1746791052.109172305] [robot_decision]: [EnemyOutpostSub] enemy outpost health value: 0
[robot_decision-1] [1746791052.109]: OurOutpostSub             [36mIDLE[0m -> [32mSUCCESS[0m
[robot_decision-1] [1746791052.109]: EnemyOutpostSub           [36mIDLE[0m -> [32mSUCCESS[0m
[robot_decision-1] [1746791052.109]: IfHealthSub               [32mSUCCESS[0m -> [36mIDLE[0m
[robot_decision-1] [1746791052.109]: OurOutpostSub             [32mSUCCESS[0m -> [36mIDLE[0m
[robot_decision-1] [1746791052.109]: EnemyOutpostSub           [32mSUCCESS[0m -> [36mIDLE[0m
[robot_decision-1] [1746791052.109]: Subscribers               [33mRUNNING[0m -> [32mSUCCESS[0m
[robot_decision-1] [1746791052.109]: Subscribers               [32mSUCCESS[0m -> [36mIDLE[0m
[robot_decision-1] [1746791052.109]: Inverter                  [33mRUNNING[0m -> [31mFAILURE[0m
[robot_decision-1] [1746791052.109]: HealthCheck               [36mIDLE[0m -> [33mRUNNING[0m
[robot_decision-1] [1746791052.109]: CheckIfHealth             [36mIDLE[0m -> [31mFAILURE[0m
[robot_decision-1] [1746791052.109]: CheckIfHealth             [31mFAILURE[0m -> [36mIDLE[0m
[robot_decision-1] [1746791052.109]: HealthCheck               [33mRUNNING[0m -> [31mFAILURE[0m
[robot_decision-1] [1746791052.110]: Inverter                  [31mFAILURE[0m -> [36mIDLE[0m
[robot_decision-1] [1746791052.110]: HealthCheck               [31mFAILURE[0m -> [36mIDLE[0m
[robot_decision-1] [1746791052.611]: Inverter                  [36mIDLE[0m -> [33mRUNNING[0m
[robot_decision-1] [1746791052.611]: Subscribers               [36mIDLE[0m -> [33mRUNNING[0m
[robot_decision-1] [1746791052.612]: IfHealthSub               [36mIDLE[0m -> [32mSUCCESS[0m
[robot_decision-1] [1746791052.612]: OurOutpostSub             [36mIDLE[0m -> [32mSUCCESS[0m
[robot_decision-1] [1746791052.612]: EnemyOutpostSub           [36mIDLE[0m -> [32mSUCCESS[0m
[robot_decision-1] [1746791052.612]: IfHealthSub               [32mSUCCESS[0m -> [36mIDLE[0m
[robot_decision-1] [1746791052.612]: OurOutpostSub             [32mSUCCESS[0m -> [36mIDLE[0m
[robot_decision-1] [1746791052.612]: EnemyOutpostSub           [32mSUCCESS[0m -> [36mIDLE[0m
[robot_decision-1] [1746791052.612]: Subscribers               [33mRUNNING[0m -> [32mSUCCESS[0m
[robot_decision-1] [1746791052.612]: Subscribers               [32mSUCCESS[0m -> [36mIDLE[0m
[robot_decision-1] [1746791052.612]: Inverter                  [33mRUNNING[0m -> [31mFAILURE[0m
[robot_decision-1] [1746791052.612]: HealthCheck               [36mIDLE[0m -> [33mRUNNING[0m
[robot_decision-1] [1746791052.612]: CheckIfHealth             [36mIDLE[0m -> [31mFAILURE[0m
[robot_decision-1] [1746791052.612]: CheckIfHealth             [31mFAILURE[0m -> [36mIDLE[0m
[robot_decision-1] [1746791052.612]: HealthCheck               [33mRUNNING[0m -> [31mFAILURE[0m
[robot_decision-1] [INFO] [1746791052.611695469] [robot_decision]: [IfHealthSub] health value: 500
[robot_decision-1] [INFO] [1746791052.612007925] [robot_decision]: [OurOutpostSub] our outpost health value: 1500
[robot_decision-1] [INFO] [1746791052.612149786] [robot_decision]: [EnemyOutpostSub] enemy outpost health value: 0
[robot_decision-1] [1746791052.612]: Inverter                  [31mFAILURE[0m -> [36mIDLE[0m
[robot_decision-1] [1746791052.612]: HealthCheck               [31mFAILURE[0m -> [36mIDLE[0m
[robot_decision-1] [1746791053.114]: Inverter                  [36mIDLE[0m -> [33mRUNNING[0m
[robot_decision-1] [1746791053.114]: Subscribers               [36mIDLE[0m -> [33mRUNNING[0m
[robot_decision-1] [INFO] [1746791053.114398018] [robot_decision]: [IfHealthSub] health value: 500
[robot_decision-1] [INFO] [1746791053.114562492] [robot_decision]: [OurOutpostSub] our outpost health value: 1500
[robot_decision-1] [INFO] [1746791053.114653556] [robot_decision]: [EnemyOutpostSub] enemy outpost health value: 0
[robot_decision-1] [1746791053.114]: IfHealthSub               [36mIDLE[0m -> [32mSUCCESS[0m
[robot_decision-1] [1746791053.115]: OurOutpostSub             [36mIDLE[0m -> [32mSUCCESS[0m
[robot_decision-1] [1746791053.115]: EnemyOutpostSub           [36mIDLE[0m -> [32mSUCCESS[0m
[robot_decision-1] [1746791053.115]: IfHealthSub               [32mSUCCESS[0m -> [36mIDLE[0m
[robot_decision-1] [1746791053.115]: OurOutpostSub             [32mSUCCESS[0m -> [36mIDLE[0m
[robot_decision-1] [1746791053.115]: EnemyOutpostSub           [32mSUCCESS[0m -> [36mIDLE[0m
[robot_decision-1] [1746791053.115]: Subscribers               [33mRUNNING[0m -> [32mSUCCESS[0m
[robot_decision-1] [1746791053.115]: Subscribers               [32mSUCCESS[0m -> [36mIDLE[0m
[robot_decision-1] [1746791053.115]: Inverter                  [33mRUNNING[0m -> [31mFAILURE[0m
[robot_decision-1] [1746791053.115]: HealthCheck               [36mIDLE[0m -> [33mRUNNING[0m
[robot_decision-1] [1746791053.115]: CheckIfHealth             [36mIDLE[0m -> [31mFAILURE[0m
[robot_decision-1] [1746791053.115]: CheckIfHealth             [31mFAILURE[0m -> [36mIDLE[0m
[robot_decision-1] [1746791053.115]: HealthCheck               [33mRUNNING[0m -> [31mFAILURE[0m
[robot_decision-1] [1746791053.115]: Inverter                  [31mFAILURE[0m -> [36mIDLE[0m
[robot_decision-1] [1746791053.115]: HealthCheck               [31mFAILURE[0m -> [36mIDLE[0m
[robot_decision-1] [1746791053.615]: Inverter                  [36mIDLE[0m -> [33mRUNNING[0m
[robot_decision-1] [1746791053.615]: Subscribers               [36mIDLE[0m -> [33mRUNNING[0m
[robot_decision-1] [INFO] [1746791053.615780856] [robot_decision]: [IfHealthSub] health value: 500
[robot_decision-1] [INFO] [1746791053.615910363] [robot_decision]: [OurOutpostSub] our outpost health value: 1500
[robot_decision-1] [INFO] [1746791053.615970999] [robot_decision]: [EnemyOutpostSub] enemy outpost health value: 0
[robot_decision-1] [1746791053.616]: IfHealthSub               [36mIDLE[0m -> [32mSUCCESS[0m
[robot_decision-1] [1746791053.616]: OurOutpostSub             [36mIDLE[0m -> [32mSUCCESS[0m
[robot_decision-1] [1746791053.616]: EnemyOutpostSub           [36mIDLE[0m -> [32mSUCCESS[0m
[robot_decision-1] [1746791053.616]: IfHealthSub               [32mSUCCESS[0m -> [36mIDLE[0m
[robot_decision-1] [1746791053.616]: OurOutpostSub             [32mSUCCESS[0m -> [36mIDLE[0m
[robot_decision-1] [1746791053.616]: EnemyOutpostSub           [32mSUCCESS[0m -> [36mIDLE[0m
[robot_decision-1] [1746791053.616]: Subscribers               [33mRUNNING[0m -> [32mSUCCESS[0m
[robot_decision-1] [1746791053.616]: Subscribers               [32mSUCCESS[0m -> [36mIDLE[0m
[robot_decision-1] [1746791053.616]: Inverter                  [33mRUNNING[0m -> [31mFAILURE[0m
[robot_decision-1] [1746791053.616]: HealthCheck               [36mIDLE[0m -> [33mRUNNING[0m
[robot_decision-1] [1746791053.616]: CheckIfHealth             [36mIDLE[0m -> [31mFAILURE[0m
[robot_decision-1] [1746791053.616]: CheckIfHealth             [31mFAILURE[0m -> [36mIDLE[0m
[robot_decision-1] [1746791053.616]: HealthCheck               [33mRUNNING[0m -> [31mFAILURE[0m
[robot_decision-1] [1746791053.616]: Inverter                  [31mFAILURE[0m -> [36mIDLE[0m
[robot_decision-1] [1746791053.616]: HealthCheck               [31mFAILURE[0m -> [36mIDLE[0m
[robot_decision-1] [1746791054.116]: Inverter                  [36mIDLE[0m -> [33mRUNNING[0m
[robot_decision-1] [1746791054.117]: Subscribers               [36mIDLE[0m -> [33mRUNNING[0m
[robot_decision-1] [INFO] [1746791054.116995166] [robot_decision]: [IfHealthSub] health value: 500
[robot_decision-1] [INFO] [1746791054.117318082] [robot_decision]: [OurOutpostSub] our outpost health value: 1500
[robot_decision-1] [1746791054.117]: IfHealthSub               [36mIDLE[0m -> [32mSUCCESS[0m
[robot_decision-1] [1746791054.117]: OurOutpostSub             [36mIDLE[0m -> [32mSUCCESS[0m
[robot_decision-1] [1746791054.117]: EnemyOutpostSub           [36mIDLE[0m -> [32mSUCCESS[0m
[robot_decision-1] [1746791054.117]: IfHealthSub               [32mSUCCESS[0m -> [36mIDLE[0m
[robot_decision-1] [1746791054.117]: OurOutpostSub             [32mSUCCESS[0m -> [36mIDLE[0m
[robot_decision-1] [1746791054.118]: EnemyOutpostSub           [32mSUCCESS[0m -> [36mIDLE[0m
[robot_decision-1] [1746791054.118]: Subscribers               [33mRUNNING[0m -> [32mSUCCESS[0m
[robot_decision-1] [1746791054.118]: Subscribers               [32mSUCCESS[0m -> [36mIDLE[0m
[robot_decision-1] [1746791054.118]: Inverter                  [33mRUNNING[0m -> [31mFAILURE[0m
[robot_decision-1] [1746791054.118]: HealthCheck               [36mIDLE[0m -> [33mRUNNING[0m
[robot_decision-1] [1746791054.118]: CheckIfHealth             [36mIDLE[0m -> [31mFAILURE[0m
[robot_decision-1] [1746791054.118]: CheckIfHealth             [31mFAILURE[0m -> [36mIDLE[0m
[robot_decision-1] [1746791054.118]: HealthCheck               [33mRUNNING[0m -> [31mFAILURE[0m
[robot_decision-1] [1746791054.118]: Inverter                  [31mFAILURE[0m -> [36mIDLE[0m
[robot_decision-1] [1746791054.118]: HealthCheck               [31mFAILURE[0m -> [36mIDLE[0m
[robot_decision-1] [INFO] [1746791054.117444723] [robot_decision]: [EnemyOutpostSub] enemy outpost health value: 0
[robot_decision-1] [1746791054.618]: Inverter                  [36mIDLE[0m -> [33mRUNNING[0m
[robot_decision-1] [1746791054.618]: Subscribers               [36mIDLE[0m -> [33mRUNNING[0m
[robot_decision-1] [INFO] [1746791054.618281660] [robot_decision]: [IfHealthSub] health value: 500
[robot_decision-1] [INFO] [1746791054.618434241] [robot_decision]: [OurOutpostSub] our outpost health value: 1500
[robot_decision-1] [INFO] [1746791054.618503974] [robot_decision]: [EnemyOutpostSub] enemy outpost health value: 0
[robot_decision-1] [1746791054.618]: IfHealthSub               [36mIDLE[0m -> [32mSUCCESS[0m
[robot_decision-1] [1746791054.618]: OurOutpostSub             [36mIDLE[0m -> [32mSUCCESS[0m
[robot_decision-1] [1746791054.619]: EnemyOutpostSub           [36mIDLE[0m -> [32mSUCCESS[0m
[robot_decision-1] [1746791054.619]: IfHealthSub               [32mSUCCESS[0m -> [36mIDLE[0m
[robot_decision-1] [1746791054.619]: OurOutpostSub             [32mSUCCESS[0m -> [36mIDLE[0m
[robot_decision-1] [1746791054.619]: EnemyOutpostSub           [32mSUCCESS[0m -> [36mIDLE[0m
[robot_decision-1] [1746791054.619]: Subscribers               [33mRUNNING[0m -> [32mSUCCESS[0m
[robot_decision-1] [1746791054.619]: Subscribers               [32mSUCCESS[0m -> [36mIDLE[0m
[robot_decision-1] [1746791054.619]: Inverter                  [33mRUNNING[0m -> [31mFAILURE[0m
[robot_decision-1] [1746791054.619]: HealthCheck               [36mIDLE[0m -> [33mRUNNING[0m
[robot_decision-1] [1746791054.619]: CheckIfHealth             [36mIDLE[0m -> [31mFAILURE[0m
[robot_decision-1] [1746791054.619]: CheckIfHealth             [31mFAILURE[0m -> [36mIDLE[0m
[robot_decision-1] [1746791054.619]: HealthCheck               [33mRUNNING[0m -> [31mFAILURE[0m
[robot_decision-1] [1746791054.619]: Inverter                  [31mFAILURE[0m -> [36mIDLE[0m
[robot_decision-1] [1746791054.619]: HealthCheck               [31mFAILURE[0m -> [36mIDLE[0m
[robot_decision-1] [1746791055.120]: Inverter                  [36mIDLE[0m -> [33mRUNNING[0m
[robot_decision-1] [1746791055.120]: Subscribers               [36mIDLE[0m -> [33mRUNNING[0m
[robot_decision-1] [1746791055.121]: IfHealthSub               [36mIDLE[0m -> [32mSUCCESS[0m
[robot_decision-1] [1746791055.121]: OurOutpostSub             [36mIDLE[0m -> [32mSUCCESS[0m
[robot_decision-1] [1746791055.121]: EnemyOutpostSub           [36mIDLE[0m -> [32mSUCCESS[0m
[robot_decision-1] [1746791055.121]: IfHealthSub               [32mSUCCESS[0m -> [36mIDLE[0m
[robot_decision-1] [1746791055.121]: OurOutpostSub             [32mSUCCESS[0m -> [36mIDLE[0m
[robot_decision-1] [1746791055.121]: EnemyOutpostSub           [32mSUCCESS[0m -> [36mIDLE[0m
[robot_decision-1] [1746791055.121]: Subscribers               [33mRUNNING[0m -> [32mSUCCESS[0m
[robot_decision-1] [1746791055.121]: Subscribers               [32mSUCCESS[0m -> [36mIDLE[0m
[robot_decision-1] [1746791055.121]: Inverter                  [33mRUNNING[0m -> [31mFAILURE[0m
[robot_decision-1] [1746791055.121]: HealthCheck               [36mIDLE[0m -> [33mRUNNING[0m
[robot_decision-1] [1746791055.121]: CheckIfHealth             [36mIDLE[0m -> [31mFAILURE[0m
[robot_decision-1] [1746791055.121]: CheckIfHealth             [31mFAILURE[0m -> [36mIDLE[0m
[robot_decision-1] [1746791055.121]: HealthCheck               [33mRUNNING[0m -> [31mFAILURE[0m
[robot_decision-1] [1746791055.121]: NavigateToPose            [33mRUNNING[0m -> [31mFAILURE[0m
[robot_decision-1] [1746791055.121]: WaitNode                  [32mSUCCESS[0m -> [36mIDLE[0m
[robot_decision-1] [1746791055.121]: NavigateToPose            [31mFAILURE[0m -> [36mIDLE[0m
[robot_decision-1] [1746791055.121]: Sequence                  [33mRUNNING[0m -> [31mFAILURE[0m
[robot_decision-1] [1746791055.121]: Sequence                  [31mFAILURE[0m -> [36mIDLE[0m
[robot_decision-1] [1746791055.121]: Sequence                  [36mIDLE[0m -> [33mRUNNING[0m
[robot_decision-1] [1746791055.121]: WaitNode                  [36mIDLE[0m -> [33mRUNNING[0m
[robot_decision-1] [1746791055.121]: Inverter                  [31mFAILURE[0m -> [36mIDLE[0m
[robot_decision-1] [1746791055.121]: HealthCheck               [31mFAILURE[0m -> [36mIDLE[0m
[robot_decision-1] [INFO] [1746791055.120386087] [robot_decision]: [IfHealthSub] health value: 500
[robot_decision-1] [INFO] [1746791055.120623330] [robot_decision]: [OurOutpostSub] our outpost health value: 1500
[robot_decision-1] [INFO] [1746791055.120727659] [robot_decision]: [EnemyOutpostSub] enemy outpost health value: 0
[robot_decision-1] [WARN] [1746791055.121029265] [robot_decision]: NavigateToPose failure: SEND_GOAL_TIMEOUT
[robot_decision-1] [1746791055.621]: Inverter                  [36mIDLE[0m -> [33mRUNNING[0m
[robot_decision-1] [1746791055.621]: Subscribers               [36mIDLE[0m -> [33mRUNNING[0m
[robot_decision-1] [INFO] [1746791055.621403699] [robot_decision]: [IfHealthSub] health value: 500
[robot_decision-1] [INFO] [1746791055.621500042] [robot_decision]: [OurOutpostSub] our outpost health value: 1500
[robot_decision-1] [INFO] [1746791055.621550829] [robot_decision]: [EnemyOutpostSub] enemy outpost health value: 0
[robot_decision-1] [1746791055.621]: IfHealthSub               [36mIDLE[0m -> [32mSUCCESS[0m
[robot_decision-1] [1746791055.622]: OurOutpostSub             [36mIDLE[0m -> [32mSUCCESS[0m
[robot_decision-1] [1746791055.622]: EnemyOutpostSub           [36mIDLE[0m -> [32mSUCCESS[0m
[robot_decision-1] [1746791055.622]: IfHealthSub               [32mSUCCESS[0m -> [36mIDLE[0m
[robot_decision-1] [1746791055.622]: OurOutpostSub             [32mSUCCESS[0m -> [36mIDLE[0m
[robot_decision-1] [1746791055.622]: EnemyOutpostSub           [32mSUCCESS[0m -> [36mIDLE[0m
[robot_decision-1] [1746791055.622]: Subscribers               [33mRUNNING[0m -> [32mSUCCESS[0m
[robot_decision-1] [1746791055.622]: Subscribers               [32mSUCCESS[0m -> [36mIDLE[0m
[robot_decision-1] [1746791055.622]: Inverter                  [33mRUNNING[0m -> [31mFAILURE[0m
[robot_decision-1] [1746791055.622]: HealthCheck               [36mIDLE[0m -> [33mRUNNING[0m
[robot_decision-1] [1746791055.622]: CheckIfHealth             [36mIDLE[0m -> [31mFAILURE[0m
[robot_decision-1] [1746791055.622]: CheckIfHealth             [31mFAILURE[0m -> [36mIDLE[0m
[robot_decision-1] [1746791055.622]: HealthCheck               [33mRUNNING[0m -> [31mFAILURE[0m
[robot_decision-1] [1746791055.622]: WaitNode                  [33mRUNNING[0m -> [32mSUCCESS[0m
[robot_decision-1] [1746791055.622]: NavigateToPose            [36mIDLE[0m -> [33mRUNNING[0m
[robot_decision-1] Point key: 4 x:4 y:0.45
[robot_decision-1] [1746791055.622]: Inverter                  [31mFAILURE[0m -> [36mIDLE[0m
[robot_decision-1] [1746791055.622]: HealthCheck               [31mFAILURE[0m -> [36mIDLE[0m
[robot_decision-1] [1746791056.122]: Inverter                  [36mIDLE[0m -> [33mRUNNING[0m
[robot_decision-1] [1746791056.123]: Subscribers               [36mIDLE[0m -> [33mRUNNING[0m
[robot_decision-1] [INFO] [1746791056.122667051] [robot_decision]: [IfHealthSub] health value: 500
[robot_decision-1] [INFO] [1746791056.122798432] [robot_decision]: [OurOutpostSub] our outpost health value: 1500
[robot_decision-1] [INFO] [1746791056.122863296] [robot_decision]: [EnemyOutpostSub] enemy outpost health value: 0
[robot_decision-1] [1746791056.123]: IfHealthSub               [36mIDLE[0m -> [32mSUCCESS[0m
[robot_decision-1] [1746791056.123]: OurOutpostSub             [36mIDLE[0m -> [32mSUCCESS[0m
[robot_decision-1] [1746791056.123]: EnemyOutpostSub           [36mIDLE[0m -> [32mSUCCESS[0m
[robot_decision-1] [1746791056.123]: IfHealthSub               [32mSUCCESS[0m -> [36mIDLE[0m
[robot_decision-1] [1746791056.123]: OurOutpostSub             [32mSUCCESS[0m -> [36mIDLE[0m
[robot_decision-1] [1746791056.123]: EnemyOutpostSub           [32mSUCCESS[0m -> [36mIDLE[0m
[robot_decision-1] [1746791056.123]: Subscribers               [33mRUNNING[0m -> [32mSUCCESS[0m
[robot_decision-1] [1746791056.123]: Subscribers               [32mSUCCESS[0m -> [36mIDLE[0m
[robot_decision-1] [1746791056.123]: Inverter                  [33mRUNNING[0m -> [31mFAILURE[0m
[robot_decision-1] [1746791056.123]: HealthCheck               [36mIDLE[0m -> [33mRUNNING[0m
[robot_decision-1] [1746791056.123]: CheckIfHealth             [36mIDLE[0m -> [31mFAILURE[0m
[robot_decision-1] [1746791056.123]: CheckIfHealth             [31mFAILURE[0m -> [36mIDLE[0m
[robot_decision-1] [1746791056.123]: HealthCheck               [33mRUNNING[0m -> [31mFAILURE[0m
[robot_decision-1] [1746791056.123]: Inverter                  [31mFAILURE[0m -> [36mIDLE[0m
[robot_decision-1] [1746791056.123]: HealthCheck               [31mFAILURE[0m -> [36mIDLE[0m
[robot_decision-1] [1746791056.623]: Inverter                  [36mIDLE[0m -> [33mRUNNING[0m
[robot_decision-1] [1746791056.623]: Subscribers               [36mIDLE[0m -> [33mRUNNING[0m
[robot_decision-1] [INFO] [1746791056.623787459] [robot_decision]: [IfHealthSub] health value: 500
[robot_decision-1] [INFO] [1746791056.624045371] [robot_decision]: [OurOutpostSub] our outpost health value: 1500
[robot_decision-1] [INFO] [1746791056.624215706] [robot_decision]: [EnemyOutpostSub] enemy outpost health value: 0
[robot_decision-1] [1746791056.624]: IfHealthSub               [36mIDLE[0m -> [32mSUCCESS[0m
[robot_decision-1] [1746791056.624]: OurOutpostSub             [36mIDLE[0m -> [32mSUCCESS[0m
[robot_decision-1] [1746791056.624]: EnemyOutpostSub           [36mIDLE[0m -> [32mSUCCESS[0m
[robot_decision-1] [1746791056.624]: IfHealthSub               [32mSUCCESS[0m -> [36mIDLE[0m
[robot_decision-1] [1746791056.624]: OurOutpostSub             [32mSUCCESS[0m -> [36mIDLE[0m
[robot_decision-1] [1746791056.624]: EnemyOutpostSub           [32mSUCCESS[0m -> [36mIDLE[0m
[robot_decision-1] [1746791056.624]: Subscribers               [33mRUNNING[0m -> [32mSUCCESS[0m
[robot_decision-1] [1746791056.624]: Subscribers               [32mSUCCESS[0m -> [36mIDLE[0m
[robot_decision-1] [1746791056.624]: Inverter                  [33mRUNNING[0m -> [31mFAILURE[0m
[robot_decision-1] [1746791056.624]: HealthCheck               [36mIDLE[0m -> [33mRUNNING[0m
[robot_decision-1] [1746791056.624]: CheckIfHealth             [36mIDLE[0m -> [31mFAILURE[0m
[robot_decision-1] [1746791056.624]: CheckIfHealth             [31mFAILURE[0m -> [36mIDLE[0m
[robot_decision-1] [1746791056.624]: HealthCheck               [33mRUNNING[0m -> [31mFAILURE[0m
[robot_decision-1] [1746791056.625]: Inverter                  [31mFAILURE[0m -> [36mIDLE[0m
[robot_decision-1] [1746791056.625]: HealthCheck               [31mFAILURE[0m -> [36mIDLE[0m
[robot_decision-1] [1746791057.125]: Inverter                  [36mIDLE[0m -> [33mRUNNING[0m
[robot_decision-1] [1746791057.125]: Subscribers               [36mIDLE[0m -> [33mRUNNING[0m
[robot_decision-1] [INFO] [1746791057.125021625] [robot_decision]: [IfHealthSub] health value: 500
[robot_decision-1] [INFO] [1746791057.125212369] [robot_decision]: [OurOutpostSub] our outpost health value: 1500
[robot_decision-1] [INFO] [1746791057.125340724] [robot_decision]: [EnemyOutpostSub] enemy outpost health value: 0
[robot_decision-1] [1746791057.125]: IfHealthSub               [36mIDLE[0m -> [32mSUCCESS[0m
[robot_decision-1] [1746791057.125]: OurOutpostSub             [36mIDLE[0m -> [32mSUCCESS[0m
[robot_decision-1] [1746791057.125]: EnemyOutpostSub           [36mIDLE[0m -> [32mSUCCESS[0m
[robot_decision-1] [1746791057.125]: IfHealthSub               [32mSUCCESS[0m -> [36mIDLE[0m
[robot_decision-1] [1746791057.125]: OurOutpostSub             [32mSUCCESS[0m -> [36mIDLE[0m
[robot_decision-1] [1746791057.125]: EnemyOutpostSub           [32mSUCCESS[0m -> [36mIDLE[0m
[robot_decision-1] [1746791057.125]: Subscribers               [33mRUNNING[0m -> [32mSUCCESS[0m
[robot_decision-1] [1746791057.125]: Subscribers               [32mSUCCESS[0m -> [36mIDLE[0m
[robot_decision-1] [1746791057.125]: Inverter                  [33mRUNNING[0m -> [31mFAILURE[0m
[robot_decision-1] [1746791057.125]: HealthCheck               [36mIDLE[0m -> [33mRUNNING[0m
[robot_decision-1] [1746791057.125]: CheckIfHealth             [36mIDLE[0m -> [31mFAILURE[0m
[robot_decision-1] [1746791057.125]: CheckIfHealth             [31mFAILURE[0m -> [36mIDLE[0m
[robot_decision-1] [1746791057.125]: HealthCheck               [33mRUNNING[0m -> [31mFAILURE[0m
[robot_decision-1] [1746791057.126]: Inverter                  [31mFAILURE[0m -> [36mIDLE[0m
[robot_decision-1] [1746791057.126]: HealthCheck               [31mFAILURE[0m -> [36mIDLE[0m
[robot_decision-1] [1746791057.626]: Inverter                  [36mIDLE[0m -> [33mRUNNING[0m
[robot_decision-1] [1746791057.626]: Subscribers               [36mIDLE[0m -> [33mRUNNING[0m
[robot_decision-1] [INFO] [1746791057.626286328] [robot_decision]: [IfHealthSub] health value: 500
[robot_decision-1] [INFO] [1746791057.626447666] [robot_decision]: [OurOutpostSub] our outpost health value: 1500
[robot_decision-1] [INFO] [1746791057.626528250] [robot_decision]: [EnemyOutpostSub] enemy outpost health value: 0
[robot_decision-1] [1746791057.626]: IfHealthSub               [36mIDLE[0m -> [32mSUCCESS[0m
[robot_decision-1] [1746791057.626]: OurOutpostSub             [36mIDLE[0m -> [32mSUCCESS[0m
[robot_decision-1] [1746791057.627]: EnemyOutpostSub           [36mIDLE[0m -> [32mSUCCESS[0m
[robot_decision-1] [1746791057.627]: IfHealthSub               [32mSUCCESS[0m -> [36mIDLE[0m
[robot_decision-1] [1746791057.627]: OurOutpostSub             [32mSUCCESS[0m -> [36mIDLE[0m
[robot_decision-1] [1746791057.627]: EnemyOutpostSub           [32mSUCCESS[0m -> [36mIDLE[0m
[robot_decision-1] [1746791057.627]: Subscribers               [33mRUNNING[0m -> [32mSUCCESS[0m
[robot_decision-1] [1746791057.627]: Subscribers               [32mSUCCESS[0m -> [36mIDLE[0m
[robot_decision-1] [1746791057.627]: Inverter                  [33mRUNNING[0m -> [31mFAILURE[0m
[robot_decision-1] [1746791057.627]: HealthCheck               [36mIDLE[0m -> [33mRUNNING[0m
[robot_decision-1] [1746791057.627]: CheckIfHealth             [36mIDLE[0m -> [31mFAILURE[0m
[robot_decision-1] [1746791057.627]: CheckIfHealth             [31mFAILURE[0m -> [36mIDLE[0m
[robot_decision-1] [1746791057.627]: HealthCheck               [33mRUNNING[0m -> [31mFAILURE[0m
[robot_decision-1] [1746791057.627]: Inverter                  [31mFAILURE[0m -> [36mIDLE[0m
[robot_decision-1] [1746791057.627]: HealthCheck               [31mFAILURE[0m -> [36mIDLE[0m
[robot_decision-1] [1746791058.127]: Inverter                  [36mIDLE[0m -> [33mRUNNING[0m
[robot_decision-1] [1746791058.127]: Subscribers               [36mIDLE[0m -> [33mRUNNING[0m
[robot_decision-1] [1746791058.128]: IfHealthSub               [36mIDLE[0m -> [32mSUCCESS[0m
[robot_decision-1] [1746791058.128]: OurOutpostSub             [36mIDLE[0m -> [32mSUCCESS[0m
[robot_decision-1] [1746791058.128]: EnemyOutpostSub           [36mIDLE[0m -> [32mSUCCESS[0m
[robot_decision-1] [1746791058.128]: IfHealthSub               [32mSUCCESS[0m -> [36mIDLE[0m
[robot_decision-1] [1746791058.128]: OurOutpostSub             [32mSUCCESS[0m -> [36mIDLE[0m
[robot_decision-1] [1746791058.128]: EnemyOutpostSub           [32mSUCCESS[0m -> [36mIDLE[0m
[robot_decision-1] [1746791058.128]: Subscribers               [33mRUNNING[0m -> [32mSUCCESS[0m
[robot_decision-1] [1746791058.128]: Subscribers               [32mSUCCESS[0m -> [36mIDLE[0m
[robot_decision-1] [1746791058.128]: Inverter                  [33mRUNNING[0m -> [31mFAILURE[0m
[robot_decision-1] [1746791058.128]: HealthCheck               [36mIDLE[0m -> [33mRUNNING[0m
[robot_decision-1] [1746791058.128]: CheckIfHealth             [36mIDLE[0m -> [31mFAILURE[0m
[robot_decision-1] [1746791058.128]: CheckIfHealth             [31mFAILURE[0m -> [36mIDLE[0m
[robot_decision-1] [1746791058.128]: HealthCheck               [33mRUNNING[0m -> [31mFAILURE[0m
[robot_decision-1] [1746791058.128]: Inverter                  [31mFAILURE[0m -> [36mIDLE[0m
[robot_decision-1] [1746791058.128]: HealthCheck               [31mFAILURE[0m -> [36mIDLE[0m
[robot_decision-1] [INFO] [1746791058.127507861] [robot_decision]: [IfHealthSub] health value: 500
[robot_decision-1] [INFO] [1746791058.127796922] [robot_decision]: [OurOutpostSub] our outpost health value: 1500
[robot_decision-1] [INFO] [1746791058.127942871] [robot_decision]: [EnemyOutpostSub] enemy outpost health value: 0
[robot_decision-1] [1746791058.629]: Inverter                  [36mIDLE[0m -> [33mRUNNING[0m
[robot_decision-1] [1746791058.629]: Subscribers               [36mIDLE[0m -> [33mRUNNING[0m
[robot_decision-1] [INFO] [1746791058.628856213] [robot_decision]: [IfHealthSub] health value: 500
[robot_decision-1] [INFO] [1746791058.628987464] [robot_decision]: [OurOutpostSub] our outpost health value: 1500
[robot_decision-1] [INFO] [1746791058.629056526] [robot_decision]: [EnemyOutpostSub] enemy outpost health value: 0
[robot_decision-1] [1746791058.629]: IfHealthSub               [36mIDLE[0m -> [32mSUCCESS[0m
[robot_decision-1] [1746791058.629]: OurOutpostSub             [36mIDLE[0m -> [32mSUCCESS[0m
[robot_decision-1] [1746791058.630]: EnemyOutpostSub           [36mIDLE[0m -> [32mSUCCESS[0m
[robot_decision-1] [1746791058.630]: IfHealthSub               [32mSUCCESS[0m -> [36mIDLE[0m
[robot_decision-1] [1746791058.630]: OurOutpostSub             [32mSUCCESS[0m -> [36mIDLE[0m
[robot_decision-1] [1746791058.630]: EnemyOutpostSub           [32mSUCCESS[0m -> [36mIDLE[0m
[robot_decision-1] [1746791058.630]: Subscribers               [33mRUNNING[0m -> [32mSUCCESS[0m
[robot_decision-1] [1746791058.630]: Subscribers               [32mSUCCESS[0m -> [36mIDLE[0m
[robot_decision-1] [1746791058.630]: Inverter                  [33mRUNNING[0m -> [31mFAILURE[0m
[robot_decision-1] [1746791058.630]: HealthCheck               [36mIDLE[0m -> [33mRUNNING[0m
[robot_decision-1] [1746791058.630]: CheckIfHealth             [36mIDLE[0m -> [31mFAILURE[0m
[robot_decision-1] [1746791058.630]: CheckIfHealth             [31mFAILURE[0m -> [36mIDLE[0m
[robot_decision-1] [1746791058.631]: HealthCheck               [33mRUNNING[0m -> [31mFAILURE[0m
[robot_decision-1] [1746791058.631]: Inverter                  [31mFAILURE[0m -> [36mIDLE[0m
[robot_decision-1] [1746791058.631]: HealthCheck               [31mFAILURE[0m -> [36mIDLE[0m
[robot_decision-1] [1746791059.131]: Inverter                  [36mIDLE[0m -> [33mRUNNING[0m
[robot_decision-1] [1746791059.131]: Subscribers               [36mIDLE[0m -> [33mRUNNING[0m
[robot_decision-1] [1746791059.131]: IfHealthSub               [36mIDLE[0m -> [32mSUCCESS[0m
[robot_decision-1] [1746791059.131]: OurOutpostSub             [36mIDLE[0m -> [32mSUCCESS[0m
[robot_decision-1] [1746791059.131]: EnemyOutpostSub           [36mIDLE[0m -> [32mSUCCESS[0m
[robot_decision-1] [1746791059.131]: IfHealthSub               [32mSUCCESS[0m -> [36mIDLE[0m
[robot_decision-1] [1746791059.131]: OurOutpostSub             [32mSUCCESS[0m -> [36mIDLE[0m
[robot_decision-1] [1746791059.131]: EnemyOutpostSub           [32mSUCCESS[0m -> [36mIDLE[0m
[robot_decision-1] [1746791059.131]: Subscribers               [33mRUNNING[0m -> [32mSUCCESS[0m
[robot_decision-1] [1746791059.131]: Subscribers               [32mSUCCESS[0m -> [36mIDLE[0m
[robot_decision-1] [1746791059.131]: Inverter                  [33mRUNNING[0m -> [31mFAILURE[0m
[robot_decision-1] [1746791059.131]: HealthCheck               [36mIDLE[0m -> [33mRUNNING[0m
[robot_decision-1] [1746791059.131]: CheckIfHealth             [36mIDLE[0m -> [31mFAILURE[0m
[robot_decision-1] [1746791059.131]: CheckIfHealth             [31mFAILURE[0m -> [36mIDLE[0m
[robot_decision-1] [1746791059.131]: HealthCheck               [33mRUNNING[0m -> [31mFAILURE[0m
[robot_decision-1] [1746791059.131]: Inverter                  [31mFAILURE[0m -> [36mIDLE[0m
[robot_decision-1] [1746791059.131]: HealthCheck               [31mFAILURE[0m -> [36mIDLE[0m
[robot_decision-1] [INFO] [1746791059.131067695] [robot_decision]: [IfHealthSub] health value: 500
[robot_decision-1] [INFO] [1746791059.131224354] [robot_decision]: [OurOutpostSub] our outpost health value: 1500
[robot_decision-1] [INFO] [1746791059.131289228] [robot_decision]: [EnemyOutpostSub] enemy outpost health value: 0
[robot_decision-1] [1746791059.635]: Inverter                  [36mIDLE[0m -> [33mRUNNING[0m
[robot_decision-1] [1746791059.635]: Subscribers               [36mIDLE[0m -> [33mRUNNING[0m
[robot_decision-1] [INFO] [1746791059.635140376] [robot_decision]: [IfHealthSub] health value: 500
[robot_decision-1] [INFO] [1746791059.635450658] [robot_decision]: [OurOutpostSub] our outpost health value: 1500
[robot_decision-1] [INFO] [1746791059.635597388] [robot_decision]: [EnemyOutpostSub] enemy outpost health value: 0
[robot_decision-1] [1746791059.635]: IfHealthSub               [36mIDLE[0m -> [32mSUCCESS[0m
[robot_decision-1] [1746791059.635]: OurOutpostSub             [36mIDLE[0m -> [32mSUCCESS[0m
[robot_decision-1] [1746791059.636]: EnemyOutpostSub           [36mIDLE[0m -> [32mSUCCESS[0m
[robot_decision-1] [1746791059.636]: IfHealthSub               [32mSUCCESS[0m -> [36mIDLE[0m
[robot_decision-1] [1746791059.636]: OurOutpostSub             [32mSUCCESS[0m -> [36mIDLE[0m
[robot_decision-1] [1746791059.636]: EnemyOutpostSub           [32mSUCCESS[0m -> [36mIDLE[0m
[robot_decision-1] [1746791059.636]: Subscribers               [33mRUNNING[0m -> [32mSUCCESS[0m
[robot_decision-1] [1746791059.636]: Subscribers               [32mSUCCESS[0m -> [36mIDLE[0m
[robot_decision-1] [1746791059.636]: Inverter                  [33mRUNNING[0m -> [31mFAILURE[0m
[robot_decision-1] [1746791059.636]: HealthCheck               [36mIDLE[0m -> [33mRUNNING[0m
[robot_decision-1] [1746791059.636]: CheckIfHealth             [36mIDLE[0m -> [31mFAILURE[0m
[robot_decision-1] [1746791059.636]: CheckIfHealth             [31mFAILURE[0m -> [36mIDLE[0m
[robot_decision-1] [1746791059.636]: HealthCheck               [33mRUNNING[0m -> [31mFAILURE[0m
[robot_decision-1] [1746791059.636]: Inverter                  [31mFAILURE[0m -> [36mIDLE[0m
[robot_decision-1] [1746791059.636]: HealthCheck               [31mFAILURE[0m -> [36mIDLE[0m
[robot_decision-1] [1746791060.136]: Inverter                  [36mIDLE[0m -> [33mRUNNING[0m
[robot_decision-1] [1746791060.136]: Subscribers               [36mIDLE[0m -> [33mRUNNING[0m
[robot_decision-1] [1746791060.137]: IfHealthSub               [36mIDLE[0m -> [32mSUCCESS[0m
[robot_decision-1] [1746791060.137]: OurOutpostSub             [36mIDLE[0m -> [32mSUCCESS[0m
[robot_decision-1] [1746791060.137]: EnemyOutpostSub           [36mIDLE[0m -> [32mSUCCESS[0m
[robot_decision-1] [1746791060.137]: IfHealthSub               [32mSUCCESS[0m -> [36mIDLE[0m
[robot_decision-1] [1746791060.137]: OurOutpostSub             [32mSUCCESS[0m -> [36mIDLE[0m
[robot_decision-1] [1746791060.137]: EnemyOutpostSub           [32mSUCCESS[0m -> [36mIDLE[0m
[robot_decision-1] [1746791060.137]: Subscribers               [33mRUNNING[0m -> [32mSUCCESS[0m
[robot_decision-1] [1746791060.137]: Subscribers               [32mSUCCESS[0m -> [36mIDLE[0m
[robot_decision-1] [1746791060.137]: Inverter                  [33mRUNNING[0m -> [31mFAILURE[0m
[robot_decision-1] [1746791060.137]: HealthCheck               [36mIDLE[0m -> [33mRUNNING[0m
[robot_decision-1] [1746791060.137]: CheckIfHealth             [36mIDLE[0m -> [31mFAILURE[0m
[robot_decision-1] [1746791060.137]: CheckIfHealth             [31mFAILURE[0m -> [36mIDLE[0m
[robot_decision-1] [1746791060.137]: HealthCheck               [33mRUNNING[0m -> [31mFAILURE[0m
[robot_decision-1] [1746791060.137]: Inverter                  [31mFAILURE[0m -> [36mIDLE[0m
[robot_decision-1] [1746791060.137]: HealthCheck               [31mFAILURE[0m -> [36mIDLE[0m
[robot_decision-1] [INFO] [1746791060.136451920] [robot_decision]: [IfHealthSub] health value: 500
[robot_decision-1] [INFO] [1746791060.136609952] [robot_decision]: [OurOutpostSub] our outpost health value: 1500
[robot_decision-1] [INFO] [1746791060.136775107] [robot_decision]: [EnemyOutpostSub] enemy outpost health value: 0
[robot_decision-1] [1746791060.637]: Inverter                  [36mIDLE[0m -> [33mRUNNING[0m
[robot_decision-1] [1746791060.637]: Subscribers               [36mIDLE[0m -> [33mRUNNING[0m
[robot_decision-1] [INFO] [1746791060.637990216] [robot_decision]: [IfHealthSub] health value: 500
[robot_decision-1] [INFO] [1746791060.638325295] [robot_decision]: [OurOutpostSub] our outpost health value: 1500
[robot_decision-1] [INFO] [1746791060.638478427] [robot_decision]: [EnemyOutpostSub] enemy outpost health value: 0
[robot_decision-1] [WARN] [1746791060.638870555] [robot_decision]: NavigateToPose failure: SEND_GOAL_TIMEOUT
[robot_decision-1] [1746791060.638]: IfHealthSub               [36mIDLE[0m -> [32mSUCCESS[0m
[robot_decision-1] [1746791060.638]: OurOutpostSub             [36mIDLE[0m -> [32mSUCCESS[0m
[robot_decision-1] [1746791060.639]: EnemyOutpostSub           [36mIDLE[0m -> [32mSUCCESS[0m
[robot_decision-1] [1746791060.639]: IfHealthSub               [32mSUCCESS[0m -> [36mIDLE[0m
[robot_decision-1] [1746791060.639]: OurOutpostSub             [32mSUCCESS[0m -> [36mIDLE[0m
[robot_decision-1] [1746791060.639]: EnemyOutpostSub           [32mSUCCESS[0m -> [36mIDLE[0m
[robot_decision-1] [1746791060.639]: Subscribers               [33mRUNNING[0m -> [32mSUCCESS[0m
[robot_decision-1] [1746791060.639]: Subscribers               [32mSUCCESS[0m -> [36mIDLE[0m
[robot_decision-1] [1746791060.639]: Inverter                  [33mRUNNING[0m -> [31mFAILURE[0m
[robot_decision-1] [1746791060.639]: HealthCheck               [36mIDLE[0m -> [33mRUNNING[0m
[robot_decision-1] [1746791060.639]: CheckIfHealth             [36mIDLE[0m -> [31mFAILURE[0m
[robot_decision-1] [1746791060.639]: CheckIfHealth             [31mFAILURE[0m -> [36mIDLE[0m
[robot_decision-1] [1746791060.639]: HealthCheck               [33mRUNNING[0m -> [31mFAILURE[0m
[robot_decision-1] [1746791060.639]: NavigateToPose            [33mRUNNING[0m -> [31mFAILURE[0m
[robot_decision-1] [1746791060.639]: WaitNode                  [32mSUCCESS[0m -> [36mIDLE[0m
[robot_decision-1] [1746791060.639]: NavigateToPose            [31mFAILURE[0m -> [36mIDLE[0m
[robot_decision-1] [1746791060.639]: Sequence                  [33mRUNNING[0m -> [31mFAILURE[0m
[robot_decision-1] [1746791060.639]: Sequence                  [31mFAILURE[0m -> [36mIDLE[0m
[robot_decision-1] [1746791060.639]: Sequence                  [36mIDLE[0m -> [33mRUNNING[0m
[robot_decision-1] [1746791060.639]: WaitNode                  [36mIDLE[0m -> [33mRUNNING[0m
[robot_decision-1] [1746791060.639]: Inverter                  [31mFAILURE[0m -> [36mIDLE[0m
[robot_decision-1] [1746791060.639]: HealthCheck               [31mFAILURE[0m -> [36mIDLE[0m
[robot_decision-1] [1746791061.139]: Inverter                  [36mIDLE[0m -> [33mRUNNING[0m
[robot_decision-1] [1746791061.139]: Subscribers               [36mIDLE[0m -> [33mRUNNING[0m
[robot_decision-1] [INFO] [1746791061.139438040] [robot_decision]: [IfHealthSub] health value: 500
[robot_decision-1] [INFO] [1746791061.139639514] [robot_decision]: [OurOutpostSub] our outpost health value: 1500
[robot_decision-1] [INFO] [1746791061.139704568] [robot_decision]: [EnemyOutpostSub] enemy outpost health value: 0
[robot_decision-1] [1746791061.140]: IfHealthSub               [36mIDLE[0m -> [32mSUCCESS[0m
[robot_decision-1] [1746791061.140]: OurOutpostSub             [36mIDLE[0m -> [32mSUCCESS[0m
[robot_decision-1] [1746791061.140]: EnemyOutpostSub           [36mIDLE[0m -> [32mSUCCESS[0m
[robot_decision-1] [1746791061.140]: IfHealthSub               [32mSUCCESS[0m -> [36mIDLE[0m
[robot_decision-1] [1746791061.140]: OurOutpostSub             [32mSUCCESS[0m -> [36mIDLE[0m
[robot_decision-1] [1746791061.140]: EnemyOutpostSub           [32mSUCCESS[0m -> [36mIDLE[0m
[robot_decision-1] [1746791061.140]: Subscribers               [33mRUNNING[0m -> [32mSUCCESS[0m
[robot_decision-1] [1746791061.140]: Subscribers               [32mSUCCESS[0m -> [36mIDLE[0m
[robot_decision-1] [1746791061.140]: Inverter                  [33mRUNNING[0m -> [31mFAILURE[0m
[robot_decision-1] [1746791061.140]: HealthCheck               [36mIDLE[0m -> [33mRUNNING[0m
[robot_decision-1] [1746791061.140]: CheckIfHealth             [36mIDLE[0m -> [31mFAILURE[0m
[robot_decision-1] [1746791061.140]: CheckIfHealth             [31mFAILURE[0m -> [36mIDLE[0m
[robot_decision-1] [1746791061.140]: HealthCheck               [33mRUNNING[0m -> [31mFAILURE[0m
[robot_decision-1] [1746791061.140]: WaitNode                  [33mRUNNING[0m -> [32mSUCCESS[0m
[robot_decision-1] [1746791061.140]: NavigateToPose            [36mIDLE[0m -> [33mRUNNING[0m
[robot_decision-1] Point key: 4 x:4 y:0.45
[robot_decision-1] [1746791061.140]: Inverter                  [31mFAILURE[0m -> [36mIDLE[0m
[robot_decision-1] [1746791061.140]: HealthCheck               [31mFAILURE[0m -> [36mIDLE[0m
[robot_decision-1] [1746791061.641]: Inverter                  [36mIDLE[0m -> [33mRUNNING[0m
[robot_decision-1] [1746791061.641]: Subscribers               [36mIDLE[0m -> [33mRUNNING[0m
[robot_decision-1] [INFO] [1746791061.640848692] [robot_decision]: [IfHealthSub] health value: 500
[robot_decision-1] [INFO] [1746791061.641059915] [robot_decision]: [OurOutpostSub] our outpost health value: 1500
[robot_decision-1] [INFO] [1746791061.641330992] [robot_decision]: [EnemyOutpostSub] enemy outpost health value: 0
[robot_decision-1] [1746791061.641]: IfHealthSub               [36mIDLE[0m -> [32mSUCCESS[0m
[robot_decision-1] [1746791061.641]: OurOutpostSub             [36mIDLE[0m -> [32mSUCCESS[0m
[robot_decision-1] [1746791061.641]: EnemyOutpostSub           [36mIDLE[0m -> [32mSUCCESS[0m
[robot_decision-1] [1746791061.641]: IfHealthSub               [32mSUCCESS[0m -> [36mIDLE[0m
[robot_decision-1] [1746791061.641]: OurOutpostSub             [32mSUCCESS[0m -> [36mIDLE[0m
[robot_decision-1] [1746791061.641]: EnemyOutpostSub           [32mSUCCESS[0m -> [36mIDLE[0m
[robot_decision-1] [1746791061.641]: Subscribers               [33mRUNNING[0m -> [32mSUCCESS[0m
[robot_decision-1] [1746791061.641]: Subscribers               [32mSUCCESS[0m -> [36mIDLE[0m
[robot_decision-1] [1746791061.641]: Inverter                  [33mRUNNING[0m -> [31mFAILURE[0m
[robot_decision-1] [1746791061.641]: HealthCheck               [36mIDLE[0m -> [33mRUNNING[0m
[robot_decision-1] [1746791061.641]: CheckIfHealth             [36mIDLE[0m -> [31mFAILURE[0m
[robot_decision-1] [1746791061.641]: CheckIfHealth             [31mFAILURE[0m -> [36mIDLE[0m
[robot_decision-1] [1746791061.641]: HealthCheck               [33mRUNNING[0m -> [31mFAILURE[0m
[robot_decision-1] [1746791061.642]: Inverter                  [31mFAILURE[0m -> [36mIDLE[0m
[robot_decision-1] [1746791061.642]: HealthCheck               [31mFAILURE[0m -> [36mIDLE[0m
[robot_decision-1] [1746791062.142]: Inverter                  [36mIDLE[0m -> [33mRUNNING[0m
[robot_decision-1] [1746791062.142]: Subscribers               [36mIDLE[0m -> [33mRUNNING[0m
[robot_decision-1] [1746791062.143]: IfHealthSub               [36mIDLE[0m -> [32mSUCCESS[0m
[robot_decision-1] [1746791062.143]: OurOutpostSub             [36mIDLE[0m -> [32mSUCCESS[0m
[robot_decision-1] [1746791062.143]: EnemyOutpostSub           [36mIDLE[0m -> [32mSUCCESS[0m
[robot_decision-1] [1746791062.143]: IfHealthSub               [32mSUCCESS[0m -> [36mIDLE[0m
[robot_decision-1] [1746791062.143]: OurOutpostSub             [32mSUCCESS[0m -> [36mIDLE[0m
[robot_decision-1] [1746791062.143]: EnemyOutpostSub           [32mSUCCESS[0m -> [36mIDLE[0m
[robot_decision-1] [1746791062.143]: Subscribers               [33mRUNNING[0m -> [32mSUCCESS[0m
[robot_decision-1] [1746791062.143]: Subscribers               [32mSUCCESS[0m -> [36mIDLE[0m
[robot_decision-1] [1746791062.143]: Inverter                  [33mRUNNING[0m -> [31mFAILURE[0m
[robot_decision-1] [1746791062.143]: HealthCheck               [36mIDLE[0m -> [33mRUNNING[0m
[robot_decision-1] [1746791062.143]: CheckIfHealth             [36mIDLE[0m -> [31mFAILURE[0m
[robot_decision-1] [1746791062.143]: CheckIfHealth             [31mFAILURE[0m -> [36mIDLE[0m
[robot_decision-1] [1746791062.143]: HealthCheck               [33mRUNNING[0m -> [31mFAILURE[0m
[robot_decision-1] [1746791062.143]: Inverter                  [31mFAILURE[0m -> [36mIDLE[0m
[robot_decision-1] [1746791062.143]: HealthCheck               [31mFAILURE[0m -> [36mIDLE[0m
[robot_decision-1] [INFO] [1746791062.142384305] [robot_decision]: [IfHealthSub] health value: 500
[robot_decision-1] [INFO] [1746791062.142635744] [robot_decision]: [OurOutpostSub] our outpost health value: 1500
[robot_decision-1] [INFO] [1746791062.142746335] [robot_decision]: [EnemyOutpostSub] enemy outpost health value: 0
[robot_decision-1] [1746791062.643]: Inverter                  [36mIDLE[0m -> [33mRUNNING[0m
[robot_decision-1] [1746791062.643]: Subscribers               [36mIDLE[0m -> [33mRUNNING[0m
[robot_decision-1] [INFO] [1746791062.643646514] [robot_decision]: [IfHealthSub] health value: 500
[robot_decision-1] [INFO] [1746791062.643835595] [robot_decision]: [OurOutpostSub] our outpost health value: 1500
[robot_decision-1] [INFO] [1746791062.643932570] [robot_decision]: [EnemyOutpostSub] enemy outpost health value: 0
[robot_decision-1] [1746791062.644]: IfHealthSub               [36mIDLE[0m -> [32mSUCCESS[0m
[robot_decision-1] [1746791062.644]: OurOutpostSub             [36mIDLE[0m -> [32mSUCCESS[0m
[robot_decision-1] [1746791062.644]: EnemyOutpostSub           [36mIDLE[0m -> [32mSUCCESS[0m
[robot_decision-1] [1746791062.644]: IfHealthSub               [32mSUCCESS[0m -> [36mIDLE[0m
[robot_decision-1] [1746791062.644]: OurOutpostSub             [32mSUCCESS[0m -> [36mIDLE[0m
[robot_decision-1] [1746791062.644]: EnemyOutpostSub           [32mSUCCESS[0m -> [36mIDLE[0m
[robot_decision-1] [1746791062.644]: Subscribers               [33mRUNNING[0m -> [32mSUCCESS[0m
[robot_decision-1] [1746791062.644]: Subscribers               [32mSUCCESS[0m -> [36mIDLE[0m
[robot_decision-1] [1746791062.644]: Inverter                  [33mRUNNING[0m -> [31mFAILURE[0m
[robot_decision-1] [1746791062.644]: HealthCheck               [36mIDLE[0m -> [33mRUNNING[0m
[robot_decision-1] [1746791062.644]: CheckIfHealth             [36mIDLE[0m -> [31mFAILURE[0m
[robot_decision-1] [1746791062.644]: CheckIfHealth             [31mFAILURE[0m -> [36mIDLE[0m
[robot_decision-1] [1746791062.644]: HealthCheck               [33mRUNNING[0m -> [31mFAILURE[0m
[robot_decision-1] [1746791062.644]: Inverter                  [31mFAILURE[0m -> [36mIDLE[0m
[robot_decision-1] [1746791062.644]: HealthCheck               [31mFAILURE[0m -> [36mIDLE[0m
[robot_decision-1] [1746791063.145]: Inverter                  [36mIDLE[0m -> [33mRUNNING[0m
[robot_decision-1] [1746791063.145]: Subscribers               [36mIDLE[0m -> [33mRUNNING[0m
[robot_decision-1] [1746791063.145]: IfHealthSub               [36mIDLE[0m -> [32mSUCCESS[0m
[robot_decision-1] [1746791063.145]: OurOutpostSub             [36mIDLE[0m -> [32mSUCCESS[0m
[robot_decision-1] [1746791063.145]: EnemyOutpostSub           [36mIDLE[0m -> [32mSUCCESS[0m
[robot_decision-1] [1746791063.145]: IfHealthSub               [32mSUCCESS[0m -> [36mIDLE[0m
[robot_decision-1] [1746791063.145]: OurOutpostSub             [32mSUCCESS[0m -> [36mIDLE[0m
[robot_decision-1] [1746791063.145]: EnemyOutpostSub           [32mSUCCESS[0m -> [36mIDLE[0m
[robot_decision-1] [1746791063.145]: Subscribers               [33mRUNNING[0m -> [32mSUCCESS[0m
[robot_decision-1] [1746791063.145]: Subscribers               [32mSUCCESS[0m -> [36mIDLE[0m
[robot_decision-1] [1746791063.145]: Inverter                  [33mRUNNING[0m -> [31mFAILURE[0m
[robot_decision-1] [1746791063.145]: HealthCheck               [36mIDLE[0m -> [33mRUNNING[0m
[robot_decision-1] [1746791063.145]: CheckIfHealth             [36mIDLE[0m -> [31mFAILURE[0m
[robot_decision-1] [1746791063.145]: CheckIfHealth             [31mFAILURE[0m -> [36mIDLE[0m
[robot_decision-1] [1746791063.145]: HealthCheck               [33mRUNNING[0m -> [31mFAILURE[0m
[robot_decision-1] [1746791063.145]: Inverter                  [31mFAILURE[0m -> [36mIDLE[0m
[robot_decision-1] [1746791063.145]: HealthCheck               [31mFAILURE[0m -> [36mIDLE[0m
[robot_decision-1] [INFO] [1746791063.144905880] [robot_decision]: [IfHealthSub] health value: 500
[robot_decision-1] [INFO] [1746791063.145063561] [robot_decision]: [OurOutpostSub] our outpost health value: 1500
[robot_decision-1] [INFO] [1746791063.145167329] [robot_decision]: [EnemyOutpostSub] enemy outpost health value: 0
[robot_decision-1] [1746791063.646]: Inverter                  [36mIDLE[0m -> [33mRUNNING[0m
[robot_decision-1] [1746791063.646]: Subscribers               [36mIDLE[0m -> [33mRUNNING[0m
[robot_decision-1] [INFO] [1746791063.646092786] [robot_decision]: [IfHealthSub] health value: 500
[robot_decision-1] [INFO] [1746791063.646346580] [robot_decision]: [OurOutpostSub] our outpost health value: 1500
[robot_decision-1] [1746791063.646]: IfHealthSub               [36mIDLE[0m -> [32mSUCCESS[0m
[robot_decision-1] [1746791063.646]: OurOutpostSub             [36mIDLE[0m -> [32mSUCCESS[0m
[robot_decision-1] [1746791063.647]: EnemyOutpostSub           [36mIDLE[0m -> [32mSUCCESS[0m
[robot_decision-1] [1746791063.647]: IfHealthSub               [32mSUCCESS[0m -> [36mIDLE[0m
[robot_decision-1] [1746791063.647]: OurOutpostSub             [32mSUCCESS[0m -> [36mIDLE[0m
[robot_decision-1] [1746791063.647]: EnemyOutpostSub           [32mSUCCESS[0m -> [36mIDLE[0m
[robot_decision-1] [1746791063.647]: Subscribers               [33mRUNNING[0m -> [32mSUCCESS[0m
[robot_decision-1] [1746791063.647]: Subscribers               [32mSUCCESS[0m -> [36mIDLE[0m
[robot_decision-1] [1746791063.647]: Inverter                  [33mRUNNING[0m -> [31mFAILURE[0m
[robot_decision-1] [1746791063.647]: HealthCheck               [36mIDLE[0m -> [33mRUNNING[0m
[robot_decision-1] [1746791063.647]: CheckIfHealth             [36mIDLE[0m -> [31mFAILURE[0m
[robot_decision-1] [1746791063.647]: CheckIfHealth             [31mFAILURE[0m -> [36mIDLE[0m
[robot_decision-1] [1746791063.647]: HealthCheck               [33mRUNNING[0m -> [31mFAILURE[0m
[robot_decision-1] [1746791063.647]: Inverter                  [31mFAILURE[0m -> [36mIDLE[0m
[robot_decision-1] [1746791063.647]: HealthCheck               [31mFAILURE[0m -> [36mIDLE[0m
[robot_decision-1] [INFO] [1746791063.646476238] [robot_decision]: [EnemyOutpostSub] enemy outpost health value: 0
[robot_decision-1] [1746791064.147]: Inverter                  [36mIDLE[0m -> [33mRUNNING[0m
[robot_decision-1] [1746791064.147]: Subscribers               [36mIDLE[0m -> [33mRUNNING[0m
[robot_decision-1] [INFO] [1746791064.147604153] [robot_decision]: [IfHealthSub] health value: 500
[robot_decision-1] [INFO] [1746791064.147800928] [robot_decision]: [OurOutpostSub] our outpost health value: 1500
[robot_decision-1] [INFO] [1746791064.147877745] [robot_decision]: [EnemyOutpostSub] enemy outpost health value: 0
[robot_decision-1] [1746791064.148]: IfHealthSub               [36mIDLE[0m -> [32mSUCCESS[0m
[robot_decision-1] [1746791064.148]: OurOutpostSub             [36mIDLE[0m -> [32mSUCCESS[0m
[robot_decision-1] [1746791064.148]: EnemyOutpostSub           [36mIDLE[0m -> [32mSUCCESS[0m
[robot_decision-1] [1746791064.148]: IfHealthSub               [32mSUCCESS[0m -> [36mIDLE[0m
[robot_decision-1] [1746791064.148]: OurOutpostSub             [32mSUCCESS[0m -> [36mIDLE[0m
[robot_decision-1] [1746791064.148]: EnemyOutpostSub           [32mSUCCESS[0m -> [36mIDLE[0m
[robot_decision-1] [1746791064.148]: Subscribers               [33mRUNNING[0m -> [32mSUCCESS[0m
[robot_decision-1] [1746791064.148]: Subscribers               [32mSUCCESS[0m -> [36mIDLE[0m
[robot_decision-1] [1746791064.148]: Inverter                  [33mRUNNING[0m -> [31mFAILURE[0m
[robot_decision-1] [1746791064.148]: HealthCheck               [36mIDLE[0m -> [33mRUNNING[0m
[robot_decision-1] [1746791064.148]: CheckIfHealth             [36mIDLE[0m -> [31mFAILURE[0m
[robot_decision-1] [1746791064.148]: CheckIfHealth             [31mFAILURE[0m -> [36mIDLE[0m
[robot_decision-1] [1746791064.148]: HealthCheck               [33mRUNNING[0m -> [31mFAILURE[0m
[robot_decision-1] [1746791064.148]: Inverter                  [31mFAILURE[0m -> [36mIDLE[0m
[robot_decision-1] [1746791064.148]: HealthCheck               [31mFAILURE[0m -> [36mIDLE[0m
[robot_decision-1] [1746791064.648]: Inverter                  [36mIDLE[0m -> [33mRUNNING[0m
[robot_decision-1] [1746791064.648]: Subscribers               [36mIDLE[0m -> [33mRUNNING[0m
[robot_decision-1] [INFO] [1746791064.648544239] [robot_decision]: [IfHealthSub] health value: 500
[robot_decision-1] [INFO] [1746791064.648691550] [robot_decision]: [OurOutpostSub] our outpost health value: 1500
[robot_decision-1] [INFO] [1746791064.648757686] [robot_decision]: [EnemyOutpostSub] enemy outpost health value: 0
[robot_decision-1] [1746791064.649]: IfHealthSub               [36mIDLE[0m -> [32mSUCCESS[0m
[robot_decision-1] [1746791064.649]: OurOutpostSub             [36mIDLE[0m -> [32mSUCCESS[0m
[robot_decision-1] [1746791064.649]: EnemyOutpostSub           [36mIDLE[0m -> [32mSUCCESS[0m
[robot_decision-1] [1746791064.649]: IfHealthSub               [32mSUCCESS[0m -> [36mIDLE[0m
[robot_decision-1] [1746791064.649]: OurOutpostSub             [32mSUCCESS[0m -> [36mIDLE[0m
[robot_decision-1] [1746791064.649]: EnemyOutpostSub           [32mSUCCESS[0m -> [36mIDLE[0m
[robot_decision-1] [1746791064.649]: Subscribers               [33mRUNNING[0m -> [32mSUCCESS[0m
[robot_decision-1] [1746791064.649]: Subscribers               [32mSUCCESS[0m -> [36mIDLE[0m
[robot_decision-1] [1746791064.649]: Inverter                  [33mRUNNING[0m -> [31mFAILURE[0m
[robot_decision-1] [1746791064.649]: HealthCheck               [36mIDLE[0m -> [33mRUNNING[0m
[robot_decision-1] [1746791064.649]: CheckIfHealth             [36mIDLE[0m -> [31mFAILURE[0m
[robot_decision-1] [1746791064.649]: CheckIfHealth             [31mFAILURE[0m -> [36mIDLE[0m
[robot_decision-1] [1746791064.649]: HealthCheck               [33mRUNNING[0m -> [31mFAILURE[0m
[robot_decision-1] [1746791064.649]: Inverter                  [31mFAILURE[0m -> [36mIDLE[0m
[robot_decision-1] [1746791064.649]: HealthCheck               [31mFAILURE[0m -> [36mIDLE[0m
[robot_decision-1] [1746791065.149]: Inverter                  [36mIDLE[0m -> [33mRUNNING[0m
[robot_decision-1] [1746791065.149]: Subscribers               [36mIDLE[0m -> [33mRUNNING[0m
[robot_decision-1] [INFO] [1746791065.149649782] [robot_decision]: [IfHealthSub] health value: 500
[robot_decision-1] [INFO] [1746791065.149954593] [robot_decision]: [OurOutpostSub] our outpost health value: 1500
[robot_decision-1] [INFO] [1746791065.150105221] [robot_decision]: [EnemyOutpostSub] enemy outpost health value: 0
[robot_decision-1] [1746791065.150]: IfHealthSub               [36mIDLE[0m -> [32mSUCCESS[0m
[robot_decision-1] [1746791065.150]: OurOutpostSub             [36mIDLE[0m -> [32mSUCCESS[0m
[robot_decision-1] [1746791065.150]: EnemyOutpostSub           [36mIDLE[0m -> [32mSUCCESS[0m
[robot_decision-1] [1746791065.150]: IfHealthSub               [32mSUCCESS[0m -> [36mIDLE[0m
[robot_decision-1] [1746791065.150]: OurOutpostSub             [32mSUCCESS[0m -> [36mIDLE[0m
[robot_decision-1] [1746791065.150]: EnemyOutpostSub           [32mSUCCESS[0m -> [36mIDLE[0m
[robot_decision-1] [1746791065.150]: Subscribers               [33mRUNNING[0m -> [32mSUCCESS[0m
[robot_decision-1] [1746791065.150]: Subscribers               [32mSUCCESS[0m -> [36mIDLE[0m
[robot_decision-1] [1746791065.150]: Inverter                  [33mRUNNING[0m -> [31mFAILURE[0m
[robot_decision-1] [1746791065.150]: HealthCheck               [36mIDLE[0m -> [33mRUNNING[0m
[robot_decision-1] [1746791065.150]: CheckIfHealth             [36mIDLE[0m -> [31mFAILURE[0m
[robot_decision-1] [1746791065.150]: CheckIfHealth             [31mFAILURE[0m -> [36mIDLE[0m
[robot_decision-1] [1746791065.150]: HealthCheck               [33mRUNNING[0m -> [31mFAILURE[0m
[robot_decision-1] [1746791065.151]: Inverter                  [31mFAILURE[0m -> [36mIDLE[0m
[robot_decision-1] [1746791065.151]: HealthCheck               [31mFAILURE[0m -> [36mIDLE[0m
[robot_decision-1] [1746791065.651]: Inverter                  [36mIDLE[0m -> [33mRUNNING[0m
[robot_decision-1] [1746791065.651]: Subscribers               [36mIDLE[0m -> [33mRUNNING[0m
[robot_decision-1] [INFO] [1746791065.651291287] [robot_decision]: [IfHealthSub] health value: 500
[robot_decision-1] [INFO] [1746791065.651518560] [robot_decision]: [OurOutpostSub] our outpost health value: 1500
[robot_decision-1] [INFO] [1746791065.651630223] [robot_decision]: [EnemyOutpostSub] enemy outpost health value: 0
[robot_decision-1] [1746791065.651]: IfHealthSub               [36mIDLE[0m -> [32mSUCCESS[0m
[robot_decision-1] [1746791065.652]: OurOutpostSub             [36mIDLE[0m -> [32mSUCCESS[0m
[robot_decision-1] [1746791065.652]: EnemyOutpostSub           [36mIDLE[0m -> [32mSUCCESS[0m
[robot_decision-1] [1746791065.652]: IfHealthSub               [32mSUCCESS[0m -> [36mIDLE[0m
[robot_decision-1] [1746791065.652]: OurOutpostSub             [32mSUCCESS[0m -> [36mIDLE[0m
[robot_decision-1] [1746791065.652]: EnemyOutpostSub           [32mSUCCESS[0m -> [36mIDLE[0m
[robot_decision-1] [1746791065.652]: Subscribers               [33mRUNNING[0m -> [32mSUCCESS[0m
[robot_decision-1] [1746791065.652]: Subscribers               [32mSUCCESS[0m -> [36mIDLE[0m
[robot_decision-1] [1746791065.652]: Inverter                  [33mRUNNING[0m -> [31mFAILURE[0m
[robot_decision-1] [1746791065.652]: HealthCheck               [36mIDLE[0m -> [33mRUNNING[0m
[robot_decision-1] [1746791065.652]: CheckIfHealth             [36mIDLE[0m -> [31mFAILURE[0m
[robot_decision-1] [1746791065.652]: CheckIfHealth             [31mFAILURE[0m -> [36mIDLE[0m
[robot_decision-1] [1746791065.652]: HealthCheck               [33mRUNNING[0m -> [31mFAILURE[0m
[robot_decision-1] [1746791065.652]: Inverter                  [31mFAILURE[0m -> [36mIDLE[0m
[robot_decision-1] [1746791065.652]: HealthCheck               [31mFAILURE[0m -> [36mIDLE[0m
[robot_decision-1] [1746791066.152]: Inverter                  [36mIDLE[0m -> [33mRUNNING[0m
[robot_decision-1] [1746791066.152]: Subscribers               [36mIDLE[0m -> [33mRUNNING[0m
[robot_decision-1] [1746791066.153]: IfHealthSub               [36mIDLE[0m -> [32mSUCCESS[0m
[robot_decision-1] [1746791066.153]: OurOutpostSub             [36mIDLE[0m -> [32mSUCCESS[0m
[robot_decision-1] [1746791066.153]: EnemyOutpostSub           [36mIDLE[0m -> [32mSUCCESS[0m
[robot_decision-1] [1746791066.153]: IfHealthSub               [32mSUCCESS[0m -> [36mIDLE[0m
[robot_decision-1] [1746791066.153]: OurOutpostSub             [32mSUCCESS[0m -> [36mIDLE[0m
[robot_decision-1] [1746791066.153]: EnemyOutpostSub           [32mSUCCESS[0m -> [36mIDLE[0m
[robot_decision-1] [1746791066.153]: Subscribers               [33mRUNNING[0m -> [32mSUCCESS[0m
[robot_decision-1] [1746791066.153]: Subscribers               [32mSUCCESS[0m -> [36mIDLE[0m
[robot_decision-1] [1746791066.153]: Inverter                  [33mRUNNING[0m -> [31mFAILURE[0m
[robot_decision-1] [1746791066.153]: HealthCheck               [36mIDLE[0m -> [33mRUNNING[0m
[robot_decision-1] [1746791066.153]: CheckIfHealth             [36mIDLE[0m -> [31mFAILURE[0m
[robot_decision-1] [1746791066.153]: CheckIfHealth             [31mFAILURE[0m -> [36mIDLE[0m
[robot_decision-1] [1746791066.153]: HealthCheck               [33mRUNNING[0m -> [31mFAILURE[0m
[robot_decision-1] [INFO] [1746791066.152493094] [robot_decision]: [IfHealthSub] health value: 500
[robot_decision-1] [INFO] [1746791066.152623963] [robot_decision]: [OurOutpostSub] our outpost health value: 1500
[robot_decision-1] [INFO] [1746791066.152684168] [robot_decision]: [EnemyOutpostSub] enemy outpost health value: 0
[robot_decision-1] [WARN] [1746791066.153027734] [robot_decision]: NavigateToPose failure: SEND_GOAL_TIMEOUT
[robot_decision-1] [1746791066.153]: NavigateToPose            [33mRUNNING[0m -> [31mFAILURE[0m
[robot_decision-1] [1746791066.153]: WaitNode                  [32mSUCCESS[0m -> [36mIDLE[0m
[robot_decision-1] [1746791066.153]: NavigateToPose            [31mFAILURE[0m -> [36mIDLE[0m
[robot_decision-1] [1746791066.153]: Sequence                  [33mRUNNING[0m -> [31mFAILURE[0m
[robot_decision-1] [1746791066.153]: Sequence                  [31mFAILURE[0m -> [36mIDLE[0m
[robot_decision-1] [1746791066.153]: Sequence                  [36mIDLE[0m -> [33mRUNNING[0m
[robot_decision-1] [1746791066.153]: WaitNode                  [36mIDLE[0m -> [33mRUNNING[0m
[robot_decision-1] [1746791066.153]: Inverter                  [31mFAILURE[0m -> [36mIDLE[0m
[robot_decision-1] [1746791066.153]: HealthCheck               [31mFAILURE[0m -> [36mIDLE[0m
[robot_decision-1] [1746791066.653]: Inverter                  [36mIDLE[0m -> [33mRUNNING[0m
[robot_decision-1] [1746791066.654]: Subscribers               [36mIDLE[0m -> [33mRUNNING[0m
[robot_decision-1] [INFO] [1746791066.653891626] [robot_decision]: [IfHealthSub] health value: 500
[robot_decision-1] [INFO] [1746791066.654174706] [robot_decision]: [OurOutpostSub] our outpost health value: 1500
[robot_decision-1] [INFO] [1746791066.654274195] [robot_decision]: [EnemyOutpostSub] enemy outpost health value: 0
[robot_decision-1] [1746791066.654]: IfHealthSub               [36mIDLE[0m -> [32mSUCCESS[0m
[robot_decision-1] [1746791066.654]: OurOutpostSub             [36mIDLE[0m -> [32mSUCCESS[0m
[robot_decision-1] [1746791066.654]: EnemyOutpostSub           [36mIDLE[0m -> [32mSUCCESS[0m
[robot_decision-1] [1746791066.654]: IfHealthSub               [32mSUCCESS[0m -> [36mIDLE[0m
[robot_decision-1] [1746791066.654]: OurOutpostSub             [32mSUCCESS[0m -> [36mIDLE[0m
[robot_decision-1] [1746791066.654]: EnemyOutpostSub           [32mSUCCESS[0m -> [36mIDLE[0m
[robot_decision-1] [1746791066.654]: Subscribers               [33mRUNNING[0m -> [32mSUCCESS[0m
[robot_decision-1] [1746791066.654]: Subscribers               [32mSUCCESS[0m -> [36mIDLE[0m
[robot_decision-1] [1746791066.654]: Inverter                  [33mRUNNING[0m -> [31mFAILURE[0m
[robot_decision-1] [1746791066.654]: HealthCheck               [36mIDLE[0m -> [33mRUNNING[0m
[robot_decision-1] [1746791066.654]: CheckIfHealth             [36mIDLE[0m -> [31mFAILURE[0m
[robot_decision-1] [1746791066.654]: CheckIfHealth             [31mFAILURE[0m -> [36mIDLE[0m
[robot_decision-1] [1746791066.654]: HealthCheck               [33mRUNNING[0m -> [31mFAILURE[0m
[robot_decision-1] [1746791066.654]: WaitNode                  [33mRUNNING[0m -> [32mSUCCESS[0m
[robot_decision-1] [1746791066.654]: NavigateToPose            [36mIDLE[0m -> [33mRUNNING[0m
[robot_decision-1] Point key: 4 x:4 y:0.45
[robot_decision-1] [1746791066.656]: Inverter                  [31mFAILURE[0m -> [36mIDLE[0m
[robot_decision-1] [1746791066.656]: HealthCheck               [31mFAILURE[0m -> [36mIDLE[0m
[robot_decision-1] [1746791067.156]: Inverter                  [36mIDLE[0m -> [33mRUNNING[0m
[robot_decision-1] [1746791067.156]: Subscribers               [36mIDLE[0m -> [33mRUNNING[0m
[robot_decision-1] [INFO] [1746791067.156699458] [robot_decision]: [IfHealthSub] health value: 500
[robot_decision-1] [1746791067.157]: IfHealthSub               [36mIDLE[0m -> [32mSUCCESS[0m
[robot_decision-1] [INFO] [1746791067.158464044] [robot_decision]: [OurOutpostSub] our outpost health value: 1500
[robot_decision-1] [1746791067.159]: OurOutpostSub             [36mIDLE[0m -> [32mSUCCESS[0m
[robot_decision-1] [1746791067.159]: EnemyOutpostSub           [36mIDLE[0m -> [32mSUCCESS[0m
[robot_decision-1] [1746791067.159]: IfHealthSub               [32mSUCCESS[0m -> [36mIDLE[0m
[robot_decision-1] [1746791067.159]: OurOutpostSub             [32mSUCCESS[0m -> [36mIDLE[0m
[robot_decision-1] [1746791067.159]: EnemyOutpostSub           [32mSUCCESS[0m -> [36mIDLE[0m
[robot_decision-1] [1746791067.159]: Subscribers               [33mRUNNING[0m -> [32mSUCCESS[0m
[robot_decision-1] [1746791067.159]: Subscribers               [32mSUCCESS[0m -> [36mIDLE[0m
[robot_decision-1] [1746791067.159]: Inverter                  [33mRUNNING[0m -> [31mFAILURE[0m
[robot_decision-1] [1746791067.159]: HealthCheck               [36mIDLE[0m -> [33mRUNNING[0m
[robot_decision-1] [1746791067.159]: CheckIfHealth             [36mIDLE[0m -> [31mFAILURE[0m
[robot_decision-1] [1746791067.159]: CheckIfHealth             [31mFAILURE[0m -> [36mIDLE[0m
[robot_decision-1] [1746791067.159]: HealthCheck               [33mRUNNING[0m -> [31mFAILURE[0m
[robot_decision-1] [INFO] [1746791067.158622195] [robot_decision]: [EnemyOutpostSub] enemy outpost health value: 0
[robot_decision-1] [1746791067.159]: Inverter                  [31mFAILURE[0m -> [36mIDLE[0m
[robot_decision-1] [1746791067.159]: HealthCheck               [31mFAILURE[0m -> [36mIDLE[0m
[robot_decision-1] [1746791067.659]: Inverter                  [36mIDLE[0m -> [33mRUNNING[0m
[robot_decision-1] [1746791067.659]: Subscribers               [36mIDLE[0m -> [33mRUNNING[0m
[robot_decision-1] [INFO] [1746791067.659093580] [robot_decision]: [IfHealthSub] health value: 500
[robot_decision-1] [INFO] [1746791067.659150088] [robot_decision]: [OurOutpostSub] our outpost health value: 1500
[robot_decision-1] [INFO] [1746791067.659174184] [robot_decision]: [EnemyOutpostSub] enemy outpost health value: 0
[robot_decision-1] [1746791067.659]: IfHealthSub               [36mIDLE[0m -> [32mSUCCESS[0m
[robot_decision-1] [1746791067.659]: OurOutpostSub             [36mIDLE[0m -> [32mSUCCESS[0m
[robot_decision-1] [1746791067.659]: EnemyOutpostSub           [36mIDLE[0m -> [32mSUCCESS[0m
[robot_decision-1] [1746791067.659]: IfHealthSub               [32mSUCCESS[0m -> [36mIDLE[0m
[robot_decision-1] [1746791067.659]: OurOutpostSub             [32mSUCCESS[0m -> [36mIDLE[0m
[robot_decision-1] [1746791067.659]: EnemyOutpostSub           [32mSUCCESS[0m -> [36mIDLE[0m
[robot_decision-1] [1746791067.659]: Subscribers               [33mRUNNING[0m -> [32mSUCCESS[0m
[robot_decision-1] [1746791067.659]: Subscribers               [32mSUCCESS[0m -> [36mIDLE[0m
[robot_decision-1] [1746791067.659]: Inverter                  [33mRUNNING[0m -> [31mFAILURE[0m
[robot_decision-1] [1746791067.659]: HealthCheck               [36mIDLE[0m -> [33mRUNNING[0m
[robot_decision-1] [1746791067.659]: CheckIfHealth             [36mIDLE[0m -> [31mFAILURE[0m
[robot_decision-1] [1746791067.659]: CheckIfHealth             [31mFAILURE[0m -> [36mIDLE[0m
[robot_decision-1] [1746791067.659]: HealthCheck               [33mRUNNING[0m -> [31mFAILURE[0m
[robot_decision-1] [1746791067.659]: Inverter                  [31mFAILURE[0m -> [36mIDLE[0m
[robot_decision-1] [1746791067.659]: HealthCheck               [31mFAILURE[0m -> [36mIDLE[0m
[robot_decision-1] [1746791068.159]: Inverter                  [36mIDLE[0m -> [33mRUNNING[0m
[robot_decision-1] [1746791068.159]: Subscribers               [36mIDLE[0m -> [33mRUNNING[0m
[robot_decision-1] [INFO] [1746791068.159494440] [robot_decision]: [IfHealthSub] health value: 500
[robot_decision-1] [INFO] [1746791068.159578541] [robot_decision]: [OurOutpostSub] our outpost health value: 1500
[robot_decision-1] [INFO] [1746791068.159609690] [robot_decision]: [EnemyOutpostSub] enemy outpost health value: 0
[robot_decision-1] [1746791068.160]: IfHealthSub               [36mIDLE[0m -> [32mSUCCESS[0m
[robot_decision-1] [1746791068.160]: OurOutpostSub             [36mIDLE[0m -> [32mSUCCESS[0m
[robot_decision-1] [1746791068.160]: EnemyOutpostSub           [36mIDLE[0m -> [32mSUCCESS[0m
[robot_decision-1] [1746791068.160]: IfHealthSub               [32mSUCCESS[0m -> [36mIDLE[0m
[robot_decision-1] [1746791068.160]: OurOutpostSub             [32mSUCCESS[0m -> [36mIDLE[0m
[robot_decision-1] [1746791068.160]: EnemyOutpostSub           [32mSUCCESS[0m -> [36mIDLE[0m
[robot_decision-1] [1746791068.160]: Subscribers               [33mRUNNING[0m -> [32mSUCCESS[0m
[robot_decision-1] [1746791068.160]: Subscribers               [32mSUCCESS[0m -> [36mIDLE[0m
[robot_decision-1] [1746791068.160]: Inverter                  [33mRUNNING[0m -> [31mFAILURE[0m
[robot_decision-1] [1746791068.160]: HealthCheck               [36mIDLE[0m -> [33mRUNNING[0m
[robot_decision-1] [1746791068.160]: CheckIfHealth             [36mIDLE[0m -> [31mFAILURE[0m
[robot_decision-1] [1746791068.160]: CheckIfHealth             [31mFAILURE[0m -> [36mIDLE[0m
[robot_decision-1] [1746791068.160]: HealthCheck               [33mRUNNING[0m -> [31mFAILURE[0m
[robot_decision-1] [1746791068.160]: Inverter                  [31mFAILURE[0m -> [36mIDLE[0m
[robot_decision-1] [1746791068.160]: HealthCheck               [31mFAILURE[0m -> [36mIDLE[0m
[robot_decision-1] [1746791068.660]: Inverter                  [36mIDLE[0m -> [33mRUNNING[0m
[robot_decision-1] [1746791068.660]: Subscribers               [36mIDLE[0m -> [33mRUNNING[0m
[robot_decision-1] [INFO] [1746791068.659947080] [robot_decision]: [IfHealthSub] health value: 500
[robot_decision-1] [INFO] [1746791068.660052841] [robot_decision]: [OurOutpostSub] our outpost health value: 1500
[robot_decision-1] [INFO] [1746791068.660086936] [robot_decision]: [EnemyOutpostSub] enemy outpost health value: 0
[robot_decision-1] [1746791068.660]: IfHealthSub               [36mIDLE[0m -> [32mSUCCESS[0m
[robot_decision-1] [1746791068.660]: OurOutpostSub             [36mIDLE[0m -> [32mSUCCESS[0m
[robot_decision-1] [1746791068.660]: EnemyOutpostSub           [36mIDLE[0m -> [32mSUCCESS[0m
[robot_decision-1] [1746791068.660]: IfHealthSub               [32mSUCCESS[0m -> [36mIDLE[0m
[robot_decision-1] [1746791068.660]: OurOutpostSub             [32mSUCCESS[0m -> [36mIDLE[0m
[robot_decision-1] [1746791068.660]: EnemyOutpostSub           [32mSUCCESS[0m -> [36mIDLE[0m
[robot_decision-1] [1746791068.660]: Subscribers               [33mRUNNING[0m -> [32mSUCCESS[0m
[robot_decision-1] [1746791068.660]: Subscribers               [32mSUCCESS[0m -> [36mIDLE[0m
[robot_decision-1] [1746791068.660]: Inverter                  [33mRUNNING[0m -> [31mFAILURE[0m
[robot_decision-1] [1746791068.660]: HealthCheck               [36mIDLE[0m -> [33mRUNNING[0m
[robot_decision-1] [1746791068.660]: CheckIfHealth             [36mIDLE[0m -> [31mFAILURE[0m
[robot_decision-1] [1746791068.660]: CheckIfHealth             [31mFAILURE[0m -> [36mIDLE[0m
[robot_decision-1] [1746791068.660]: HealthCheck               [33mRUNNING[0m -> [31mFAILURE[0m
[robot_decision-1] [1746791068.660]: Inverter                  [31mFAILURE[0m -> [36mIDLE[0m
[robot_decision-1] [1746791068.660]: HealthCheck               [31mFAILURE[0m -> [36mIDLE[0m
[robot_decision-1] [1746791069.160]: Inverter                  [36mIDLE[0m -> [33mRUNNING[0m
[robot_decision-1] [1746791069.160]: Subscribers               [36mIDLE[0m -> [33mRUNNING[0m
[robot_decision-1] [1746791069.160]: IfHealthSub               [36mIDLE[0m -> [32mSUCCESS[0m
[robot_decision-1] [1746791069.160]: OurOutpostSub             [36mIDLE[0m -> [32mSUCCESS[0m
[robot_decision-1] [1746791069.161]: EnemyOutpostSub           [36mIDLE[0m -> [32mSUCCESS[0m
[robot_decision-1] [1746791069.161]: IfHealthSub               [32mSUCCESS[0m -> [36mIDLE[0m
[robot_decision-1] [1746791069.161]: OurOutpostSub             [32mSUCCESS[0m -> [36mIDLE[0m
[robot_decision-1] [1746791069.161]: EnemyOutpostSub           [32mSUCCESS[0m -> [36mIDLE[0m
[robot_decision-1] [1746791069.161]: Subscribers               [33mRUNNING[0m -> [32mSUCCESS[0m
[robot_decision-1] [1746791069.161]: Subscribers               [32mSUCCESS[0m -> [36mIDLE[0m
[robot_decision-1] [1746791069.161]: Inverter                  [33mRUNNING[0m -> [31mFAILURE[0m
[robot_decision-1] [1746791069.161]: HealthCheck               [36mIDLE[0m -> [33mRUNNING[0m
[robot_decision-1] [1746791069.161]: CheckIfHealth             [36mIDLE[0m -> [31mFAILURE[0m
[robot_decision-1] [1746791069.161]: CheckIfHealth             [31mFAILURE[0m -> [36mIDLE[0m
[robot_decision-1] [1746791069.161]: HealthCheck               [33mRUNNING[0m -> [31mFAILURE[0m
[robot_decision-1] [INFO] [1746791069.160404158] [robot_decision]: [IfHealthSub] health value: 500
[robot_decision-1] [INFO] [1746791069.160467579] [robot_decision]: [OurOutpostSub] our outpost health value: 1500
[robot_decision-1] [INFO] [1746791069.160502215] [robot_decision]: [EnemyOutpostSub] enemy outpost health value: 0
[robot_decision-1] [1746791069.161]: Inverter                  [31mFAILURE[0m -> [36mIDLE[0m
[robot_decision-1] [1746791069.161]: HealthCheck               [31mFAILURE[0m -> [36mIDLE[0m
[robot_decision-1] [1746791069.661]: Inverter                  [36mIDLE[0m -> [33mRUNNING[0m
[robot_decision-1] [1746791069.661]: Subscribers               [36mIDLE[0m -> [33mRUNNING[0m
[robot_decision-1] [INFO] [1746791069.660797304] [robot_decision]: [IfHealthSub] health value: 500
[robot_decision-1] [INFO] [1746791069.660846969] [robot_decision]: [OurOutpostSub] our outpost health value: 1500
[robot_decision-1] [1746791069.661]: IfHealthSub               [36mIDLE[0m -> [32mSUCCESS[0m
[robot_decision-1] [1746791069.661]: OurOutpostSub             [36mIDLE[0m -> [32mSUCCESS[0m
[robot_decision-1] [1746791069.661]: EnemyOutpostSub           [36mIDLE[0m -> [32mSUCCESS[0m
[robot_decision-1] [1746791069.661]: IfHealthSub               [32mSUCCESS[0m -> [36mIDLE[0m
[robot_decision-1] [1746791069.661]: OurOutpostSub             [32mSUCCESS[0m -> [36mIDLE[0m
[robot_decision-1] [1746791069.661]: EnemyOutpostSub           [32mSUCCESS[0m -> [36mIDLE[0m
[robot_decision-1] [1746791069.661]: Subscribers               [33mRUNNING[0m -> [32mSUCCESS[0m
[robot_decision-1] [1746791069.661]: Subscribers               [32mSUCCESS[0m -> [36mIDLE[0m
[robot_decision-1] [1746791069.661]: Inverter                  [33mRUNNING[0m -> [31mFAILURE[0m
[robot_decision-1] [1746791069.661]: HealthCheck               [36mIDLE[0m -> [33mRUNNING[0m
[robot_decision-1] [1746791069.661]: CheckIfHealth             [36mIDLE[0m -> [31mFAILURE[0m
[robot_decision-1] [1746791069.661]: CheckIfHealth             [31mFAILURE[0m -> [36mIDLE[0m
[robot_decision-1] [1746791069.661]: HealthCheck               [33mRUNNING[0m -> [31mFAILURE[0m
[robot_decision-1] [1746791069.661]: Inverter                  [31mFAILURE[0m -> [36mIDLE[0m
[robot_decision-1] [1746791069.661]: HealthCheck               [31mFAILURE[0m -> [36mIDLE[0m
[robot_decision-1] [INFO] [1746791069.660872408] [robot_decision]: [EnemyOutpostSub] enemy outpost health value: 0
[robot_decision-1] [1746791070.161]: Inverter                  [36mIDLE[0m -> [33mRUNNING[0m
[robot_decision-1] [1746791070.161]: Subscribers               [36mIDLE[0m -> [33mRUNNING[0m
[robot_decision-1] [INFO] [1746791070.161462671] [robot_decision]: [IfHealthSub] health value: 500
[robot_decision-1] [INFO] [1746791070.161588240] [robot_decision]: [OurOutpostSub] our outpost health value: 1500
[robot_decision-1] [1746791070.162]: IfHealthSub               [36mIDLE[0m -> [32mSUCCESS[0m
[robot_decision-1] [1746791070.162]: OurOutpostSub             [36mIDLE[0m -> [32mSUCCESS[0m
[robot_decision-1] [1746791070.162]: EnemyOutpostSub           [36mIDLE[0m -> [32mSUCCESS[0m
[robot_decision-1] [1746791070.162]: IfHealthSub               [32mSUCCESS[0m -> [36mIDLE[0m
[robot_decision-1] [1746791070.162]: OurOutpostSub             [32mSUCCESS[0m -> [36mIDLE[0m
[robot_decision-1] [1746791070.162]: EnemyOutpostSub           [32mSUCCESS[0m -> [36mIDLE[0m
[robot_decision-1] [1746791070.162]: Subscribers               [33mRUNNING[0m -> [32mSUCCESS[0m
[robot_decision-1] [1746791070.162]: Subscribers               [32mSUCCESS[0m -> [36mIDLE[0m
[robot_decision-1] [1746791070.162]: Inverter                  [33mRUNNING[0m -> [31mFAILURE[0m
[robot_decision-1] [1746791070.162]: HealthCheck               [36mIDLE[0m -> [33mRUNNING[0m
[robot_decision-1] [1746791070.162]: CheckIfHealth             [36mIDLE[0m -> [31mFAILURE[0m
[robot_decision-1] [1746791070.162]: CheckIfHealth             [31mFAILURE[0m -> [36mIDLE[0m
[robot_decision-1] [1746791070.162]: HealthCheck               [33mRUNNING[0m -> [31mFAILURE[0m
[robot_decision-1] [1746791070.162]: Inverter                  [31mFAILURE[0m -> [36mIDLE[0m
[robot_decision-1] [1746791070.162]: HealthCheck               [31mFAILURE[0m -> [36mIDLE[0m
[robot_decision-1] [INFO] [1746791070.161647734] [robot_decision]: [EnemyOutpostSub] enemy outpost health value: 0
[robot_decision-1] [1746791070.662]: Inverter                  [36mIDLE[0m -> [33mRUNNING[0m
[robot_decision-1] [1746791070.662]: Subscribers               [36mIDLE[0m -> [33mRUNNING[0m
[robot_decision-1] [INFO] [1746791070.662145571] [robot_decision]: [IfHealthSub] health value: 500
[robot_decision-1] [INFO] [1746791070.662229020] [robot_decision]: [OurOutpostSub] our outpost health value: 1500
[robot_decision-1] [INFO] [1746791070.662264277] [robot_decision]: [EnemyOutpostSub] enemy outpost health value: 0
[robot_decision-1] [1746791070.662]: IfHealthSub               [36mIDLE[0m -> [32mSUCCESS[0m
[robot_decision-1] [1746791070.662]: OurOutpostSub             [36mIDLE[0m -> [32mSUCCESS[0m
[robot_decision-1] [1746791070.662]: EnemyOutpostSub           [36mIDLE[0m -> [32mSUCCESS[0m
[robot_decision-1] [1746791070.662]: IfHealthSub               [32mSUCCESS[0m -> [36mIDLE[0m
[robot_decision-1] [1746791070.662]: OurOutpostSub             [32mSUCCESS[0m -> [36mIDLE[0m
[robot_decision-1] [1746791070.662]: EnemyOutpostSub           [32mSUCCESS[0m -> [36mIDLE[0m
[robot_decision-1] [1746791070.662]: Subscribers               [33mRUNNING[0m -> [32mSUCCESS[0m
[robot_decision-1] [1746791070.662]: Subscribers               [32mSUCCESS[0m -> [36mIDLE[0m
[robot_decision-1] [1746791070.662]: Inverter                  [33mRUNNING[0m -> [31mFAILURE[0m
[robot_decision-1] [1746791070.662]: HealthCheck               [36mIDLE[0m -> [33mRUNNING[0m
[robot_decision-1] [1746791070.662]: CheckIfHealth             [36mIDLE[0m -> [31mFAILURE[0m
[robot_decision-1] [1746791070.662]: CheckIfHealth             [31mFAILURE[0m -> [36mIDLE[0m
[robot_decision-1] [1746791070.662]: HealthCheck               [33mRUNNING[0m -> [31mFAILURE[0m
[robot_decision-1] [1746791070.662]: Inverter                  [31mFAILURE[0m -> [36mIDLE[0m
[robot_decision-1] [1746791070.662]: HealthCheck               [31mFAILURE[0m -> [36mIDLE[0m
[robot_decision-1] [1746791071.162]: Inverter                  [36mIDLE[0m -> [33mRUNNING[0m
[robot_decision-1] [1746791071.162]: Subscribers               [36mIDLE[0m -> [33mRUNNING[0m
[robot_decision-1] [INFO] [1746791071.162599685] [robot_decision]: [IfHealthSub] health value: 500
[robot_decision-1] [INFO] [1746791071.162700988] [robot_decision]: [OurOutpostSub] our outpost health value: 1500
[robot_decision-1] [INFO] [1746791071.162738179] [robot_decision]: [EnemyOutpostSub] enemy outpost health value: 0
[robot_decision-1] [1746791071.163]: IfHealthSub               [36mIDLE[0m -> [32mSUCCESS[0m
[robot_decision-1] [1746791071.163]: OurOutpostSub             [36mIDLE[0m -> [32mSUCCESS[0m
[robot_decision-1] [1746791071.163]: EnemyOutpostSub           [36mIDLE[0m -> [32mSUCCESS[0m
[robot_decision-1] [1746791071.163]: IfHealthSub               [32mSUCCESS[0m -> [36mIDLE[0m
[robot_decision-1] [1746791071.163]: OurOutpostSub             [32mSUCCESS[0m -> [36mIDLE[0m
[robot_decision-1] [1746791071.163]: EnemyOutpostSub           [32mSUCCESS[0m -> [36mIDLE[0m
[robot_decision-1] [1746791071.163]: Subscribers               [33mRUNNING[0m -> [32mSUCCESS[0m
[robot_decision-1] [1746791071.163]: Subscribers               [32mSUCCESS[0m -> [36mIDLE[0m
[robot_decision-1] [1746791071.163]: Inverter                  [33mRUNNING[0m -> [31mFAILURE[0m
[robot_decision-1] [1746791071.163]: HealthCheck               [36mIDLE[0m -> [33mRUNNING[0m
[robot_decision-1] [1746791071.163]: CheckIfHealth             [36mIDLE[0m -> [31mFAILURE[0m
[robot_decision-1] [1746791071.163]: CheckIfHealth             [31mFAILURE[0m -> [36mIDLE[0m
[robot_decision-1] [1746791071.163]: HealthCheck               [33mRUNNING[0m -> [31mFAILURE[0m
[robot_decision-1] [1746791071.163]: Inverter                  [31mFAILURE[0m -> [36mIDLE[0m
[robot_decision-1] [1746791071.163]: HealthCheck               [31mFAILURE[0m -> [36mIDLE[0m
[robot_decision-1] [1746791071.663]: Inverter                  [36mIDLE[0m -> [33mRUNNING[0m
[robot_decision-1] [1746791071.663]: Subscribers               [36mIDLE[0m -> [33mRUNNING[0m
[robot_decision-1] [INFO] [1746791071.663059080] [robot_decision]: [IfHealthSub] health value: 500
[robot_decision-1] [INFO] [1746791071.663126999] [robot_decision]: [OurOutpostSub] our outpost health value: 1500
[robot_decision-1] [INFO] [1746791071.663151706] [robot_decision]: [EnemyOutpostSub] enemy outpost health value: 0
[robot_decision-1] [1746791071.663]: IfHealthSub               [36mIDLE[0m -> [32mSUCCESS[0m
[robot_decision-1] [1746791071.663]: OurOutpostSub             [36mIDLE[0m -> [32mSUCCESS[0m
[robot_decision-1] [1746791071.663]: EnemyOutpostSub           [36mIDLE[0m -> [32mSUCCESS[0m
[robot_decision-1] [1746791071.663]: IfHealthSub               [32mSUCCESS[0m -> [36mIDLE[0m
[robot_decision-1] [1746791071.663]: OurOutpostSub             [32mSUCCESS[0m -> [36mIDLE[0m
[robot_decision-1] [1746791071.663]: EnemyOutpostSub           [32mSUCCESS[0m -> [36mIDLE[0m
[robot_decision-1] [1746791071.663]: Subscribers               [33mRUNNING[0m -> [32mSUCCESS[0m
[robot_decision-1] [1746791071.663]: Subscribers               [32mSUCCESS[0m -> [36mIDLE[0m
[robot_decision-1] [1746791071.663]: Inverter                  [33mRUNNING[0m -> [31mFAILURE[0m
[robot_decision-1] [1746791071.663]: HealthCheck               [36mIDLE[0m -> [33mRUNNING[0m
[robot_decision-1] [1746791071.663]: CheckIfHealth             [36mIDLE[0m -> [31mFAILURE[0m
[robot_decision-1] [1746791071.663]: CheckIfHealth             [31mFAILURE[0m -> [36mIDLE[0m
[robot_decision-1] [1746791071.663]: HealthCheck               [33mRUNNING[0m -> [31mFAILURE[0m
[robot_decision-1] [1746791071.663]: NavigateToPose            [33mRUNNING[0m -> [31mFAILURE[0m
[robot_decision-1] [1746791071.663]: WaitNode                  [32mSUCCESS[0m -> [36mIDLE[0m
[robot_decision-1] [1746791071.663]: NavigateToPose            [31mFAILURE[0m -> [36mIDLE[0m
[robot_decision-1] [1746791071.663]: Sequence                  [33mRUNNING[0m -> [31mFAILURE[0m
[robot_decision-1] [1746791071.663]: Sequence                  [31mFAILURE[0m -> [36mIDLE[0m
[robot_decision-1] [1746791071.663]: Sequence                  [36mIDLE[0m -> [33mRUNNING[0m
[robot_decision-1] [1746791071.663]: WaitNode                  [36mIDLE[0m -> [33mRUNNING[0m
[robot_decision-1] [1746791071.663]: Inverter                  [31mFAILURE[0m -> [36mIDLE[0m
[robot_decision-1] [1746791071.663]: HealthCheck               [31mFAILURE[0m -> [36mIDLE[0m
[robot_decision-1] [WARN] [1746791071.663239073] [robot_decision]: NavigateToPose failure: SEND_GOAL_TIMEOUT
[robot_decision-1] [1746791072.163]: Inverter                  [36mIDLE[0m -> [33mRUNNING[0m
[robot_decision-1] [1746791072.163]: Subscribers               [36mIDLE[0m -> [33mRUNNING[0m
[robot_decision-1] [INFO] [1746791072.163560506] [robot_decision]: [IfHealthSub] health value: 500
[robot_decision-1] [INFO] [1746791072.163637072] [robot_decision]: [OurOutpostSub] our outpost health value: 1500
[robot_decision-1] [INFO] [1746791072.163666688] [robot_decision]: [EnemyOutpostSub] enemy outpost health value: 0
[robot_decision-1] [WARN] [1746791072.163819410] [robot_decision]: NavigateToPose failure: SERVER_UNREACHABLE
[robot_decision-1] [1746791072.164]: IfHealthSub               [36mIDLE[0m -> [32mSUCCESS[0m
[robot_decision-1] [1746791072.164]: OurOutpostSub             [36mIDLE[0m -> [32mSUCCESS[0m
[robot_decision-1] [1746791072.164]: EnemyOutpostSub           [36mIDLE[0m -> [32mSUCCESS[0m
[robot_decision-1] [1746791072.164]: IfHealthSub               [32mSUCCESS[0m -> [36mIDLE[0m
[robot_decision-1] [1746791072.164]: OurOutpostSub             [32mSUCCESS[0m -> [36mIDLE[0m
[robot_decision-1] [1746791072.164]: EnemyOutpostSub           [32mSUCCESS[0m -> [36mIDLE[0m
[robot_decision-1] [1746791072.164]: Subscribers               [33mRUNNING[0m -> [32mSUCCESS[0m
[robot_decision-1] [1746791072.164]: Subscribers               [32mSUCCESS[0m -> [36mIDLE[0m
[robot_decision-1] [1746791072.164]: Inverter                  [33mRUNNING[0m -> [31mFAILURE[0m
[robot_decision-1] [1746791072.164]: HealthCheck               [36mIDLE[0m -> [33mRUNNING[0m
[robot_decision-1] [1746791072.164]: CheckIfHealth             [36mIDLE[0m -> [31mFAILURE[0m
[robot_decision-1] [1746791072.164]: CheckIfHealth             [31mFAILURE[0m -> [36mIDLE[0m
[robot_decision-1] [1746791072.164]: HealthCheck               [33mRUNNING[0m -> [31mFAILURE[0m
[robot_decision-1] [1746791072.164]: WaitNode                  [33mRUNNING[0m -> [32mSUCCESS[0m
[robot_decision-1] [1746791072.164]: NavigateToPose            [36mIDLE[0m -> [33mRUNNING[0m
[robot_decision-1] Point key: 4 x:4 y:0.45
[robot_decision-1] [1746791072.164]: NavigateToPose            [33mRUNNING[0m -> [31mFAILURE[0m
[robot_decision-1] [1746791072.164]: WaitNode                  [32mSUCCESS[0m -> [36mIDLE[0m
[robot_decision-1] [1746791072.164]: NavigateToPose            [31mFAILURE[0m -> [36mIDLE[0m
[robot_decision-1] [1746791072.164]: Sequence                  [33mRUNNING[0m -> [31mFAILURE[0m
[robot_decision-1] [1746791072.164]: Sequence                  [31mFAILURE[0m -> [36mIDLE[0m
[robot_decision-1] [1746791072.164]: Sequence                  [36mIDLE[0m -> [33mRUNNING[0m
[robot_decision-1] [1746791072.164]: WaitNode                  [36mIDLE[0m -> [33mRUNNING[0m
[robot_decision-1] [1746791072.164]: Inverter                  [31mFAILURE[0m -> [36mIDLE[0m
[robot_decision-1] [1746791072.164]: HealthCheck               [31mFAILURE[0m -> [36mIDLE[0m
[robot_decision-1] [1746791072.664]: Inverter                  [36mIDLE[0m -> [33mRUNNING[0m
[robot_decision-1] [1746791072.664]: Subscribers               [36mIDLE[0m -> [33mRUNNING[0m
[robot_decision-1] [INFO] [1746791072.664211267] [robot_decision]: [IfHealthSub] health value: 500
[robot_decision-1] [INFO] [1746791072.664300998] [robot_decision]: [OurOutpostSub] our outpost health value: 1500
[robot_decision-1] [INFO] [1746791072.664340954] [robot_decision]: [EnemyOutpostSub] enemy outpost health value: 0
[robot_decision-1] [WARN] [1746791072.664538151] [robot_decision]: NavigateToPose failure: SERVER_UNREACHABLE
[robot_decision-1] [1746791072.664]: IfHealthSub               [36mIDLE[0m -> [32mSUCCESS[0m
[robot_decision-1] [1746791072.664]: OurOutpostSub             [36mIDLE[0m -> [32mSUCCESS[0m
[robot_decision-1] [1746791072.664]: EnemyOutpostSub           [36mIDLE[0m -> [32mSUCCESS[0m
[robot_decision-1] [1746791072.664]: IfHealthSub               [32mSUCCESS[0m -> [36mIDLE[0m
[robot_decision-1] [1746791072.664]: OurOutpostSub             [32mSUCCESS[0m -> [36mIDLE[0m
[robot_decision-1] [1746791072.664]: EnemyOutpostSub           [32mSUCCESS[0m -> [36mIDLE[0m
[robot_decision-1] [1746791072.664]: Subscribers               [33mRUNNING[0m -> [32mSUCCESS[0m
[robot_decision-1] [1746791072.664]: Subscribers               [32mSUCCESS[0m -> [36mIDLE[0m
[robot_decision-1] [1746791072.664]: Inverter                  [33mRUNNING[0m -> [31mFAILURE[0m
[robot_decision-1] [1746791072.664]: HealthCheck               [36mIDLE[0m -> [33mRUNNING[0m
[robot_decision-1] [1746791072.664]: CheckIfHealth             [36mIDLE[0m -> [31mFAILURE[0m
[robot_decision-1] [1746791072.664]: CheckIfHealth             [31mFAILURE[0m -> [36mIDLE[0m
[robot_decision-1] [1746791072.664]: HealthCheck               [33mRUNNING[0m -> [31mFAILURE[0m
[robot_decision-1] [1746791072.664]: WaitNode                  [33mRUNNING[0m -> [32mSUCCESS[0m
[robot_decision-1] [1746791072.664]: NavigateToPose            [36mIDLE[0m -> [33mRUNNING[0m
[robot_decision-1] Point key: 4 x:4 y:0.45
[robot_decision-1] [1746791072.665]: NavigateToPose            [33mRUNNING[0m -> [31mFAILURE[0m
[robot_decision-1] [1746791072.665]: WaitNode                  [32mSUCCESS[0m -> [36mIDLE[0m
[robot_decision-1] [1746791072.665]: NavigateToPose            [31mFAILURE[0m -> [36mIDLE[0m
[robot_decision-1] [1746791072.665]: Sequence                  [33mRUNNING[0m -> [31mFAILURE[0m
[robot_decision-1] [1746791072.665]: Sequence                  [31mFAILURE[0m -> [36mIDLE[0m
[robot_decision-1] [1746791072.665]: Sequence                  [36mIDLE[0m -> [33mRUNNING[0m
[robot_decision-1] [1746791072.665]: WaitNode                  [36mIDLE[0m -> [33mRUNNING[0m
[robot_decision-1] [1746791072.665]: Inverter                  [31mFAILURE[0m -> [36mIDLE[0m
[robot_decision-1] [1746791072.665]: HealthCheck               [31mFAILURE[0m -> [36mIDLE[0m
[robot_decision-1] [1746791073.165]: Inverter                  [36mIDLE[0m -> [33mRUNNING[0m
[robot_decision-1] [1746791073.165]: Subscribers               [36mIDLE[0m -> [33mRUNNING[0m
[robot_decision-1] [INFO] [1746791073.164924108] [robot_decision]: [IfHealthSub] health value: 500
[robot_decision-1] [INFO] [1746791073.165013538] [robot_decision]: [OurOutpostSub] our outpost health value: 1500
[robot_decision-1] [1746791073.165]: IfHealthSub               [36mIDLE[0m -> [32mSUCCESS[0m
[robot_decision-1] [1746791073.165]: OurOutpostSub             [36mIDLE[0m -> [32mSUCCESS[0m
[robot_decision-1] [1746791073.165]: EnemyOutpostSub           [36mIDLE[0m -> [32mSUCCESS[0m
[robot_decision-1] [1746791073.165]: IfHealthSub               [32mSUCCESS[0m -> [36mIDLE[0m
[robot_decision-1] [1746791073.165]: OurOutpostSub             [32mSUCCESS[0m -> [36mIDLE[0m
[robot_decision-1] [1746791073.165]: EnemyOutpostSub           [32mSUCCESS[0m -> [36mIDLE[0m
[robot_decision-1] [1746791073.165]: Subscribers               [33mRUNNING[0m -> [32mSUCCESS[0m
[robot_decision-1] [1746791073.165]: Subscribers               [32mSUCCESS[0m -> [36mIDLE[0m
[robot_decision-1] [1746791073.165]: Inverter                  [33mRUNNING[0m -> [31mFAILURE[0m
[robot_decision-1] [1746791073.165]: HealthCheck               [36mIDLE[0m -> [33mRUNNING[0m
[robot_decision-1] [1746791073.165]: CheckIfHealth             [36mIDLE[0m -> [31mFAILURE[0m
[robot_decision-1] [1746791073.165]: CheckIfHealth             [31mFAILURE[0m -> [36mIDLE[0m
[robot_decision-1] [1746791073.165]: HealthCheck               [33mRUNNING[0m -> [31mFAILURE[0m
[robot_decision-1] [1746791073.165]: WaitNode                  [33mRUNNING[0m -> [32mSUCCESS[0m
[robot_decision-1] [1746791073.165]: NavigateToPose            [36mIDLE[0m -> [33mRUNNING[0m
[robot_decision-1] Point key: 4 x:4 y:0.45
[robot_decision-1] [1746791073.165]: NavigateToPose            [33mRUNNING[0m -> [31mFAILURE[0m
[robot_decision-1] [1746791073.165]: WaitNode                  [32mSUCCESS[0m -> [36mIDLE[0m
[robot_decision-1] [1746791073.165]: NavigateToPose            [31mFAILURE[0m -> [36mIDLE[0m
[robot_decision-1] [1746791073.165]: Sequence                  [33mRUNNING[0m -> [31mFAILURE[0m
[robot_decision-1] [1746791073.165]: Sequence                  [31mFAILURE[0m -> [36mIDLE[0m
[robot_decision-1] [1746791073.165]: Sequence                  [36mIDLE[0m -> [33mRUNNING[0m
[robot_decision-1] [1746791073.165]: WaitNode                  [36mIDLE[0m -> [33mRUNNING[0m
[robot_decision-1] [1746791073.165]: Inverter                  [31mFAILURE[0m -> [36mIDLE[0m
[robot_decision-1] [1746791073.165]: HealthCheck               [31mFAILURE[0m -> [36mIDLE[0m
[robot_decision-1] [INFO] [1746791073.165054406] [robot_decision]: [EnemyOutpostSub] enemy outpost health value: 0
[robot_decision-1] [WARN] [1746791073.165274566] [robot_decision]: NavigateToPose failure: SERVER_UNREACHABLE
[robot_decision-1] [1746791073.666]: Inverter                  [36mIDLE[0m -> [33mRUNNING[0m
[robot_decision-1] [1746791073.666]: Subscribers               [36mIDLE[0m -> [33mRUNNING[0m
[robot_decision-1] [INFO] [1746791073.666336191] [robot_decision]: [IfHealthSub] health value: 500
[robot_decision-1] [INFO] [1746791073.666429579] [robot_decision]: [OurOutpostSub] our outpost health value: 1500
[robot_decision-1] [INFO] [1746791073.666471509] [robot_decision]: [EnemyOutpostSub] enemy outpost health value: 0
[robot_decision-1] [WARN] [1746791073.666717127] [robot_decision]: NavigateToPose failure: SERVER_UNREACHABLE
[robot_decision-1] [1746791073.666]: IfHealthSub               [36mIDLE[0m -> [32mSUCCESS[0m
[robot_decision-1] [1746791073.666]: OurOutpostSub             [36mIDLE[0m -> [32mSUCCESS[0m
[robot_decision-1] [1746791073.666]: EnemyOutpostSub           [36mIDLE[0m -> [32mSUCCESS[0m
[robot_decision-1] [1746791073.666]: IfHealthSub               [32mSUCCESS[0m -> [36mIDLE[0m
[robot_decision-1] [1746791073.666]: OurOutpostSub             [32mSUCCESS[0m -> [36mIDLE[0m
[robot_decision-1] [1746791073.666]: EnemyOutpostSub           [32mSUCCESS[0m -> [36mIDLE[0m
[robot_decision-1] [1746791073.666]: Subscribers               [33mRUNNING[0m -> [32mSUCCESS[0m
[robot_decision-1] [1746791073.667]: Subscribers               [32mSUCCESS[0m -> [36mIDLE[0m
[robot_decision-1] [1746791073.667]: Inverter                  [33mRUNNING[0m -> [31mFAILURE[0m
[robot_decision-1] [1746791073.667]: HealthCheck               [36mIDLE[0m -> [33mRUNNING[0m
[robot_decision-1] [1746791073.667]: CheckIfHealth             [36mIDLE[0m -> [31mFAILURE[0m
[robot_decision-1] [1746791073.667]: CheckIfHealth             [31mFAILURE[0m -> [36mIDLE[0m
[robot_decision-1] [1746791073.667]: HealthCheck               [33mRUNNING[0m -> [31mFAILURE[0m
[robot_decision-1] [1746791073.667]: WaitNode                  [33mRUNNING[0m -> [32mSUCCESS[0m
[robot_decision-1] [1746791073.667]: NavigateToPose            [36mIDLE[0m -> [33mRUNNING[0m
[robot_decision-1] Point key: 4 x:4 y:0.45
[robot_decision-1] [1746791073.667]: NavigateToPose            [33mRUNNING[0m -> [31mFAILURE[0m
[robot_decision-1] [1746791073.667]: WaitNode                  [32mSUCCESS[0m -> [36mIDLE[0m
[robot_decision-1] [1746791073.667]: NavigateToPose            [31mFAILURE[0m -> [36mIDLE[0m
[robot_decision-1] [1746791073.667]: Sequence                  [33mRUNNING[0m -> [31mFAILURE[0m
[robot_decision-1] [1746791073.667]: Sequence                  [31mFAILURE[0m -> [36mIDLE[0m
[robot_decision-1] [1746791073.667]: Sequence                  [36mIDLE[0m -> [33mRUNNING[0m
[robot_decision-1] [1746791073.667]: WaitNode                  [36mIDLE[0m -> [33mRUNNING[0m
[robot_decision-1] [1746791073.667]: Inverter                  [31mFAILURE[0m -> [36mIDLE[0m
[robot_decision-1] [1746791073.667]: HealthCheck               [31mFAILURE[0m -> [36mIDLE[0m
[robot_decision-1] [1746791074.167]: Inverter                  [36mIDLE[0m -> [33mRUNNING[0m
[robot_decision-1] [1746791074.167]: Subscribers               [36mIDLE[0m -> [33mRUNNING[0m
[robot_decision-1] [INFO] [1746791074.167100262] [robot_decision]: [IfHealthSub] health value: 500
[robot_decision-1] [INFO] [1746791074.167192127] [robot_decision]: [OurOutpostSub] our outpost health value: 1500
[robot_decision-1] [INFO] [1746791074.167240419] [robot_decision]: [EnemyOutpostSub] enemy outpost health value: 0
[robot_decision-1] [1746791074.167]: IfHealthSub               [36mIDLE[0m -> [32mSUCCESS[0m
[robot_decision-1] [1746791074.167]: OurOutpostSub             [36mIDLE[0m -> [32mSUCCESS[0m
[robot_decision-1] [1746791074.167]: EnemyOutpostSub           [36mIDLE[0m -> [32mSUCCESS[0m
[robot_decision-1] [1746791074.167]: IfHealthSub               [32mSUCCESS[0m -> [36mIDLE[0m
[robot_decision-1] [1746791074.167]: OurOutpostSub             [32mSUCCESS[0m -> [36mIDLE[0m
[robot_decision-1] [1746791074.167]: EnemyOutpostSub           [32mSUCCESS[0m -> [36mIDLE[0m
[robot_decision-1] [1746791074.167]: Subscribers               [33mRUNNING[0m -> [32mSUCCESS[0m
[robot_decision-1] [1746791074.167]: Subscribers               [32mSUCCESS[0m -> [36mIDLE[0m
[robot_decision-1] [1746791074.167]: Inverter                  [33mRUNNING[0m -> [31mFAILURE[0m
[robot_decision-1] [1746791074.167]: HealthCheck               [36mIDLE[0m -> [33mRUNNING[0m
[robot_decision-1] [1746791074.167]: CheckIfHealth             [36mIDLE[0m -> [31mFAILURE[0m
[robot_decision-1] [1746791074.167]: CheckIfHealth             [31mFAILURE[0m -> [36mIDLE[0m
[robot_decision-1] [1746791074.167]: HealthCheck               [33mRUNNING[0m -> [31mFAILURE[0m
[robot_decision-1] [1746791074.167]: WaitNode                  [33mRUNNING[0m -> [32mSUCCESS[0m
[robot_decision-1] [1746791074.167]: NavigateToPose            [36mIDLE[0m -> [33mRUNNING[0m
[robot_decision-1] Point key: 4 x:4 y:0.45
[robot_decision-1] [1746791074.167]: NavigateToPose            [33mRUNNING[0m -> [31mFAILURE[0m
[robot_decision-1] [1746791074.167]: WaitNode                  [32mSUCCESS[0m -> [36mIDLE[0m
[robot_decision-1] [1746791074.167]: NavigateToPose            [31mFAILURE[0m -> [36mIDLE[0m
[robot_decision-1] [1746791074.167]: Sequence                  [33mRUNNING[0m -> [31mFAILURE[0m
[robot_decision-1] [1746791074.167]: Sequence                  [31mFAILURE[0m -> [36mIDLE[0m
[robot_decision-1] [1746791074.167]: Sequence                  [36mIDLE[0m -> [33mRUNNING[0m
[robot_decision-1] [1746791074.167]: WaitNode                  [36mIDLE[0m -> [33mRUNNING[0m
[robot_decision-1] [1746791074.167]: Inverter                  [31mFAILURE[0m -> [36mIDLE[0m
[robot_decision-1] [1746791074.167]: HealthCheck               [31mFAILURE[0m -> [36mIDLE[0m
[robot_decision-1] [WARN] [1746791074.167439549] [robot_decision]: NavigateToPose failure: SERVER_UNREACHABLE
[robot_decision-1] [1746791074.668]: Inverter                  [36mIDLE[0m -> [33mRUNNING[0m
[robot_decision-1] [1746791074.668]: Subscribers               [36mIDLE[0m -> [33mRUNNING[0m
[robot_decision-1] [INFO] [1746791074.667776445] [robot_decision]: [IfHealthSub] health value: 500
[robot_decision-1] [INFO] [1746791074.667855296] [robot_decision]: [OurOutpostSub] our outpost health value: 1500
[robot_decision-1] [INFO] [1746791074.667896043] [robot_decision]: [EnemyOutpostSub] enemy outpost health value: 0
[robot_decision-1] [WARN] [1746791074.668115252] [robot_decision]: NavigateToPose failure: SERVER_UNREACHABLE
[robot_decision-1] [1746791074.668]: IfHealthSub               [36mIDLE[0m -> [32mSUCCESS[0m
[robot_decision-1] [1746791074.668]: OurOutpostSub             [36mIDLE[0m -> [32mSUCCESS[0m
[robot_decision-1] [1746791074.668]: EnemyOutpostSub           [36mIDLE[0m -> [32mSUCCESS[0m
[robot_decision-1] [1746791074.668]: IfHealthSub               [32mSUCCESS[0m -> [36mIDLE[0m
[robot_decision-1] [1746791074.668]: OurOutpostSub             [32mSUCCESS[0m -> [36mIDLE[0m
[robot_decision-1] [1746791074.668]: EnemyOutpostSub           [32mSUCCESS[0m -> [36mIDLE[0m
[robot_decision-1] [1746791074.668]: Subscribers               [33mRUNNING[0m -> [32mSUCCESS[0m
[robot_decision-1] [1746791074.668]: Subscribers               [32mSUCCESS[0m -> [36mIDLE[0m
[robot_decision-1] [1746791074.668]: Inverter                  [33mRUNNING[0m -> [31mFAILURE[0m
[robot_decision-1] [1746791074.668]: HealthCheck               [36mIDLE[0m -> [33mRUNNING[0m
[robot_decision-1] [1746791074.668]: CheckIfHealth             [36mIDLE[0m -> [31mFAILURE[0m
[robot_decision-1] [1746791074.668]: CheckIfHealth             [31mFAILURE[0m -> [36mIDLE[0m
[robot_decision-1] [1746791074.668]: HealthCheck               [33mRUNNING[0m -> [31mFAILURE[0m
[robot_decision-1] [1746791074.668]: WaitNode                  [33mRUNNING[0m -> [32mSUCCESS[0m
[robot_decision-1] [1746791074.668]: NavigateToPose            [36mIDLE[0m -> [33mRUNNING[0m
[robot_decision-1] Point key: 4 x:4 y:0.45
[robot_decision-1] [1746791074.668]: NavigateToPose            [33mRUNNING[0m -> [31mFAILURE[0m
[robot_decision-1] [1746791074.668]: WaitNode                  [32mSUCCESS[0m -> [36mIDLE[0m
[robot_decision-1] [1746791074.668]: NavigateToPose            [31mFAILURE[0m -> [36mIDLE[0m
[robot_decision-1] [1746791074.668]: Sequence                  [33mRUNNING[0m -> [31mFAILURE[0m
[robot_decision-1] [1746791074.668]: Sequence                  [31mFAILURE[0m -> [36mIDLE[0m
[robot_decision-1] [1746791074.668]: Sequence                  [36mIDLE[0m -> [33mRUNNING[0m
[robot_decision-1] [1746791074.668]: WaitNode                  [36mIDLE[0m -> [33mRUNNING[0m
[robot_decision-1] [1746791074.668]: Inverter                  [31mFAILURE[0m -> [36mIDLE[0m
[robot_decision-1] [1746791074.668]: HealthCheck               [31mFAILURE[0m -> [36mIDLE[0m
[robot_decision-1] [1746791075.168]: Inverter                  [36mIDLE[0m -> [33mRUNNING[0m
[robot_decision-1] [1746791075.168]: Subscribers               [36mIDLE[0m -> [33mRUNNING[0m
[robot_decision-1] [INFO] [1746791075.168567808] [robot_decision]: [IfHealthSub] health value: 500
[robot_decision-1] [INFO] [1746791075.168659022] [robot_decision]: [OurOutpostSub] our outpost health value: 1500
[robot_decision-1] [1746791075.169]: IfHealthSub               [36mIDLE[0m -> [32mSUCCESS[0m
[robot_decision-1] [1746791075.169]: OurOutpostSub             [36mIDLE[0m -> [32mSUCCESS[0m
[robot_decision-1] [1746791075.169]: EnemyOutpostSub           [36mIDLE[0m -> [32mSUCCESS[0m
[robot_decision-1] [1746791075.169]: IfHealthSub               [32mSUCCESS[0m -> [36mIDLE[0m
[robot_decision-1] [1746791075.169]: OurOutpostSub             [32mSUCCESS[0m -> [36mIDLE[0m
[robot_decision-1] [1746791075.169]: EnemyOutpostSub           [32mSUCCESS[0m -> [36mIDLE[0m
[robot_decision-1] [1746791075.169]: Subscribers               [33mRUNNING[0m -> [32mSUCCESS[0m
[robot_decision-1] [1746791075.169]: Subscribers               [32mSUCCESS[0m -> [36mIDLE[0m
[robot_decision-1] [1746791075.169]: Inverter                  [33mRUNNING[0m -> [31mFAILURE[0m
[robot_decision-1] [1746791075.169]: HealthCheck               [36mIDLE[0m -> [33mRUNNING[0m
[robot_decision-1] [1746791075.169]: CheckIfHealth             [36mIDLE[0m -> [31mFAILURE[0m
[robot_decision-1] [1746791075.169]: CheckIfHealth             [31mFAILURE[0m -> [36mIDLE[0m
[robot_decision-1] [1746791075.169]: HealthCheck               [33mRUNNING[0m -> [31mFAILURE[0m
[robot_decision-1] [1746791075.169]: WaitNode                  [33mRUNNING[0m -> [32mSUCCESS[0m
[robot_decision-1] [1746791075.169]: NavigateToPose            [36mIDLE[0m -> [33mRUNNING[0m
[robot_decision-1] Point key: 4 x:4 y:0.45
[robot_decision-1] [1746791075.169]: NavigateToPose            [33mRUNNING[0m -> [31mFAILURE[0m
[robot_decision-1] [1746791075.169]: WaitNode                  [32mSUCCESS[0m -> [36mIDLE[0m
[robot_decision-1] [1746791075.169]: NavigateToPose            [31mFAILURE[0m -> [36mIDLE[0m
[robot_decision-1] [1746791075.169]: Sequence                  [33mRUNNING[0m -> [31mFAILURE[0m
[robot_decision-1] [1746791075.169]: Sequence                  [31mFAILURE[0m -> [36mIDLE[0m
[robot_decision-1] [1746791075.169]: Sequence                  [36mIDLE[0m -> [33mRUNNING[0m
[robot_decision-1] [1746791075.169]: WaitNode                  [36mIDLE[0m -> [33mRUNNING[0m
[robot_decision-1] [1746791075.169]: Inverter                  [31mFAILURE[0m -> [36mIDLE[0m
[robot_decision-1] [1746791075.169]: HealthCheck               [31mFAILURE[0m -> [36mIDLE[0m
[robot_decision-1] [INFO] [1746791075.168699860] [robot_decision]: [EnemyOutpostSub] enemy outpost health value: 0
[robot_decision-1] [WARN] [1746791075.168906684] [robot_decision]: NavigateToPose failure: SERVER_UNREACHABLE
[robot_decision-1] [1746791075.669]: Inverter                  [36mIDLE[0m -> [33mRUNNING[0m
[robot_decision-1] [1746791075.669]: Subscribers               [36mIDLE[0m -> [33mRUNNING[0m
[robot_decision-1] [INFO] [1746791075.669284068] [robot_decision]: [IfHealthSub] health value: 500
[robot_decision-1] [INFO] [1746791075.669363049] [robot_decision]: [OurOutpostSub] our outpost health value: 1500
[robot_decision-1] [INFO] [1746791075.669403345] [robot_decision]: [EnemyOutpostSub] enemy outpost health value: 0
[robot_decision-1] [1746791075.669]: IfHealthSub               [36mIDLE[0m -> [32mSUCCESS[0m
[robot_decision-1] [1746791075.669]: OurOutpostSub             [36mIDLE[0m -> [32mSUCCESS[0m
[robot_decision-1] [1746791075.669]: EnemyOutpostSub           [36mIDLE[0m -> [32mSUCCESS[0m
[robot_decision-1] [1746791075.669]: IfHealthSub               [32mSUCCESS[0m -> [36mIDLE[0m
[robot_decision-1] [1746791075.669]: OurOutpostSub             [32mSUCCESS[0m -> [36mIDLE[0m
[robot_decision-1] [1746791075.669]: EnemyOutpostSub           [32mSUCCESS[0m -> [36mIDLE[0m
[robot_decision-1] [1746791075.669]: Subscribers               [33mRUNNING[0m -> [32mSUCCESS[0m
[robot_decision-1] [1746791075.669]: Subscribers               [32mSUCCESS[0m -> [36mIDLE[0m
[robot_decision-1] [1746791075.669]: Inverter                  [33mRUNNING[0m -> [31mFAILURE[0m
[robot_decision-1] [1746791075.669]: HealthCheck               [36mIDLE[0m -> [33mRUNNING[0m
[robot_decision-1] [1746791075.669]: CheckIfHealth             [36mIDLE[0m -> [31mFAILURE[0m
[robot_decision-1] [1746791075.669]: CheckIfHealth             [31mFAILURE[0m -> [36mIDLE[0m
[robot_decision-1] [1746791075.669]: HealthCheck               [33mRUNNING[0m -> [31mFAILURE[0m
[robot_decision-1] [1746791075.669]: WaitNode                  [33mRUNNING[0m -> [32mSUCCESS[0m
[robot_decision-1] [1746791075.669]: NavigateToPose            [36mIDLE[0m -> [33mRUNNING[0m
[robot_decision-1] Point key: 4 x:4 y:0.45
[robot_decision-1] [1746791075.670]: NavigateToPose            [33mRUNNING[0m -> [31mFAILURE[0m
[robot_decision-1] [1746791075.670]: WaitNode                  [32mSUCCESS[0m -> [36mIDLE[0m
[robot_decision-1] [1746791075.670]: NavigateToPose            [31mFAILURE[0m -> [36mIDLE[0m
[robot_decision-1] [1746791075.670]: Sequence                  [33mRUNNING[0m -> [31mFAILURE[0m
[robot_decision-1] [1746791075.670]: Sequence                  [31mFAILURE[0m -> [36mIDLE[0m
[robot_decision-1] [1746791075.670]: Sequence                  [36mIDLE[0m -> [33mRUNNING[0m
[robot_decision-1] [1746791075.670]: WaitNode                  [36mIDLE[0m -> [33mRUNNING[0m
[robot_decision-1] [1746791075.670]: Inverter                  [31mFAILURE[0m -> [36mIDLE[0m
[robot_decision-1] [1746791075.670]: HealthCheck               [31mFAILURE[0m -> [36mIDLE[0m
[robot_decision-1] [WARN] [1746791075.669608467] [robot_decision]: NavigateToPose failure: SERVER_UNREACHABLE
[robot_decision-1] [1746791076.170]: Inverter                  [36mIDLE[0m -> [33mRUNNING[0m
[robot_decision-1] [1746791076.170]: Subscribers               [36mIDLE[0m -> [33mRUNNING[0m
[robot_decision-1] [INFO] [1746791076.170018332] [robot_decision]: [IfHealthSub] health value: 500
[robot_decision-1] [INFO] [1746791076.170123774] [robot_decision]: [OurOutpostSub] our outpost health value: 1500
[robot_decision-1] [1746791076.170]: IfHealthSub               [36mIDLE[0m -> [32mSUCCESS[0m
[robot_decision-1] [1746791076.170]: OurOutpostSub             [36mIDLE[0m -> [32mSUCCESS[0m
[robot_decision-1] [1746791076.170]: EnemyOutpostSub           [36mIDLE[0m -> [32mSUCCESS[0m
[robot_decision-1] [1746791076.170]: IfHealthSub               [32mSUCCESS[0m -> [36mIDLE[0m
[robot_decision-1] [1746791076.170]: OurOutpostSub             [32mSUCCESS[0m -> [36mIDLE[0m
[robot_decision-1] [1746791076.170]: EnemyOutpostSub           [32mSUCCESS[0m -> [36mIDLE[0m
[robot_decision-1] [1746791076.170]: Subscribers               [33mRUNNING[0m -> [32mSUCCESS[0m
[robot_decision-1] [1746791076.170]: Subscribers               [32mSUCCESS[0m -> [36mIDLE[0m
[robot_decision-1] [1746791076.170]: Inverter                  [33mRUNNING[0m -> [31mFAILURE[0m
[robot_decision-1] [1746791076.170]: HealthCheck               [36mIDLE[0m -> [33mRUNNING[0m
[robot_decision-1] [1746791076.170]: CheckIfHealth             [36mIDLE[0m -> [31mFAILURE[0m
[robot_decision-1] [1746791076.170]: CheckIfHealth             [31mFAILURE[0m -> [36mIDLE[0m
[robot_decision-1] [1746791076.170]: HealthCheck               [33mRUNNING[0m -> [31mFAILURE[0m
[robot_decision-1] [1746791076.170]: WaitNode                  [33mRUNNING[0m -> [32mSUCCESS[0m
[robot_decision-1] [1746791076.170]: NavigateToPose            [36mIDLE[0m -> [33mRUNNING[0m
[robot_decision-1] Point key: 4 x:4 y:0.45
[robot_decision-1] [1746791076.170]: NavigateToPose            [33mRUNNING[0m -> [31mFAILURE[0m
[robot_decision-1] [1746791076.170]: WaitNode                  [32mSUCCESS[0m -> [36mIDLE[0m
[robot_decision-1] [1746791076.170]: NavigateToPose            [31mFAILURE[0m -> [36mIDLE[0m
[robot_decision-1] [1746791076.170]: Sequence                  [33mRUNNING[0m -> [31mFAILURE[0m
[robot_decision-1] [1746791076.170]: Sequence                  [31mFAILURE[0m -> [36mIDLE[0m
[robot_decision-1] [1746791076.170]: Sequence                  [36mIDLE[0m -> [33mRUNNING[0m
[robot_decision-1] [1746791076.170]: WaitNode                  [36mIDLE[0m -> [33mRUNNING[0m
[robot_decision-1] [1746791076.170]: Inverter                  [31mFAILURE[0m -> [36mIDLE[0m
[robot_decision-1] [1746791076.170]: HealthCheck               [31mFAILURE[0m -> [36mIDLE[0m
[robot_decision-1] [INFO] [1746791076.170167176] [robot_decision]: [EnemyOutpostSub] enemy outpost health value: 0
[robot_decision-1] [WARN] [1746791076.170371396] [robot_decision]: NavigateToPose failure: SERVER_UNREACHABLE
[robot_decision-1] [1746791076.671]: Inverter                  [36mIDLE[0m -> [33mRUNNING[0m
[robot_decision-1] [1746791076.671]: Subscribers               [36mIDLE[0m -> [33mRUNNING[0m
[robot_decision-1] [1746791076.671]: IfHealthSub               [36mIDLE[0m -> [32mSUCCESS[0m
[robot_decision-1] [1746791076.671]: OurOutpostSub             [36mIDLE[0m -> [32mSUCCESS[0m
[robot_decision-1] [1746791076.671]: EnemyOutpostSub           [36mIDLE[0m -> [32mSUCCESS[0m
[robot_decision-1] [1746791076.671]: IfHealthSub               [32mSUCCESS[0m -> [36mIDLE[0m
[robot_decision-1] [1746791076.671]: OurOutpostSub             [32mSUCCESS[0m -> [36mIDLE[0m
[robot_decision-1] [1746791076.671]: EnemyOutpostSub           [32mSUCCESS[0m -> [36mIDLE[0m
[robot_decision-1] [1746791076.671]: Subscribers               [33mRUNNING[0m -> [32mSUCCESS[0m
[robot_decision-1] [1746791076.671]: Subscribers               [32mSUCCESS[0m -> [36mIDLE[0m
[robot_decision-1] [1746791076.671]: Inverter                  [33mRUNNING[0m -> [31mFAILURE[0m
[robot_decision-1] [1746791076.671]: HealthCheck               [36mIDLE[0m -> [33mRUNNING[0m
[robot_decision-1] [1746791076.671]: CheckIfHealth             [36mIDLE[0m -> [31mFAILURE[0m
[robot_decision-1] [1746791076.671]: CheckIfHealth             [31mFAILURE[0m -> [36mIDLE[0m
[robot_decision-1] [1746791076.671]: HealthCheck               [33mRUNNING[0m -> [31mFAILURE[0m
[robot_decision-1] [1746791076.671]: WaitNode                  [33mRUNNING[0m -> [32mSUCCESS[0m
[robot_decision-1] [1746791076.671]: NavigateToPose            [36mIDLE[0m -> [33mRUNNING[0m
[robot_decision-1] Point key: 4 x:4 y:0.45
[robot_decision-1] [INFO] [1746791076.670668076] [robot_decision]: [IfHealthSub] health value: 500
[robot_decision-1] [INFO] [1746791076.670716739] [robot_decision]: [OurOutpostSub] our outpost health value: 1500
[robot_decision-1] [INFO] [1746791076.670736777] [robot_decision]: [EnemyOutpostSub] enemy outpost health value: 0
[robot_decision-1] [WARN] [1746791076.670867657] [robot_decision]: NavigateToPose failure: SERVER_UNREACHABLE
[robot_decision-1] [1746791076.671]: NavigateToPose            [33mRUNNING[0m -> [31mFAILURE[0m
[robot_decision-1] [1746791076.671]: WaitNode                  [32mSUCCESS[0m -> [36mIDLE[0m
[robot_decision-1] [1746791076.671]: NavigateToPose            [31mFAILURE[0m -> [36mIDLE[0m
[robot_decision-1] [1746791076.671]: Sequence                  [33mRUNNING[0m -> [31mFAILURE[0m
[robot_decision-1] [1746791076.671]: Sequence                  [31mFAILURE[0m -> [36mIDLE[0m
[robot_decision-1] [1746791076.671]: Sequence                  [36mIDLE[0m -> [33mRUNNING[0m
[robot_decision-1] [1746791076.671]: WaitNode                  [36mIDLE[0m -> [33mRUNNING[0m
[robot_decision-1] [1746791076.671]: Inverter                  [31mFAILURE[0m -> [36mIDLE[0m
[robot_decision-1] [1746791076.671]: HealthCheck               [31mFAILURE[0m -> [36mIDLE[0m
[robot_decision-1] [1746791077.171]: Inverter                  [36mIDLE[0m -> [33mRUNNING[0m
[robot_decision-1] [1746791077.171]: Subscribers               [36mIDLE[0m -> [33mRUNNING[0m
[robot_decision-1] [INFO] [1746791077.171241395] [robot_decision]: [IfHealthSub] health value: 500
[robot_decision-1] [INFO] [1746791077.171333320] [robot_decision]: [OurOutpostSub] our outpost health value: 1500
[robot_decision-1] [INFO] [1746791077.171427620] [robot_decision]: [EnemyOutpostSub] enemy outpost health value: 0
[robot_decision-1] [1746791077.171]: IfHealthSub               [36mIDLE[0m -> [32mSUCCESS[0m
[robot_decision-1] [1746791077.171]: OurOutpostSub             [36mIDLE[0m -> [32mSUCCESS[0m
[robot_decision-1] [1746791077.171]: EnemyOutpostSub           [36mIDLE[0m -> [32mSUCCESS[0m
[robot_decision-1] [1746791077.171]: IfHealthSub               [32mSUCCESS[0m -> [36mIDLE[0m
[robot_decision-1] [1746791077.171]: OurOutpostSub             [32mSUCCESS[0m -> [36mIDLE[0m
[robot_decision-1] [1746791077.171]: EnemyOutpostSub           [32mSUCCESS[0m -> [36mIDLE[0m
[robot_decision-1] [1746791077.171]: Subscribers               [33mRUNNING[0m -> [32mSUCCESS[0m
[robot_decision-1] [1746791077.171]: Subscribers               [32mSUCCESS[0m -> [36mIDLE[0m
[robot_decision-1] [1746791077.171]: Inverter                  [33mRUNNING[0m -> [31mFAILURE[0m
[robot_decision-1] [1746791077.171]: HealthCheck               [36mIDLE[0m -> [33mRUNNING[0m
[robot_decision-1] [1746791077.172]: CheckIfHealth             [36mIDLE[0m -> [31mFAILURE[0m
[robot_decision-1] [1746791077.172]: CheckIfHealth             [31mFAILURE[0m -> [36mIDLE[0m
[robot_decision-1] [1746791077.172]: HealthCheck               [33mRUNNING[0m -> [31mFAILURE[0m
[robot_decision-1] [1746791077.172]: WaitNode                  [33mRUNNING[0m -> [32mSUCCESS[0m
[robot_decision-1] [1746791077.172]: NavigateToPose            [36mIDLE[0m -> [33mRUNNING[0m
[robot_decision-1] Point key: 4 x:4 y:0.45
[robot_decision-1] [1746791077.172]: NavigateToPose            [33mRUNNING[0m -> [31mFAILURE[0m
[robot_decision-1] [1746791077.172]: WaitNode                  [32mSUCCESS[0m -> [36mIDLE[0m
[robot_decision-1] [1746791077.172]: NavigateToPose            [31mFAILURE[0m -> [36mIDLE[0m
[robot_decision-1] [1746791077.172]: Sequence                  [33mRUNNING[0m -> [31mFAILURE[0m
[robot_decision-1] [1746791077.172]: Sequence                  [31mFAILURE[0m -> [36mIDLE[0m
[robot_decision-1] [1746791077.172]: Sequence                  [36mIDLE[0m -> [33mRUNNING[0m
[robot_decision-1] [1746791077.172]: WaitNode                  [36mIDLE[0m -> [33mRUNNING[0m
[robot_decision-1] [1746791077.172]: Inverter                  [31mFAILURE[0m -> [36mIDLE[0m
[robot_decision-1] [1746791077.172]: HealthCheck               [31mFAILURE[0m -> [36mIDLE[0m
[robot_decision-1] [WARN] [1746791077.171671185] [robot_decision]: NavigateToPose failure: SERVER_UNREACHABLE
[robot_decision-1] [1746791077.673]: Inverter                  [36mIDLE[0m -> [33mRUNNING[0m
[robot_decision-1] [1746791077.673]: Subscribers               [36mIDLE[0m -> [33mRUNNING[0m
[robot_decision-1] [INFO] [1746791077.672900052] [robot_decision]: [IfHealthSub] health value: 500
[robot_decision-1] [INFO] [1746791077.673039638] [robot_decision]: [OurOutpostSub] our outpost health value: 1500
[robot_decision-1] [INFO] [1746791077.673110153] [robot_decision]: [EnemyOutpostSub] enemy outpost health value: 0
[robot_decision-1] [WARN] [1746791077.673398022] [robot_decision]: NavigateToPose failure: SERVER_UNREACHABLE
[robot_decision-1] [1746791077.673]: IfHealthSub               [36mIDLE[0m -> [32mSUCCESS[0m
[robot_decision-1] [1746791077.673]: OurOutpostSub             [36mIDLE[0m -> [32mSUCCESS[0m
[robot_decision-1] [1746791077.673]: EnemyOutpostSub           [36mIDLE[0m -> [32mSUCCESS[0m
[robot_decision-1] [1746791077.673]: IfHealthSub               [32mSUCCESS[0m -> [36mIDLE[0m
[robot_decision-1] [1746791077.673]: OurOutpostSub             [32mSUCCESS[0m -> [36mIDLE[0m
[robot_decision-1] [1746791077.673]: EnemyOutpostSub           [32mSUCCESS[0m -> [36mIDLE[0m
[robot_decision-1] [1746791077.673]: Subscribers               [33mRUNNING[0m -> [32mSUCCESS[0m
[robot_decision-1] [1746791077.673]: Subscribers               [32mSUCCESS[0m -> [36mIDLE[0m
[robot_decision-1] [1746791077.673]: Inverter                  [33mRUNNING[0m -> [31mFAILURE[0m
[robot_decision-1] [1746791077.673]: HealthCheck               [36mIDLE[0m -> [33mRUNNING[0m
[robot_decision-1] [1746791077.673]: CheckIfHealth             [36mIDLE[0m -> [31mFAILURE[0m
[robot_decision-1] [1746791077.673]: CheckIfHealth             [31mFAILURE[0m -> [36mIDLE[0m
[robot_decision-1] [1746791077.673]: HealthCheck               [33mRUNNING[0m -> [31mFAILURE[0m
[robot_decision-1] [1746791077.673]: WaitNode                  [33mRUNNING[0m -> [32mSUCCESS[0m
[robot_decision-1] [1746791077.673]: NavigateToPose            [36mIDLE[0m -> [33mRUNNING[0m
[robot_decision-1] Point key: 4 x:4 y:0.45
[robot_decision-1] [1746791077.673]: NavigateToPose            [33mRUNNING[0m -> [31mFAILURE[0m
[robot_decision-1] [1746791077.673]: WaitNode                  [32mSUCCESS[0m -> [36mIDLE[0m
[robot_decision-1] [1746791077.673]: NavigateToPose            [31mFAILURE[0m -> [36mIDLE[0m
[robot_decision-1] [1746791077.673]: Sequence                  [33mRUNNING[0m -> [31mFAILURE[0m
[robot_decision-1] [1746791077.673]: Sequence                  [31mFAILURE[0m -> [36mIDLE[0m
[robot_decision-1] [1746791077.673]: Sequence                  [36mIDLE[0m -> [33mRUNNING[0m
[robot_decision-1] [1746791077.673]: WaitNode                  [36mIDLE[0m -> [33mRUNNING[0m
[robot_decision-1] [1746791077.673]: Inverter                  [31mFAILURE[0m -> [36mIDLE[0m
[robot_decision-1] [1746791077.673]: HealthCheck               [31mFAILURE[0m -> [36mIDLE[0m
[robot_decision-1] [1746791078.174]: Inverter                  [36mIDLE[0m -> [33mRUNNING[0m
[robot_decision-1] [1746791078.174]: Subscribers               [36mIDLE[0m -> [33mRUNNING[0m
[robot_decision-1] [INFO] [1746791078.173775507] [robot_decision]: [IfHealthSub] health value: 500
[robot_decision-1] [INFO] [1746791078.173861361] [robot_decision]: [OurOutpostSub] our outpost health value: 1500
[robot_decision-1] [INFO] [1746791078.173902930] [robot_decision]: [EnemyOutpostSub] enemy outpost health value: 0
[robot_decision-1] [1746791078.174]: IfHealthSub               [36mIDLE[0m -> [32mSUCCESS[0m
[robot_decision-1] [1746791078.174]: OurOutpostSub             [36mIDLE[0m -> [32mSUCCESS[0m
[robot_decision-1] [1746791078.174]: EnemyOutpostSub           [36mIDLE[0m -> [32mSUCCESS[0m
[robot_decision-1] [1746791078.174]: IfHealthSub               [32mSUCCESS[0m -> [36mIDLE[0m
[robot_decision-1] [1746791078.174]: OurOutpostSub             [32mSUCCESS[0m -> [36mIDLE[0m
[robot_decision-1] [1746791078.174]: EnemyOutpostSub           [32mSUCCESS[0m -> [36mIDLE[0m
[robot_decision-1] [1746791078.174]: Subscribers               [33mRUNNING[0m -> [32mSUCCESS[0m
[robot_decision-1] [1746791078.174]: Subscribers               [32mSUCCESS[0m -> [36mIDLE[0m
[robot_decision-1] [1746791078.174]: Inverter                  [33mRUNNING[0m -> [31mFAILURE[0m
[robot_decision-1] [1746791078.174]: HealthCheck               [36mIDLE[0m -> [33mRUNNING[0m
[robot_decision-1] [1746791078.174]: CheckIfHealth             [36mIDLE[0m -> [31mFAILURE[0m
[robot_decision-1] [1746791078.174]: CheckIfHealth             [31mFAILURE[0m -> [36mIDLE[0m
[robot_decision-1] [1746791078.174]: HealthCheck               [33mRUNNING[0m -> [31mFAILURE[0m
[robot_decision-1] [1746791078.174]: WaitNode                  [33mRUNNING[0m -> [32mSUCCESS[0m
[robot_decision-1] [1746791078.174]: NavigateToPose            [36mIDLE[0m -> [33mRUNNING[0m
[robot_decision-1] Point key: 4 x:4 y:0.45
[robot_decision-1] [1746791078.174]: NavigateToPose            [33mRUNNING[0m -> [31mFAILURE[0m
[robot_decision-1] [1746791078.174]: WaitNode                  [32mSUCCESS[0m -> [36mIDLE[0m
[robot_decision-1] [1746791078.174]: NavigateToPose            [31mFAILURE[0m -> [36mIDLE[0m
[robot_decision-1] [1746791078.174]: Sequence                  [33mRUNNING[0m -> [31mFAILURE[0m
[robot_decision-1] [1746791078.174]: Sequence                  [31mFAILURE[0m -> [36mIDLE[0m
[robot_decision-1] [1746791078.174]: Sequence                  [36mIDLE[0m -> [33mRUNNING[0m
[robot_decision-1] [1746791078.174]: WaitNode                  [36mIDLE[0m -> [33mRUNNING[0m
[robot_decision-1] [1746791078.174]: Inverter                  [31mFAILURE[0m -> [36mIDLE[0m
[robot_decision-1] [1746791078.174]: HealthCheck               [31mFAILURE[0m -> [36mIDLE[0m
[robot_decision-1] [WARN] [1746791078.174132989] [robot_decision]: NavigateToPose failure: SERVER_UNREACHABLE
[robot_decision-1] [1746791078.674]: Inverter                  [36mIDLE[0m -> [33mRUNNING[0m
[robot_decision-1] [1746791078.674]: Subscribers               [36mIDLE[0m -> [33mRUNNING[0m
[robot_decision-1] [INFO] [1746791078.674559458] [robot_decision]: [IfHealthSub] health value: 500
[robot_decision-1] [INFO] [1746791078.674641324] [robot_decision]: [OurOutpostSub] our outpost health value: 1500
[robot_decision-1] [1746791078.675]: IfHealthSub               [36mIDLE[0m -> [32mSUCCESS[0m
[robot_decision-1] [1746791078.675]: OurOutpostSub             [36mIDLE[0m -> [32mSUCCESS[0m
[robot_decision-1] [1746791078.675]: EnemyOutpostSub           [36mIDLE[0m -> [32mSUCCESS[0m
[robot_decision-1] [1746791078.675]: IfHealthSub               [32mSUCCESS[0m -> [36mIDLE[0m
[robot_decision-1] [1746791078.675]: OurOutpostSub             [32mSUCCESS[0m -> [36mIDLE[0m
[robot_decision-1] [1746791078.675]: EnemyOutpostSub           [32mSUCCESS[0m -> [36mIDLE[0m
[robot_decision-1] [1746791078.675]: Subscribers               [33mRUNNING[0m -> [32mSUCCESS[0m
[robot_decision-1] [1746791078.675]: Subscribers               [32mSUCCESS[0m -> [36mIDLE[0m
[robot_decision-1] [1746791078.675]: Inverter                  [33mRUNNING[0m -> [31mFAILURE[0m
[robot_decision-1] [1746791078.675]: HealthCheck               [36mIDLE[0m -> [33mRUNNING[0m
[robot_decision-1] [1746791078.675]: CheckIfHealth             [36mIDLE[0m -> [31mFAILURE[0m
[robot_decision-1] [1746791078.675]: CheckIfHealth             [31mFAILURE[0m -> [36mIDLE[0m
[robot_decision-1] [1746791078.675]: HealthCheck               [33mRUNNING[0m -> [31mFAILURE[0m
[robot_decision-1] [1746791078.675]: WaitNode                  [33mRUNNING[0m -> [32mSUCCESS[0m
[robot_decision-1] [1746791078.675]: NavigateToPose            [36mIDLE[0m -> [33mRUNNING[0m
[robot_decision-1] Point key: 4 x:4 y:0.45
[robot_decision-1] [1746791078.675]: NavigateToPose            [33mRUNNING[0m -> [31mFAILURE[0m
[robot_decision-1] [1746791078.675]: WaitNode                  [32mSUCCESS[0m -> [36mIDLE[0m
[robot_decision-1] [1746791078.675]: NavigateToPose            [31mFAILURE[0m -> [36mIDLE[0m
[robot_decision-1] [1746791078.675]: Sequence                  [33mRUNNING[0m -> [31mFAILURE[0m
[robot_decision-1] [1746791078.675]: Sequence                  [31mFAILURE[0m -> [36mIDLE[0m
[robot_decision-1] [1746791078.675]: Sequence                  [36mIDLE[0m -> [33mRUNNING[0m
[robot_decision-1] [1746791078.675]: WaitNode                  [36mIDLE[0m -> [33mRUNNING[0m
[robot_decision-1] [1746791078.675]: Inverter                  [31mFAILURE[0m -> [36mIDLE[0m
[robot_decision-1] [1746791078.675]: HealthCheck               [31mFAILURE[0m -> [36mIDLE[0m
[robot_decision-1] [INFO] [1746791078.674680709] [robot_decision]: [EnemyOutpostSub] enemy outpost health value: 0
[robot_decision-1] [WARN] [1746791078.674886411] [robot_decision]: NavigateToPose failure: SERVER_UNREACHABLE
[robot_decision-1] [1746791079.175]: Inverter                  [36mIDLE[0m -> [33mRUNNING[0m
[robot_decision-1] [1746791079.175]: Subscribers               [36mIDLE[0m -> [33mRUNNING[0m
[robot_decision-1] [INFO] [1746791079.175268636] [robot_decision]: [IfHealthSub] health value: 500
[robot_decision-1] [INFO] [1746791079.175353357] [robot_decision]: [OurOutpostSub] our outpost health value: 1500
[robot_decision-1] [INFO] [1746791079.175393855] [robot_decision]: [EnemyOutpostSub] enemy outpost health value: 0
[robot_decision-1] [1746791079.175]: IfHealthSub               [36mIDLE[0m -> [32mSUCCESS[0m
[robot_decision-1] [1746791079.175]: OurOutpostSub             [36mIDLE[0m -> [32mSUCCESS[0m
[robot_decision-1] [1746791079.175]: EnemyOutpostSub           [36mIDLE[0m -> [32mSUCCESS[0m
[robot_decision-1] [1746791079.175]: IfHealthSub               [32mSUCCESS[0m -> [36mIDLE[0m
[robot_decision-1] [1746791079.175]: OurOutpostSub             [32mSUCCESS[0m -> [36mIDLE[0m
[robot_decision-1] [1746791079.175]: EnemyOutpostSub           [32mSUCCESS[0m -> [36mIDLE[0m
[robot_decision-1] [1746791079.175]: Subscribers               [33mRUNNING[0m -> [32mSUCCESS[0m
[robot_decision-1] [1746791079.175]: Subscribers               [32mSUCCESS[0m -> [36mIDLE[0m
[robot_decision-1] [1746791079.175]: Inverter                  [33mRUNNING[0m -> [31mFAILURE[0m
[robot_decision-1] [1746791079.175]: HealthCheck               [36mIDLE[0m -> [33mRUNNING[0m
[robot_decision-1] [1746791079.175]: CheckIfHealth             [36mIDLE[0m -> [31mFAILURE[0m
[robot_decision-1] [1746791079.175]: CheckIfHealth             [31mFAILURE[0m -> [36mIDLE[0m
[robot_decision-1] [1746791079.175]: HealthCheck               [33mRUNNING[0m -> [31mFAILURE[0m
[robot_decision-1] [1746791079.175]: WaitNode                  [33mRUNNING[0m -> [32mSUCCESS[0m
[robot_decision-1] [1746791079.175]: NavigateToPose            [36mIDLE[0m -> [33mRUNNING[0m
[robot_decision-1] Point key: 4 x:4 y:0.45
[robot_decision-1] [1746791079.176]: NavigateToPose            [33mRUNNING[0m -> [31mFAILURE[0m
[robot_decision-1] [1746791079.176]: WaitNode                  [32mSUCCESS[0m -> [36mIDLE[0m
[robot_decision-1] [1746791079.176]: NavigateToPose            [31mFAILURE[0m -> [36mIDLE[0m
[robot_decision-1] [1746791079.176]: Sequence                  [33mRUNNING[0m -> [31mFAILURE[0m
[robot_decision-1] [1746791079.176]: Sequence                  [31mFAILURE[0m -> [36mIDLE[0m
[robot_decision-1] [1746791079.176]: RetryUntilSuccessful      [33mRUNNING[0m -> [31mFAILURE[0m
[robot_decision-1] [1746791079.176]: CheckIfHealth             [32mSUCCESS[0m -> [36mIDLE[0m
[robot_decision-1] [1746791079.176]: IsEnemyOutpostDead        [32mSUCCESS[0m -> [36mIDLE[0m
[robot_decision-1] [1746791079.176]: RetryUntilSuccessful      [31mFAILURE[0m -> [36mIDLE[0m
[robot_decision-1] [1746791079.176]: EnemyOutpostDead          [33mRUNNING[0m -> [31mFAILURE[0m
[robot_decision-1] [1746791079.176]: BothOutpostAlive          [36mIDLE[0m -> [33mRUNNING[0m
[robot_decision-1] [1746791079.176]: CheckIfHealth             [36mIDLE[0m -> [32mSUCCESS[0m
[robot_decision-1] [1746791079.176]: RetryUntilSuccessful      [36mIDLE[0m -> [33mRUNNING[0m
[robot_decision-1] [1746791079.176]: Sequence                  [36mIDLE[0m -> [33mRUNNING[0m
[robot_decision-1] [1746791079.176]: WaitNode                  [36mIDLE[0m -> [33mRUNNING[0m
[robot_decision-1] [1746791079.176]: Inverter                  [31mFAILURE[0m -> [36mIDLE[0m
[robot_decision-1] [1746791079.176]: HealthCheck               [31mFAILURE[0m -> [36mIDLE[0m
[robot_decision-1] [WARN] [1746791079.175590640] [robot_decision]: NavigateToPose failure: SERVER_UNREACHABLE
[robot_decision-1] [INFO] [1746791079.175647849] [IfHealth]: [CheckIfHealth] amount of blood: 500
[robot_decision-1] [1746791079.676]: Inverter                  [36mIDLE[0m -> [33mRUNNING[0m
[robot_decision-1] [1746791079.676]: Subscribers               [36mIDLE[0m -> [33mRUNNING[0m
[robot_decision-1] [INFO] [1746791079.676313738] [robot_decision]: [IfHealthSub] health value: 500
[robot_decision-1] [INFO] [1746791079.676461790] [robot_decision]: [OurOutpostSub] our outpost health value: 1500
[robot_decision-1] [INFO] [1746791079.676517857] [robot_decision]: [EnemyOutpostSub] enemy outpost health value: 0
[robot_decision-1] [WARN] [1746791079.676748337] [robot_decision]: NavigateToPose failure: SERVER_UNREACHABLE
[robot_decision-1] [1746791079.676]: IfHealthSub               [36mIDLE[0m -> [32mSUCCESS[0m
[robot_decision-1] [1746791079.676]: OurOutpostSub             [36mIDLE[0m -> [32mSUCCESS[0m
[robot_decision-1] [1746791079.677]: EnemyOutpostSub           [36mIDLE[0m -> [32mSUCCESS[0m
[robot_decision-1] [1746791079.677]: IfHealthSub               [32mSUCCESS[0m -> [36mIDLE[0m
[robot_decision-1] [1746791079.677]: OurOutpostSub             [32mSUCCESS[0m -> [36mIDLE[0m
[robot_decision-1] [1746791079.677]: EnemyOutpostSub           [32mSUCCESS[0m -> [36mIDLE[0m
[robot_decision-1] [1746791079.677]: Subscribers               [33mRUNNING[0m -> [32mSUCCESS[0m
[robot_decision-1] [1746791079.677]: Subscribers               [32mSUCCESS[0m -> [36mIDLE[0m
[robot_decision-1] [1746791079.677]: Inverter                  [33mRUNNING[0m -> [31mFAILURE[0m
[robot_decision-1] [1746791079.677]: HealthCheck               [36mIDLE[0m -> [33mRUNNING[0m
[robot_decision-1] [1746791079.677]: CheckIfHealth             [36mIDLE[0m -> [31mFAILURE[0m
[robot_decision-1] [1746791079.677]: CheckIfHealth             [31mFAILURE[0m -> [36mIDLE[0m
[robot_decision-1] [1746791079.677]: HealthCheck               [33mRUNNING[0m -> [31mFAILURE[0m
[robot_decision-1] [1746791079.677]: WaitNode                  [33mRUNNING[0m -> [32mSUCCESS[0m
[robot_decision-1] [1746791079.677]: NavigateToPose            [36mIDLE[0m -> [33mRUNNING[0m
[robot_decision-1] Point key: 1 x:3 y:0.45
[robot_decision-1] [1746791079.677]: NavigateToPose            [33mRUNNING[0m -> [31mFAILURE[0m
[robot_decision-1] [1746791079.677]: WaitNode                  [32mSUCCESS[0m -> [36mIDLE[0m
[robot_decision-1] [1746791079.677]: NavigateToPose            [31mFAILURE[0m -> [36mIDLE[0m
[robot_decision-1] [1746791079.677]: Sequence                  [33mRUNNING[0m -> [31mFAILURE[0m
[robot_decision-1] [1746791079.677]: Sequence                  [31mFAILURE[0m -> [36mIDLE[0m
[robot_decision-1] [1746791079.677]: Sequence                  [36mIDLE[0m -> [33mRUNNING[0m
[robot_decision-1] [1746791079.677]: WaitNode                  [36mIDLE[0m -> [33mRUNNING[0m
[robot_decision-1] [1746791079.677]: Inverter                  [31mFAILURE[0m -> [36mIDLE[0m
[robot_decision-1] [1746791079.677]: HealthCheck               [31mFAILURE[0m -> [36mIDLE[0m
[robot_decision-1] [1746791080.177]: Inverter                  [36mIDLE[0m -> [33mRUNNING[0m
[robot_decision-1] [1746791080.177]: Subscribers               [36mIDLE[0m -> [33mRUNNING[0m
[robot_decision-1] [INFO] [1746791080.177363436] [robot_decision]: [IfHealthSub] health value: 500
[robot_decision-1] [INFO] [1746791080.177543199] [robot_decision]: [OurOutpostSub] our outpost health value: 1500
[robot_decision-1] [INFO] [1746791080.177591932] [robot_decision]: [EnemyOutpostSub] enemy outpost health value: 0
[robot_decision-1] [WARN] [1746791080.177839304] [robot_decision]: NavigateToPose failure: SERVER_UNREACHABLE
[robot_decision-1] [1746791080.177]: IfHealthSub               [36mIDLE[0m -> [32mSUCCESS[0m
[robot_decision-1] [1746791080.178]: OurOutpostSub             [36mIDLE[0m -> [32mSUCCESS[0m
[robot_decision-1] [1746791080.178]: EnemyOutpostSub           [36mIDLE[0m -> [32mSUCCESS[0m
[robot_decision-1] [1746791080.178]: IfHealthSub               [32mSUCCESS[0m -> [36mIDLE[0m
[robot_decision-1] [1746791080.178]: OurOutpostSub             [32mSUCCESS[0m -> [36mIDLE[0m
[robot_decision-1] [1746791080.178]: EnemyOutpostSub           [32mSUCCESS[0m -> [36mIDLE[0m
[robot_decision-1] [1746791080.178]: Subscribers               [33mRUNNING[0m -> [32mSUCCESS[0m
[robot_decision-1] [1746791080.178]: Subscribers               [32mSUCCESS[0m -> [36mIDLE[0m
[robot_decision-1] [1746791080.178]: Inverter                  [33mRUNNING[0m -> [31mFAILURE[0m
[robot_decision-1] [1746791080.178]: HealthCheck               [36mIDLE[0m -> [33mRUNNING[0m
[robot_decision-1] [1746791080.178]: CheckIfHealth             [36mIDLE[0m -> [31mFAILURE[0m
[robot_decision-1] [1746791080.178]: CheckIfHealth             [31mFAILURE[0m -> [36mIDLE[0m
[robot_decision-1] [1746791080.178]: HealthCheck               [33mRUNNING[0m -> [31mFAILURE[0m
[robot_decision-1] [1746791080.178]: WaitNode                  [33mRUNNING[0m -> [32mSUCCESS[0m
[robot_decision-1] [1746791080.178]: NavigateToPose            [36mIDLE[0m -> [33mRUNNING[0m
[robot_decision-1] Point key: 1 x:3 y:0.45
[robot_decision-1] [1746791080.178]: NavigateToPose            [33mRUNNING[0m -> [31mFAILURE[0m
[robot_decision-1] [1746791080.178]: WaitNode                  [32mSUCCESS[0m -> [36mIDLE[0m
[robot_decision-1] [1746791080.178]: NavigateToPose            [31mFAILURE[0m -> [36mIDLE[0m
[robot_decision-1] [1746791080.178]: Sequence                  [33mRUNNING[0m -> [31mFAILURE[0m
[robot_decision-1] [1746791080.178]: Sequence                  [31mFAILURE[0m -> [36mIDLE[0m
[robot_decision-1] [1746791080.178]: Sequence                  [36mIDLE[0m -> [33mRUNNING[0m
[robot_decision-1] [1746791080.178]: WaitNode                  [36mIDLE[0m -> [33mRUNNING[0m
[robot_decision-1] [1746791080.178]: Inverter                  [31mFAILURE[0m -> [36mIDLE[0m
[robot_decision-1] [1746791080.178]: HealthCheck               [31mFAILURE[0m -> [36mIDLE[0m
[robot_decision-1] [1746791080.678]: Inverter                  [36mIDLE[0m -> [33mRUNNING[0m
[robot_decision-1] [1746791080.678]: Subscribers               [36mIDLE[0m -> [33mRUNNING[0m
[robot_decision-1] [INFO] [1746791080.678276418] [robot_decision]: [IfHealthSub] health value: 500
[robot_decision-1] [INFO] [1746791080.678356300] [robot_decision]: [OurOutpostSub] our outpost health value: 1500
[robot_decision-1] [1746791080.678]: IfHealthSub               [36mIDLE[0m -> [32mSUCCESS[0m
[robot_decision-1] [1746791080.678]: OurOutpostSub             [36mIDLE[0m -> [32mSUCCESS[0m
[robot_decision-1] [1746791080.678]: EnemyOutpostSub           [36mIDLE[0m -> [32mSUCCESS[0m
[robot_decision-1] [1746791080.678]: IfHealthSub               [32mSUCCESS[0m -> [36mIDLE[0m
[robot_decision-1] [1746791080.678]: OurOutpostSub             [32mSUCCESS[0m -> [36mIDLE[0m
[robot_decision-1] [1746791080.678]: EnemyOutpostSub           [32mSUCCESS[0m -> [36mIDLE[0m
[robot_decision-1] [1746791080.678]: Subscribers               [33mRUNNING[0m -> [32mSUCCESS[0m
[robot_decision-1] [1746791080.678]: Subscribers               [32mSUCCESS[0m -> [36mIDLE[0m
[robot_decision-1] [1746791080.678]: Inverter                  [33mRUNNING[0m -> [31mFAILURE[0m
[robot_decision-1] [1746791080.678]: HealthCheck               [36mIDLE[0m -> [33mRUNNING[0m
[robot_decision-1] [1746791080.678]: CheckIfHealth             [36mIDLE[0m -> [31mFAILURE[0m
[robot_decision-1] [1746791080.678]: CheckIfHealth             [31mFAILURE[0m -> [36mIDLE[0m
[robot_decision-1] [1746791080.678]: HealthCheck               [33mRUNNING[0m -> [31mFAILURE[0m
[robot_decision-1] [1746791080.679]: WaitNode                  [33mRUNNING[0m -> [32mSUCCESS[0m
[robot_decision-1] [1746791080.679]: NavigateToPose            [36mIDLE[0m -> [33mRUNNING[0m
[robot_decision-1] Point key: 1 x:3 y:0.45
[robot_decision-1] [1746791080.679]: NavigateToPose            [33mRUNNING[0m -> [31mFAILURE[0m
[robot_decision-1] [1746791080.679]: WaitNode                  [32mSUCCESS[0m -> [36mIDLE[0m
[robot_decision-1] [1746791080.679]: NavigateToPose            [31mFAILURE[0m -> [36mIDLE[0m
[robot_decision-1] [1746791080.679]: Sequence                  [33mRUNNING[0m -> [31mFAILURE[0m
[robot_decision-1] [1746791080.679]: Sequence                  [31mFAILURE[0m -> [36mIDLE[0m
[robot_decision-1] [1746791080.679]: Sequence                  [36mIDLE[0m -> [33mRUNNING[0m
[robot_decision-1] [1746791080.679]: WaitNode                  [36mIDLE[0m -> [33mRUNNING[0m
[robot_decision-1] [1746791080.679]: Inverter                  [31mFAILURE[0m -> [36mIDLE[0m
[robot_decision-1] [1746791080.679]: HealthCheck               [31mFAILURE[0m -> [36mIDLE[0m
[robot_decision-1] [INFO] [1746791080.678396857] [robot_decision]: [EnemyOutpostSub] enemy outpost health value: 0
[robot_decision-1] [WARN] [1746791080.678644359] [robot_decision]: NavigateToPose failure: SERVER_UNREACHABLE
[robot_decision-1] [1746791081.179]: Inverter                  [36mIDLE[0m -> [33mRUNNING[0m
[robot_decision-1] [1746791081.179]: Subscribers               [36mIDLE[0m -> [33mRUNNING[0m
[robot_decision-1] [1746791081.179]: IfHealthSub               [36mIDLE[0m -> [32mSUCCESS[0m
[robot_decision-1] [1746791081.179]: OurOutpostSub             [36mIDLE[0m -> [32mSUCCESS[0m
[robot_decision-1] [1746791081.179]: EnemyOutpostSub           [36mIDLE[0m -> [32mSUCCESS[0m
[robot_decision-1] [1746791081.179]: IfHealthSub               [32mSUCCESS[0m -> [36mIDLE[0m
[robot_decision-1] [1746791081.179]: OurOutpostSub             [32mSUCCESS[0m -> [36mIDLE[0m
[robot_decision-1] [1746791081.179]: EnemyOutpostSub           [32mSUCCESS[0m -> [36mIDLE[0m
[robot_decision-1] [1746791081.179]: Subscribers               [33mRUNNING[0m -> [32mSUCCESS[0m
[robot_decision-1] [1746791081.179]: Subscribers               [32mSUCCESS[0m -> [36mIDLE[0m
[robot_decision-1] [1746791081.179]: Inverter                  [33mRUNNING[0m -> [31mFAILURE[0m
[robot_decision-1] [1746791081.179]: HealthCheck               [36mIDLE[0m -> [33mRUNNING[0m
[robot_decision-1] [1746791081.179]: CheckIfHealth             [36mIDLE[0m -> [31mFAILURE[0m
[robot_decision-1] [1746791081.179]: CheckIfHealth             [31mFAILURE[0m -> [36mIDLE[0m
[robot_decision-1] [1746791081.179]: HealthCheck               [33mRUNNING[0m -> [31mFAILURE[0m
[robot_decision-1] [1746791081.179]: WaitNode                  [33mRUNNING[0m -> [32mSUCCESS[0m
[robot_decision-1] [1746791081.179]: NavigateToPose            [36mIDLE[0m -> [33mRUNNING[0m
[robot_decision-1] Point key: 1 x:3 y:0.45
[robot_decision-1] [INFO] [1746791081.179015939] [robot_decision]: [IfHealthSub] health value: 500
[robot_decision-1] [INFO] [1746791081.179064301] [robot_decision]: [OurOutpostSub] our outpost health value: 1500
[robot_decision-1] [INFO] [1746791081.179093798] [robot_decision]: [EnemyOutpostSub] enemy outpost health value: 0
[robot_decision-1] [WARN] [1746791081.179243673] [robot_decision]: NavigateToPose failure: SERVER_UNREACHABLE
[robot_decision-1] [1746791081.179]: NavigateToPose            [33mRUNNING[0m -> [31mFAILURE[0m
[robot_decision-1] [1746791081.179]: WaitNode                  [32mSUCCESS[0m -> [36mIDLE[0m
[robot_decision-1] [1746791081.179]: NavigateToPose            [31mFAILURE[0m -> [36mIDLE[0m
[robot_decision-1] [1746791081.179]: Sequence                  [33mRUNNING[0m -> [31mFAILURE[0m
[robot_decision-1] [1746791081.179]: Sequence                  [31mFAILURE[0m -> [36mIDLE[0m
[robot_decision-1] [1746791081.179]: Sequence                  [36mIDLE[0m -> [33mRUNNING[0m
[robot_decision-1] [1746791081.179]: WaitNode                  [36mIDLE[0m -> [33mRUNNING[0m
[robot_decision-1] [1746791081.179]: Inverter                  [31mFAILURE[0m -> [36mIDLE[0m
[robot_decision-1] [1746791081.179]: HealthCheck               [31mFAILURE[0m -> [36mIDLE[0m
[robot_decision-1] [1746791081.680]: Inverter                  [36mIDLE[0m -> [33mRUNNING[0m
[robot_decision-1] [1746791081.680]: Subscribers               [36mIDLE[0m -> [33mRUNNING[0m
[robot_decision-1] [INFO] [1746791081.679666171] [robot_decision]: [IfHealthSub] health value: 500
[robot_decision-1] [INFO] [1746791081.679747105] [robot_decision]: [OurOutpostSub] our outpost health value: 1500
[robot_decision-1] [1746791081.680]: IfHealthSub               [36mIDLE[0m -> [32mSUCCESS[0m
[robot_decision-1] [1746791081.680]: OurOutpostSub             [36mIDLE[0m -> [32mSUCCESS[0m
[robot_decision-1] [1746791081.680]: EnemyOutpostSub           [36mIDLE[0m -> [32mSUCCESS[0m
[robot_decision-1] [1746791081.680]: IfHealthSub               [32mSUCCESS[0m -> [36mIDLE[0m
[robot_decision-1] [1746791081.680]: OurOutpostSub             [32mSUCCESS[0m -> [36mIDLE[0m
[robot_decision-1] [1746791081.680]: EnemyOutpostSub           [32mSUCCESS[0m -> [36mIDLE[0m
[robot_decision-1] [1746791081.680]: Subscribers               [33mRUNNING[0m -> [32mSUCCESS[0m
[robot_decision-1] [1746791081.680]: Subscribers               [32mSUCCESS[0m -> [36mIDLE[0m
[robot_decision-1] [1746791081.680]: Inverter                  [33mRUNNING[0m -> [31mFAILURE[0m
[robot_decision-1] [1746791081.680]: HealthCheck               [36mIDLE[0m -> [33mRUNNING[0m
[robot_decision-1] [1746791081.680]: CheckIfHealth             [36mIDLE[0m -> [31mFAILURE[0m
[robot_decision-1] [1746791081.680]: CheckIfHealth             [31mFAILURE[0m -> [36mIDLE[0m
[robot_decision-1] [1746791081.680]: HealthCheck               [33mRUNNING[0m -> [31mFAILURE[0m
[robot_decision-1] [1746791081.680]: WaitNode                  [33mRUNNING[0m -> [32mSUCCESS[0m
[robot_decision-1] [1746791081.680]: NavigateToPose            [36mIDLE[0m -> [33mRUNNING[0m
[robot_decision-1] Point key: 1 x:3 y:0.45
[robot_decision-1] [1746791081.680]: NavigateToPose            [33mRUNNING[0m -> [31mFAILURE[0m
[robot_decision-1] [1746791081.680]: WaitNode                  [32mSUCCESS[0m -> [36mIDLE[0m
[robot_decision-1] [1746791081.680]: NavigateToPose            [31mFAILURE[0m -> [36mIDLE[0m
[robot_decision-1] [1746791081.680]: Sequence                  [33mRUNNING[0m -> [31mFAILURE[0m
[robot_decision-1] [1746791081.680]: Sequence                  [31mFAILURE[0m -> [36mIDLE[0m
[robot_decision-1] [1746791081.680]: Sequence                  [36mIDLE[0m -> [33mRUNNING[0m
[robot_decision-1] [1746791081.680]: WaitNode                  [36mIDLE[0m -> [33mRUNNING[0m
[robot_decision-1] [1746791081.680]: Inverter                  [31mFAILURE[0m -> [36mIDLE[0m
[robot_decision-1] [1746791081.680]: HealthCheck               [31mFAILURE[0m -> [36mIDLE[0m
[robot_decision-1] [INFO] [1746791081.679788324] [robot_decision]: [EnemyOutpostSub] enemy outpost health value: 0
[robot_decision-1] [WARN] [1746791081.679983857] [robot_decision]: NavigateToPose failure: SERVER_UNREACHABLE
[robot_decision-1] [1746791082.180]: Inverter                  [36mIDLE[0m -> [33mRUNNING[0m
[robot_decision-1] [1746791082.180]: Subscribers               [36mIDLE[0m -> [33mRUNNING[0m
[robot_decision-1] [1746791082.180]: IfHealthSub               [36mIDLE[0m -> [32mSUCCESS[0m
[robot_decision-1] [1746791082.181]: OurOutpostSub             [36mIDLE[0m -> [32mSUCCESS[0m
[robot_decision-1] [1746791082.181]: EnemyOutpostSub           [36mIDLE[0m -> [32mSUCCESS[0m
[robot_decision-1] [1746791082.181]: IfHealthSub               [32mSUCCESS[0m -> [36mIDLE[0m
[robot_decision-1] [1746791082.181]: OurOutpostSub             [32mSUCCESS[0m -> [36mIDLE[0m
[robot_decision-1] [1746791082.181]: EnemyOutpostSub           [32mSUCCESS[0m -> [36mIDLE[0m
[robot_decision-1] [1746791082.181]: Subscribers               [33mRUNNING[0m -> [32mSUCCESS[0m
[robot_decision-1] [1746791082.181]: Subscribers               [32mSUCCESS[0m -> [36mIDLE[0m
[robot_decision-1] [1746791082.181]: Inverter                  [33mRUNNING[0m -> [31mFAILURE[0m
[robot_decision-1] [1746791082.181]: HealthCheck               [36mIDLE[0m -> [33mRUNNING[0m
[robot_decision-1] [1746791082.181]: CheckIfHealth             [36mIDLE[0m -> [31mFAILURE[0m
[robot_decision-1] [INFO] [1746791082.180430931] [robot_decision]: [IfHealthSub] health value: 500
[robot_decision-1] [INFO] [1746791082.180543436] [robot_decision]: [OurOutpostSub] our outpost health value: 1500
[robot_decision-1] [INFO] [1746791082.180586398] [robot_decision]: [EnemyOutpostSub] enemy outpost health value: 0
[robot_decision-1] [1746791082.181]: CheckIfHealth             [31mFAILURE[0m -> [36mIDLE[0m
[robot_decision-1] [1746791082.181]: HealthCheck               [33mRUNNING[0m -> [31mFAILURE[0m
[robot_decision-1] [1746791082.181]: WaitNode                  [33mRUNNING[0m -> [32mSUCCESS[0m
[robot_decision-1] [1746791082.181]: NavigateToPose            [36mIDLE[0m -> [33mRUNNING[0m
[robot_decision-1] Point key: 1 x:3 y:0.45
[robot_decision-1] [WARN] [1746791082.180789174] [robot_decision]: NavigateToPose failure: SERVER_UNREACHABLE
[robot_decision-1] [1746791082.181]: NavigateToPose            [33mRUNNING[0m -> [31mFAILURE[0m
[robot_decision-1] [1746791082.181]: WaitNode                  [32mSUCCESS[0m -> [36mIDLE[0m
[robot_decision-1] [1746791082.181]: NavigateToPose            [31mFAILURE[0m -> [36mIDLE[0m
[robot_decision-1] [1746791082.181]: Sequence                  [33mRUNNING[0m -> [31mFAILURE[0m
[robot_decision-1] [1746791082.181]: Sequence                  [31mFAILURE[0m -> [36mIDLE[0m
[robot_decision-1] [1746791082.181]: Sequence                  [36mIDLE[0m -> [33mRUNNING[0m
[robot_decision-1] [1746791082.181]: WaitNode                  [36mIDLE[0m -> [33mRUNNING[0m
[robot_decision-1] [1746791082.181]: Inverter                  [31mFAILURE[0m -> [36mIDLE[0m
[robot_decision-1] [1746791082.181]: HealthCheck               [31mFAILURE[0m -> [36mIDLE[0m
[robot_decision-1] [1746791082.681]: Inverter                  [36mIDLE[0m -> [33mRUNNING[0m
[robot_decision-1] [1746791082.681]: Subscribers               [36mIDLE[0m -> [33mRUNNING[0m
[robot_decision-1] [INFO] [1746791082.681223158] [robot_decision]: [IfHealthSub] health value: 500
[robot_decision-1] [INFO] [1746791082.681283253] [robot_decision]: [OurOutpostSub] our outpost health value: 1500
[robot_decision-1] [INFO] [1746791082.681303752] [robot_decision]: [EnemyOutpostSub] enemy outpost health value: 0
[robot_decision-1] [WARN] [1746791082.681421737] [robot_decision]: NavigateToPose failure: SERVER_UNREACHABLE
[robot_decision-1] [1746791082.681]: IfHealthSub               [36mIDLE[0m -> [32mSUCCESS[0m
[robot_decision-1] [1746791082.681]: OurOutpostSub             [36mIDLE[0m -> [32mSUCCESS[0m
[robot_decision-1] [1746791082.681]: EnemyOutpostSub           [36mIDLE[0m -> [32mSUCCESS[0m
[robot_decision-1] [1746791082.681]: IfHealthSub               [32mSUCCESS[0m -> [36mIDLE[0m
[robot_decision-1] [1746791082.681]: OurOutpostSub             [32mSUCCESS[0m -> [36mIDLE[0m
[robot_decision-1] [1746791082.681]: EnemyOutpostSub           [32mSUCCESS[0m -> [36mIDLE[0m
[robot_decision-1] [1746791082.681]: Subscribers               [33mRUNNING[0m -> [32mSUCCESS[0m
[robot_decision-1] [1746791082.681]: Subscribers               [32mSUCCESS[0m -> [36mIDLE[0m
[robot_decision-1] [1746791082.681]: Inverter                  [33mRUNNING[0m -> [31mFAILURE[0m
[robot_decision-1] [1746791082.681]: HealthCheck               [36mIDLE[0m -> [33mRUNNING[0m
[robot_decision-1] [1746791082.681]: CheckIfHealth             [36mIDLE[0m -> [31mFAILURE[0m
[robot_decision-1] [1746791082.681]: CheckIfHealth             [31mFAILURE[0m -> [36mIDLE[0m
[robot_decision-1] [1746791082.681]: HealthCheck               [33mRUNNING[0m -> [31mFAILURE[0m
[robot_decision-1] [1746791082.681]: WaitNode                  [33mRUNNING[0m -> [32mSUCCESS[0m
[robot_decision-1] [1746791082.681]: NavigateToPose            [36mIDLE[0m -> [33mRUNNING[0m
[robot_decision-1] Point key: 1 x:3 y:0.45
[robot_decision-1] [1746791082.681]: NavigateToPose            [33mRUNNING[0m -> [31mFAILURE[0m
[robot_decision-1] [1746791082.681]: WaitNode                  [32mSUCCESS[0m -> [36mIDLE[0m
[robot_decision-1] [1746791082.681]: NavigateToPose            [31mFAILURE[0m -> [36mIDLE[0m
[robot_decision-1] [1746791082.681]: Sequence                  [33mRUNNING[0m -> [31mFAILURE[0m
[robot_decision-1] [1746791082.681]: Sequence                  [31mFAILURE[0m -> [36mIDLE[0m
[robot_decision-1] [1746791082.681]: Sequence                  [36mIDLE[0m -> [33mRUNNING[0m
[robot_decision-1] [1746791082.681]: WaitNode                  [36mIDLE[0m -> [33mRUNNING[0m
[robot_decision-1] [1746791082.681]: Inverter                  [31mFAILURE[0m -> [36mIDLE[0m
[robot_decision-1] [1746791082.681]: HealthCheck               [31mFAILURE[0m -> [36mIDLE[0m
[robot_decision-1] [1746791083.182]: Inverter                  [36mIDLE[0m -> [33mRUNNING[0m
[robot_decision-1] [1746791083.182]: Subscribers               [36mIDLE[0m -> [33mRUNNING[0m
[robot_decision-1] [INFO] [1746791083.181824789] [robot_decision]: [IfHealthSub] health value: 500
[robot_decision-1] [INFO] [1746791083.181918538] [robot_decision]: [OurOutpostSub] our outpost health value: 1500
[robot_decision-1] [INFO] [1746791083.181959376] [robot_decision]: [EnemyOutpostSub] enemy outpost health value: 0
[robot_decision-1] [WARN] [1746791083.182202760] [robot_decision]: NavigateToPose failure: SERVER_UNREACHABLE
[robot_decision-1] [1746791083.182]: IfHealthSub               [36mIDLE[0m -> [32mSUCCESS[0m
[robot_decision-1] [1746791083.182]: OurOutpostSub             [36mIDLE[0m -> [32mSUCCESS[0m
[robot_decision-1] [1746791083.182]: EnemyOutpostSub           [36mIDLE[0m -> [32mSUCCESS[0m
[robot_decision-1] [1746791083.182]: IfHealthSub               [32mSUCCESS[0m -> [36mIDLE[0m
[robot_decision-1] [1746791083.182]: OurOutpostSub             [32mSUCCESS[0m -> [36mIDLE[0m
[robot_decision-1] [1746791083.182]: EnemyOutpostSub           [32mSUCCESS[0m -> [36mIDLE[0m
[robot_decision-1] [1746791083.182]: Subscribers               [33mRUNNING[0m -> [32mSUCCESS[0m
[robot_decision-1] [1746791083.182]: Subscribers               [32mSUCCESS[0m -> [36mIDLE[0m
[robot_decision-1] [1746791083.182]: Inverter                  [33mRUNNING[0m -> [31mFAILURE[0m
[robot_decision-1] [1746791083.182]: HealthCheck               [36mIDLE[0m -> [33mRUNNING[0m
[robot_decision-1] [1746791083.182]: CheckIfHealth             [36mIDLE[0m -> [31mFAILURE[0m
[robot_decision-1] [1746791083.182]: CheckIfHealth             [31mFAILURE[0m -> [36mIDLE[0m
[robot_decision-1] [1746791083.182]: HealthCheck               [33mRUNNING[0m -> [31mFAILURE[0m
[robot_decision-1] [1746791083.182]: WaitNode                  [33mRUNNING[0m -> [32mSUCCESS[0m
[robot_decision-1] [1746791083.182]: NavigateToPose            [36mIDLE[0m -> [33mRUNNING[0m
[robot_decision-1] Point key: 1 x:3 y:0.45
[robot_decision-1] [1746791083.182]: NavigateToPose            [33mRUNNING[0m -> [31mFAILURE[0m
[robot_decision-1] [1746791083.182]: WaitNode                  [32mSUCCESS[0m -> [36mIDLE[0m
[robot_decision-1] [1746791083.182]: NavigateToPose            [31mFAILURE[0m -> [36mIDLE[0m
[robot_decision-1] [1746791083.182]: Sequence                  [33mRUNNING[0m -> [31mFAILURE[0m
[robot_decision-1] [1746791083.182]: Sequence                  [31mFAILURE[0m -> [36mIDLE[0m
[robot_decision-1] [1746791083.182]: Sequence                  [36mIDLE[0m -> [33mRUNNING[0m
[robot_decision-1] [1746791083.182]: WaitNode                  [36mIDLE[0m -> [33mRUNNING[0m
[robot_decision-1] [1746791083.182]: Inverter                  [31mFAILURE[0m -> [36mIDLE[0m
[robot_decision-1] [1746791083.182]: HealthCheck               [31mFAILURE[0m -> [36mIDLE[0m
